;FLAVOR:Marlin
;TIME:4403
;Filament used: 3.67011m
;Layer height: 0.28
;MINX:46.5
;MINY:46.5
;MINZ:0.28
;MAXX:173.5
;MAXY:173.5
;MAXZ:5.04
;TARGET_MACHINE.NAME:Creality Ender-3 Pro
;Generated with Cura_SteamEngine 5.10.0
; Ender 3 Custom Start G-code
G92 E0 ; Reset Extruder
G28 ; Home all axes
G1 Z5.0 F3000 ; Move Z Axis up a bit during heating to not damage bed
M104 S175 ; Start heating up the nozzle most of the way
M190 S60 ; Start heating the bed, wait until target temperature reached
M109 S200 ; Finish heating the nozzle
G1 Z2.0 F3000 ; Move Z Axis up little to prevent scratching of Heat Bed
G1 X0.1 Y20 Z0.3 F5000.0 ; Move to start position
G1 X0.1 Y200.0 Z0.3 F1500.0 E15 ; Draw the first line
G1 X0.4 Y200.0 Z0.3 F5000.0 ; Move to side a little
G1 X0.4 Y20 Z0.3 F1500.0 E30 ; Draw the second line
G92 E0 ; Reset Extruder
G1 Z2.0 F3000 ; Move Z Axis up little to prevent scratching of Heat Bed
G1 X5 Y20 Z0.3 F5000.0 ; Move over to prevent blob squish
M82 ;absolute extrusion mode
G92 E0
G92 E0
G1 F1500 E-6.5
;LAYER_COUNT:18
;LAYER:0
M107
G0 F6000 X49.956 Y49.513 Z0.28
;TYPE:SKIRT
G1 F1500 E0
G1 F1200 X50.692 Y48.876 E0.04532
G1 X51.424 Y48.346 E0.08741
G1 X52.321 Y47.811 E0.13604
G1 X53.199 Y47.39 E0.18138
G1 X54.112 Y47.048 E0.22678
G1 X55.049 Y46.789 E0.27204
G1 X56.016 Y46.611 E0.31783
G1 X57.155 Y46.515 E0.37105
G1 X57.812 Y46.5 E0.40165
G1 X161.804 Y46.5 E5.24396
G1 X162.684 Y46.513 E5.28494
G1 X163.656 Y46.572 E5.33028
G1 X164.619 Y46.718 E5.37563
G1 X165.566 Y46.949 E5.42102
G1 X166.454 Y47.249 E5.46467
G1 X167.346 Y47.639 E5.51
G1 X168.229 Y48.126 E5.55696
G1 X168.98 Y48.628 E5.59902
G1 X169.795 Y49.286 E5.64779
G1 X170.493 Y49.964 E5.6931
G1 X171.129 Y50.701 E5.73843
G1 X171.699 Y51.491 E5.78379
G1 X172.161 Y52.267 E5.82585
G1 X172.615 Y53.209 E5.87454
G1 X172.944 Y54.087 E5.9182
G1 X173.213 Y55.059 E5.96516
G1 X173.39 Y56.025 E6.01089
G1 X173.485 Y57.155 E6.06369
G1 X173.5 Y57.83 E6.09513
G1 X173.499 Y161.9 E10.94107
G1 X173.488 Y162.663 E10.9766
G1 X173.431 Y163.636 E11.02198
G1 X173.286 Y164.599 E11.06733
G1 X173.057 Y165.545 E11.11265
G1 X172.746 Y166.469 E11.15805
G1 X172.354 Y167.36 E11.20338
G1 X171.886 Y168.212 E11.24864
G1 X171.364 Y168.993 E11.29238
G1 X170.731 Y169.778 E11.33934
G1 X170.106 Y170.429 E11.38136
G1 X169.317 Y171.117 E11.43011
G1 X168.557 Y171.667 E11.47379
G1 X167.69 Y172.184 E11.52079
G1 X166.812 Y172.606 E11.56615
G1 X165.901 Y172.948 E11.61146
G1 X164.962 Y173.209 E11.65685
G1 X163.996 Y173.387 E11.70258
G1 X162.845 Y173.485 E11.75637
G1 X162.17 Y173.5 E11.78781
G1 X58.064 Y173.499 E16.63542
G1 X57.331 Y173.488 E16.66956
G1 X56.359 Y173.431 E16.7149
G1 X55.396 Y173.285 E16.76025
G1 X54.45 Y173.056 E16.80557
G1 X53.526 Y172.744 E16.85098
G1 X52.636 Y172.352 E16.89627
G1 X51.813 Y171.901 E16.93997
G1 X50.974 Y171.34 E16.98696
G1 X50.27 Y170.774 E17.02903
G1 X49.517 Y170.049 E17.0777
G1 X48.88 Y169.313 E17.12302
G1 X48.35 Y168.582 E17.16507
G1 X47.814 Y167.685 E17.21372
G1 X47.392 Y166.807 E17.25908
G1 X47.05 Y165.895 E17.30444
G1 X46.79 Y164.957 E17.34976
G1 X46.612 Y163.988 E17.39564
G1 X46.514 Y162.809 E17.45073
G1 X46.5 Y162.158 E17.48105
G1 X46.501 Y58.025 E22.32992
G1 X46.512 Y57.325 E22.36251
G1 X46.57 Y56.352 E22.4079
G1 X46.716 Y55.389 E22.45326
G1 X46.946 Y54.443 E22.49859
G1 X47.259 Y53.52 E22.54397
G1 X47.651 Y52.63 E22.58926
G1 X48.121 Y51.777 E22.6346
G1 X48.664 Y50.969 E22.67994
G1 X49.231 Y50.265 E22.72203
G1 X49.956 Y49.513 E22.77067
G0 F6000 X50.218 Y49.815
G1 F1200 X50.927 Y49.2 E22.81437
G1 X51.659 Y48.67 E22.85645
G1 X52.495 Y48.171 E22.90179
G1 X53.34 Y47.764 E22.94546
G1 X54.219 Y47.433 E22.98919
G1 X55.122 Y47.182 E23.03284
G1 X56.05 Y47.01 E23.07678
G1 X57.189 Y46.914 E23.13001
G1 X57.821 Y46.9 E23.15944
G1 X161.798 Y46.9 E28.00105
G1 X162.66 Y46.912 E28.04119
G1 X163.597 Y46.968 E28.0849
G1 X164.525 Y47.107 E28.12859
G1 X165.438 Y47.328 E28.17233
G1 X166.294 Y47.616 E28.21439
G1 X167.186 Y48.006 E28.25972
G1 X168.007 Y48.459 E28.30338
G1 X168.758 Y48.961 E28.34545
G1 X169.517 Y49.573 E28.39085
G1 X170.191 Y50.226 E28.43454
G1 X170.805 Y50.935 E28.47822
G1 X171.355 Y51.696 E28.52194
G1 X171.817 Y52.472 E28.56399
G1 X172.24 Y53.349 E28.60933
G1 X172.569 Y54.227 E28.65299
G1 X172.82 Y55.132 E28.69672
G1 X172.991 Y56.059 E28.74061
G1 X173.086 Y57.189 E28.79342
G1 X173.1 Y57.83 E28.82327
G1 X173.099 Y161.895 E33.66897
G1 X173.089 Y162.64 E33.70367
G1 X173.035 Y163.577 E33.74737
G1 X172.897 Y164.506 E33.7911
G1 X172.678 Y165.418 E33.83478
G1 X172.38 Y166.308 E33.87848
G1 X172.003 Y167.168 E33.9222
G1 X171.553 Y167.99 E33.96584
G1 X171.031 Y168.771 E34.00958
G1 X170.442 Y169.501 E34.05326
G1 X169.817 Y170.152 E34.09528
G1 X169.082 Y170.793 E34.14069
G1 X168.322 Y171.343 E34.18438
G1 X167.516 Y171.824 E34.22808
G1 X166.671 Y172.232 E34.27177
G1 X165.793 Y172.563 E34.31547
G1 X164.889 Y172.816 E34.35918
G1 X163.962 Y172.988 E34.40308
G1 X162.811 Y173.086 E34.45687
G1 X162.17 Y173.1 E34.48672
G1 X58.07 Y173.099 E39.33406
G1 X57.354 Y173.089 E39.3674
G1 X56.418 Y173.035 E39.41106
G1 X55.489 Y172.896 E39.4548
G1 X54.577 Y172.677 E39.49847
G1 X53.687 Y172.378 E39.54219
G1 X52.828 Y172.001 E39.58587
G1 X52.005 Y171.55 E39.62957
G1 X51.225 Y171.028 E39.67327
G1 X50.521 Y170.462 E39.71533
G1 X49.819 Y169.787 E39.76068
G1 X49.204 Y169.078 E39.80438
G1 X48.674 Y168.347 E39.84643
G1 X48.174 Y167.511 E39.89179
G1 X47.766 Y166.666 E39.93548
G1 X47.435 Y165.788 E39.97917
G1 X47.183 Y164.884 E40.02287
G1 X47.011 Y163.955 E40.06686
G1 X46.913 Y162.776 E40.12195
G1 X46.9 Y162.158 E40.15074
G1 X46.901 Y58.031 E44.99933
G1 X46.911 Y57.348 E45.03113
G1 X46.966 Y56.411 E45.07484
G1 X47.105 Y55.483 E45.11853
G1 X47.325 Y54.571 E45.16222
G1 X47.625 Y53.681 E45.20595
G1 X48.002 Y52.822 E45.24963
G1 X48.453 Y52 E45.29329
G1 X48.976 Y51.22 E45.33702
G1 X49.543 Y50.516 E45.37911
G1 X50.218 Y49.815 E45.42442
G0 F6000 X50.481 Y50.117
G1 F1200 X51.162 Y49.524 E45.46647
G1 X51.894 Y48.994 E45.50855
G1 X52.669 Y48.531 E45.55059
G1 X53.482 Y48.138 E45.59264
G1 X54.327 Y47.818 E45.63471
G1 X55.196 Y47.575 E45.67673
G1 X56.084 Y47.409 E45.71879
G1 X57.223 Y47.313 E45.77202
G1 X57.83 Y47.3 E45.80029
G1 X161.793 Y47.3 E50.64124
G1 X162.637 Y47.311 E50.68054
G1 X163.539 Y47.364 E50.72262
G1 X164.432 Y47.496 E50.76465
G1 X165.31 Y47.707 E50.8067
G1 X166.166 Y47.995 E50.84875
G1 X166.993 Y48.357 E50.89079
G1 X167.785 Y48.792 E50.93286
G1 X168.536 Y49.294 E50.97493
G1 X169.239 Y49.861 E51.01698
G1 X169.889 Y50.488 E51.05904
G1 X170.481 Y51.17 E51.10109
G1 X171.011 Y51.901 E51.14313
G1 X171.473 Y52.677 E51.18518
G1 X171.866 Y53.49 E51.22723
G1 X172.184 Y54.335 E51.26927
G1 X172.427 Y55.205 E51.31133
G1 X172.592 Y56.093 E51.35339
G1 X172.687 Y57.223 E51.40619
G1 X172.7 Y57.83 E51.43446
G1 X172.699 Y161.89 E56.27993
G1 X172.69 Y162.617 E56.31379
G1 X172.639 Y163.519 E56.35586
G1 X172.508 Y164.413 E56.39793
G1 X172.299 Y165.291 E56.43996
G1 X172.013 Y166.148 E56.48202
G1 X171.652 Y166.976 E56.52408
G1 X171.22 Y167.768 E56.56609
G1 X170.719 Y168.52 E56.60817
G1 X170.153 Y169.224 E56.65023
G1 X169.528 Y169.875 E56.69225
G1 X168.847 Y170.469 E56.73433
G1 X168.116 Y171 E56.7764
G1 X167.342 Y171.464 E56.81842
G1 X166.529 Y171.858 E56.86049
G1 X165.685 Y172.178 E56.90252
G1 X164.815 Y172.423 E56.94461
G1 X163.928 Y172.589 E56.98663
G1 X162.777 Y172.687 E57.04042
G1 X162.17 Y172.7 E57.06869
G1 X58.075 Y172.699 E61.91579
G1 X57.377 Y172.69 E61.94829
G1 X56.476 Y172.639 E61.99031
G1 X55.582 Y172.507 E62.03239
G1 X54.704 Y172.298 E62.07442
G1 X53.847 Y172.011 E62.1165
G1 X53.02 Y171.65 E62.15852
G1 X52.227 Y171.217 E62.20059
G1 X51.476 Y170.716 E62.24263
G1 X50.772 Y170.15 E62.28469
G1 X50.121 Y169.524 E62.32674
G1 X49.528 Y168.843 E62.36879
G1 X48.998 Y168.112 E62.41083
G1 X48.534 Y167.337 E62.4529
G1 X48.14 Y166.524 E62.49496
G1 X47.82 Y165.68 E62.53699
G1 X47.576 Y164.81 E62.57907
G1 X47.41 Y163.922 E62.62113
G1 X47.313 Y162.767 E62.6751
G1 X47.3 Y162.158 E62.70347
G1 X47.301 Y58.036 E67.55182
G1 X47.31 Y57.371 E67.58279
G1 X47.362 Y56.469 E67.62486
G1 X47.494 Y55.576 E67.6669
G1 X47.704 Y54.698 E67.70893
G1 X47.991 Y53.841 E67.75102
G1 X48.353 Y53.014 E67.79305
G1 X48.786 Y52.222 E67.83508
G1 X49.288 Y51.471 E67.87715
G1 X49.855 Y50.767 E67.91924
G1 X50.481 Y50.117 E67.96126
G1 F1500 E61.46126
;MESH:tmpek4p4esk10x10x.5Doubled.stl
G0 F6000 X66.707 Y81.072
G0 X62.606 Y88.144
;TYPE:WALL-INNER
G1 F1500 E67.96126
G1 F1200 X62.299 Y88.066 E67.97601
G1 X62.031 Y87.875 E67.99133
G1 X61.935 Y87.704 E68.00046
G1 X61.9 Y87.5 E68.0101
G1 X61.9 Y62.388 E69.17942
G1 X61.984 Y62.192 E69.18935
G1 X62.192 Y61.984 E69.20305
G1 X62.5 Y61.9 E69.21791
G1 X87.5 Y61.9 E70.38202
G1 X87.705 Y61.935 E70.3917
G1 X87.875 Y62.031 E70.40079
G1 X88.066 Y62.299 E70.41612
G1 X88.144 Y62.606 E70.43087
G1 X88.126 Y62.949 E70.44686
G1 X87.919 Y63.238 E70.46341
G1 X81.168 Y66.85 E70.81993
G1 X73.303 Y73.303 E71.29365
G1 X66.85 Y81.168 E71.76737
G1 X63.235 Y87.922 E72.12408
G1 X62.95 Y88.126 E72.1404
G1 X62.606 Y88.144 E72.15644
G1 F1500 E65.65644
G0 F6000 X62.925 Y88.316
G0 X64.574 Y85.104
G0 X63.011 Y157.93
G0 X87.5 Y158.1
G1 F1500 E72.15644
G1 F1200 X62.388 Y158.1 E73.32576
G1 X62.192 Y158.016 E73.33569
G1 X61.984 Y157.808 E73.34939
G1 X61.9 Y157.5 E73.36425
G1 X61.9 Y132.496 E74.52854
G1 X61.935 Y132.291 E74.53823
G1 X62.031 Y132.121 E74.54732
G1 X62.299 Y131.93 E74.56264
G1 X62.606 Y131.852 E74.57739
G1 X62.949 Y131.87 E74.59339
G1 X63.277 Y132.153 E74.61356
G1 X66.85 Y138.828 E74.9661
G1 X73.303 Y146.693 E75.43982
G1 X81.167 Y153.151 E75.91365
G1 X87.844 Y156.718 E76.26615
G1 X88.125 Y157.045 E76.28622
G1 X88.144 Y157.388 E76.30222
G1 X88.044 Y157.787 E76.32137
G1 X87.875 Y157.969 E76.33294
G1 X87.705 Y158.065 E76.34203
G1 X87.5 Y158.1 E76.35171
G1 F1500 E69.85171
G0 F6000 X84.134 Y157.95
G0 X90.572 Y156.917
G0 X110 Y158.1
G1 F1500 E76.35171
G1 F1200 X95.079 Y158.1 E77.04649
G1 X90.639 Y156.749 E77.2626
G1 X81.888 Y152.077 E77.72452
G1 X74.219 Y145.777 E78.18666
G1 X67.927 Y138.112 E78.64843
G1 X63.246 Y129.363 E79.11046
G1 X61.9 Y124.898 E79.32761
G1 X61.9 Y95.08 E80.71606
G1 X63.247 Y90.64 E80.93211
G1 X67.921 Y81.887 E81.39416
G1 X74.219 Y74.219 E81.85621
G1 X81.884 Y67.927 E82.31797
G1 X90.633 Y63.246 E82.78001
G1 X95.098 Y61.9 E82.99716
G1 X124.916 Y61.9 E84.38561
G1 X129.356 Y63.247 E84.60166
G1 X138.112 Y67.927 E85.06396
G1 X145.777 Y74.219 E85.52572
G1 X152.073 Y81.884 E85.98761
G1 X156.75 Y90.634 E86.4496
G1 X158.1 Y95.079 E86.66591
G1 X158.1 Y124.902 E88.05459
G1 X156.749 Y129.357 E88.27136
G1 X152.073 Y138.112 E88.73354
G1 X145.777 Y145.777 E89.19542
G1 X138.112 Y152.073 E89.6573
G1 X129.362 Y156.75 E90.11929
G1 X124.898 Y158.1 E90.33645
G1 X110 Y158.1 E91.03016
G1 F1500 E84.53016
G0 F6000 X110 Y161.7
G0 X110 Y161.9
G1 F1500 E91.03016
G1 F1200 X161.9 Y161.9 E93.44684
G1 X161.9 Y58.1 E98.28021
G1 X58.1 Y58.1 E103.11357
G1 X58.1 Y161.9 E107.94693
G1 X110 Y161.9 E110.36361
G1 F1500 E103.86361
G0 F6000 X132.496 Y161.7
G0 X135.488 Y157.95
G0 X132.496 Y158.1
G1 F1500 E110.36361
G1 F1200 X132.291 Y158.065 E110.3733
G1 X132.12 Y157.969 E110.38243
G1 X131.931 Y157.722 E110.39691
G1 X131.852 Y157.388 E110.41289
G1 X131.871 Y157.045 E110.42889
G1 X132.078 Y156.758 E110.44537
G1 X138.828 Y153.15 E110.80176
G1 X146.693 Y146.693 E111.2756
G1 X153.15 Y138.828 E111.74943
G1 X156.718 Y132.153 E112.10187
G1 X157.045 Y131.871 E112.12197
G1 X157.388 Y131.852 E112.13797
G1 X157.7 Y131.93 E112.15294
G1 X157.969 Y132.12 E112.16828
G1 X158.065 Y132.291 E112.17741
G1 X158.1 Y132.496 E112.18709
G1 X158.1 Y157.612 E113.3566
G1 X158.016 Y157.808 E113.36653
G1 X157.808 Y158.016 E113.38023
G1 X157.612 Y158.1 E113.39016
G1 X132.496 Y158.1 E114.55966
G1 F1500 E108.05966
G0 F6000 X157.072 Y157.93
G0 X155.871 Y85.939
G0 X157.388 Y88.144
G1 F1500 E114.55966
G1 F1200 X157.045 Y88.125 E114.57566
G1 X156.758 Y87.918 E114.59214
G1 X153.15 Y81.168 E114.94853
G1 X146.693 Y73.303 E115.42236
G1 X138.828 Y66.85 E115.89608
G1 X132.152 Y63.278 E116.24865
G1 X131.87 Y62.95 E116.26879
G1 X131.852 Y62.606 E116.28483
G1 X131.93 Y62.299 E116.29958
G1 X132.121 Y62.031 E116.3149
G1 X132.292 Y61.935 E116.32403
G1 X132.496 Y61.9 E116.33367
G1 X157.612 Y61.9 E117.50318
G1 X157.808 Y61.984 E117.51311
G1 X158.016 Y62.191 E117.52677
G1 X158.1 Y62.5 E117.54168
G1 X158.1 Y87.574 E118.70923
G1 X157.969 Y87.875 E118.72452
G1 X157.7 Y88.066 E118.73988
G1 X157.388 Y88.144 E118.75486
G0 F6000 X157.216 Y87.775
;TYPE:WALL-OUTER
G1 F1200 X157.09 Y87.684 E118.76209
G1 X153.484 Y80.944 E119.11803
G1 X146.977 Y73.019 E119.5955
G1 X139.052 Y66.516 E120.07286
G1 X132.341 Y62.925 E120.42728
G1 X132.247 Y62.816 E120.43398
G1 X132.241 Y62.7 E120.43939
G1 X132.315 Y62.413 E120.45319
G1 X132.448 Y62.3 E120.46131
G1 X157.539 Y62.3 E121.62966
G1 X157.7 Y62.461 E121.64026
G1 X157.698 Y87.535 E122.80781
G1 X157.587 Y87.681 E122.81635
G1 X157.216 Y87.775 E122.83417
G1 F1500 E116.33417
G0 F6000 X156.88 Y87.954
G0 X155.871 Y85.939
G0 X156.984 Y157.93
G0 X132.441 Y157.7
G1 F1500 E122.83417
G1 F1200 X132.314 Y157.601 E122.84167
G1 X132.222 Y157.215 E122.86015
G1 X132.312 Y157.09 E122.86732
G1 X139.052 Y153.484 E123.22325
G1 X146.977 Y146.977 E123.70073
G1 X153.484 Y139.052 E124.1782
G1 X157.071 Y132.341 E124.53253
G1 X157.18 Y132.247 E124.53923
G1 X157.295 Y132.241 E124.5446
G1 X157.587 Y132.315 E124.55862
G1 X157.7 Y132.447 E124.56671
G1 X157.698 Y157.584 E125.7372
G1 X157.539 Y157.7 E125.74636
G1 X132.441 Y157.7 E126.91503
G1 F1500 E120.41503
G0 F6000 X132.441 Y158.01
G0 X135.488 Y157.95
G0 X129.424 Y156.917
G0 X110 Y157.7
G1 F1500 E126.91503
G1 F1200 X95.139 Y157.7 E127.60702
G1 X90.769 Y156.369 E127.81974
G1 X82.125 Y151.749 E128.27612
G1 X74.502 Y145.494 E128.73528
G1 X68.261 Y137.891 E129.19331
G1 X63.627 Y129.227 E129.65082
G1 X62.303 Y124.859 E129.86335
G1 X62.3 Y95.14 E131.24719
G1 X63.618 Y90.789 E131.45888
G1 X68.257 Y82.108 E131.9172
G1 X74.502 Y74.502 E132.37546
G1 X82.105 Y68.261 E132.83348
G1 X90.769 Y63.627 E133.29099
G1 X95.137 Y62.303 E133.50352
G1 X124.856 Y62.3 E134.88737
G1 X129.207 Y63.618 E135.09906
G1 X137.875 Y68.251 E135.55671
G1 X145.494 Y74.502 E136.01561
G1 X151.739 Y82.105 E136.47375
G1 X156.384 Y90.805 E136.93299
G1 X157.7 Y95.139 E137.14389
G1 X157.698 Y124.859 E138.52778
G1 X156.369 Y129.227 E138.74038
G1 X151.749 Y137.875 E139.19693
G1 X145.494 Y145.494 E139.65594
G1 X137.875 Y151.749 E140.11496
G1 X129.191 Y156.384 E140.57332
G1 X124.857 Y157.7 E140.78422
G1 X110 Y157.7 E141.47603
G1 F1500 E134.97603
G0 F6000 X110 Y158.01
G0 X110 Y158.28
G0 X110 Y161.7
G0 X110 Y162.3
G1 F1500 E141.47603
G1 F1200 X162.3 Y162.3 E143.91134
G1 X162.3 Y57.7 E148.78195
G1 X57.7 Y57.7 E153.65256
G1 X57.7 Y162.3 E158.52318
G1 X110 Y162.3 E160.95848
G1 F1500 E154.45848
G0 F6000 X110 Y161.99
G0 X87.55 Y161.7
G0 X84.134 Y157.95
G0 X87.55 Y157.7
G1 F1500 E160.95848
G1 F1200 X62.461 Y157.7 E162.12673
G1 X62.3 Y157.539 E162.13734
G1 X62.3 Y132.441 E163.306
G1 X62.4 Y132.314 E163.31353
G1 X62.784 Y132.221 E163.33193
G1 X62.925 Y132.341 E163.34055
G1 X66.516 Y139.052 E163.69497
G1 X73.019 Y146.977 E164.17232
G1 X80.944 Y153.485 E164.64983
G1 X87.655 Y157.071 E165.00413
G1 X87.749 Y157.18 E165.01084
G1 X87.755 Y157.295 E165.0162
G1 X87.681 Y157.587 E165.03022
G1 X87.55 Y157.7 E165.03828
G1 F1500 E158.53828
G0 F6000 X87.55 Y158.01
G0 X63.108 Y157.93
G0 X64.574 Y85.104
G0 X62.7 Y87.755
G1 F1500 E165.03828
G1 F1200 X62.413 Y87.681 E165.05208
G1 X62.3 Y87.548 E165.06021
G1 X62.3 Y62.461 E166.22836
G1 X62.358 Y62.358 E166.23387
G1 X62.457 Y62.3 E166.23921
G1 X87.555 Y62.3 E167.40788
G1 X87.682 Y62.4 E167.4154
G1 X87.774 Y62.78 E167.43361
G1 X87.684 Y62.906 E167.44082
G1 X80.944 Y66.516 E167.79685
G1 X73.019 Y73.019 E168.2742
G1 X66.516 Y80.944 E168.75156
G1 X62.906 Y87.684 E169.10758
G1 X62.816 Y87.749 E169.11275
G1 X62.7 Y87.755 E169.11816
G1 F1500 E162.61816
G0 F6000 X63.108 Y87.974
G0 X67.001 Y81.269
G0 X152.999 Y81.268
G0 X157.449 Y88.498
;TYPE:SKIN
G1 F1500 E169.11816
G1 F1200 X157.827 Y88.402 E169.13632
G1 X158.042 Y88.289 E169.14763
G1 X158.262 Y88.075 E169.16192
G1 X158.458 Y87.729 E169.18044
G1 X158.459 Y62.473 E170.35646
G1 X158.431 Y62.261 E170.36642
G1 X158.322 Y61.994 E170.37985
G1 X158.034 Y61.706 E170.39881
G1 X157.786 Y61.581 E170.41175
G1 X157.519 Y61.541 E170.42432
G1 X132.462 Y61.542 E171.59108
G1 X132.167 Y61.592 E171.60501
G1 X131.917 Y61.733 E171.61837
G1 X131.702 Y61.951 E171.63263
G1 X131.594 Y62.168 E171.64392
G1 X131.494 Y62.542 E171.66194
G1 X131.52 Y63.011 E171.68382
G1 X131.568 Y63.131 E171.68983
G1 F1086 X131.965 Y63.634 E171.72281
G1 F989.7 X138.592 Y67.179 E172.14713
G1 F991.7 X146.404 Y73.588 E172.71645
G1 F989.7 X152.813 Y81.392 E173.2866
G1 F983.6 X156.431 Y88.159 E173.72251
G1 F1030 X156.926 Y88.469 E173.7542
G1 F1137.4 X157.449 Y88.498 E173.77993
G1 F1500 E167.27993
G0 F6000 X157.108 Y88.272
G0 X155.871 Y85.939
G0 X156.984 Y157.93
G0 X132.462 Y158.458
G1 F1500 E173.77993
G1 F1200 X157.523 Y158.459 E174.94687
G1 X157.731 Y158.431 E174.95665
G1 X158.006 Y158.318 E174.97049
G1 X158.317 Y158.007 E174.99097
G1 X158.43 Y157.739 E175.00451
G1 X158.459 Y157.523 E175.01466
G1 X158.458 Y132.457 E176.18184
G1 X158.408 Y132.172 E176.19531
G1 X158.262 Y131.916 E176.20904
G1 X158.042 Y131.703 E176.22329
G1 X157.845 Y131.598 E176.23369
G1 X157.45 Y131.494 E176.25271
G1 X156.981 Y131.52 E176.27458
G1 X156.861 Y131.568 E176.2806
G1 F1086 X156.358 Y131.969 E176.3137
G1 F991.7 X152.814 Y138.601 E176.73737
G1 X146.403 Y146.403 E177.30632
G1 F989.7 X138.6 Y152.813 E177.87646
G1 F985.6 X131.833 Y156.431 E178.31149
G1 F1030 X131.523 Y156.926 E178.34317
G1 F1137.4 X131.494 Y157.449 E178.3689
G1 F1200 X131.59 Y157.827 E178.38706
G1 X131.703 Y158.042 E178.39837
G1 X131.89 Y158.247 E178.41129
G1 X132.172 Y158.408 E178.42641
G1 X132.462 Y158.458 E178.44012
G1 F1500 E171.94012
G0 F6000 X132.506 Y158.201
G0 X135.488 Y157.95
G0 X131.831 Y161.7
G0 X110 Y161.54
G1 F1500 E178.44012
G1 F1200 X58.46 Y161.54 E180.84003
G1 X58.461 Y58.461 E185.63982
G1 X161.54 Y58.46 E190.43961
G1 X161.54 Y161.54 E195.23945
G1 X110 Y161.54 E197.63937
G1 F1500 E191.13937
G0 F6000 X110 Y161.8
G0 X110 Y158.28
G0 X110 Y158.458
G1 F1500 E197.63937
G1 F1200 X124.971 Y158.458 E198.33648
G1 X129.511 Y157.073 E198.5575
G1 X131.029 Y156.261 E198.63766
G1 F1081.1 X131.568 Y156.023 E198.66812
G1 F985.6 X138.333 Y152.408 E199.10296
G1 F989.7 X146.058 Y146.062 E199.6674
G1 F991.7 X152.412 Y138.329 E200.23131
G1 X155.931 Y131.74 E200.65218
G1 F1030 X155.998 Y131.573 E200.66195
G1 F1134.8 X156.24 Y131.072 E200.68934
G1 F1200 X157.073 Y129.511 E200.77173
G1 X158.458 Y124.955 E200.99346
G1 X158.458 Y95.14 E202.38178
G1 X158.416 Y94.889 E202.39363
G1 X157.073 Y90.481 E202.6082
G1 X156.261 Y88.963 E202.68836
G1 F1081.1 X156.023 Y88.424 E202.71881
G1 F983.6 X152.407 Y81.662 E203.15442
G1 F989.7 X146.062 Y73.932 E203.71905
G1 F991.7 X138.329 Y67.586 E204.28268
G1 F989.7 X131.736 Y64.062 E204.70475
G1 F1030 X131.566 Y63.994 E204.71468
G1 F1134.8 X131.067 Y63.753 E204.74197
G1 F1200 X129.507 Y62.919 E204.82434
G1 X125.103 Y61.58 E205.03867
G1 X124.82 Y61.54 E205.05198
G1 X95.041 Y61.542 E206.43862
G1 X90.485 Y62.919 E206.66024
G1 X88.974 Y63.727 E206.74003
G1 F1081.1 X88.428 Y63.969 E206.7709
G1 F985.6 X81.663 Y67.586 E207.20579
G1 F991.7 X73.929 Y73.929 E207.76936
G1 X67.586 Y81.663 E208.33292
G1 F987.7 X64.007 Y88.357 E208.76237
G1 F1039 X63.923 Y88.567 E208.77453
G1 F1148.3 X63.73 Y88.968 E208.79619
G1 F1200 X62.919 Y90.485 E208.87629
G1 X61.58 Y94.889 E209.09062
G1 X61.54 Y95.172 E209.10393
G1 X61.542 Y124.951 E210.49057
G1 X62.914 Y129.497 E210.71168
G1 X63.754 Y131.068 E210.79463
G1 F1078.7 X64.022 Y131.664 E210.82848
G1 F983.6 X67.586 Y138.329 E211.25784
G1 F991.7 X73.929 Y146.063 E211.82141
G1 F993.8 X81.659 Y152.41 E212.38377
G1 F991.7 X88.254 Y155.932 E212.80502
G1 F1034.5 X88.424 Y156 E212.81491
G1 F1137.4 X88.923 Y156.241 E212.84213
G1 F1200 X90.497 Y157.081 E212.92521
G1 X94.889 Y158.416 E213.13896
G1 X95.14 Y158.458 E213.15081
G1 X110 Y158.458 E213.84275
G1 F1500 E207.34275
G0 F6000 X110 Y158.2
G0 X95.105 Y157.949
G0 X90.572 Y156.917
G0 X84.134 Y157.95
G0 X87.5 Y158.46
G1 F1500 E213.84275
G1 F1200 X87.822 Y158.407 E213.85795
G1 X88.103 Y158.247 E213.87301
G1 X88.29 Y158.045 E213.88582
G1 X88.402 Y157.828 E213.89719
G1 X88.498 Y157.449 E213.9154
G1 X88.472 Y156.981 E213.93722
G1 X88.424 Y156.861 E213.94324
G1 F1086 X88.026 Y156.358 E213.97625
G1 F991.7 X81.391 Y152.814 E214.40007
G1 F993.8 X73.588 Y146.404 E214.96785
G1 F991.7 X67.179 Y138.592 E215.53717
G1 F983.6 X63.613 Y131.929 E215.96649
G1 F1078.7 X63.131 Y131.568 E215.99768
G1 F1200 X63.011 Y131.52 E216.0037
G1 X62.54 Y131.494 E216.02567
G1 X62.196 Y131.586 E216.04225
G1 X61.951 Y131.702 E216.05487
G1 X61.744 Y131.891 E216.06792
G1 X61.591 Y132.171 E216.08278
G1 X61.542 Y132.462 E216.09652
G1 X61.541 Y157.677 E217.27064
G1 X61.679 Y158.007 E217.28729
G1 X61.962 Y158.29 E217.30593
G1 X62.21 Y158.415 E217.31886
G1 X62.473 Y158.459 E217.33128
G1 X87.5 Y158.46 E218.49664
G1 F1500 E211.99664
G0 F6000 X87.492 Y158.201
G0 X62.891 Y157.93
G0 X64.574 Y85.104
G0 X62.537 Y88.498
G1 F1500 E218.49664
G1 F1137.4 X63.069 Y88.469 E218.52281
G1 F1032.3 X63.579 Y88.127 E218.55605
G1 F987.7 X67.179 Y81.4 E218.98771
G1 F991.7 X73.588 Y73.588 E219.55702
G1 X81.4 Y67.179 E220.12634
G1 F985.6 X88.163 Y63.561 E220.56117
G1 F1030 X88.469 Y63.062 E220.59292
G1 F1137.4 X88.498 Y62.538 E220.6187
G1 F1200 X88.362 Y62.026 E220.64337
G1 X88.102 Y61.745 E220.6612
G1 X87.822 Y61.591 E220.67608
G1 X87.534 Y61.542 E220.68968
G1 X62.319 Y61.541 E221.8638
G1 X61.989 Y61.679 E221.88045
G1 X61.706 Y61.962 E221.89909
G1 X61.581 Y62.21 E221.91202
G1 X61.541 Y62.477 E221.92459
G1 X61.542 Y87.534 E223.09135
G1 X61.593 Y87.827 E223.1052
G1 X61.733 Y88.075 E223.11846
G1 X61.951 Y88.29 E223.13272
G1 X62.168 Y88.398 E223.144
G1 X62.537 Y88.498 E223.1618
G1 F1500 E216.6618
G0 F6000 X62.891 Y88.273
G0 X64.574 Y85.104
G0 X58.3 Y88.316
G0 X58.659 Y161.049
G1 F1500 E223.1618
G1 F1200 X58.951 Y161.34 E223.181
G0 F6000 X59.516 Y161.34
G1 F1200 X58.659 Y160.483 E223.23743
G0 F6000 X58.659 Y159.917
G1 F1200 X60.082 Y161.34 E223.33114
G0 F6000 X60.648 Y161.34
G1 F1200 X58.659 Y159.351 E223.46212
G0 F6000 X58.659 Y158.786
G1 F1200 X61.214 Y161.34 E223.63034
G0 F6000 X61.779 Y161.34
G1 F1200 X58.659 Y158.22 E223.8358
G0 F6000 X58.659 Y157.654
G1 F1200 X62.345 Y161.34 E224.07853
G0 F6000 X62.911 Y161.34
G1 F1200 X58.659 Y157.089 E224.35849
G0 F6000 X58.659 Y156.523
G1 F1200 X63.476 Y161.34 E224.6757
G0 F6000 X64.042 Y161.34
G1 F1200 X58.659 Y155.957 E225.03018
G0 F6000 X58.659 Y155.392
G1 F1200 X64.608 Y161.34 E225.4219
G0 F6000 X65.173 Y161.34
G1 F1200 X62.491 Y158.657 E225.59855
G0 F6000 X63.056 Y158.657
G1 F1200 X65.739 Y161.34 E225.77523
G0 F6000 X66.305 Y161.34
G1 F1200 X63.622 Y158.657 E225.95191
G0 F6000 X64.188 Y158.657
G1 F1200 X66.87 Y161.34 E226.12856
G0 F6000 X67.436 Y161.34
G1 F1200 X64.753 Y158.657 E226.30524
G0 F6000 X65.319 Y158.657
G1 F1200 X68.002 Y161.34 E226.48192
G0 F6000 X68.567 Y161.34
G1 F1200 X65.885 Y158.657 E226.65856
G0 F6000 X66.45 Y158.657
G1 F1200 X69.133 Y161.34 E226.83524
G0 F6000 X69.699 Y161.34
G1 F1200 X67.016 Y158.657 E227.01192
G0 F6000 X67.582 Y158.658
G1 F1200 X70.264 Y161.34 E227.18854
G0 F6000 X70.83 Y161.34
G1 F1200 X68.148 Y158.658 E227.36515
G0 F6000 X68.714 Y158.658
G1 F1200 X71.396 Y161.34 E227.54177
G0 F6000 X71.962 Y161.34
G1 F1200 X69.279 Y158.658 E227.71841
G0 F6000 X69.845 Y158.658
G1 F1200 X72.527 Y161.34 E227.89503
G0 F6000 X73.093 Y161.34
G1 F1200 X70.411 Y158.658 E228.07164
G0 F6000 X70.977 Y158.658
G1 F1200 X73.659 Y161.34 E228.24826
G0 F6000 X74.224 Y161.34
G1 F1200 X71.542 Y158.658 E228.42487
G0 F6000 X72.108 Y158.658
G1 F1200 X74.79 Y161.34 E228.60148
G0 F6000 X75.356 Y161.34
G1 F1200 X72.674 Y158.658 E228.7781
G0 F6000 X73.24 Y158.658
G1 F1200 X75.921 Y161.34 E228.95468
G0 F6000 X76.487 Y161.34
G1 F1200 X73.806 Y158.658 E229.13126
G0 F6000 X74.371 Y158.658
G1 F1200 X77.053 Y161.34 E229.30788
G0 F6000 X77.618 Y161.34
G1 F1200 X74.937 Y158.658 E229.48446
G0 F6000 X75.503 Y158.658
G1 F1200 X78.184 Y161.34 E229.66104
G0 F6000 X78.75 Y161.34
G1 F1200 X76.068 Y158.658 E229.83765
G0 F6000 X76.634 Y158.658
G1 F1200 X79.315 Y161.34 E230.01423
G0 F6000 X79.881 Y161.34
G1 F1200 X77.2 Y158.658 E230.19082
G0 F6000 X77.766 Y158.659
G1 F1200 X80.447 Y161.34 E230.36736
G0 F6000 X81.013 Y161.34
G1 F1200 X78.332 Y158.659 E230.54391
G0 F6000 X78.898 Y158.659
G1 F1200 X81.578 Y161.34 E230.72043
G0 F6000 X82.144 Y161.34
G1 F1200 X79.463 Y158.659 E230.89698
G0 F6000 X80.029 Y158.659
G1 F1200 X82.71 Y161.34 E231.07352
G0 F6000 X83.275 Y161.34
G1 F1200 X80.595 Y158.659 E231.25004
G0 F6000 X81.16 Y158.659
G1 F1200 X83.841 Y161.34 E231.42659
G0 F6000 X84.407 Y161.34
G1 F1200 X81.726 Y158.659 E231.60314
G0 F6000 X82.292 Y158.659
G1 F1200 X84.972 Y161.34 E231.77965
G0 F6000 X85.538 Y161.34
G1 F1200 X82.858 Y158.66 E231.95614
G0 F6000 X83.424 Y158.66
G1 F1200 X86.104 Y161.34 E232.13262
G0 F6000 X86.669 Y161.34
G1 F1200 X83.989 Y158.66 E232.3091
G0 F6000 X84.555 Y158.66
G1 F1200 X87.235 Y161.34 E232.48558
G0 F6000 X87.801 Y161.34
G1 F1200 X85.121 Y158.66 E232.66207
G0 F6000 X85.686 Y158.66
G1 F1200 X88.366 Y161.34 E232.83855
G0 F6000 X88.932 Y161.34
G1 F1200 X86.252 Y158.66 E233.01503
G0 F6000 X86.818 Y158.66
G1 F1200 X89.498 Y161.34 E233.19151
G0 F6000 X90.063 Y161.34
G1 F1200 X87.384 Y158.66 E233.36796
G0 F6000 X87.888 Y158.599
G1 F1200 X90.629 Y161.34 E233.54846
G0 F6000 X91.195 Y161.34
G1 F1200 X88.244 Y158.389 E233.74279
G0 F6000 X88.497 Y158.077
G1 F1200 X91.761 Y161.34 E233.9577
G0 F6000 X92.326 Y161.34
G1 F1200 X88.649 Y157.662 E234.19987
G0 F6000 X88.68 Y157.128
G1 F1200 X92.892 Y161.34 E234.47724
G0 F6000 X93.458 Y161.34
G1 F1200 X88.313 Y156.196 E234.81601
G0 F6000 X88.553 Y155.748
G0 X89.628 Y156.322
G0 X89.411 Y156.727
G1 F1200 X94.023 Y161.34 E235.11975
G0 F6000 X94.589 Y161.34
G1 F1200 X90.556 Y157.307 E235.38533
G0 F6000 X91.367 Y157.553
G1 F1200 X95.155 Y161.34 E235.63474
G0 F6000 X95.72 Y161.34
G1 F1200 X92.18 Y157.799 E235.86789
G0 F6000 X92.992 Y158.045
G1 F1200 X96.286 Y161.34 E236.08484
G0 F6000 X96.852 Y161.34
G1 F1200 X93.804 Y158.292 E236.28556
G0 F6000 X94.616 Y158.538
G1 F1200 X97.417 Y161.34 E236.47004
G0 F6000 X97.983 Y161.34
G1 F1200 X95.303 Y158.66 E236.64652
G0 F6000 X95.869 Y158.66
G1 F1200 X98.549 Y161.34 E236.823
G0 F6000 X99.114 Y161.34
G1 F1200 X96.435 Y158.66 E236.99945
G0 F6000 X97 Y158.66
G1 F1200 X99.68 Y161.34 E237.17594
G0 F6000 X100.246 Y161.34
G1 F1200 X97.566 Y158.66 E237.35242
G0 F6000 X98.132 Y158.66
G1 F1200 X100.812 Y161.34 E237.5289
G0 F6000 X101.377 Y161.34
G1 F1200 X98.697 Y158.66 E237.70538
G0 F6000 X99.263 Y158.66
G1 F1200 X101.943 Y161.34 E237.88187
G0 F6000 X102.509 Y161.34
G1 F1200 X99.828 Y158.659 E238.05842
G0 F6000 X100.394 Y158.659
G1 F1200 X103.074 Y161.34 E238.23493
G0 F6000 X103.64 Y161.34
G1 F1200 X100.959 Y158.659 E238.41148
G0 F6000 X101.525 Y158.659
G1 F1200 X104.206 Y161.34 E238.58803
G0 F6000 X104.771 Y161.34
G1 F1200 X102.091 Y158.659 E238.76454
G0 F6000 X102.656 Y158.659
G1 F1200 X105.337 Y161.34 E238.94109
G0 F6000 X105.903 Y161.34
G1 F1200 X103.222 Y158.659 E239.11764
G0 F6000 X103.787 Y158.658
G1 F1200 X106.468 Y161.34 E239.29422
G0 F6000 X107.034 Y161.34
G1 F1200 X104.353 Y158.658 E239.4708
G0 F6000 X104.918 Y158.658
G1 F1200 X107.6 Y161.34 E239.64742
G0 F6000 X108.165 Y161.34
G1 F1200 X105.484 Y158.658 E239.824
G0 F6000 X106.05 Y158.658
G1 F1200 X108.731 Y161.34 E240.00058
G0 F6000 X109.297 Y161.34
G1 F1200 X106.615 Y158.658 E240.17719
G0 F6000 X107.181 Y158.658
G1 F1200 X109.862 Y161.34 E240.35378
G0 F6000 X110.428 Y161.34
G1 F1200 X107.747 Y158.658 E240.53036
G0 F6000 X108.312 Y158.658
G1 F1200 X110.994 Y161.34 E240.70697
G0 F6000 X111.56 Y161.34
G1 F1200 X108.877 Y158.658 E240.88362
G0 F6000 X109.443 Y158.658
G1 F1200 X112.125 Y161.34 E241.06023
G0 F6000 X112.691 Y161.34
G1 F1200 X110.009 Y158.658 E241.23685
G0 F6000 X110.575 Y158.658
G1 F1200 X113.257 Y161.34 E241.41346
G0 F6000 X113.822 Y161.34
G1 F1200 X111.14 Y158.658 E241.59008
G0 F6000 X111.706 Y158.658
G1 F1200 X114.388 Y161.34 E241.76669
G0 F6000 X114.954 Y161.34
G1 F1200 X112.271 Y158.657 E241.94337
G0 F6000 X112.837 Y158.657
G1 F1200 X115.519 Y161.34 E242.12002
G0 F6000 X116.085 Y161.34
G1 F1200 X113.402 Y158.657 E242.2967
G0 F6000 X113.968 Y158.657
G1 F1200 X116.651 Y161.34 E242.47338
G0 F6000 X117.216 Y161.34
G1 F1200 X114.534 Y158.657 E242.65002
G0 F6000 X115.099 Y158.657
G1 F1200 X117.782 Y161.34 E242.8267
G0 F6000 X118.348 Y161.34
G1 F1200 X115.665 Y158.657 E243.00338
G0 F6000 X116.231 Y158.657
G1 F1200 X118.913 Y161.34 E243.18003
G0 F6000 X119.479 Y161.34
G1 F1200 X116.796 Y158.656 E243.35675
G0 F6000 X117.361 Y158.656
G1 F1200 X120.045 Y161.34 E243.53349
G0 F6000 X120.61 Y161.34
G1 F1200 X117.927 Y158.656 E243.7102
G0 F6000 X118.493 Y158.656
G1 F1200 X121.176 Y161.34 E243.88692
G0 F6000 X121.742 Y161.34
G1 F1200 X119.058 Y158.656 E244.06366
G0 F6000 X119.624 Y158.656
G1 F1200 X122.308 Y161.34 E244.24041
G0 F6000 X122.873 Y161.34
G1 F1200 X120.19 Y158.656 E244.41712
G0 F6000 X120.755 Y158.656
G1 F1200 X123.439 Y161.34 E244.59387
G0 F6000 X124.005 Y161.34
G1 F1200 X121.32 Y158.656 E244.77065
G0 F6000 X121.886 Y158.656
G1 F1200 X124.57 Y161.34 E244.94739
G0 F6000 X125.136 Y161.34
G1 F1200 X122.452 Y158.656 E245.12414
G0 F6000 X123.017 Y158.656
G1 F1200 X125.702 Y161.34 E245.30092
G0 F6000 X126.267 Y161.34
G1 F1200 X123.583 Y158.656 E245.47766
G0 F6000 X124.149 Y158.656
G1 F1200 X126.833 Y161.34 E245.65441
G0 F6000 X127.399 Y161.34
G1 F1200 X124.715 Y158.656 E245.83116
G0 F6000 X125.216 Y158.591
G1 F1200 X127.964 Y161.34 E246.01215
G0 F6000 X128.53 Y161.34
G1 F1200 X125.649 Y158.459 E246.20187
G0 F6000 X126.084 Y158.328
G1 F1200 X129.096 Y161.34 E246.40021
G0 F6000 X129.661 Y161.34
G1 F1200 X126.517 Y158.195 E246.60728
G0 F6000 X126.951 Y158.064
G1 F1200 X130.227 Y161.34 E246.82301
G0 F6000 X130.793 Y161.34
G1 F1200 X127.385 Y157.932 E247.04744
G0 F6000 X127.818 Y157.799
G1 F1200 X131.359 Y161.34 E247.28062
G0 F6000 X131.924 Y161.34
G1 F1200 X128.252 Y157.668 E247.52243
G0 F6000 X128.686 Y157.536
G1 F1200 X132.49 Y161.34 E247.77293
G0 F6000 X133.056 Y161.34
G1 F1200 X129.12 Y157.404 E248.03212
G0 F6000 X129.553 Y157.272
G1 F1200 X133.621 Y161.34 E248.3
G0 F6000 X134.187 Y161.34
G1 F1200 X129.925 Y157.077 E248.5807
G0 F6000 X130.294 Y156.881
G1 F1200 X131.506 Y158.093 E248.66051
G0 F6000 X131.892 Y158.479
G1 F1200 X134.753 Y161.34 E248.84891
G0 F6000 X135.318 Y161.34
G1 F1200 X132.634 Y158.656 E249.02566
G0 F6000 X133.2 Y158.656
G1 F1200 X135.884 Y161.34 E249.2024
G0 F6000 X136.45 Y161.34
G1 F1200 X133.766 Y158.656 E249.37915
G0 F6000 X134.331 Y158.656
G1 F1200 X137.015 Y161.34 E249.55589
G0 F6000 X137.581 Y161.34
G1 F1200 X134.897 Y158.656 E249.73264
G0 F6000 X135.463 Y158.656
G1 F1200 X138.147 Y161.34 E249.90939
G0 F6000 X138.712 Y161.34
G1 F1200 X136.028 Y158.656 E250.08613
G0 F6000 X136.594 Y158.656
G1 F1200 X139.278 Y161.34 E250.26288
G0 F6000 X139.844 Y161.34
G1 F1200 X137.16 Y158.656 E250.43962
G0 F6000 X137.725 Y158.656
G1 F1200 X140.409 Y161.34 E250.61637
G0 F6000 X140.975 Y161.34
G1 F1200 X138.291 Y158.656 E250.79312
G0 F6000 X138.857 Y158.656
G1 F1200 X141.541 Y161.34 E250.96986
G0 F6000 X142.107 Y161.34
G1 F1200 X139.422 Y158.656 E251.14664
G0 F6000 X139.988 Y158.656
G1 F1200 X142.672 Y161.34 E251.32339
G0 F6000 X143.238 Y161.34
G1 F1200 X140.554 Y158.656 E251.50013
G0 F6000 X141.12 Y158.656
G1 F1200 X143.804 Y161.34 E251.67688
G0 F6000 X144.369 Y161.34
G1 F1200 X141.686 Y158.656 E251.85359
G0 F6000 X142.251 Y158.656
G1 F1200 X144.935 Y161.34 E252.03034
G0 F6000 X145.501 Y161.34
G1 F1200 X142.817 Y158.656 E252.20708
G0 F6000 X143.383 Y158.656
G1 F1200 X146.066 Y161.34 E252.3838
G0 F6000 X146.632 Y161.34
G1 F1200 X143.949 Y158.656 E252.56051
G0 F6000 X144.514 Y158.656
G1 F1200 X147.198 Y161.34 E252.73726
G0 F6000 X147.763 Y161.34
G1 F1200 X145.08 Y158.656 E252.91397
G0 F6000 X145.646 Y158.656
G1 F1200 X148.329 Y161.34 E253.09068
G0 F6000 X148.895 Y161.34
G1 F1200 X146.211 Y158.656 E253.26743
G0 F6000 X146.777 Y158.656
G1 F1200 X149.46 Y161.34 E253.44414
G0 F6000 X150.026 Y161.34
G1 F1200 X147.343 Y158.656 E253.62085
G0 F6000 X147.908 Y158.656
G1 F1200 X150.592 Y161.34 E253.7976
G0 F6000 X151.158 Y161.34
G1 F1200 X148.474 Y158.656 E253.97435
G0 F6000 X149.04 Y158.656
G1 F1200 X151.723 Y161.34 E254.15106
G0 F6000 X152.289 Y161.34
G1 F1200 X149.606 Y158.657 E254.32774
G0 F6000 X150.172 Y158.657
G1 F1200 X152.855 Y161.34 E254.50442
G0 F6000 X153.42 Y161.34
G1 F1200 X150.737 Y158.657 E254.6811
G0 F6000 X151.303 Y158.657
G1 F1200 X153.986 Y161.34 E254.85778
G0 F6000 X154.552 Y161.34
G1 F1200 X151.869 Y158.657 E255.03446
G0 F6000 X152.435 Y158.657
G1 F1200 X155.117 Y161.34 E255.21111
G0 F6000 X155.683 Y161.34
G1 F1200 X153 Y158.657 E255.38779
G0 F6000 X153.566 Y158.657
G1 F1200 X156.249 Y161.34 E255.56447
G0 F6000 X156.814 Y161.34
G1 F1200 X154.132 Y158.657 E255.74111
G0 F6000 X154.697 Y158.657
G1 F1200 X157.38 Y161.34 E255.91779
G0 F6000 X157.946 Y161.34
G1 F1200 X155.263 Y158.657 E256.09447
G0 F6000 X155.829 Y158.657
G1 F1200 X158.511 Y161.34 E256.27112
G0 F6000 X159.077 Y161.34
G1 F1200 X156.394 Y158.657 E256.4478
G0 F6000 X156.96 Y158.657
G1 F1200 X159.643 Y161.34 E256.62448
G0 F6000 X160.208 Y161.34
G1 F1200 X157.526 Y158.657 E256.80113
G0 F6000 X157.979 Y158.545
G1 F1200 X160.774 Y161.34 E256.98518
G0 F6000 X161.34 Y161.34
G1 F1200 X158.303 Y158.303 E257.18518
G0 F6000 X158.544 Y157.978
G1 F1200 X161.34 Y160.774 E257.3693
G0 F6000 X161.34 Y160.208
G1 F1200 X158.656 Y157.525 E257.54601
G0 F6000 X158.656 Y156.959
G1 F1200 X161.34 Y159.643 E257.72276
G0 F6000 X161.34 Y159.077
G1 F1200 X158.656 Y156.394 E257.89947
G0 F6000 X158.656 Y155.828
G1 F1200 X161.34 Y158.511 E258.07618
G0 F6000 X161.34 Y157.946
G1 F1200 X158.656 Y155.262 E258.25293
G0 F6000 X158.656 Y154.697
G1 F1200 X161.34 Y157.38 E258.42964
G0 F6000 X161.34 Y156.814
G1 F1200 X158.656 Y154.131 E258.60635
G0 F6000 X158.656 Y153.565
G1 F1200 X161.34 Y156.249 E258.7831
G0 F6000 X161.34 Y155.683
G1 F1200 X158.656 Y153 E258.95981
G0 F6000 X158.656 Y152.434
G1 F1200 X161.34 Y155.117 E259.13653
G0 F6000 X161.34 Y154.552
G1 F1200 X158.656 Y151.868 E259.31327
G0 F6000 X158.656 Y151.302
G1 F1200 X161.34 Y153.986 E259.49002
G0 F6000 X161.34 Y153.42
G1 F1200 X158.656 Y150.737 E259.66673
G0 F6000 X158.656 Y150.171
G1 F1200 X161.34 Y152.855 E259.84348
G0 F6000 X161.34 Y152.289
G1 F1200 X158.656 Y149.605 E260.02022
G0 F6000 X158.656 Y149.039
G1 F1200 X161.34 Y151.723 E260.19697
G0 F6000 X161.34 Y151.158
G1 F1200 X158.656 Y148.473 E260.37375
G0 F6000 X158.656 Y147.908
G1 F1200 X161.34 Y150.592 E260.55049
G0 F6000 X161.34 Y150.026
G1 F1200 X158.656 Y147.342 E260.72724
G0 F6000 X158.656 Y146.776
G1 F1200 X161.34 Y149.46 E260.90399
G0 F6000 X161.34 Y148.895
G1 F1200 X158.656 Y146.211 E261.08073
G0 F6000 X158.656 Y145.645
G1 F1200 X161.34 Y148.329 E261.25748
G0 F6000 X161.34 Y147.763
G1 F1200 X158.656 Y145.079 E261.43422
G0 F6000 X158.656 Y144.514
G1 F1200 X161.34 Y147.198 E261.61097
G0 F6000 X161.34 Y146.632
G1 F1200 X158.656 Y143.948 E261.78772
G0 F6000 X158.656 Y143.382
G1 F1200 X161.34 Y146.066 E261.96446
G0 F6000 X161.34 Y145.501
G1 F1200 X158.656 Y142.816 E262.14124
G0 F6000 X158.656 Y142.251
G1 F1200 X161.34 Y144.935 E262.31799
G0 F6000 X161.34 Y144.369
G1 F1200 X158.656 Y141.685 E262.49473
G0 F6000 X158.656 Y141.119
G1 F1200 X161.34 Y143.804 E262.67151
G0 F6000 X161.34 Y143.238
G1 F1200 X158.655 Y140.553 E262.84832
G0 F6000 X158.655 Y139.987
G1 F1200 X161.34 Y142.672 E263.02514
G0 F6000 X161.34 Y142.107
G1 F1200 X158.655 Y139.422 E263.20195
G0 F6000 X158.655 Y138.856
G1 F1200 X161.34 Y141.541 E263.37876
G0 F6000 X161.34 Y140.975
G1 F1200 X158.655 Y138.29 E263.55557
G0 F6000 X158.655 Y137.725
G1 F1200 X161.34 Y140.409 E263.73235
G0 F6000 X161.34 Y139.844
G1 F1200 X158.655 Y137.159 E263.90916
G0 F6000 X158.655 Y136.593
G1 F1200 X161.34 Y139.278 E264.08597
G0 F6000 X161.34 Y138.712
G1 F1200 X158.655 Y136.028 E264.26275
G0 F6000 X158.655 Y135.462
G1 F1200 X161.34 Y138.147 E264.43956
G0 F6000 X161.34 Y137.581
G1 F1200 X158.655 Y134.896 E264.61638
G0 F6000 X158.655 Y134.33
G1 F1200 X161.34 Y137.015 E264.79319
G0 F6000 X161.34 Y136.45
G1 F1200 X158.655 Y133.765 E264.97
G0 F6000 X158.655 Y133.199
G1 F1200 X161.34 Y135.884 E265.14681
G0 F6000 X161.34 Y135.318
G1 F1200 X158.655 Y132.633 E265.32362
G0 F6000 X158.478 Y131.891
G1 F1200 X161.34 Y134.753 E265.51209
G0 F6000 X161.34 Y134.187
G1 F1200 X157.077 Y129.925 E265.79278
G0 F6000 X156.881 Y130.294
G1 F1200 X158.09 Y131.503 E265.8724
G0 F6000 X157.322 Y131.301
G1 F1200 X156.684 Y130.663 E265.91441
G0 F6000 X156.488 Y131.032
G1 F1200 X156.831 Y131.375 E265.937
G0 F6000 X156.488 Y131.598
G1 F1200 X156.307 Y131.417 E265.94892
G0 F6000 X155.884 Y131.19
G0 X156.843 Y129.393
G0 X157.271 Y129.553
G1 F1200 X161.34 Y133.621 E266.21684
G0 F6000 X161.34 Y133.056
G1 F1200 X157.403 Y129.118 E266.47613
G0 F6000 X157.534 Y128.684
G1 F1200 X161.34 Y132.49 E266.72676
G0 F6000 X161.34 Y131.924
G1 F1200 X157.666 Y128.25 E266.9687
G0 F6000 X157.797 Y127.816
G1 F1200 X161.34 Y131.359 E267.20201
G0 F6000 X161.34 Y130.793
G1 F1200 X157.929 Y127.382 E267.42663
G0 F6000 X158.061 Y126.948
G1 F1200 X161.34 Y130.227 E267.64256
G0 F6000 X161.34 Y129.661
G1 F1200 X158.193 Y126.514 E267.84979
G0 F6000 X158.324 Y126.08
G1 F1200 X161.34 Y129.096 E268.0484
G0 F6000 X161.34 Y128.53
G1 F1200 X158.456 Y125.646 E268.23832
G0 F6000 X158.587 Y125.212
G1 F1200 X161.34 Y127.964 E268.41958
G0 F6000 X161.34 Y127.399
G1 F1200 X158.655 Y124.714 E268.59639
G0 F6000 X158.655 Y124.148
G1 F1200 X161.34 Y126.833 E268.7732
G0 F6000 X161.34 Y126.267
G1 F1200 X158.655 Y123.582 E268.95001
G0 F6000 X158.655 Y123.017
G1 F1200 X161.34 Y125.702 E269.12682
G0 F6000 X161.34 Y125.136
G1 F1200 X158.655 Y122.451 E269.30364
G0 F6000 X158.655 Y121.885
G1 F1200 X161.34 Y124.57 E269.48045
G0 F6000 X161.34 Y124.005
G1 F1200 X158.655 Y121.32 E269.65726
G0 F6000 X158.655 Y120.754
G1 F1200 X161.34 Y123.439 E269.83407
G0 F6000 X161.34 Y122.873
G1 F1200 X158.656 Y120.189 E270.01082
G0 F6000 X158.656 Y119.623
G1 F1200 X161.34 Y122.308 E270.1876
G0 F6000 X161.34 Y121.742
G1 F1200 X158.656 Y119.058 E270.36434
G0 F6000 X158.656 Y118.492
G1 F1200 X161.34 Y121.176 E270.54109
G0 F6000 X161.34 Y120.61
G1 F1200 X158.656 Y117.926 E270.71783
G0 F6000 X158.656 Y117.361
G1 F1200 X161.34 Y120.045 E270.89458
G0 F6000 X161.34 Y119.479
G1 F1200 X158.656 Y116.795 E271.07133
G0 F6000 X158.656 Y116.23
G1 F1200 X161.34 Y118.913 E271.24804
G0 F6000 X161.34 Y118.348
G1 F1200 X158.656 Y115.664 E271.42478
G0 F6000 X158.656 Y115.099
G1 F1200 X161.34 Y117.782 E271.6015
G0 F6000 X161.34 Y117.216
G1 F1200 X158.656 Y114.533 E271.77821
G0 F6000 X158.656 Y113.967
G1 F1200 X161.34 Y116.651 E271.95496
G0 F6000 X161.34 Y116.085
G1 F1200 X158.656 Y113.402 E272.13167
G0 F6000 X158.656 Y112.836
G1 F1200 X161.34 Y115.519 E272.30838
G0 F6000 X161.34 Y114.954
G1 F1200 X158.656 Y112.27 E272.48513
G0 F6000 X158.657 Y111.705
G1 F1200 X161.34 Y114.388 E272.66181
G0 F6000 X161.34 Y113.822
G1 F1200 X158.657 Y111.14 E272.83846
G0 F6000 X158.657 Y110.574
G1 F1200 X161.34 Y113.257 E273.01514
G0 F6000 X161.34 Y112.691
G1 F1200 X158.657 Y110.008 E273.19182
G0 F6000 X158.657 Y109.442
G1 F1200 X161.34 Y112.125 E273.3685
G0 F6000 X161.34 Y111.56
G1 F1200 X158.657 Y108.877 E273.54518
G0 F6000 X158.657 Y108.311
G1 F1200 X161.34 Y110.994 E273.72186
G0 F6000 X161.34 Y110.428
G1 F1200 X158.658 Y107.746 E273.89847
G0 F6000 X158.658 Y107.18
G1 F1200 X161.34 Y109.862 E274.07509
G0 F6000 X161.34 Y109.297
G1 F1200 X158.658 Y106.615 E274.2517
G0 F6000 X158.658 Y106.049
G1 F1200 X161.34 Y108.731 E274.42831
G0 F6000 X161.34 Y108.165
G1 F1200 X158.658 Y105.483 E274.60493
G0 F6000 X158.658 Y104.918
G1 F1200 X161.34 Y107.6 E274.78154
G0 F6000 X161.34 Y107.034
G1 F1200 X158.658 Y104.352 E274.95816
G0 F6000 X158.658 Y103.786
G1 F1200 X161.34 Y106.468 E275.13477
G0 F6000 X161.34 Y105.903
G1 F1200 X158.658 Y103.221 E275.31139
G0 F6000 X158.658 Y102.656
G1 F1200 X161.34 Y105.337 E275.48797
G0 F6000 X161.34 Y104.771
G1 F1200 X158.658 Y102.09 E275.66455
G0 F6000 X158.658 Y101.524
G1 F1200 X161.34 Y104.206 E275.84116
G0 F6000 X161.34 Y103.64
G1 F1200 X158.658 Y100.959 E276.01774
G0 F6000 X158.658 Y100.393
G1 F1200 X161.34 Y103.074 E276.19432
G0 F6000 X161.34 Y102.509
G1 F1200 X158.658 Y99.827 E276.37094
G0 F6000 X158.659 Y99.262
G1 F1200 X161.34 Y101.943 E276.54749
G0 F6000 X161.34 Y101.377
G1 F1200 X158.659 Y98.697 E276.724
G0 F6000 X158.659 Y98.131
G1 F1200 X161.34 Y100.812 E276.90055
G0 F6000 X161.34 Y100.246
G1 F1200 X158.659 Y97.565 E277.0771
G0 F6000 X158.659 Y96.999
G1 F1200 X161.34 Y99.68 E277.25365
G0 F6000 X161.34 Y99.114
G1 F1200 X158.659 Y96.434 E277.43016
G0 F6000 X158.659 Y95.868
G1 F1200 X161.34 Y98.549 E277.60671
G0 F6000 X161.34 Y97.983
G1 F1200 X158.659 Y95.302 E277.78326
G0 F6000 X158.538 Y94.616
G1 F1200 X161.34 Y97.417 E277.96774
G0 F6000 X161.34 Y96.852
G1 F1200 X158.292 Y93.803 E278.16849
G0 F6000 X158.045 Y92.992
G1 F1200 X161.34 Y96.286 E278.38544
G0 F6000 X161.34 Y95.72
G1 F1200 X157.799 Y92.18 E278.61859
G0 F6000 X157.553 Y91.367
G1 F1200 X161.34 Y95.155 E278.868
G0 F6000 X161.34 Y94.589
G1 F1200 X157.307 Y90.556 E279.13358
G0 F6000 X156.869 Y90.689
G0 X156.32 Y89.625
G0 X156.725 Y89.409
G1 F1200 X161.34 Y94.023 E279.43746
G0 F6000 X161.34 Y93.458
G1 F1200 X156.242 Y88.36 E279.77317
G0 F6000 X157.129 Y88.681
G1 F1200 X161.34 Y92.892 E280.05047
G0 F6000 X161.34 Y92.326
G1 F1200 X157.663 Y88.649 E280.29261
G0 F6000 X158.076 Y88.497
G1 F1200 X161.34 Y91.761 E280.50755
G0 F6000 X161.34 Y91.195
G1 F1200 X158.389 Y88.244 E280.70187
G0 F6000 X158.598 Y87.887
G1 F1200 X161.34 Y90.629 E280.88244
G0 F6000 X161.34 Y90.063
G1 F1200 X158.655 Y87.379 E281.05922
G0 F6000 X158.655 Y86.813
G1 F1200 X161.34 Y89.498 E281.23603
G0 F6000 X161.34 Y88.932
G1 F1200 X158.655 Y86.247 E281.41284
G0 F6000 X158.655 Y85.682
G1 F1200 X161.34 Y88.366 E281.58962
G0 F6000 X161.34 Y87.801
G1 F1200 X158.655 Y85.116 E281.76643
G0 F6000 X158.655 Y84.55
G1 F1200 X161.34 Y87.235 E281.94324
G0 F6000 X161.34 Y86.669
G1 F1200 X158.655 Y83.984 E282.12006
G0 F6000 X158.655 Y83.419
G1 F1200 X161.34 Y86.104 E282.29687
G0 F6000 X161.34 Y85.538
G1 F1200 X158.655 Y82.853 E282.47368
G0 F6000 X158.655 Y82.287
G1 F1200 X161.34 Y84.972 E282.65049
G0 F6000 X161.34 Y84.407
G1 F1200 X158.655 Y81.722 E282.8273
G0 F6000 X158.655 Y81.156
G1 F1200 X161.34 Y83.841 E283.00412
G0 F6000 X161.34 Y83.275
G1 F1200 X158.655 Y80.59 E283.18093
G0 F6000 X158.655 Y80.025
G1 F1200 X161.34 Y82.71 E283.35774
G0 F6000 X161.34 Y82.144
G1 F1200 X158.655 Y79.459 E283.53455
G0 F6000 X158.656 Y78.894
G1 F1200 X161.34 Y81.578 E283.7113
G0 F6000 X161.34 Y81.013
G1 F1200 X158.656 Y78.328 E283.88808
G0 F6000 X158.656 Y77.763
G1 F1200 X161.34 Y80.447 E284.06482
G0 F6000 X161.34 Y79.881
G1 F1200 X158.656 Y77.197 E284.24157
G0 F6000 X158.656 Y76.631
G1 F1200 X161.34 Y79.315 E284.41831
G0 F6000 X161.34 Y78.75
G1 F1200 X158.656 Y76.066 E284.59506
G0 F6000 X158.656 Y75.5
G1 F1200 X161.34 Y78.184 E284.77181
G0 F6000 X161.34 Y77.618
G1 F1200 X158.656 Y74.934 E284.94855
G0 F6000 X158.656 Y74.369
G1 F1200 X161.34 Y77.053 E285.1253
G0 F6000 X161.34 Y76.487
G1 F1200 X158.656 Y73.803 E285.30204
G0 F6000 X158.656 Y73.237
G1 F1200 X161.34 Y75.921 E285.47879
G0 F6000 X161.34 Y75.356
G1 F1200 X158.656 Y72.671 E285.65557
G0 F6000 X158.656 Y72.106
G1 F1200 X161.34 Y74.79 E285.83232
G0 F6000 X161.34 Y74.224
G1 F1200 X158.656 Y71.54 E286.00906
G0 F6000 X158.656 Y70.974
G1 F1200 X161.34 Y73.659 E286.18584
G0 F6000 X161.34 Y73.093
G1 F1200 X158.656 Y70.409 E286.36259
G0 F6000 X158.656 Y69.844
G1 F1200 X161.34 Y72.527 E286.5393
G0 F6000 X161.34 Y71.962
G1 F1200 X158.656 Y69.278 E286.71604
G0 F6000 X158.656 Y68.712
G1 F1200 X161.34 Y71.396 E286.89279
G0 F6000 X161.34 Y70.83
G1 F1200 X158.656 Y68.147 E287.0695
G0 F6000 X158.656 Y67.581
G1 F1200 X161.34 Y70.264 E287.24622
G0 F6000 X161.34 Y69.699
G1 F1200 X158.656 Y67.015 E287.42296
G0 F6000 X158.656 Y66.45
G1 F1200 X161.34 Y69.133 E287.59968
G0 F6000 X161.34 Y68.567
G1 F1200 X158.656 Y65.884 E287.77639
G0 F6000 X158.656 Y65.318
G1 F1200 X161.34 Y68.002 E287.95314
G0 F6000 X161.34 Y67.436
G1 F1200 X158.656 Y64.753 E288.12985
G0 F6000 X158.656 Y64.187
G1 F1200 X161.34 Y66.87 E288.30656
G0 F6000 X161.34 Y66.305
G1 F1200 X158.656 Y63.621 E288.48331
G0 F6000 X158.656 Y63.056
G1 F1200 X161.34 Y65.739 E288.66002
G0 F6000 X161.34 Y65.173
G1 F1200 X158.656 Y62.49 E288.83673
G0 F6000 X158.201 Y62.506
G0 X157.494 Y61.799
G0 X157.507 Y61.341
G1 F1200 X154.827 Y58.66 E289.01325
G0 F6000 X155.392 Y58.66
G1 F1200 X161.34 Y64.608 E289.40493
G0 F6000 X161.34 Y64.042
G1 F1200 X155.958 Y58.66 E289.75935
G0 F6000 X156.524 Y58.66
G1 F1200 X161.34 Y63.476 E290.07649
G0 F6000 X161.34 Y62.911
G1 F1200 X157.089 Y58.66 E290.35643
G0 F6000 X157.655 Y58.66
G1 F1200 X161.34 Y62.345 E290.59909
G0 F6000 X161.34 Y61.779
G1 F1200 X158.221 Y58.66 E290.80448
G0 F6000 X158.786 Y58.66
G1 F1200 X161.34 Y61.214 E290.97267
G0 F6000 X161.34 Y60.648
G1 F1200 X159.352 Y58.66 E291.10358
G0 F6000 X159.918 Y58.66
G1 F1200 X161.34 Y60.082 E291.19722
G0 F6000 X161.34 Y59.516
G1 F1200 X160.484 Y58.66 E291.25359
G0 F6000 X161.049 Y58.66
G1 F1200 X161.34 Y58.951 E291.27275
G1 F1500 E284.77275
G0 F6000 X161.8 Y58.951
G0 X161.7 Y61.8
G0 X158.252 Y62.287
G0 X156.942 Y61.341
G1 F1500 E291.27275
G1 F1200 X154.261 Y58.66 E291.4493
G0 F6000 X153.695 Y58.66
G1 F1200 X156.376 Y61.341 E291.62585
G0 F6000 X155.81 Y61.341
G1 F1200 X153.13 Y58.66 E291.80237
G0 F6000 X152.564 Y58.66
G1 F1200 X155.245 Y61.341 E291.97891
G0 F6000 X154.679 Y61.341
G1 F1200 X151.998 Y58.66 E292.15546
G0 F6000 X151.433 Y58.66
G1 F1200 X154.113 Y61.341 E292.33198
G0 F6000 X153.548 Y61.341
G1 F1200 X150.867 Y58.66 E292.50853
G0 F6000 X150.301 Y58.66
G1 F1200 X152.982 Y61.341 E292.68507
G0 F6000 X152.416 Y61.341
G1 F1200 X149.736 Y58.66 E292.86159
G0 F6000 X149.17 Y58.66
G1 F1200 X151.85 Y61.341 E293.03811
G0 F6000 X151.285 Y61.341
G1 F1200 X148.604 Y58.66 E293.21465
G0 F6000 X148.038 Y58.66
G1 F1200 X150.719 Y61.341 E293.3912
G0 F6000 X150.153 Y61.341
G1 F1200 X147.473 Y58.66 E293.56772
G0 F6000 X146.907 Y58.66
G1 F1200 X149.588 Y61.341 E293.74427
G0 F6000 X149.022 Y61.341
G1 F1200 X146.341 Y58.66 E293.92081
G0 F6000 X145.776 Y58.66
G1 F1200 X148.456 Y61.341 E294.09733
G0 F6000 X147.891 Y61.341
G1 F1200 X145.21 Y58.66 E294.27388
G0 F6000 X144.644 Y58.66
G1 F1200 X147.325 Y61.341 E294.45043
G0 F6000 X146.759 Y61.341
G1 F1200 X144.079 Y58.66 E294.62694
G0 F6000 X143.513 Y58.66
G1 F1200 X146.194 Y61.341 E294.80349
G0 F6000 X145.628 Y61.341
G1 F1200 X142.947 Y58.66 E294.98004
G0 F6000 X142.382 Y58.66
G1 F1200 X145.062 Y61.341 E295.15655
G0 F6000 X144.496 Y61.34
G1 F1200 X141.816 Y58.66 E295.33304
G0 F6000 X141.25 Y58.66
G1 F1200 X143.93 Y61.34 E295.50952
G0 F6000 X143.364 Y61.34
G1 F1200 X140.685 Y58.66 E295.68597
G0 F6000 X140.119 Y58.66
G1 F1200 X142.799 Y61.34 E295.86245
G0 F6000 X142.233 Y61.34
G1 F1200 X139.553 Y58.66 E296.03893
G0 F6000 X138.987 Y58.66
G1 F1200 X141.667 Y61.34 E296.21542
G0 F6000 X141.102 Y61.34
G1 F1200 X138.422 Y58.66 E296.3919
G0 F6000 X137.856 Y58.66
G1 F1200 X140.536 Y61.34 E296.56838
G0 F6000 X139.97 Y61.34
G1 F1200 X137.29 Y58.66 E296.74487
G0 F6000 X136.725 Y58.66
G1 F1200 X139.405 Y61.34 E296.92135
G0 F6000 X138.839 Y61.34
G1 F1200 X136.159 Y58.66 E297.09783
G0 F6000 X135.593 Y58.66
G1 F1200 X138.273 Y61.34 E297.27431
G0 F6000 X137.708 Y61.34
G1 F1200 X135.028 Y58.66 E297.4508
G0 F6000 X134.462 Y58.66
G1 F1200 X137.142 Y61.34 E297.62728
G0 F6000 X136.576 Y61.34
G1 F1200 X133.896 Y58.66 E297.80376
G0 F6000 X133.331 Y58.66
G1 F1200 X136.011 Y61.34 E297.98024
G0 F6000 X135.445 Y61.34
G1 F1200 X132.765 Y58.66 E298.15673
G0 F6000 X132.199 Y58.66
G1 F1200 X134.879 Y61.34 E298.33321
G0 F6000 X134.314 Y61.34
G1 F1200 X131.634 Y58.66 E298.50969
G0 F6000 X131.068 Y58.66
G1 F1200 X133.748 Y61.34 E298.68617
G0 F6000 X133.182 Y61.34
G1 F1200 X130.502 Y58.66 E298.86266
G0 F6000 X129.937 Y58.66
G1 F1200 X132.616 Y61.34 E299.03911
G0 F6000 X132.109 Y61.398
G1 F1200 X129.371 Y58.66 E299.21941
G0 F6000 X128.805 Y58.66
G1 F1200 X131.75 Y61.605 E299.41334
G0 F6000 X131.498 Y61.919
G1 F1200 X128.239 Y58.66 E299.62795
G0 F6000 X127.674 Y58.66
G1 F1200 X131.345 Y62.331 E299.86969
G0 F6000 X131.312 Y62.864
G1 F1200 X127.108 Y58.66 E300.14653
G0 F6000 X126.542 Y58.66
G1 F1200 X131.684 Y63.802 E300.48514
G0 F6000 X131.444 Y64.25
G0 X130.367 Y63.674
G0 X130.585 Y63.268
G1 F1200 X125.977 Y58.66 E300.78859
G0 F6000 X125.411 Y58.66
G1 F1200 X129.439 Y62.689 E301.05387
G0 F6000 X128.627 Y62.442
G1 F1200 X124.845 Y58.66 E301.30292
G0 F6000 X124.28 Y58.66
G1 F1200 X127.815 Y62.195 E301.53571
G0 F6000 X127.001 Y61.948
G1 F1200 X123.714 Y58.66 E301.7522
G0 F6000 X123.148 Y58.66
G1 F1200 X126.189 Y61.701 E301.95245
G0 F6000 X125.376 Y61.454
G1 F1200 X122.583 Y58.66 E302.13641
G0 F6000 X122.017 Y58.66
G1 F1200 X124.7 Y61.344 E302.31312
G0 F6000 X124.135 Y61.344
G1 F1200 X121.451 Y58.66 E302.48987
G0 F6000 X120.886 Y58.66
G1 F1200 X123.569 Y61.344 E302.66658
G0 F6000 X123.003 Y61.344
G1 F1200 X120.32 Y58.66 E302.84329
G0 F6000 X119.754 Y58.66
G1 F1200 X122.438 Y61.344 E303.02004
G0 F6000 X121.872 Y61.344
G1 F1200 X119.189 Y58.66 E303.19675
G0 F6000 X118.623 Y58.66
G1 F1200 X121.306 Y61.344 E303.37347
G0 F6000 X120.741 Y61.344
G1 F1200 X118.057 Y58.66 E303.55021
G0 F6000 X117.491 Y58.66
G1 F1200 X120.175 Y61.344 E303.72696
G0 F6000 X119.609 Y61.344
G1 F1200 X116.926 Y58.66 E303.90367
G0 F6000 X116.36 Y58.66
G1 F1200 X119.044 Y61.344 E304.08042
G0 F6000 X118.478 Y61.344
G1 F1200 X115.794 Y58.66 E304.25716
G0 F6000 X115.229 Y58.66
G1 F1200 X117.912 Y61.344 E304.43388
G0 F6000 X117.346 Y61.344
G1 F1200 X114.663 Y58.66 E304.61059
G0 F6000 X114.097 Y58.66
G1 F1200 X116.781 Y61.344 E304.78733
G0 F6000 X116.215 Y61.344
G1 F1200 X113.532 Y58.66 E304.96405
G0 F6000 X112.966 Y58.66
G1 F1200 X115.649 Y61.344 E305.14076
G0 F6000 X115.084 Y61.344
G1 F1200 X112.4 Y58.66 E305.31751
G0 F6000 X111.835 Y58.66
G1 F1200 X114.518 Y61.344 E305.49422
G0 F6000 X113.952 Y61.344
G1 F1200 X111.269 Y58.66 E305.67093
G0 F6000 X110.703 Y58.66
G1 F1200 X113.387 Y61.344 E305.84768
G0 F6000 X112.821 Y61.344
G1 F1200 X110.138 Y58.66 E306.02439
G0 F6000 X109.573 Y58.661
G1 F1200 X112.255 Y61.344 E306.20104
G0 F6000 X111.69 Y61.344
G1 F1200 X109.007 Y58.661 E306.37772
G0 F6000 X108.441 Y58.661
G1 F1200 X111.124 Y61.344 E306.5544
G0 F6000 X110.558 Y61.344
G1 F1200 X107.876 Y58.661 E306.73105
G0 F6000 X107.31 Y58.661
G1 F1200 X109.993 Y61.344 E306.90773
G0 F6000 X109.428 Y61.344
G1 F1200 X106.744 Y58.661 E307.08444
G0 F6000 X106.178 Y58.661
G1 F1200 X108.862 Y61.344 E307.26115
G0 F6000 X108.296 Y61.344
G1 F1200 X105.613 Y58.661 E307.43783
G0 F6000 X105.047 Y58.661
G1 F1200 X107.731 Y61.344 E307.61455
G0 F6000 X107.165 Y61.344
G1 F1200 X104.481 Y58.661 E307.79126
G0 F6000 X103.916 Y58.661
G1 F1200 X106.599 Y61.344 E307.96794
G0 F6000 X106.033 Y61.344
G1 F1200 X103.35 Y58.661 E308.14462
G0 F6000 X102.784 Y58.661
G1 F1200 X105.468 Y61.344 E308.32133
G0 F6000 X104.902 Y61.344
G1 F1200 X102.219 Y58.661 E308.49801
G0 F6000 X101.653 Y58.661
G1 F1200 X104.336 Y61.344 E308.67469
G0 F6000 X103.771 Y61.344
G1 F1200 X101.087 Y58.661 E308.85141
G0 F6000 X100.522 Y58.661
G1 F1200 X103.205 Y61.344 E309.02809
G0 F6000 X102.639 Y61.344
G1 F1200 X99.956 Y58.661 E309.20477
G0 F6000 X99.39 Y58.661
G1 F1200 X102.074 Y61.344 E309.38148
G0 F6000 X101.508 Y61.344
G1 F1200 X98.825 Y58.661 E309.55816
G0 F6000 X98.259 Y58.661
G1 F1200 X100.942 Y61.344 E309.73484
G0 F6000 X100.377 Y61.344
G1 F1200 X97.693 Y58.661 E309.91155
G0 F6000 X97.127 Y58.661
G1 F1200 X99.811 Y61.344 E310.08826
G0 F6000 X99.245 Y61.344
G1 F1200 X96.562 Y58.661 E310.26495
G0 F6000 X95.996 Y58.661
G1 F1200 X98.68 Y61.344 E310.44166
G0 F6000 X98.114 Y61.344
G1 F1200 X95.43 Y58.661 E310.61837
G0 F6000 X94.865 Y58.661
G1 F1200 X97.548 Y61.344 E310.79505
G0 F6000 X96.983 Y61.344
G1 F1200 X94.299 Y58.661 E310.97176
G0 F6000 X93.733 Y58.661
G1 F1200 X96.417 Y61.344 E311.14848
G0 F6000 X95.851 Y61.344
G1 F1200 X93.168 Y58.661 E311.32516
G0 F6000 X92.602 Y58.661
G1 F1200 X95.285 Y61.344 E311.50184
G0 F6000 X94.786 Y61.411
G1 F1200 X92.036 Y58.661 E311.68293
G0 F6000 X91.471 Y58.661
G1 F1200 X94.352 Y61.542 E311.87265
G0 F6000 X93.917 Y61.673
G1 F1200 X90.905 Y58.661 E312.07099
G0 F6000 X90.339 Y58.661
G1 F1200 X93.482 Y61.804 E312.27797
G0 F6000 X93.047 Y61.935
G1 F1200 X89.774 Y58.661 E312.49353
G0 F6000 X89.208 Y58.661
G1 F1200 X92.613 Y62.066 E312.71776
G0 F6000 X92.178 Y62.197
G1 F1200 X88.642 Y58.661 E312.95061
G0 F6000 X88.077 Y58.661
G1 F1200 X91.744 Y62.328 E313.19209
G0 F6000 X91.309 Y62.459
G1 F1200 X87.511 Y58.661 E313.44219
G0 F6000 X86.945 Y58.661
G1 F1200 X90.874 Y62.59 E313.70092
G0 F6000 X90.439 Y62.72
G1 F1200 X86.379 Y58.661 E313.96825
G0 F6000 X85.814 Y58.661
G1 F1200 X90.068 Y62.916 E314.24841
G0 F6000 X89.699 Y63.112
G1 F1200 X88.549 Y61.962 E314.32414
G0 F6000 X88.106 Y61.518
G1 F1200 X85.248 Y58.661 E314.51231
G0 F6000 X84.682 Y58.661
G1 F1200 X87.366 Y61.344 E314.68903
G0 F6000 X86.8 Y61.344
G1 F1200 X84.117 Y58.661 E314.86571
G0 F6000 X83.551 Y58.661
G1 F1200 X86.235 Y61.344 E315.04242
G0 F6000 X85.669 Y61.344
G1 F1200 X82.985 Y58.661 E315.21913
G0 F6000 X82.42 Y58.661
G1 F1200 X85.103 Y61.344 E315.39581
G0 F6000 X84.537 Y61.344
G1 F1200 X81.854 Y58.661 E315.57249
G0 F6000 X81.288 Y58.661
G1 F1200 X83.972 Y61.344 E315.74921
G0 F6000 X83.406 Y61.344
G1 F1200 X80.723 Y58.661 E315.92589
G0 F6000 X80.157 Y58.661
G1 F1200 X82.84 Y61.344 E316.10257
G0 F6000 X82.275 Y61.344
G1 F1200 X79.591 Y58.661 E316.27928
G0 F6000 X79.026 Y58.661
G1 F1200 X81.709 Y61.344 E316.45596
G0 F6000 X81.143 Y61.344
G1 F1200 X78.46 Y58.661 E316.63264
G0 F6000 X77.894 Y58.661
G1 F1200 X80.577 Y61.344 E316.80932
G0 F6000 X80.011 Y61.344
G1 F1200 X77.328 Y58.661 E316.986
G0 F6000 X76.763 Y58.661
G1 F1200 X79.446 Y61.344 E317.16268
G0 F6000 X78.88 Y61.344
G1 F1200 X76.197 Y58.661 E317.33936
G0 F6000 X75.631 Y58.661
G1 F1200 X78.314 Y61.344 E317.51604
G0 F6000 X77.749 Y61.344
G1 F1200 X75.066 Y58.661 E317.69272
G0 F6000 X74.5 Y58.661
G1 F1200 X77.183 Y61.344 E317.8694
G0 F6000 X76.617 Y61.344
G1 F1200 X73.934 Y58.661 E318.04608
G0 F6000 X73.369 Y58.661
G1 F1200 X76.051 Y61.344 E318.22273
G0 F6000 X75.486 Y61.344
G1 F1200 X72.803 Y58.661 E318.39941
G0 F6000 X72.237 Y58.661
G1 F1200 X74.919 Y61.343 E318.57602
G0 F6000 X74.354 Y61.343
G1 F1200 X71.672 Y58.661 E318.75264
G0 F6000 X71.106 Y58.661
G1 F1200 X73.788 Y61.343 E318.92925
G0 F6000 X73.222 Y61.343
G1 F1200 X70.54 Y58.661 E319.10587
G0 F6000 X69.975 Y58.661
G1 F1200 X72.657 Y61.343 E319.28248
G0 F6000 X72.091 Y61.343
G1 F1200 X69.409 Y58.661 E319.45909
G0 F6000 X68.843 Y58.661
G1 F1200 X71.525 Y61.343 E319.63571
G0 F6000 X70.96 Y61.343
G1 F1200 X68.278 Y58.661 E319.81232
G0 F6000 X67.712 Y58.661
G1 F1200 X70.394 Y61.343 E319.98894
G0 F6000 X69.828 Y61.343
G1 F1200 X67.146 Y58.661 E320.16555
G0 F6000 X66.58 Y58.661
G1 F1200 X69.263 Y61.343 E320.3422
G0 F6000 X68.696 Y61.342
G1 F1200 X66.015 Y58.661 E320.51875
G0 F6000 X65.449 Y58.661
G1 F1200 X68.13 Y61.342 E320.6953
G0 F6000 X67.565 Y61.342
G1 F1200 X64.883 Y58.661 E320.87188
G0 F6000 X64.318 Y58.661
G1 F1200 X66.999 Y61.342 E321.04843
G0 F6000 X66.433 Y61.342
G1 F1200 X63.752 Y58.661 E321.22497
G0 F6000 X63.186 Y58.661
G1 F1200 X65.868 Y61.342 E321.40156
G0 F6000 X65.302 Y61.342
G1 F1200 X62.621 Y58.661 E321.5781
G0 F6000 X62.055 Y58.661
G1 F1200 X64.736 Y61.342 E321.75465
G0 F6000 X64.171 Y61.342
G1 F1200 X61.489 Y58.661 E321.93123
G0 F6000 X60.924 Y58.661
G1 F1200 X63.605 Y61.342 E322.10778
G0 F6000 X63.039 Y61.342
G1 F1200 X60.358 Y58.661 E322.28433
G0 F6000 X59.792 Y58.661
G1 F1200 X62.474 Y61.342 E322.46091
G0 F6000 X62.017 Y61.451
G1 F1200 X59.227 Y58.661 E322.64464
G0 F6000 X58.661 Y58.661
G1 F1200 X61.693 Y61.693 E322.8443
G0 F6000 X61.456 Y62.022
G1 F1200 X58.66 Y59.226 E323.02842
G0 F6000 X58.66 Y59.792
G1 F1200 X61.343 Y62.474 E323.20507
G0 F6000 X61.343 Y63.04
G1 F1200 X58.66 Y60.357 E323.38175
G0 F6000 X58.66 Y60.923
G1 F1200 X61.343 Y63.606 E323.55843
G0 F6000 X61.343 Y64.171
G1 F1200 X58.66 Y61.489 E323.73508
G0 F6000 X58.66 Y62.054
G1 F1200 X61.343 Y64.737 E323.91176
G0 F6000 X61.343 Y65.303
G1 F1200 X58.66 Y62.62 E324.08844
G0 F6000 X58.66 Y63.186
G1 F1200 X61.343 Y65.868 E324.26508
G0 F6000 X61.343 Y66.434
G1 F1200 X58.66 Y63.751 E324.44176
G0 F6000 X58.66 Y64.317
G1 F1200 X61.343 Y67 E324.61844
G0 F6000 X61.343 Y67.565
G1 F1200 X58.66 Y64.883 E324.79509
G0 F6000 X58.66 Y65.448
G1 F1200 X61.343 Y68.131 E324.97177
G0 F6000 X61.343 Y68.697
G1 F1200 X58.66 Y66.014 E325.14845
G0 F6000 X58.66 Y66.58
G1 F1200 X61.344 Y69.263 E325.32516
G0 F6000 X61.344 Y69.829
G1 F1200 X58.66 Y67.145 E325.50191
G0 F6000 X58.66 Y67.711
G1 F1200 X61.344 Y70.395 E325.67866
G0 F6000 X61.344 Y70.96
G1 F1200 X58.66 Y68.277 E325.85537
G0 F6000 X58.66 Y68.843
G1 F1200 X61.344 Y71.526 E326.03208
G0 F6000 X61.344 Y72.092
G1 F1200 X58.66 Y69.408 E326.20883
G0 F6000 X58.66 Y69.974
G1 F1200 X61.344 Y72.657 E326.38554
G0 F6000 X61.344 Y73.223
G1 F1200 X58.66 Y70.54 E326.56226
G0 F6000 X58.66 Y71.105
G1 F1200 X61.344 Y73.789 E326.739
G0 F6000 X61.344 Y74.354
G1 F1200 X58.66 Y71.671 E326.91571
G0 F6000 X58.66 Y72.237
G1 F1200 X61.344 Y74.92 E327.09243
G0 F6000 X61.344 Y75.486
G1 F1200 X58.66 Y72.802 E327.26917
G0 F6000 X58.66 Y73.368
G1 F1200 X61.344 Y76.052 E327.44592
G0 F6000 X61.344 Y76.618
G1 F1200 X58.66 Y73.934 E327.62267
G0 F6000 X58.66 Y74.499
G1 F1200 X61.344 Y77.184 E327.79944
G0 F6000 X61.344 Y77.749
G1 F1200 X58.66 Y75.065 E327.97619
G0 F6000 X58.66 Y75.631
G1 F1200 X61.344 Y78.315 E328.15294
G0 F6000 X61.344 Y78.881
G1 F1200 X58.66 Y76.196 E328.32971
G0 F6000 X58.66 Y76.762
G1 F1200 X61.344 Y79.446 E328.50646
G0 F6000 X61.344 Y80.012
G1 F1200 X58.66 Y77.328 E328.68321
G0 F6000 X58.66 Y77.893
G1 F1200 X61.344 Y80.578 E328.85999
G0 F6000 X61.344 Y81.143
G1 F1200 X58.66 Y78.459 E329.03673
G0 F6000 X58.66 Y79.025
G1 F1200 X61.345 Y81.71 E329.21354
G0 F6000 X61.345 Y82.275
G1 F1200 X58.66 Y79.591 E329.39032
G0 F6000 X58.66 Y80.156
G1 F1200 X61.345 Y82.841 E329.56713
G0 F6000 X61.345 Y83.407
G1 F1200 X58.66 Y80.722 E329.74395
G0 F6000 X58.66 Y81.288
G1 F1200 X61.345 Y83.972 E329.92073
G0 F6000 X61.345 Y84.538
G1 F1200 X58.66 Y81.853 E330.09754
G0 F6000 X58.66 Y82.419
G1 F1200 X61.345 Y85.104 E330.27435
G0 F6000 X61.345 Y85.67
G1 F1200 X58.66 Y82.985 E330.45116
G0 F6000 X58.66 Y83.55
G1 F1200 X61.345 Y86.235 E330.62797
G0 F6000 X61.345 Y86.801
G1 F1200 X58.66 Y84.116 E330.80478
G0 F6000 X58.66 Y84.682
G1 F1200 X61.345 Y87.367 E330.9816
G0 F6000 X61.525 Y88.113
G1 F1200 X58.66 Y85.247 E331.17029
G0 F6000 X58.66 Y85.813
G1 F1200 X62.916 Y90.069 E331.45056
G0 F6000 X63.113 Y89.7
G1 F1200 X61.898 Y88.485 E331.53057
G0 F6000 X62.67 Y88.692
G1 F1200 X63.31 Y89.332 E331.57271
G0 F6000 X63.507 Y88.963
G1 F1200 X63.167 Y88.622 E331.59514
G0 F6000 X63.531 Y88.421
G1 F1200 X63.683 Y88.573 E331.60515
G0 F6000 X64.115 Y88.804
G0 X63.153 Y90.603
G0 X62.723 Y90.442
G1 F1200 X58.66 Y86.379 E331.8727
G0 F6000 X58.66 Y86.944
G1 F1200 X62.591 Y90.875 E332.13156
G0 F6000 X62.459 Y91.309
G1 F1200 X58.66 Y87.51 E332.38174
G0 F6000 X58.66 Y88.076
G1 F1200 X62.328 Y91.744 E332.62328
G0 F6000 X62.196 Y92.177
G1 F1200 X58.66 Y88.641 E332.85613
G0 F6000 X58.66 Y89.207
G1 F1200 X62.064 Y92.611 E333.08029
G0 F6000 X61.932 Y93.045
G1 F1200 X58.66 Y89.773 E333.29576
G0 F6000 X58.66 Y90.339
G1 F1200 X61.8 Y93.479 E333.50253
G0 F6000 X61.668 Y93.912
G1 F1200 X58.66 Y90.904 E333.70061
G0 F6000 X58.66 Y91.47
G1 F1200 X61.537 Y94.346 E333.89004
G0 F6000 X61.404 Y94.78
G1 F1200 X58.66 Y92.036 E334.07073
G0 F6000 X58.66 Y92.601
G1 F1200 X61.344 Y95.285 E334.24748
G0 F6000 X61.344 Y95.851
G1 F1200 X58.66 Y93.167 E334.42422
G0 F6000 X58.66 Y93.733
G1 F1200 X61.344 Y96.417 E334.60097
G0 F6000 X61.344 Y96.983
G1 F1200 X58.66 Y94.298 E334.77775
G0 F6000 X58.66 Y94.864
G1 F1200 X61.344 Y97.548 E334.9545
G0 F6000 X61.344 Y98.114
G1 F1200 X58.66 Y95.43 E335.13124
G0 F6000 X58.66 Y95.995
G1 F1200 X61.344 Y98.68 E335.30802
G0 F6000 X61.344 Y99.245
G1 F1200 X58.66 Y96.561 E335.48477
G0 F6000 X58.66 Y97.127
G1 F1200 X61.344 Y99.811 E335.66151
G0 F6000 X61.344 Y100.377
G1 F1200 X58.66 Y97.692 E335.83829
G0 F6000 X58.66 Y98.258
G1 F1200 X61.344 Y100.942 E336.01504
G0 F6000 X61.344 Y101.508
G1 F1200 X58.66 Y98.824 E336.19178
G0 F6000 X58.66 Y99.39
G1 F1200 X61.344 Y102.074 E336.36853
G0 F6000 X61.344 Y102.639
G1 F1200 X58.66 Y99.955 E336.54528
G0 F6000 X58.66 Y100.521
G1 F1200 X61.344 Y103.205 E336.72202
G0 F6000 X61.344 Y103.771
G1 F1200 X58.66 Y101.087 E336.89877
G0 F6000 X58.66 Y101.652
G1 F1200 X61.344 Y104.336 E337.07551
G0 F6000 X61.344 Y104.902
G1 F1200 X58.66 Y102.218 E337.25226
G0 F6000 X58.66 Y102.784
G1 F1200 X61.344 Y105.468 E337.42901
G0 F6000 X61.344 Y106.033
G1 F1200 X58.66 Y103.349 E337.60575
G0 F6000 X58.66 Y103.915
G1 F1200 X61.344 Y106.599 E337.7825
G0 F6000 X61.344 Y107.165
G1 F1200 X58.66 Y104.481 E337.95924
G0 F6000 X58.66 Y105.046
G1 F1200 X61.344 Y107.731 E338.13602
G0 F6000 X61.344 Y108.296
G1 F1200 X58.66 Y105.612 E338.31277
G0 F6000 X58.66 Y106.178
G1 F1200 X61.344 Y108.862 E338.48951
G0 F6000 X61.344 Y109.428
G1 F1200 X58.66 Y106.743 E338.66629
G0 F6000 X58.66 Y107.309
G1 F1200 X61.344 Y109.993 E338.84304
G0 F6000 X61.345 Y110.56
G1 F1200 X58.66 Y107.875 E339.01985
G0 F6000 X58.66 Y108.44
G1 F1200 X61.345 Y111.125 E339.19666
G0 F6000 X61.345 Y111.691
G1 F1200 X58.66 Y109.006 E339.37347
G0 F6000 X58.66 Y109.572
G1 F1200 X61.345 Y112.257 E339.55029
G0 F6000 X61.345 Y112.822
G1 F1200 X58.659 Y110.137 E339.72713
G0 F6000 X58.659 Y110.703
G1 F1200 X61.345 Y113.388 E339.90398
G0 F6000 X61.345 Y113.954
G1 F1200 X58.659 Y111.268 E340.08085
G0 F6000 X58.659 Y111.834
G1 F1200 X61.345 Y114.519 E340.2577
G0 F6000 X61.345 Y115.085
G1 F1200 X58.659 Y112.4 E340.43454
G0 F6000 X58.659 Y112.965
G1 F1200 X61.345 Y115.651 E340.61142
G0 F6000 X61.345 Y116.217
G1 F1200 X58.659 Y113.531 E340.7883
G0 F6000 X58.659 Y114.097
G1 F1200 X61.345 Y116.782 E340.96514
G0 F6000 X61.345 Y117.348
G1 F1200 X58.659 Y114.662 E341.14202
G0 F6000 X58.659 Y115.228
G1 F1200 X61.345 Y117.914 E341.3189
G0 F6000 X61.345 Y118.479
G1 F1200 X58.659 Y115.794 E341.49574
G0 F6000 X58.659 Y116.359
G1 F1200 X61.345 Y119.045 E341.67262
G0 F6000 X61.345 Y119.611
G1 F1200 X58.659 Y116.925 E341.8495
G0 F6000 X58.659 Y117.491
G1 F1200 X61.345 Y120.176 E342.02634
G0 F6000 X61.345 Y120.742
G1 F1200 X58.659 Y118.056 E342.20322
G0 F6000 X58.659 Y118.622
G1 F1200 X61.345 Y121.308 E342.3801
G0 F6000 X61.345 Y121.873
G1 F1200 X58.659 Y119.188 E342.55694
G0 F6000 X58.659 Y119.753
G1 F1200 X61.345 Y122.439 E342.73382
G0 F6000 X61.345 Y123.005
G1 F1200 X58.659 Y120.319 E342.9107
G0 F6000 X58.659 Y120.885
G1 F1200 X61.345 Y123.57 E343.08754
G0 F6000 X61.345 Y124.136
G1 F1200 X58.659 Y121.451 E343.26439
G0 F6000 X58.659 Y122.016
G1 F1200 X61.345 Y124.702 E343.44127
G0 F6000 X61.468 Y125.391
G1 F1200 X58.659 Y122.582 E343.62624
G0 F6000 X58.659 Y123.148
G1 F1200 X61.713 Y126.201 E343.82732
G0 F6000 X61.957 Y127.011
G1 F1200 X58.659 Y123.713 E344.0445
G0 F6000 X58.659 Y124.279
G1 F1200 X62.202 Y127.822 E344.27781
G0 F6000 X62.447 Y128.632
G1 F1200 X58.659 Y124.845 E344.52723
G0 F6000 X58.659 Y125.41
G1 F1200 X62.691 Y129.442 E344.79274
G0 F6000 X63.129 Y129.311
G0 X63.676 Y130.369
G0 X63.269 Y130.586
G1 F1200 X58.659 Y125.976 E345.09632
G0 F6000 X58.659 Y126.542
G1 F1200 X63.764 Y131.646 E345.43246
G0 F6000 X62.864 Y131.312
G1 F1200 X58.659 Y127.107 E345.70936
G0 F6000 X58.659 Y127.673
G1 F1200 X62.33 Y131.344 E345.95111
G0 F6000 X61.918 Y131.497
G1 F1200 X58.659 Y128.239 E346.16568
G0 F6000 X58.659 Y128.804
G1 F1200 X61.602 Y131.747 E346.35948
G0 F6000 X61.399 Y132.11
G1 F1200 X58.659 Y129.37 E346.53992
G0 F6000 X58.659 Y129.936
G1 F1200 X61.345 Y132.621 E346.71676
G0 F6000 X61.345 Y133.187
G1 F1200 X58.659 Y130.502 E346.89361
G0 F6000 X58.659 Y131.067
G1 F1200 X61.345 Y133.753 E347.07049
G0 F6000 X61.345 Y134.318
G1 F1200 X58.659 Y131.633 E347.24733
G0 F6000 X58.659 Y132.199
G1 F1200 X61.345 Y134.884 E347.42417
G0 F6000 X61.345 Y135.45
G1 F1200 X58.659 Y132.764 E347.60105
G0 F6000 X58.659 Y133.33
G1 F1200 X61.345 Y136.016 E347.77793
G0 F6000 X61.345 Y136.581
G1 F1200 X58.659 Y133.896 E347.95478
G0 F6000 X58.659 Y134.461
G1 F1200 X61.345 Y137.147 E348.13165
G0 F6000 X61.344 Y137.712
G1 F1200 X58.659 Y135.027 E348.30846
G0 F6000 X58.659 Y135.593
G1 F1200 X61.344 Y138.278 E348.48528
G0 F6000 X61.344 Y138.843
G1 F1200 X58.659 Y136.158 E348.66209
G0 F6000 X58.659 Y136.724
G1 F1200 X61.344 Y139.409 E348.8389
G0 F6000 X61.344 Y139.975
G1 F1200 X58.659 Y137.29 E349.01571
G0 F6000 X58.659 Y137.855
G1 F1200 X61.344 Y140.54 E349.19252
G0 F6000 X61.344 Y141.106
G1 F1200 X58.659 Y138.421 E349.36934
G0 F6000 X58.659 Y138.987
G1 F1200 X61.344 Y141.672 E349.54615
G0 F6000 X61.344 Y142.237
G1 F1200 X58.659 Y139.552 E349.72296
G0 F6000 X58.659 Y140.118
G1 F1200 X61.344 Y142.802 E349.89974
G0 F6000 X61.344 Y143.368
G1 F1200 X58.659 Y140.684 E350.07652
G0 F6000 X58.659 Y141.25
G1 F1200 X61.344 Y143.934 E350.2533
G0 F6000 X61.344 Y144.499
G1 F1200 X58.659 Y141.815 E350.43007
G0 F6000 X58.659 Y142.381
G1 F1200 X61.344 Y145.065 E350.60685
G0 F6000 X61.344 Y145.631
G1 F1200 X58.659 Y142.947 E350.78363
G0 F6000 X58.659 Y143.512
G1 F1200 X61.344 Y146.196 E350.96041
G0 F6000 X61.344 Y146.762
G1 F1200 X58.659 Y144.078 E351.13719
G0 F6000 X58.659 Y144.644
G1 F1200 X61.344 Y147.328 E351.31397
G0 F6000 X61.343 Y147.893
G1 F1200 X58.659 Y145.209 E351.49072
G0 F6000 X58.659 Y145.775
G1 F1200 X61.343 Y148.458 E351.66743
G0 F6000 X61.343 Y149.024
G1 F1200 X58.659 Y146.341 E351.84414
G0 F6000 X58.659 Y146.906
G1 F1200 X61.343 Y149.59 E352.02089
G0 F6000 X61.343 Y150.156
G1 F1200 X58.659 Y147.472 E352.19763
G0 F6000 X58.659 Y148.038
G1 F1200 X61.343 Y150.721 E352.37435
G0 F6000 X61.343 Y151.287
G1 F1200 X58.659 Y148.603 E352.55109
G0 F6000 X58.659 Y149.169
G1 F1200 X61.343 Y151.853 E352.72784
G0 F6000 X61.343 Y152.418
G1 F1200 X58.659 Y149.735 E352.90455
G0 F6000 X58.659 Y150.3
G1 F1200 X61.342 Y152.983 E353.08123
G0 F6000 X61.342 Y153.549
G1 F1200 X58.659 Y150.866 E353.25791
G0 F6000 X58.659 Y151.432
G1 F1200 X61.342 Y154.115 E353.43459
G0 F6000 X61.342 Y154.68
G1 F1200 X58.659 Y151.998 E353.61124
G0 F6000 X58.659 Y152.563
G1 F1200 X61.342 Y155.246 E353.78792
G0 F6000 X61.342 Y155.812
G1 F1200 X58.659 Y153.129 E353.9646
G0 F6000 X58.659 Y153.695
G1 F1200 X61.342 Y156.377 E354.14125
G0 F6000 X61.342 Y156.943
G1 F1200 X58.659 Y154.26 E354.31793
G0 F6000 X58.659 Y154.826
G1 F1200 X61.342 Y157.509 E354.49461
G1 F1500 E347.99461
G0 F6000 X61.799 Y157.494
G0 X62.07 Y156.279
G0 X81.783 Y152.224
G0 X130.662 Y156.684
G1 F1500 E354.49461
G1 F1200 X131.301 Y157.323 E354.53669
G0 F6000 X131.37 Y156.826
G1 F1200 X131.031 Y156.487 E354.55901
G0 F6000 X131.431 Y156.322
G1 F1200 X131.563 Y156.453 E354.56767
G1 F1500 E348.06767
G0 F6000 X131.971 Y156.748
G0 X137.219 Y153.784
G0 X136.617 Y152.66
G0 X88.962 Y63.506
G1 F1500 E354.56767
G1 F1200 X88.622 Y63.166 E354.59006
G0 F6000 X88.43 Y63.54
G1 F1200 X88.562 Y63.672 E354.59875
G0 F6000 X89.331 Y63.309
G1 F1200 X88.691 Y62.669 E354.6409
M104 S200
G1 F1500 E348.1409
;MESH:NONMESH
G0 F300 X88.691 Y62.669 Z0.56
G0 F6000 X88.272 Y62.892
G0 X81.072 Y66.707
G0 X50.481 Y50.117
;TIME_ELAPSED:470.834939
;LAYER:1
M106 S85
;TYPE:SKIRT
G1 F1500 E354.6409
G1 F1200 X51.162 Y49.524 E354.68294
G1 X51.894 Y48.994 E354.72503
G1 X52.669 Y48.531 E354.76706
G1 X53.482 Y48.138 E354.80911
G1 X54.327 Y47.818 E354.85118
G1 X55.196 Y47.575 E354.8932
G1 X56.084 Y47.409 E354.93527
G1 X57.223 Y47.313 E354.98849
G1 X57.83 Y47.3 E355.01676
G1 X161.793 Y47.3 E359.85771
G1 X162.637 Y47.311 E359.89702
G1 X163.539 Y47.364 E359.93909
G1 X164.432 Y47.496 E359.98112
G1 X165.31 Y47.707 E360.02317
G1 X166.166 Y47.995 E360.06523
G1 X166.993 Y48.357 E360.10726
G1 X167.785 Y48.792 E360.14934
G1 X168.536 Y49.294 E360.1914
G1 X169.239 Y49.861 E360.23346
G1 X169.889 Y50.488 E360.27551
G1 X170.481 Y51.17 E360.31756
G1 X171.011 Y51.901 E360.3596
G1 X171.473 Y52.677 E360.40166
G1 X171.866 Y53.49 E360.4437
G1 X172.184 Y54.335 E360.48575
G1 X172.427 Y55.205 E360.52781
G1 X172.592 Y56.093 E360.56986
G1 X172.687 Y57.223 E360.62267
G1 X172.7 Y57.83 E360.65094
G1 X172.699 Y161.89 E365.49641
G1 X172.69 Y162.617 E365.53026
G1 X172.639 Y163.519 E365.57233
G1 X172.508 Y164.413 E365.6144
G1 X172.299 Y165.291 E365.65643
G1 X172.013 Y166.148 E365.6985
G1 X171.652 Y166.976 E365.74056
G1 X171.22 Y167.768 E365.78257
G1 X170.719 Y168.52 E365.82464
G1 X170.153 Y169.224 E365.8667
G1 X169.528 Y169.875 E365.90873
G1 X168.847 Y170.469 E365.9508
G1 X168.116 Y171 E365.99288
G1 X167.342 Y171.464 E366.0349
G1 X166.529 Y171.858 E366.07696
G1 X165.685 Y172.178 E366.11899
G1 X164.815 Y172.423 E366.16108
G1 X163.928 Y172.589 E366.2031
G1 X162.777 Y172.687 E366.25689
G1 X162.17 Y172.7 E366.28516
G1 X58.075 Y172.699 E371.13226
G1 X57.377 Y172.69 E371.16476
G1 X56.476 Y172.639 E371.20679
G1 X55.582 Y172.507 E371.24887
G1 X54.704 Y172.298 E371.29089
G1 X53.847 Y172.011 E371.33297
G1 X53.02 Y171.65 E371.37499
G1 X52.227 Y171.217 E371.41706
G1 X51.476 Y170.716 E371.4591
G1 X50.772 Y170.15 E371.50116
G1 X50.121 Y169.524 E371.54322
G1 X49.528 Y168.843 E371.58526
G1 X48.998 Y168.112 E371.62731
G1 X48.534 Y167.337 E371.66937
G1 X48.14 Y166.524 E371.71144
G1 X47.82 Y165.68 E371.75347
G1 X47.576 Y164.81 E371.79554
G1 X47.41 Y163.922 E371.83761
G1 X47.313 Y162.767 E371.89158
G1 X47.3 Y162.158 E371.91994
G1 X47.301 Y58.036 E376.7683
G1 X47.31 Y57.371 E376.79927
G1 X47.362 Y56.469 E376.84134
G1 X47.494 Y55.576 E376.88337
G1 X47.704 Y54.698 E376.92541
G1 X47.991 Y53.841 E376.96749
G1 X48.353 Y53.014 E377.00953
G1 X48.786 Y52.222 E377.05156
G1 X49.288 Y51.471 E377.09362
G1 X49.855 Y50.767 E377.13571
G1 X50.481 Y50.117 E377.17773
G1 F1500 E370.67773
;MESH:tmpek4p4esk10x10x.5Doubled.stl
G0 F7500 X66.707 Y81.072
G0 X62.606 Y88.144
;TYPE:WALL-INNER
G1 F1500 E377.17773
G1 F1350 X62.559 Y88.132 E377.17999
G1 F1500 X62.4 Y88.092 E377.18762
G1 F1350 X62.299 Y88.066 E377.19248
G1 X62.031 Y87.875 E377.20781
G1 X61.935 Y87.704 E377.21694
G1 X61.9 Y87.5 E377.22657
G1 X61.9 Y62.388 E378.39589
G1 X61.984 Y62.192 E378.40582
G1 X62.192 Y61.984 E378.41952
G1 X62.5 Y61.9 E378.43439
G1 X87.5 Y61.9 E379.59849
G1 X87.705 Y61.935 E379.60818
G1 X87.875 Y62.031 E379.61727
G1 X88.066 Y62.299 E379.63259
G1 X88.092 Y62.4 E379.63745
G1 F1500 X88.132 Y62.559 E379.64508
G1 F1350 X88.144 Y62.606 E379.64734
G1 X88.126 Y62.949 E379.66333
G1 X87.919 Y63.238 E379.67989
G1 X81.168 Y66.85 E380.03641
G1 X73.303 Y73.303 E380.51013
G1 X66.85 Y81.168 E380.98384
G1 X63.235 Y87.922 E381.34055
G1 X62.95 Y88.126 E381.35687
G1 X62.606 Y88.144 E381.37291
G1 F1500 E374.87291
G0 F7500 X62.925 Y88.316
G0 X64.574 Y85.104
G0 X63.011 Y157.93
G0 X87.5 Y158.1
G1 F1500 E381.37291
G1 F1350 X62.388 Y158.1 E382.54223
G1 X62.192 Y158.016 E382.55216
G1 X61.984 Y157.808 E382.56586
G1 X61.9 Y157.5 E382.58073
G1 X61.9 Y132.496 E383.74502
G1 X61.935 Y132.291 E383.7547
G1 X62.031 Y132.121 E383.76379
G1 X62.299 Y131.93 E383.77912
G1 X62.4 Y131.904 E383.78397
G1 F1500 X62.557 Y131.864 E383.79152
G1 F1350 X62.606 Y131.852 E383.79387
G1 X62.949 Y131.87 E383.80986
G1 X63.277 Y132.153 E383.83003
G1 X66.85 Y138.828 E384.18257
G1 X73.303 Y146.693 E384.65629
G1 X81.167 Y153.151 E385.13013
G1 X87.844 Y156.718 E385.48262
G1 X88.125 Y157.045 E385.50269
G1 X88.144 Y157.388 E385.51869
G1 X88.131 Y157.44 E385.52119
G1 F1500 X88.091 Y157.6 E385.52887
G1 F1350 X88.044 Y157.787 E385.53784
G1 X87.875 Y157.969 E385.54941
G1 X87.705 Y158.065 E385.5585
G1 X87.5 Y158.1 E385.56818
G1 F1500 E379.06818
G0 F7500 X84.134 Y157.95
G0 X90.572 Y156.917
G0 X110 Y158.1
G1 F1500 E385.56818
G1 F1350 X95.079 Y158.1 E386.26297
G1 X90.639 Y156.749 E386.47907
G1 X81.888 Y152.077 E386.94099
G1 X74.219 Y145.777 E387.40314
G1 X67.927 Y138.112 E387.8649
G1 X63.246 Y129.363 E388.32694
G1 X61.9 Y124.898 E388.54409
G1 X61.9 Y95.08 E389.93254
G1 X63.247 Y90.64 E390.14859
G1 X67.921 Y81.887 E390.61063
G1 X74.219 Y74.219 E391.07268
G1 X81.884 Y67.927 E391.53445
G1 X90.633 Y63.246 E391.99648
G1 X95.098 Y61.9 E392.21363
G1 X124.916 Y61.9 E393.60208
G1 X129.356 Y63.247 E393.81813
G1 X138.112 Y67.927 E394.28043
G1 X145.777 Y74.219 E394.7422
G1 X152.073 Y81.884 E395.20408
G1 X156.75 Y90.634 E395.66607
G1 X158.1 Y95.079 E395.88238
G1 X158.1 Y124.902 E397.27107
G1 X156.749 Y129.357 E397.48784
G1 X152.073 Y138.112 E397.95001
G1 X145.777 Y145.777 E398.41189
G1 X138.112 Y152.073 E398.87378
G1 X129.362 Y156.75 E399.33576
G1 X124.898 Y158.1 E399.55292
G1 X110 Y158.1 E400.24664
G1 F1500 E393.74664
G0 F7500 X110 Y161.7
G0 X110 Y161.9
G1 F1500 E400.24664
G1 F1350 X161.9 Y161.9 E402.66332
G1 X161.9 Y58.1 E407.49668
G1 X58.1 Y58.1 E412.33004
G1 X58.1 Y161.9 E417.16341
G1 X110 Y161.9 E419.58009
G1 F1500 E413.08009
G0 F7500 X132.496 Y161.7
G0 X135.488 Y157.95
G0 X132.496 Y158.1
G1 F1500 E419.58009
G1 F1350 X132.291 Y158.065 E419.58977
G1 X132.12 Y157.969 E419.5989
G1 X131.931 Y157.722 E419.61339
G1 X131.902 Y157.6 E419.61922
G1 F1500 X131.865 Y157.443 E419.62674
G1 F1350 X131.852 Y157.388 E419.62937
G1 X131.871 Y157.045 E419.64536
G1 X132.078 Y156.758 E419.66184
G1 X138.828 Y153.15 E420.01823
G1 X146.693 Y146.693 E420.49207
G1 X153.15 Y138.828 E420.96591
G1 X156.718 Y132.153 E421.31834
G1 X157.045 Y131.871 E421.33845
G1 X157.388 Y131.852 E421.35444
G1 X157.442 Y131.866 E421.35704
G1 F1500 X157.6 Y131.905 E421.36462
G1 F1350 X157.7 Y131.93 E421.36942
G1 X157.969 Y132.12 E421.38475
G1 X158.065 Y132.291 E421.39388
G1 X158.1 Y132.496 E421.40357
G1 X158.1 Y157.612 E422.57307
G1 X158.016 Y157.808 E422.583
G1 X157.808 Y158.016 E422.5967
G1 X157.612 Y158.1 E422.60663
G1 X132.496 Y158.1 E423.77614
G1 F1500 E417.27614
G0 F7500 X157.072 Y157.93
G0 X155.871 Y85.939
G0 X157.388 Y88.144
G1 F1500 E423.77614
G1 F1350 X157.045 Y88.125 E423.79213
G1 X156.758 Y87.918 E423.80861
G1 X153.15 Y81.168 E424.165
G1 X146.693 Y73.303 E424.63884
G1 X138.828 Y66.85 E425.11256
G1 X132.152 Y63.278 E425.46512
G1 X131.87 Y62.95 E425.48526
G1 X131.852 Y62.606 E425.5013
G1 X131.864 Y62.557 E425.50365
G1 F1500 X131.904 Y62.4 E425.5112
G1 F1350 X131.93 Y62.299 E425.51605
G1 X132.121 Y62.031 E425.53138
G1 X132.292 Y61.935 E425.54051
G1 X132.496 Y61.9 E425.55015
G1 X157.612 Y61.9 E426.71965
G1 X157.808 Y61.984 E426.72958
G1 X158.016 Y62.191 E426.74324
G1 X158.1 Y62.5 E426.75816
G1 X158.1 Y87.574 E427.92571
G1 X157.969 Y87.875 E427.94099
G1 X157.7 Y88.066 E427.95635
G1 X157.6 Y88.091 E427.96115
G1 F1500 X157.44 Y88.131 E427.96883
G1 F1350 X157.388 Y88.144 E427.97133
G0 F7500 X157.216 Y87.775
;TYPE:WALL-OUTER
G1 F1350 X157.09 Y87.684 E427.97857
G1 X153.484 Y80.944 E428.3345
G1 X146.977 Y73.019 E428.81198
G1 X139.052 Y66.516 E429.28933
G1 X132.341 Y62.925 E429.64375
G1 X132.247 Y62.816 E429.65045
G1 X132.244 Y62.76 E429.65306
G1 F1500 X132.241 Y62.7 E429.65586
G1 X132.315 Y62.413 E429.66966
G1 X132.33 Y62.4 E429.67059
G1 F1350 X132.448 Y62.3 E429.67779
G1 X157.539 Y62.3 E430.84613
G1 X157.7 Y62.461 E430.85673
G1 X157.698 Y87.535 E432.02428
G1 X157.6 Y87.664 E432.03183
G1 F1500 X157.587 Y87.681 E432.03282
G1 X157.246 Y87.767 E432.0492
G1 F1350 X157.216 Y87.775 E432.05064
G1 F1500 E425.55064
G0 F7500 X156.88 Y87.954
G0 X155.871 Y85.939
G0 X156.984 Y157.93
G0 X132.441 Y157.7
G1 F1500 E432.05064
G1 F1350 X132.314 Y157.601 E432.05814
G1 F1500 X132.23 Y157.248 E432.07504
G1 F1350 X132.222 Y157.215 E432.07662
G1 X132.312 Y157.09 E432.08379
G1 X139.052 Y153.484 E432.43973
G1 X146.977 Y146.977 E432.9172
G1 X153.484 Y139.052 E433.39468
G1 X157.071 Y132.341 E433.74901
G1 X157.18 Y132.247 E433.75571
G1 X157.24 Y132.244 E433.75851
G1 F1500 X157.295 Y132.241 E433.76107
G1 X157.587 Y132.315 E433.7751
G1 X157.6 Y132.33 E433.77602
G1 F1350 X157.7 Y132.447 E433.78319
G1 X157.698 Y157.584 E434.95367
G1 X157.539 Y157.7 E434.96284
G1 X132.441 Y157.7 E436.1315
G1 F1500 E429.6315
G0 F7500 X132.441 Y158.01
G0 X135.488 Y157.95
G0 X129.424 Y156.917
G0 X110 Y157.7
G1 F1500 E436.1315
G1 F1350 X95.139 Y157.7 E436.8235
G1 X90.769 Y156.369 E437.03621
G1 X82.125 Y151.749 E437.49259
G1 X74.502 Y145.494 E437.95175
G1 X68.261 Y137.891 E438.40978
G1 X63.627 Y129.227 E438.86729
G1 X62.303 Y124.859 E439.07982
G1 X62.3 Y95.14 E440.46366
G1 X63.618 Y90.789 E440.67536
G1 X68.257 Y82.108 E441.13368
G1 X74.502 Y74.502 E441.59193
G1 X82.105 Y68.261 E442.04996
G1 X90.769 Y63.627 E442.50747
G1 X95.137 Y62.303 E442.72
G1 X124.856 Y62.3 E444.10384
G1 X129.207 Y63.618 E444.31553
G1 X137.875 Y68.251 E444.77319
G1 X145.494 Y74.502 E445.23208
G1 X151.739 Y82.105 E445.69023
G1 X156.384 Y90.805 E446.14946
G1 X157.7 Y95.139 E446.36037
G1 X157.698 Y124.859 E447.74426
G1 X156.369 Y129.227 E447.95685
G1 X151.749 Y137.875 E448.4134
G1 X145.494 Y145.494 E448.87242
G1 X137.891 Y151.739 E449.33056
G1 X129.191 Y156.384 E449.7898
G1 X124.857 Y157.7 E450.0007
G1 X110 Y157.7 E450.69251
G1 F1500 E444.19251
G0 F7500 X110 Y158.01
G0 X110 Y158.28
G0 X110 Y161.7
G0 X110 Y162.3
G1 F1500 E450.69251
G1 F1350 X162.3 Y162.3 E453.12781
G1 X162.3 Y57.7 E457.99843
G1 X57.7 Y57.7 E462.86904
G1 X57.7 Y162.3 E467.73966
G1 X110 Y162.3 E470.17496
G1 F1500 E463.67496
G0 F7500 X110 Y161.99
G0 X87.55 Y161.7
G0 X84.134 Y157.95
G0 X87.55 Y157.7
G1 F1500 E470.17496
G1 F1350 X62.461 Y157.7 E471.34321
G1 X62.3 Y157.539 E471.35382
G1 X62.3 Y132.441 E472.52248
G1 X62.4 Y132.314 E472.53001
G1 F1500 X62.752 Y132.229 E472.54687
G1 F1350 X62.784 Y132.221 E472.54841
G1 X62.925 Y132.341 E472.55703
G1 X66.516 Y139.052 E472.91145
G1 X73.019 Y146.977 E473.3888
G1 X80.944 Y153.485 E473.86631
G1 X87.655 Y157.071 E474.22061
G1 X87.749 Y157.18 E474.22731
G1 X87.752 Y157.238 E474.23002
G1 F1500 X87.755 Y157.295 E474.23268
G1 X87.681 Y157.587 E474.2467
G1 X87.666 Y157.6 E474.24763
G1 F1350 X87.55 Y157.7 E474.25476
G1 F1500 E467.75476
G0 F7500 X87.55 Y158.01
G0 X63.108 Y157.93
G0 X64.574 Y85.104
G0 X62.7 Y87.755
G1 F1500 E474.25476
G1 X62.413 Y87.681 E474.26856
G1 X62.4 Y87.666 E474.26948
G1 F1350 X62.3 Y87.548 E474.27669
G1 X62.3 Y62.461 E475.44484
G1 X62.461 Y62.3 E475.45544
G1 X87.555 Y62.3 E476.62393
G1 X87.682 Y62.4 E476.63145
G1 F1500 X87.768 Y62.754 E476.64842
G1 F1350 X87.774 Y62.78 E476.64966
G1 X87.684 Y62.906 E476.65687
G1 X80.944 Y66.516 E477.01289
G1 X73.019 Y73.019 E477.49025
G1 X66.516 Y80.944 E477.96761
G1 X62.906 Y87.684 E478.32363
G1 X62.816 Y87.749 E478.3288
G1 X62.762 Y87.752 E478.33132
G1 F1500 X62.7 Y87.755 E478.33421
G1 F1500 E471.83421
G0 F7500 X63.108 Y87.974
G0 X67.001 Y81.269
G0 X152.999 Y81.268
G0 X157.449 Y88.498
;TYPE:SKIN
G1 F1500 E478.33421
G1 F1350 X157.827 Y88.402 E478.35237
G1 X158.042 Y88.289 E478.36368
G1 X158.262 Y88.075 E478.37797
G1 X158.458 Y87.729 E478.39649
G1 X158.459 Y62.473 E479.57251
G1 X158.431 Y62.261 E479.58247
G1 X158.322 Y61.994 E479.5959
G1 X158.034 Y61.706 E479.61486
G1 X157.786 Y61.581 E479.62779
G1 X157.519 Y61.541 E479.64037
G1 X132.462 Y61.542 E480.80713
G1 X132.167 Y61.592 E480.82106
G1 X131.917 Y61.733 E480.83442
G1 X131.702 Y61.951 E480.84868
G1 X131.594 Y62.168 E480.85997
G1 X131.494 Y62.542 E480.87799
G1 X131.52 Y63.011 E480.89987
G1 X131.568 Y63.131 E480.90588
G1 F1221.7 X131.965 Y63.634 E480.93885
G1 F1113.4 X138.592 Y67.179 E481.36318
G1 F1115.7 X146.404 Y73.588 E481.9325
G1 F1113.4 X152.813 Y81.392 E482.50264
G1 F1106.6 X156.431 Y88.159 E482.93856
G1 F1158.8 X156.926 Y88.469 E482.97024
G1 F1279.6 X157.449 Y88.498 E482.99598
G1 F1500 E476.49598
G0 F7500 X157.108 Y88.272
G0 X155.871 Y85.939
G0 X156.984 Y157.93
G0 X132.462 Y158.458
G1 F1500 E482.99598
G1 F1350 X157.523 Y158.459 E484.16292
G1 X157.731 Y158.431 E484.17269
G1 X158.006 Y158.318 E484.18654
G1 X158.317 Y158.007 E484.20702
G1 X158.43 Y157.739 E484.22056
G1 X158.459 Y157.523 E484.23071
G1 X158.458 Y132.457 E485.39789
G1 X158.408 Y132.172 E485.41136
G1 X158.262 Y131.916 E485.42508
G1 X158.042 Y131.703 E485.43934
G1 X157.845 Y131.598 E485.44974
G1 X157.45 Y131.494 E485.46876
G1 X156.981 Y131.52 E485.49063
G1 X156.861 Y131.568 E485.49665
G1 F1221.7 X156.358 Y131.969 E485.52975
G1 F1115.7 X152.814 Y138.601 E485.95342
G1 X146.403 Y146.403 E486.52237
G1 F1113.4 X138.6 Y152.813 E487.09251
G1 F1108.8 X131.833 Y156.431 E487.52753
G1 F1158.8 X131.523 Y156.926 E487.55922
G1 F1279.6 X131.494 Y157.449 E487.58495
G1 F1350 X131.59 Y157.827 E487.60311
G1 X131.703 Y158.042 E487.61442
G1 X131.89 Y158.247 E487.62734
G1 X132.172 Y158.408 E487.64246
G1 X132.462 Y158.458 E487.65616
G1 F1500 E481.15616
G0 F7500 X132.506 Y158.201
G0 X135.488 Y157.95
G0 X131.831 Y161.7
G0 X110 Y161.54
G1 F1500 E487.65616
G1 F1350 X58.46 Y161.54 E490.05608
G1 X58.461 Y58.461 E494.85587
G1 X161.54 Y58.46 E499.65566
G1 X161.54 Y161.54 E504.4555
G1 X110 Y161.54 E506.85542
G1 F1500 E500.35542
G0 F7500 X110 Y161.8
G0 X110 Y158.28
G0 X110 Y158.459
G1 F1500 E506.85542
G1 F1350 X124.971 Y158.458 E507.55253
G1 X129.511 Y157.073 E507.77355
G1 X131.029 Y156.261 E507.85371
G1 F1216.2 X131.568 Y156.023 E507.88416
G1 F1108.8 X138.333 Y152.408 E508.31901
G1 F1113.4 X146.058 Y146.062 E508.88345
G1 F1115.7 X152.412 Y138.329 E509.44736
G1 X155.931 Y131.74 E509.86823
G1 F1158.8 X155.998 Y131.573 E509.87799
G1 F1276.6 X156.24 Y131.072 E509.90539
G1 F1350 X157.073 Y129.511 E509.98778
G1 X158.458 Y124.955 E510.20951
G1 X158.458 Y95.14 E511.59782
G1 X158.416 Y94.889 E511.60967
G1 X157.073 Y90.481 E511.82424
G1 X156.261 Y88.963 E511.90441
G1 F1216.2 X156.023 Y88.424 E511.93486
G1 F1106.6 X152.407 Y81.662 E512.37047
G1 F1113.4 X146.062 Y73.932 E512.9351
G1 F1115.7 X138.329 Y67.586 E513.49872
G1 F1113.4 X131.736 Y64.062 E513.9208
G1 F1158.8 X131.566 Y63.994 E513.93073
G1 F1276.6 X131.067 Y63.753 E513.95801
G1 F1350 X129.507 Y62.919 E514.04038
G1 X125.103 Y61.58 E514.25472
G1 X124.82 Y61.54 E514.26803
G1 X95.041 Y61.542 E515.65467
G1 X90.485 Y62.919 E515.87629
G1 X88.974 Y63.727 E515.95608
G1 F1216.2 X88.428 Y63.969 E515.98694
G1 F1108.8 X81.663 Y67.586 E516.42184
G1 F1115.7 X73.929 Y73.929 E516.9854
G1 X67.586 Y81.663 E517.54897
G1 F1111.1 X64.007 Y88.357 E517.97842
G1 F1168.8 X63.923 Y88.567 E517.99058
G1 F1291.9 X63.73 Y88.968 E518.01224
G1 F1350 X62.919 Y90.485 E518.09233
G1 X61.58 Y94.889 E518.30667
G1 X61.54 Y95.172 E518.31998
G1 X61.542 Y124.951 E519.70662
G1 X62.914 Y129.497 E519.92773
G1 X63.754 Y131.068 E520.01068
G1 F1213.5 X64.022 Y131.664 E520.04453
G1 F1106.6 X67.586 Y138.329 E520.47389
G1 F1115.7 X73.929 Y146.063 E521.03746
G1 F1118 X81.659 Y152.41 E521.59982
G1 F1115.7 X88.254 Y155.932 E522.02107
G1 F1163.8 X88.424 Y156 E522.03096
G1 F1279.6 X88.923 Y156.241 E522.05818
G1 F1350 X90.497 Y157.081 E522.14126
G1 X94.889 Y158.416 E522.35501
G1 X95.172 Y158.46 E522.36834
G1 X110 Y158.459 E523.0588
G1 F1500 E516.5588
G0 F7500 X110 Y158.2
G0 X95.105 Y157.949
G0 X90.572 Y156.917
G0 X84.134 Y157.95
G0 X87.5 Y158.46
G1 F1500 E523.0588
G1 F1350 X87.822 Y158.407 E523.07399
G1 X88.103 Y158.247 E523.08905
G1 X88.29 Y158.045 E523.10187
G1 X88.402 Y157.828 E523.11324
G1 X88.498 Y157.449 E523.13144
G1 X88.472 Y156.981 E523.15327
G1 X88.424 Y156.861 E523.15929
G1 F1221.7 X88.026 Y156.358 E523.19229
G1 F1115.7 X81.391 Y152.814 E523.61611
G1 F1118 X73.588 Y146.404 E524.1839
G1 F1115.7 X67.179 Y138.592 E524.75322
G1 F1106.6 X63.613 Y131.929 E525.18253
G1 F1213.5 X63.131 Y131.568 E525.21373
G1 F1350 X63.011 Y131.52 E525.21974
G1 X62.54 Y131.494 E525.24171
G1 X62.196 Y131.586 E525.25829
G1 X61.951 Y131.702 E525.27091
G1 X61.744 Y131.891 E525.28397
G1 X61.591 Y132.171 E525.29882
G1 X61.542 Y132.462 E525.31256
G1 X61.541 Y157.677 E526.48668
G1 X61.679 Y158.007 E526.50334
G1 X61.962 Y158.29 E526.52197
G1 X62.21 Y158.415 E526.5349
G1 X62.473 Y158.459 E526.54732
G1 X87.5 Y158.46 E527.71268
G1 F1500 E521.21268
G0 F7500 X87.492 Y158.201
G0 X62.891 Y157.93
G0 X64.574 Y85.104
G0 X62.537 Y88.498
G1 F1500 E527.71268
G1 F1279.6 X63.069 Y88.469 E527.73886
G1 F1161.3 X63.579 Y88.127 E527.77209
G1 F1111.1 X67.179 Y81.4 E528.20375
G1 F1115.7 X73.588 Y73.588 E528.77307
G1 X81.4 Y67.179 E529.34239
G1 F1108.8 X88.163 Y63.561 E529.77721
G1 F1158.8 X88.469 Y63.062 E529.80897
G1 F1279.6 X88.498 Y62.538 E529.83475
G1 F1350 X88.362 Y62.026 E529.85941
G1 X88.102 Y61.745 E529.87724
G1 X87.822 Y61.591 E529.89212
G1 X87.534 Y61.542 E529.90572
G1 X62.319 Y61.541 E531.07984
G1 X61.989 Y61.679 E531.0965
G1 X61.706 Y61.962 E531.11513
G1 X61.581 Y62.21 E531.12806
G1 X61.541 Y62.477 E531.14063
G1 X61.542 Y87.534 E532.30739
G1 X61.593 Y87.827 E532.32124
G1 X61.749 Y88.103 E532.336
G1 X61.971 Y88.302 E532.34989
G1 X62.168 Y88.398 E532.36009
G1 X62.537 Y88.498 E532.37789
G1 F1500 E525.87789
G0 F7500 X62.891 Y88.273
G0 X66.707 Y81.072
G0 X66.707 Y58.3
G0 X59.002 Y58.66
G1 F1500 E532.37789
G1 F1350 X58.661 Y59.002 E532.40038
G0 F7500 X58.661 Y59.567
G1 F1350 X59.568 Y58.66 E532.46011
G0 F7500 X60.134 Y58.66
G1 F1350 X58.661 Y60.133 E532.55711
G0 F7500 X58.661 Y60.699
G1 F1350 X60.699 Y58.66 E532.69135
G0 F7500 X61.265 Y58.66
G1 F1350 X58.661 Y61.264 E532.86283
G0 F7500 X58.661 Y61.83
G1 F1350 X61.831 Y58.66 E533.07157
G0 F7500 X62.397 Y58.66
G1 F1350 X58.661 Y62.396 E533.3176
G0 F7500 X58.661 Y62.961
G1 F1350 X62.962 Y58.66 E533.60083
G0 F7500 X63.528 Y58.66
G1 F1350 X58.661 Y63.527 E533.92133
G0 F7500 X58.661 Y64.093
G1 F1350 X64.094 Y58.66 E534.2791
G0 F7500 X64.659 Y58.66
G1 F1350 X58.661 Y64.659 E534.67411
G0 F7500 X58.661 Y65.224
G1 F1350 X61.342 Y62.543 E534.85066
G0 F7500 X61.342 Y63.109
G1 F1350 X58.661 Y65.79 E535.02721
G0 F7500 X58.661 Y66.356
G1 F1350 X61.342 Y63.674 E535.20379
G0 F7500 X61.342 Y64.24
G1 F1350 X58.661 Y66.921 E535.38034
G0 F7500 X58.661 Y67.487
G1 F1350 X61.342 Y64.806 E535.55688
G0 F7500 X61.342 Y65.371
G1 F1350 X58.661 Y68.053 E535.73347
G0 F7500 X58.661 Y68.618
G1 F1350 X61.342 Y65.937 E535.91001
G0 F7500 X61.342 Y66.503
G1 F1350 X58.661 Y69.184 E536.08656
G0 F7500 X58.661 Y69.75
G1 F1350 X61.342 Y67.068 E536.26314
G0 F7500 X61.342 Y67.634
G1 F1350 X58.661 Y70.315 E536.43969
G0 F7500 X58.661 Y70.881
G1 F1350 X61.342 Y68.2 E536.61624
G0 F7500 X61.343 Y68.765
G1 F1350 X58.661 Y71.447 E536.79285
G0 F7500 X58.661 Y72.012
G1 F1350 X61.343 Y69.33 E536.96947
G0 F7500 X61.343 Y69.896
G1 F1350 X58.661 Y72.578 E537.14608
G0 F7500 X58.661 Y73.144
G1 F1350 X61.343 Y70.462 E537.3227
G0 F7500 X61.343 Y71.027
G1 F1350 X58.661 Y73.71 E537.49935
G0 F7500 X58.661 Y74.275
G1 F1350 X61.343 Y71.593 E537.67596
G0 F7500 X61.343 Y72.159
G1 F1350 X58.661 Y74.841 E537.85257
G0 F7500 X58.661 Y75.407
G1 F1350 X61.343 Y72.725 E538.02919
G0 F7500 X61.343 Y73.29
G1 F1350 X58.661 Y75.972 E538.2058
G0 F7500 X58.661 Y76.538
G1 F1350 X61.343 Y73.856 E538.38242
G0 F7500 X61.343 Y74.422
G1 F1350 X58.661 Y77.104 E538.55903
G0 F7500 X58.661 Y77.669
G1 F1350 X61.343 Y74.987 E538.73564
G0 F7500 X61.344 Y75.552
G1 F1350 X58.661 Y78.235 E538.91233
G0 F7500 X58.661 Y78.801
G1 F1350 X61.344 Y76.118 E539.08901
G0 F7500 X61.344 Y76.684
G1 F1350 X58.661 Y79.366 E539.26565
G0 F7500 X58.661 Y79.932
G1 F1350 X61.344 Y77.249 E539.44233
G0 F7500 X61.344 Y77.815
G1 F1350 X58.661 Y80.498 E539.61901
G0 F7500 X58.661 Y81.063
G1 F1350 X61.344 Y78.381 E539.79566
G0 F7500 X61.344 Y78.946
G1 F1350 X58.661 Y81.629 E539.97234
G0 F7500 X58.661 Y82.195
G1 F1350 X61.344 Y79.512 E540.14902
G0 F7500 X61.344 Y80.078
G1 F1350 X58.661 Y82.76 E540.32567
G0 F7500 X58.661 Y83.326
G1 F1350 X61.344 Y80.643 E540.50235
G0 F7500 X61.344 Y81.209
G1 F1350 X58.661 Y83.892 E540.67903
G0 F7500 X58.661 Y84.458
G1 F1350 X61.344 Y81.774 E540.85574
G0 F7500 X61.344 Y82.34
G1 F1350 X58.661 Y85.023 E541.03242
G0 F7500 X58.661 Y85.589
G1 F1350 X61.344 Y82.905 E541.20913
G0 F7500 X61.344 Y83.471
G1 F1350 X58.661 Y86.155 E541.38585
G0 F7500 X58.661 Y86.72
G1 F1350 X61.344 Y84.037 E541.56253
G0 F7500 X61.344 Y84.602
G1 F1350 X58.661 Y87.286 E541.73924
G0 F7500 X58.661 Y87.852
G1 F1350 X61.344 Y85.168 E541.91595
G0 F7500 X61.344 Y85.734
G1 F1350 X58.661 Y88.417 E542.09263
G0 F7500 X58.661 Y88.983
G1 F1350 X61.344 Y86.3 E542.26931
G0 F7500 X61.344 Y86.865
G1 F1350 X58.661 Y89.549 E542.44603
G0 F7500 X58.661 Y90.114
G1 F1350 X61.344 Y87.431 E542.62271
G0 F7500 X61.418 Y87.923
G1 F1350 X58.661 Y90.68 E542.80426
G0 F7500 X58.661 Y91.246
G1 F1350 X61.637 Y88.27 E543.00023
G0 F7500 X61.956 Y88.516
G1 F1350 X58.661 Y91.811 E543.21722
G0 F7500 X58.661 Y92.377
G1 F1350 X62.377 Y88.661 E543.46192
G0 F7500 X62.927 Y88.677
G1 F1350 X58.661 Y92.943 E543.74284
G0 F7500 X58.661 Y93.509
G1 F1350 X63.739 Y88.431 E544.07724
G0 F7500 X64.186 Y88.671
G0 X63.608 Y89.754
G0 X63.2 Y89.535
G1 F1350 X58.661 Y94.074 E544.37614
G0 F7500 X58.661 Y94.64
G1 F1350 X62.662 Y90.638 E544.63965
G0 F7500 X62.416 Y91.451
G1 F1350 X58.661 Y95.206 E544.88692
G0 F7500 X58.661 Y95.771
G1 F1350 X62.169 Y92.263 E545.11793
G0 F7500 X61.922 Y93.076
G1 F1350 X58.661 Y96.337 E545.33267
G0 F7500 X58.661 Y96.903
G1 F1350 X61.675 Y93.889 E545.53115
G0 F7500 X61.428 Y94.701
G1 F1350 X58.661 Y97.468 E545.71336
G0 F7500 X58.661 Y98.034
G1 F1350 X61.344 Y95.351 E545.89004
G0 F7500 X61.344 Y95.917
G1 F1350 X58.661 Y98.6 E546.06672
G0 F7500 X58.661 Y99.165
G1 F1350 X61.344 Y96.483 E546.24337
G0 F7500 X61.344 Y97.048
G1 F1350 X58.661 Y99.731 E546.42005
G0 F7500 X58.661 Y100.297
G1 F1350 X61.344 Y97.614 E546.59673
G0 F7500 X61.344 Y98.18
G1 F1350 X58.661 Y100.862 E546.77337
G0 F7500 X58.661 Y101.428
G1 F1350 X61.344 Y98.745 E546.95005
G0 F7500 X61.344 Y99.311
G1 F1350 X58.661 Y101.994 E547.12673
G0 F7500 X58.661 Y102.559
G1 F1350 X61.344 Y99.877 E547.30338
G0 F7500 X61.344 Y100.442
G1 F1350 X58.661 Y103.125 E547.48006
G0 F7500 X58.661 Y103.691
G1 F1350 X61.344 Y101.008 E547.65674
G0 F7500 X61.344 Y101.574
G1 F1350 X58.661 Y104.257 E547.83342
G0 F7500 X58.661 Y104.822
G1 F1350 X61.344 Y102.139 E548.0101
G0 F7500 X61.344 Y102.705
G1 F1350 X58.661 Y105.388 E548.18678
G0 F7500 X58.661 Y105.954
G1 F1350 X61.344 Y103.271 E548.36346
G0 F7500 X61.344 Y103.837
G1 F1350 X58.661 Y106.519 E548.54011
G0 F7500 X58.661 Y107.085
G1 F1350 X61.344 Y104.402 E548.71679
G0 F7500 X61.344 Y104.968
G1 F1350 X58.661 Y107.651 E548.89347
G0 F7500 X58.661 Y108.216
G1 F1350 X61.344 Y105.534 E549.07012
G0 F7500 X61.344 Y106.099
G1 F1350 X58.661 Y108.782 E549.2468
G0 F7500 X58.661 Y109.348
G1 F1350 X61.344 Y106.665 E549.42348
G0 F7500 X61.344 Y107.231
G1 F1350 X58.661 Y109.913 E549.60012
G0 F7500 X58.66 Y110.48
G1 F1350 X61.344 Y107.796 E549.77687
G0 F7500 X61.344 Y108.362
G1 F1350 X58.66 Y111.045 E549.95358
G0 F7500 X58.66 Y111.611
G1 F1350 X61.344 Y108.928 E550.1303
G0 F7500 X61.344 Y109.493
G1 F1350 X58.66 Y112.177 E550.30704
G0 F7500 X58.66 Y112.743
G1 F1350 X61.344 Y110.058 E550.48382
G0 F7500 X61.344 Y110.624
G1 F1350 X58.66 Y113.308 E550.66057
G0 F7500 X58.66 Y113.874
G1 F1350 X61.344 Y111.19 E550.83731
G0 F7500 X61.344 Y111.755
G1 F1350 X58.66 Y114.44 E551.01409
G0 F7500 X58.66 Y115.005
G1 F1350 X61.344 Y112.321 E551.19084
G0 F7500 X61.344 Y112.887
G1 F1350 X58.66 Y115.571 E551.36758
G0 F7500 X58.66 Y116.137
G1 F1350 X61.344 Y113.452 E551.54436
G0 F7500 X61.344 Y114.018
G1 F1350 X58.66 Y116.702 E551.72111
G0 F7500 X58.66 Y117.268
G1 F1350 X61.344 Y114.584 E551.89785
G0 F7500 X61.344 Y115.15
G1 F1350 X58.66 Y117.834 E552.0746
G0 F7500 X58.66 Y118.399
G1 F1350 X61.344 Y115.715 E552.25135
G0 F7500 X61.344 Y116.281
G1 F1350 X58.66 Y118.965 E552.42809
G0 F7500 X58.66 Y119.531
G1 F1350 X61.344 Y116.847 E552.60484
G0 F7500 X61.344 Y117.412
G1 F1350 X58.66 Y120.096 E552.78158
G0 F7500 X58.66 Y120.662
G1 F1350 X61.344 Y117.978 E552.95833
G0 F7500 X61.344 Y118.544
G1 F1350 X58.66 Y121.228 E553.13508
G0 F7500 X58.66 Y121.793
G1 F1350 X61.344 Y119.109 E553.31182
G0 F7500 X61.344 Y119.675
G1 F1350 X58.66 Y122.359 E553.48857
G0 F7500 X58.66 Y122.925
G1 F1350 X61.344 Y120.241 E553.66531
G0 F7500 X61.344 Y120.806
G1 F1350 X58.66 Y123.491 E553.84209
G0 F7500 X58.66 Y124.056
G1 F1350 X61.344 Y121.372 E554.01884
G0 F7500 X61.344 Y121.938
G1 F1350 X58.66 Y124.622 E554.19558
G0 F7500 X58.66 Y125.188
G1 F1350 X61.344 Y122.503 E554.37236
G0 F7500 X61.344 Y123.069
G1 F1350 X58.66 Y125.753 E554.54911
G0 F7500 X58.66 Y126.319
G1 F1350 X61.344 Y123.635 E554.72586
G0 F7500 X61.344 Y124.2
G1 F1350 X58.66 Y126.885 E554.90263
G0 F7500 X58.66 Y127.45
G1 F1350 X61.344 Y124.766 E555.07938
G0 F7500 X61.425 Y125.251
G1 F1350 X58.66 Y128.016 E555.26146
G0 F7500 X58.66 Y128.582
G1 F1350 X61.556 Y125.685 E555.4522
G0 F7500 X61.687 Y126.12
G1 F1350 X58.66 Y129.147 E555.65153
G0 F7500 X58.66 Y129.713
G1 F1350 X61.819 Y126.554 E555.85956
G0 F7500 X61.95 Y126.989
G1 F1350 X58.66 Y130.279 E556.07621
G0 F7500 X58.66 Y130.844
G1 F1350 X62.081 Y127.423 E556.30149
G0 F7500 X62.212 Y127.858
G1 F1350 X58.66 Y131.41 E556.53539
G0 F7500 X58.66 Y131.976
G1 F1350 X62.343 Y128.293 E556.77793
G0 F7500 X62.475 Y128.727
G1 F1350 X58.66 Y132.542 E557.02915
G0 F7500 X58.66 Y133.107
G1 F1350 X62.606 Y129.162 E557.28897
G0 F7500 X62.739 Y129.594
G1 F1350 X58.66 Y133.673 E557.55758
G0 F7500 X58.66 Y134.239
G1 F1350 X62.936 Y129.963 E557.83916
G0 F7500 X63.133 Y130.332
G1 F1350 X62.014 Y131.45 E557.91281
G0 F7500 X62.726 Y131.304
G1 F1350 X63.33 Y130.7 E557.95259
G0 F7500 X63.526 Y131.069
G1 F1350 X63.203 Y131.393 E557.97389
G0 F7500 X63.552 Y131.61
G1 F1350 X63.695 Y131.467 E557.98331
G1 F1500 E551.48331
G0 F7500 X64.137 Y131.232
G0 X62.08 Y131.831
G0 X61.445 Y132.019
G1 F1500 E557.98331
G1 F1350 X58.66 Y134.804 E558.16671
G0 F7500 X58.66 Y135.37
G1 F1350 X61.344 Y132.686 E558.34345
G0 F7500 X61.344 Y133.251
G1 F1350 X58.66 Y135.936 E558.52023
G0 F7500 X58.66 Y136.501
G1 F1350 X61.344 Y133.817 E558.69698
G0 F7500 X61.344 Y134.383
G1 F1350 X58.66 Y137.067 E558.87372
G0 F7500 X58.66 Y137.633
G1 F1350 X61.344 Y134.949 E559.05047
G0 F7500 X61.344 Y135.514
G1 F1350 X58.66 Y138.198 E559.22721
G0 F7500 X58.66 Y138.764
G1 F1350 X61.344 Y136.08 E559.40396
G0 F7500 X61.344 Y136.646
G1 F1350 X58.66 Y139.33 E559.58071
G0 F7500 X58.66 Y139.895
G1 F1350 X61.344 Y137.211 E559.75745
G0 F7500 X61.344 Y137.778
G1 F1350 X58.66 Y140.461 E559.93417
G0 F7500 X58.66 Y141.027
G1 F1350 X61.344 Y138.343 E560.11091
G0 F7500 X61.344 Y138.909
G1 F1350 X58.66 Y141.592 E560.28762
G0 F7500 X58.66 Y142.158
G1 F1350 X61.344 Y139.475 E560.46434
G0 F7500 X61.344 Y140.04
G1 F1350 X58.66 Y142.724 E560.64108
G0 F7500 X58.66 Y143.29
G1 F1350 X61.344 Y140.606 E560.81783
G0 F7500 X61.344 Y141.172
G1 F1350 X58.66 Y143.855 E560.99454
G0 F7500 X58.66 Y144.421
G1 F1350 X61.344 Y141.737 E561.17129
G0 F7500 X61.344 Y142.303
G1 F1350 X58.66 Y144.987 E561.34803
G0 F7500 X58.66 Y145.552
G1 F1350 X61.343 Y142.87 E561.52468
G0 F7500 X61.343 Y143.435
G1 F1350 X58.66 Y146.118 E561.70136
G0 F7500 X58.66 Y146.684
G1 F1350 X61.343 Y144.001 E561.87804
G0 F7500 X61.343 Y144.567
G1 F1350 X58.66 Y147.249 E562.05469
G0 F7500 X58.66 Y147.815
G1 F1350 X61.343 Y145.132 E562.23137
G0 F7500 X61.343 Y145.698
G1 F1350 X58.66 Y148.381 E562.40805
G0 F7500 X58.66 Y148.946
G1 F1350 X61.343 Y146.264 E562.5847
G0 F7500 X61.343 Y146.829
G1 F1350 X58.66 Y149.512 E562.76138
G0 F7500 X58.66 Y150.078
G1 F1350 X61.343 Y147.395 E562.93806
G0 F7500 X61.342 Y147.961
G1 F1350 X58.66 Y150.643 E563.11467
G0 F7500 X58.66 Y151.209
G1 F1350 X61.342 Y148.527 E563.29129
G0 F7500 X61.342 Y149.093
G1 F1350 X58.66 Y151.775 E563.4679
G0 F7500 X58.66 Y152.34
G1 F1350 X61.342 Y149.658 E563.64451
G0 F7500 X61.342 Y150.224
G1 F1350 X58.66 Y152.906 E563.82113
G0 F7500 X58.66 Y153.472
G1 F1350 X61.342 Y150.79 E563.99774
G0 F7500 X61.342 Y151.355
G1 F1350 X58.66 Y154.038 E564.17439
G0 F7500 X58.66 Y154.603
G1 F1350 X61.342 Y151.921 E564.351
G0 F7500 X61.342 Y152.487
G1 F1350 X58.66 Y155.169 E564.52762
G0 F7500 X58.66 Y155.735
G1 F1350 X61.342 Y153.053 E564.70423
G0 F7500 X61.342 Y153.619
G1 F1350 X58.66 Y156.3 E564.88081
G0 F7500 X58.66 Y156.866
G1 F1350 X61.342 Y154.185 E565.0574
G0 F7500 X61.342 Y154.75
G1 F1350 X58.66 Y157.432 E565.23401
G0 F7500 X58.66 Y157.997
G1 F1350 X61.342 Y155.316 E565.41059
G0 F7500 X61.342 Y155.882
G1 F1350 X58.66 Y158.563 E565.58717
G0 F7500 X58.66 Y159.129
G1 F1350 X61.342 Y156.447 E565.76379
G0 F7500 X61.342 Y157.013
G1 F1350 X58.66 Y159.694 E565.94037
G0 F7500 X58.66 Y160.26
G1 F1350 X61.345 Y157.575 E566.11718
G0 F7500 X61.467 Y158.019
G1 F1350 X58.66 Y160.826 E566.30203
G0 F7500 X58.712 Y161.34
G1 F1350 X61.721 Y158.331 E566.50017
G0 F7500 X62.058 Y158.56
G1 F1350 X59.277 Y161.34 E566.68327
G0 F7500 X59.843 Y161.34
G1 F1350 X62.527 Y158.656 E566.86002
G0 F7500 X63.092 Y158.656
G1 F1350 X60.409 Y161.34 E567.03673
G0 F7500 X60.975 Y161.34
G1 F1350 X63.658 Y158.656 E567.21345
G0 F7500 X64.224 Y158.656
G1 F1350 X61.54 Y161.34 E567.39019
G0 F7500 X62.106 Y161.34
G1 F1350 X64.789 Y158.656 E567.56691
G0 F7500 X65.355 Y158.656
G1 F1350 X62.672 Y161.34 E567.74362
G0 F7500 X63.237 Y161.34
G1 F1350 X65.921 Y158.656 E567.92036
G0 F7500 X66.486 Y158.656
G1 F1350 X63.803 Y161.34 E568.09708
G0 F7500 X64.369 Y161.34
G1 F1350 X67.051 Y158.657 E568.27372
G0 F7500 X67.617 Y158.657
G1 F1350 X64.934 Y161.34 E568.45041
G0 F7500 X65.5 Y161.34
G1 F1350 X68.183 Y158.657 E568.62709
G0 F7500 X68.748 Y158.657
G1 F1350 X66.066 Y161.34 E568.80373
G0 F7500 X66.631 Y161.34
G1 F1350 X69.314 Y158.657 E568.98041
G0 F7500 X69.88 Y158.657
G1 F1350 X67.197 Y161.34 E569.15709
G0 F7500 X67.763 Y161.34
G1 F1350 X70.446 Y158.657 E569.33377
G0 F7500 X71.01 Y158.658
G1 F1350 X68.328 Y161.34 E569.51039
G0 F7500 X68.894 Y161.34
G1 F1350 X71.576 Y158.658 E569.687
G0 F7500 X72.142 Y158.658
G1 F1350 X69.46 Y161.34 E569.86362
G0 F7500 X70.025 Y161.34
G1 F1350 X72.708 Y158.658 E570.04026
G0 F7500 X73.273 Y158.658
G1 F1350 X70.591 Y161.34 E570.21688
G0 F7500 X71.157 Y161.34
G1 F1350 X73.839 Y158.658 E570.39349
G0 F7500 X74.405 Y158.658
G1 F1350 X71.723 Y161.34 E570.57011
G0 F7500 X72.288 Y161.34
G1 F1350 X74.97 Y158.658 E570.74672
G0 F7500 X75.535 Y158.658
G1 F1350 X72.854 Y161.34 E570.9233
G0 F7500 X73.42 Y161.34
G1 F1350 X76.101 Y158.658 E571.09988
G0 F7500 X76.667 Y158.658
G1 F1350 X73.985 Y161.34 E571.2765
G0 F7500 X74.551 Y161.34
G1 F1350 X77.232 Y158.658 E571.45308
G0 F7500 X77.798 Y158.658
G1 F1350 X75.117 Y161.34 E571.62966
G0 F7500 X75.682 Y161.34
G1 F1350 X78.364 Y158.658 E571.80627
G0 F7500 X78.929 Y158.658
G1 F1350 X76.248 Y161.34 E571.98286
G0 F7500 X76.814 Y161.34
G1 F1350 X79.494 Y158.659 E572.15937
G0 F7500 X80.06 Y158.659
G1 F1350 X77.379 Y161.34 E572.33592
G0 F7500 X77.945 Y161.34
G1 F1350 X80.626 Y158.659 E572.51247
G0 F7500 X81.191 Y158.659
G1 F1350 X78.511 Y161.34 E572.68898
G0 F7500 X79.076 Y161.34
G1 F1350 X81.757 Y158.659 E572.86553
G0 F7500 X82.323 Y158.659
G1 F1350 X79.642 Y161.34 E573.04208
G0 F7500 X80.208 Y161.34
G1 F1350 X82.888 Y158.659 E573.2186
G0 F7500 X83.454 Y158.659
G1 F1350 X80.774 Y161.34 E573.39511
G0 F7500 X81.339 Y161.34
G1 F1350 X84.02 Y158.659 E573.57166
G0 F7500 X84.586 Y158.659
G1 F1350 X81.905 Y161.34 E573.74821
G0 F7500 X82.471 Y161.34
G1 F1350 X85.151 Y158.659 E573.92472
G0 F7500 X85.717 Y158.659
G1 F1350 X83.036 Y161.34 E574.10127
G0 F7500 X83.602 Y161.34
G1 F1350 X86.283 Y158.659 E574.27782
G0 F7500 X86.848 Y158.659
G1 F1350 X84.168 Y161.34 E574.45434
G0 F7500 X84.733 Y161.34
G1 F1350 X87.414 Y158.659 E574.63088
G1 F1500 E568.13088
G0 F7500 X87.414 Y158.2
G0 X88.165 Y157.92
G0 X88.316 Y157.177
G0 X88.695 Y157.379
G1 F1500 E574.63088
G1 F1350 X89.369 Y156.704 E574.6753
G0 F7500 X89.738 Y156.901
G1 F1350 X85.299 Y161.34 E574.96762
G0 F7500 X85.865 Y161.34
G1 F1350 X90.107 Y157.098 E575.24696
G0 F7500 X90.486 Y157.285
G1 F1350 X86.43 Y161.34 E575.51402
G0 F7500 X86.996 Y161.34
G1 F1350 X90.92 Y157.416 E575.77242
G0 F7500 X91.354 Y157.548
G1 F1350 X87.562 Y161.34 E576.02213
G0 F7500 X88.127 Y161.34
G1 F1350 X91.787 Y157.68 E576.26315
G0 F7500 X92.222 Y157.811
G1 F1350 X88.693 Y161.34 E576.49554
G0 F7500 X89.259 Y161.34
G1 F1350 X92.656 Y157.943 E576.71924
G0 F7500 X93.09 Y158.074
G1 F1350 X89.824 Y161.34 E576.93431
G0 F7500 X90.39 Y161.34
G1 F1350 X93.523 Y158.207 E577.14062
G0 F7500 X93.958 Y158.338
G1 F1350 X90.956 Y161.34 E577.33831
G0 F7500 X91.522 Y161.34
G1 F1350 X94.392 Y158.47 E577.52731
G0 F7500 X94.826 Y158.601
G1 F1350 X92.087 Y161.34 E577.70767
G0 F7500 X92.653 Y161.34
G1 F1350 X95.334 Y158.659 E577.88422
G0 F7500 X95.899 Y158.659
G1 F1350 X93.219 Y161.34 E578.06074
G0 F7500 X93.784 Y161.34
G1 F1350 X96.465 Y158.659 E578.23729
G0 F7500 X97.031 Y158.659
G1 F1350 X94.35 Y161.34 E578.41383
G0 F7500 X94.916 Y161.34
G1 F1350 X97.596 Y158.659 E578.59035
G0 F7500 X98.162 Y158.659
G1 F1350 X95.481 Y161.34 E578.7669
G0 F7500 X96.047 Y161.34
G1 F1350 X98.728 Y158.659 E578.94345
G0 F7500 X99.293 Y158.659
G1 F1350 X96.613 Y161.34 E579.11996
G0 F7500 X97.178 Y161.34
G1 F1350 X99.86 Y158.658 E579.29658
G0 F7500 X100.425 Y158.658
G1 F1350 X97.744 Y161.34 E579.47316
G0 F7500 X98.31 Y161.34
G1 F1350 X100.991 Y158.658 E579.64974
G0 F7500 X101.557 Y158.658
G1 F1350 X98.875 Y161.34 E579.82635
G0 F7500 X99.441 Y161.34
G1 F1350 X102.122 Y158.658 E580.00293
G0 F7500 X102.688 Y158.658
G1 F1350 X100.007 Y161.34 E580.17952
G0 F7500 X100.573 Y161.34
G1 F1350 X103.254 Y158.658 E580.3561
G0 F7500 X103.82 Y158.658
G1 F1350 X101.138 Y161.34 E580.53271
G0 F7500 X101.704 Y161.34
G1 F1350 X104.386 Y158.658 E580.70933
G0 F7500 X104.952 Y158.658
G1 F1350 X102.27 Y161.34 E580.88594
G0 F7500 X102.835 Y161.34
G1 F1350 X105.517 Y158.658 E581.06255
G0 F7500 X106.083 Y158.658
G1 F1350 X103.401 Y161.34 E581.23917
G0 F7500 X103.967 Y161.34
G1 F1350 X106.649 Y158.658 E581.41578
G0 F7500 X107.214 Y158.658
G1 F1350 X104.532 Y161.34 E581.5924
G0 F7500 X105.098 Y161.34
G1 F1350 X107.78 Y158.658 E581.76901
G0 F7500 X108.346 Y158.657
G1 F1350 X105.664 Y161.34 E581.94566
G0 F7500 X106.229 Y161.34
G1 F1350 X108.912 Y158.657 E582.12234
G0 F7500 X109.478 Y158.657
G1 F1350 X106.795 Y161.34 E582.29902
G0 F7500 X107.361 Y161.34
G1 F1350 X110.043 Y158.657 E582.47567
G0 F7500 X110.609 Y158.657
G1 F1350 X107.926 Y161.34 E582.65235
G0 F7500 X108.492 Y161.34
G1 F1350 X111.175 Y158.657 E582.82903
G0 F7500 X111.741 Y158.657
G1 F1350 X109.058 Y161.34 E583.00571
G0 F7500 X109.623 Y161.34
G1 F1350 X112.307 Y158.656 E583.18245
G0 F7500 X112.873 Y158.656
G1 F1350 X110.189 Y161.34 E583.3592
G0 F7500 X110.755 Y161.34
G1 F1350 X113.438 Y158.656 E583.53591
G0 F7500 X114.004 Y158.656
G1 F1350 X111.321 Y161.34 E583.71263
G0 F7500 X111.886 Y161.34
G1 F1350 X114.57 Y158.656 E583.88937
G0 F7500 X115.135 Y158.656
G1 F1350 X112.452 Y161.34 E584.06608
G0 F7500 X113.018 Y161.34
G1 F1350 X115.701 Y158.656 E584.2428
G0 F7500 X116.267 Y158.656
G1 F1350 X113.583 Y161.34 E584.41954
G0 F7500 X114.149 Y161.34
G1 F1350 X116.833 Y158.656 E584.59629
G0 F7500 X117.399 Y158.656
G1 F1350 X114.715 Y161.34 E584.77304
G0 F7500 X115.28 Y161.34
G1 F1350 X117.965 Y158.656 E584.94981
G0 F7500 X118.53 Y158.656
G1 F1350 X115.846 Y161.34 E585.12656
G0 F7500 X116.412 Y161.34
G1 F1350 X119.096 Y158.656 E585.30331
G0 F7500 X119.662 Y158.656
G1 F1350 X116.977 Y161.34 E585.48008
G0 F7500 X117.543 Y161.34
G1 F1350 X120.227 Y158.656 E585.65683
G0 F7500 X120.794 Y158.655
G1 F1350 X118.109 Y161.34 E585.83364
G0 F7500 X118.674 Y161.34
G1 F1350 X121.359 Y158.655 E586.01045
G0 F7500 X121.925 Y158.655
G1 F1350 X119.24 Y161.34 E586.18727
G0 F7500 X119.806 Y161.34
G1 F1350 X122.491 Y158.655 E586.36408
G0 F7500 X123.056 Y158.655
G1 F1350 X120.371 Y161.34 E586.54089
G0 F7500 X120.937 Y161.34
G1 F1350 X123.622 Y158.655 E586.7177
G0 F7500 X124.188 Y158.655
G1 F1350 X121.503 Y161.34 E586.89451
G0 F7500 X122.069 Y161.34
G1 F1350 X124.753 Y158.655 E587.07129
G0 F7500 X125.457 Y158.517
G1 F1350 X122.634 Y161.34 E587.25719
G0 F7500 X123.2 Y161.34
G1 F1350 X126.269 Y158.27 E587.45932
G0 F7500 X127.083 Y158.023
G1 F1350 X123.766 Y161.34 E587.67775
G0 F7500 X124.331 Y161.34
G1 F1350 X127.896 Y157.775 E587.91252
G0 F7500 X128.709 Y157.528
G1 F1350 X124.897 Y161.34 E588.16354
G0 F7500 X125.463 Y161.34
G1 F1350 X129.522 Y157.28 E588.43087
G0 F7500 X129.393 Y156.843
G0 X130.496 Y156.253
G0 X130.711 Y156.657
G1 F1350 X126.028 Y161.34 E588.73925
G0 F7500 X126.594 Y161.34
G1 F1350 X131.666 Y156.268 E589.07325
G0 F7500 X131.308 Y157.192
G1 F1350 X127.16 Y161.34 E589.3464
G0 F7500 X127.725 Y161.34
G1 F1350 X131.355 Y157.71 E589.58544
G0 F7500 X131.516 Y158.115
G1 F1350 X128.291 Y161.34 E589.79782
G0 F7500 X128.857 Y161.34
G1 F1350 X131.781 Y158.415 E589.9904
G0 F7500 X132.155 Y158.608
G1 F1350 X129.422 Y161.34 E590.17034
G0 F7500 X129.988 Y161.34
G1 F1350 X132.673 Y158.655 E590.34715
G0 F7500 X133.239 Y158.655
G1 F1350 X130.554 Y161.34 E590.52396
G0 F7500 X131.12 Y161.34
G1 F1350 X133.804 Y158.655 E590.70074
G0 F7500 X134.37 Y158.655
G1 F1350 X131.685 Y161.34 E590.87755
G0 F7500 X132.251 Y161.34
G1 F1350 X134.936 Y158.655 E591.05437
G0 F7500 X135.501 Y158.655
G1 F1350 X132.817 Y161.34 E591.23114
G0 F7500 X133.382 Y161.34
G1 F1350 X136.067 Y158.655 E591.40796
G0 F7500 X136.633 Y158.655
G1 F1350 X133.948 Y161.34 E591.58477
G0 F7500 X134.514 Y161.34
G1 F1350 X137.199 Y158.655 E591.76158
G0 F7500 X137.764 Y158.655
G1 F1350 X135.079 Y161.34 E591.93839
G0 F7500 X135.645 Y161.34
G1 F1350 X138.33 Y158.655 E592.1152
G0 F7500 X138.896 Y158.655
G1 F1350 X136.211 Y161.34 E592.29202
G0 F7500 X136.776 Y161.34
G1 F1350 X139.461 Y158.655 E592.46883
G0 F7500 X140.027 Y158.655
G1 F1350 X137.342 Y161.34 E592.64564
G0 F7500 X137.908 Y161.34
G1 F1350 X140.593 Y158.655 E592.82245
G0 F7500 X141.158 Y158.656
G1 F1350 X138.473 Y161.34 E592.99923
G0 F7500 X139.039 Y161.34
G1 F1350 X141.723 Y158.656 E593.17598
G0 F7500 X142.289 Y158.656
G1 F1350 X139.605 Y161.34 E593.35272
G0 F7500 X140.17 Y161.34
G1 F1350 X142.855 Y158.656 E593.5295
G0 F7500 X143.42 Y158.656
G1 F1350 X140.736 Y161.34 E593.70625
G0 F7500 X141.302 Y161.34
G1 F1350 X143.986 Y158.656 E593.88299
G0 F7500 X144.552 Y158.656
G1 F1350 X141.868 Y161.34 E594.05974
G0 F7500 X142.433 Y161.34
G1 F1350 X145.117 Y158.656 E594.23649
G0 F7500 X145.683 Y158.656
G1 F1350 X142.999 Y161.34 E594.41323
G0 F7500 X143.565 Y161.34
G1 F1350 X146.249 Y158.656 E594.58998
G0 F7500 X146.814 Y158.656
G1 F1350 X144.13 Y161.34 E594.76672
G0 F7500 X144.696 Y161.34
G1 F1350 X147.38 Y158.656 E594.94347
G0 F7500 X147.946 Y158.656
G1 F1350 X145.262 Y161.34 E595.12022
G0 F7500 X145.827 Y161.34
G1 F1350 X148.512 Y158.656 E595.29699
G0 F7500 X149.077 Y158.656
G1 F1350 X146.393 Y161.34 E595.47374
G0 F7500 X146.959 Y161.34
G1 F1350 X149.642 Y158.656 E595.65045
G0 F7500 X150.208 Y158.656
G1 F1350 X147.524 Y161.34 E595.8272
G0 F7500 X148.09 Y161.34
G1 F1350 X150.774 Y158.656 E596.00395
G0 F7500 X151.339 Y158.656
G1 F1350 X148.656 Y161.34 E596.18066
G0 F7500 X149.221 Y161.34
G1 F1350 X151.905 Y158.656 E596.3574
G0 F7500 X152.471 Y158.656
G1 F1350 X149.787 Y161.34 E596.53415
G0 F7500 X150.353 Y161.34
G1 F1350 X153.036 Y158.656 E596.71086
G0 F7500 X153.602 Y158.656
G1 F1350 X150.919 Y161.34 E596.88758
G0 F7500 X151.484 Y161.34
G1 F1350 X154.168 Y158.656 E597.06432
G0 F7500 X154.733 Y158.656
G1 F1350 X152.05 Y161.34 E597.24104
G0 F7500 X152.616 Y161.34
G1 F1350 X155.299 Y158.656 E597.41775
G0 F7500 X155.865 Y158.656
G1 F1350 X153.181 Y161.34 E597.59449
G0 F7500 X153.747 Y161.34
G1 F1350 X156.43 Y158.656 E597.77121
G0 F7500 X156.996 Y158.656
G1 F1350 X154.313 Y161.34 E597.94792
G0 F7500 X154.878 Y161.34
G1 F1350 X157.563 Y158.655 E598.12473
G0 F7500 X157.494 Y158.201
G0 X158.2 Y157.501
G0 X158.656 Y157.562
G1 F1350 X161.34 Y154.878 E598.30148
G0 F7500 X161.34 Y154.313
G1 F1350 X158.657 Y156.995 E598.47813
G0 F7500 X158.657 Y156.43
G1 F1350 X161.34 Y153.747 E598.65481
G0 F7500 X161.34 Y153.181
G1 F1350 X158.657 Y155.864 E598.83149
G0 F7500 X158.657 Y155.298
G1 F1350 X161.34 Y152.616 E599.00813
G0 F7500 X161.34 Y152.05
G1 F1350 X158.657 Y154.733 E599.18481
G0 F7500 X158.657 Y154.167
G1 F1350 X161.34 Y151.484 E599.36149
G0 F7500 X161.34 Y150.919
G1 F1350 X158.657 Y153.601 E599.53814
G0 F7500 X158.657 Y153.036
G1 F1350 X161.34 Y150.353 E599.71482
G0 F7500 X161.34 Y149.787
G1 F1350 X158.657 Y152.47 E599.8915
G0 F7500 X158.657 Y151.904
G1 F1350 X161.34 Y149.221 E600.06818
G0 F7500 X161.34 Y148.656
G1 F1350 X158.657 Y151.339 E600.24486
G0 F7500 X158.657 Y150.773
G1 F1350 X161.34 Y148.09 E600.42154
G0 F7500 X161.34 Y147.524
G1 F1350 X158.657 Y150.207 E600.59822
G0 F7500 X158.657 Y149.641
G1 F1350 X161.34 Y146.959 E600.77487
G0 F7500 X161.34 Y146.393
G1 F1350 X158.656 Y149.076 E600.95158
G0 F7500 X158.656 Y148.511
G1 F1350 X161.34 Y145.827 E601.12833
G0 F7500 X161.34 Y145.262
G1 F1350 X158.656 Y147.945 E601.30504
G0 F7500 X158.656 Y147.379
G1 F1350 X161.34 Y144.696 E601.48175
G0 F7500 X161.34 Y144.13
G1 F1350 X158.656 Y146.814 E601.6585
G0 F7500 X158.656 Y146.248
G1 F1350 X161.34 Y143.565 E601.83521
G0 F7500 X161.34 Y142.999
G1 F1350 X158.656 Y145.682 E602.01193
G0 F7500 X158.656 Y145.117
G1 F1350 X161.34 Y142.433 E602.18867
G0 F7500 X161.34 Y141.868
G1 F1350 X158.656 Y144.551 E602.36538
G0 F7500 X158.656 Y143.985
G1 F1350 X161.34 Y141.302 E602.5421
G0 F7500 X161.34 Y140.736
G1 F1350 X158.656 Y143.42 E602.71884
G0 F7500 X158.656 Y142.854
G1 F1350 X161.34 Y140.17 E602.89559
G0 F7500 X161.34 Y139.605
G1 F1350 X158.656 Y142.288 E603.0723
G0 F7500 X158.656 Y141.723
G1 F1350 X161.34 Y139.039 E603.24905
G0 F7500 X161.34 Y138.473
G1 F1350 X158.656 Y141.157 E603.42579
G0 F7500 X158.656 Y140.592
G1 F1350 X161.34 Y137.908 E603.60254
G0 F7500 X161.34 Y137.342
G1 F1350 X158.656 Y140.026 E603.77929
G0 F7500 X158.656 Y139.461
G1 F1350 X161.34 Y136.776 E603.95607
G0 F7500 X161.34 Y136.211
G1 F1350 X158.656 Y138.895 E604.13281
G0 F7500 X158.656 Y138.329
G1 F1350 X161.34 Y135.645 E604.30956
G0 F7500 X161.34 Y135.079
G1 F1350 X158.656 Y137.763 E604.4863
G0 F7500 X158.656 Y137.198
G1 F1350 X161.34 Y134.514 E604.66305
G0 F7500 X161.34 Y133.948
G1 F1350 X158.656 Y136.632 E604.8398
G0 F7500 X158.656 Y136.066
G1 F1350 X161.34 Y133.382 E605.01654
G0 F7500 X161.34 Y132.817
G1 F1350 X158.656 Y135.501 E605.19329
G0 F7500 X158.656 Y134.935
G1 F1350 X161.34 Y132.251 E605.37003
G0 F7500 X161.34 Y131.685
G1 F1350 X158.656 Y134.369 E605.54678
G0 F7500 X158.656 Y133.804
G1 F1350 X161.34 Y131.12 E605.72353
G0 F7500 X161.34 Y130.554
G1 F1350 X158.656 Y133.238 E605.90027
G0 F7500 X158.656 Y132.672
G1 F1350 X161.34 Y129.988 E606.07702
G0 F7500 X161.34 Y129.422
G1 F1350 X158.608 Y132.154 E606.25692
G0 F7500 X158.416 Y131.781
G1 F1350 X161.34 Y128.857 E606.44947
G0 F7500 X161.34 Y128.291
G1 F1350 X158.114 Y131.517 E606.66191
G0 F7500 X157.712 Y131.354
G1 F1350 X161.34 Y127.725 E606.90086
G0 F7500 X161.34 Y127.16
G1 F1350 X157.191 Y131.308 E607.17404
G0 F7500 X156.66 Y130.708
G1 F1350 X161.34 Y126.028 E607.48223
G0 F7500 X161.34 Y125.463
G1 F1350 X157.281 Y129.521 E607.74949
G0 F7500 X157.527 Y128.71
G1 F1350 X161.34 Y124.897 E608.00058
G0 F7500 X161.34 Y124.331
G1 F1350 X157.774 Y127.897 E608.23541
G0 F7500 X158.02 Y127.085
G1 F1350 X161.34 Y123.766 E608.454
G0 F7500 X161.34 Y123.2
G1 F1350 X158.266 Y126.274 E608.65643
G0 F7500 X158.512 Y125.462
G1 F1350 X161.34 Y122.634 E608.84266
G0 F7500 X161.34 Y122.069
G1 F1350 X158.656 Y124.753 E609.0194
G0 F7500 X158.656 Y124.187
G1 F1350 X161.34 Y121.503 E609.19615
G0 F7500 X161.34 Y120.937
G1 F1350 X158.656 Y123.621 E609.3729
G0 F7500 X158.656 Y123.056
G1 F1350 X161.34 Y120.371 E609.54967
G0 F7500 X161.34 Y119.806
G1 F1350 X158.656 Y122.49 E609.72642
G0 F7500 X158.656 Y121.924
G1 F1350 X161.34 Y119.24 E609.90317
G0 F7500 X161.34 Y118.674
G1 F1350 X158.656 Y121.359 E610.07995
G0 F7500 X158.656 Y120.793
G1 F1350 X161.34 Y118.109 E610.25669
G0 F7500 X161.34 Y117.543
G1 F1350 X158.656 Y120.227 E610.43344
G0 F7500 X158.656 Y119.661
G1 F1350 X161.34 Y116.977 E610.61018
G0 F7500 X161.34 Y116.412
G1 F1350 X158.656 Y119.095 E610.7869
G0 F7500 X158.656 Y118.529
G1 F1350 X161.34 Y115.846 E610.96361
G0 F7500 X161.34 Y115.28
G1 F1350 X158.656 Y117.964 E611.14036
G0 F7500 X158.656 Y117.398
G1 F1350 X161.34 Y114.715 E611.31707
G0 F7500 X161.34 Y114.149
G1 F1350 X158.656 Y116.832 E611.49378
G0 F7500 X158.657 Y116.266
G1 F1350 X161.34 Y113.583 E611.67046
G0 F7500 X161.34 Y113.018
G1 F1350 X158.657 Y115.7 E611.84711
G0 F7500 X158.657 Y115.135
G1 F1350 X161.34 Y112.452 E612.02379
G0 F7500 X161.34 Y111.886
G1 F1350 X158.657 Y114.569 E612.20047
G0 F7500 X158.657 Y114.003
G1 F1350 X161.34 Y111.321 E612.37712
G0 F7500 X161.34 Y110.755
G1 F1350 X158.657 Y113.438 E612.5538
G0 F7500 X158.657 Y112.872
G1 F1350 X161.34 Y110.189 E612.73048
G0 F7500 X161.34 Y109.623
G1 F1350 X158.657 Y112.306 E612.90716
G0 F7500 X158.658 Y111.74
G1 F1350 X161.34 Y109.058 E613.08377
G0 F7500 X161.34 Y108.492
G1 F1350 X158.658 Y111.174 E613.26039
G0 F7500 X158.658 Y110.608
G1 F1350 X161.34 Y107.926 E613.437
G0 F7500 X161.34 Y107.361
G1 F1350 X158.658 Y110.043 E613.61361
G0 F7500 X158.658 Y109.477
G1 F1350 X161.34 Y106.795 E613.79023
G0 F7500 X161.34 Y106.229
G1 F1350 X158.658 Y108.911 E613.96684
G0 F7500 X158.658 Y108.346
G1 F1350 X161.34 Y105.664 E614.14346
G0 F7500 X161.34 Y105.098
G1 F1350 X158.658 Y107.779 E614.32004
G0 F7500 X158.658 Y107.214
G1 F1350 X161.34 Y104.532 E614.49665
G0 F7500 X161.34 Y103.967
G1 F1350 X158.658 Y106.648 E614.67323
G0 F7500 X158.658 Y106.082
G1 F1350 X161.34 Y103.401 E614.84981
G0 F7500 X161.34 Y102.835
G1 F1350 X158.658 Y105.517 E615.02643
G0 F7500 X158.658 Y104.951
G1 F1350 X161.34 Y102.27 E615.20301
G0 F7500 X161.34 Y101.704
G1 F1350 X158.658 Y104.385 E615.37959
G0 F7500 X158.658 Y103.82
G1 F1350 X161.34 Y101.138 E615.55621
G0 F7500 X161.34 Y100.573
G1 F1350 X158.659 Y103.253 E615.73272
G0 F7500 X158.659 Y102.687
G1 F1350 X161.34 Y100.007 E615.90924
G0 F7500 X161.34 Y99.441
G1 F1350 X158.659 Y102.122 E616.08579
G0 F7500 X158.659 Y101.556
G1 F1350 X161.34 Y98.875 E616.26233
G0 F7500 X161.34 Y98.31
G1 F1350 X158.659 Y100.99 E616.43885
G0 F7500 X158.659 Y100.425
G1 F1350 X161.34 Y97.744 E616.6154
G0 F7500 X161.34 Y97.178
G1 F1350 X158.659 Y99.859 E616.79195
G0 F7500 X158.66 Y99.293
G1 F1350 X161.34 Y96.613 E616.96843
G0 F7500 X161.34 Y96.047
G1 F1350 X158.66 Y98.727 E617.14491
G0 F7500 X158.66 Y98.161
G1 F1350 X161.34 Y95.481 E617.32139
G0 F7500 X161.34 Y94.916
G1 F1350 X158.66 Y97.596 E617.49788
G0 F7500 X158.66 Y97.03
G1 F1350 X161.34 Y94.35 E617.67436
G0 F7500 X161.34 Y93.784
G1 F1350 X158.66 Y96.464 E617.85084
G0 F7500 X158.66 Y95.899
G1 F1350 X161.34 Y93.219 E618.02732
G0 F7500 X161.34 Y92.653
G1 F1350 X158.66 Y95.333 E618.20381
G0 F7500 X158.602 Y94.825
G1 F1350 X161.34 Y92.087 E618.38411
G0 F7500 X161.34 Y91.522
G1 F1350 X158.47 Y94.391 E618.57307
G0 F7500 X158.339 Y93.957
G1 F1350 X161.34 Y90.956 E618.77069
G0 F7500 X161.34 Y90.39
G1 F1350 X158.207 Y93.523 E618.977
G0 F7500 X158.076 Y93.088
G1 F1350 X161.34 Y89.824 E619.19194
G0 F7500 X161.34 Y89.259
G1 F1350 X157.944 Y92.655 E619.41558
G0 F7500 X157.812 Y92.221
G1 F1350 X161.34 Y88.693 E619.6479
G0 F7500 X161.34 Y88.127
G1 F1350 X157.681 Y91.787 E619.88889
G0 F7500 X157.549 Y91.353
G1 F1350 X161.34 Y87.562 E620.13853
G0 F7500 X161.34 Y86.996
G1 F1350 X157.418 Y90.918 E620.3968
G0 F7500 X157.285 Y90.485
G1 F1350 X161.34 Y86.43 E620.66383
G0 F7500 X161.34 Y85.865
G1 F1350 X157.098 Y90.107 E620.94317
G0 F7500 X156.901 Y89.738
G1 F1350 X161.34 Y85.299 E621.23549
G0 F7500 X161.34 Y84.733
G1 F1350 X158.656 Y87.417 E621.41223
G0 F7500 X158.656 Y86.852
G1 F1350 X161.34 Y84.168 E621.58898
G0 F7500 X161.34 Y83.602
G1 F1350 X158.656 Y86.286 E621.76573
G0 F7500 X158.656 Y85.72
G1 F1350 X161.34 Y83.036 E621.94247
G0 F7500 X161.34 Y82.471
G1 F1350 X158.656 Y85.155 E622.11922
G0 F7500 X158.656 Y84.589
G1 F1350 X161.34 Y81.905 E622.29596
G0 F7500 X161.34 Y81.339
G1 F1350 X158.656 Y84.023 E622.47271
G0 F7500 X158.656 Y83.458
G1 F1350 X161.34 Y80.774 E622.64946
G0 F7500 X161.34 Y80.208
G1 F1350 X158.656 Y82.892 E622.8262
G0 F7500 X158.656 Y82.326
G1 F1350 X161.34 Y79.642 E623.00295
G0 F7500 X161.34 Y79.076
G1 F1350 X158.656 Y81.761 E623.17973
G0 F7500 X158.656 Y81.195
G1 F1350 X161.34 Y78.511 E623.35647
G0 F7500 X161.34 Y77.945
G1 F1350 X158.656 Y80.629 E623.53322
G0 F7500 X158.656 Y80.064
G1 F1350 X161.34 Y77.379 E623.71
G0 F7500 X161.34 Y76.814
G1 F1350 X158.656 Y79.498 E623.88674
G0 F7500 X158.656 Y78.932
G1 F1350 X161.34 Y76.248 E624.06349
G0 F7500 X161.34 Y75.682
G1 F1350 X158.656 Y78.366 E624.24024
G0 F7500 X158.656 Y77.8
G1 F1350 X161.34 Y75.117 E624.41695
G0 F7500 X161.34 Y74.551
G1 F1350 X158.656 Y77.234 E624.59366
G0 F7500 X158.656 Y76.669
G1 F1350 X161.34 Y73.985 E624.77041
G0 F7500 X161.34 Y73.42
G1 F1350 X158.656 Y76.103 E624.94712
G0 F7500 X158.656 Y75.537
G1 F1350 X161.34 Y72.854 E625.12383
G0 F7500 X161.34 Y72.288
G1 F1350 X158.656 Y74.972 E625.30058
G0 F7500 X158.656 Y74.406
G1 F1350 X161.34 Y71.723 E625.47729
G0 F7500 X161.34 Y71.157
G1 F1350 X158.656 Y73.84 E625.65401
G0 F7500 X158.656 Y73.275
G1 F1350 X161.34 Y70.591 E625.83075
G0 F7500 X161.34 Y70.025
G1 F1350 X158.656 Y72.709 E626.0075
G0 F7500 X158.656 Y72.143
G1 F1350 X161.34 Y69.46 E626.18421
G0 F7500 X161.34 Y68.894
G1 F1350 X158.656 Y71.578 E626.36096
G0 F7500 X158.656 Y71.012
G1 F1350 X161.34 Y68.328 E626.5377
G0 F7500 X161.34 Y67.763
G1 F1350 X158.657 Y70.446 E626.71438
G0 F7500 X158.657 Y69.88
G1 F1350 X161.34 Y67.197 E626.89106
G0 F7500 X161.34 Y66.631
G1 F1350 X158.657 Y69.314 E627.06774
G0 F7500 X158.657 Y68.748
G1 F1350 X161.34 Y66.066 E627.24439
G0 F7500 X161.34 Y65.5
G1 F1350 X158.657 Y68.183 E627.42107
G0 F7500 X158.657 Y67.617
G1 F1350 X161.34 Y64.934 E627.59775
G0 F7500 X161.34 Y64.369
G1 F1350 X158.657 Y67.051 E627.7744
G0 F7500 X158.657 Y66.486
G1 F1350 X161.34 Y63.803 E627.95108
G0 F7500 X161.34 Y63.237
G1 F1350 X158.657 Y65.92 E628.12776
G0 F7500 X158.657 Y65.354
G1 F1350 X161.34 Y62.672 E628.30441
G0 F7500 X161.34 Y62.106
G1 F1350 X158.657 Y64.789 E628.48109
G0 F7500 X158.657 Y64.223
G1 F1350 X161.34 Y61.54 E628.65777
G0 F7500 X161.34 Y60.975
G1 F1350 X158.657 Y63.657 E628.83441
G0 F7500 X158.657 Y63.092
G1 F1350 X161.34 Y60.409 E629.01109
G0 F7500 X161.34 Y59.843
G1 F1350 X158.657 Y62.526 E629.18777
G0 F7500 X158.561 Y62.056
G1 F1350 X161.34 Y59.277 E629.37078
G0 F7500 X161.34 Y58.712
G1 F1350 X158.331 Y61.721 E629.56892
G0 F7500 X158.01 Y61.476
G1 F1350 X160.826 Y58.659 E629.75439
G0 F7500 X160.261 Y58.659
G1 F1350 X157.573 Y61.347 E629.9314
G0 F7500 X157.013 Y61.342
G1 F1350 X159.695 Y58.659 E630.10805
G0 F7500 X159.129 Y58.659
G1 F1350 X156.447 Y61.342 E630.2847
G0 F7500 X155.882 Y61.342
G1 F1350 X158.564 Y58.659 E630.46135
G0 F7500 X157.998 Y58.659
G1 F1350 X155.316 Y61.342 E630.63799
G0 F7500 X154.75 Y61.342
G1 F1350 X157.432 Y58.659 E630.81464
G0 F7500 X156.867 Y58.659
G1 F1350 X154.185 Y61.342 E630.99129
G0 F7500 X153.619 Y61.342
G1 F1350 X156.301 Y58.659 E631.16793
G0 F7500 X155.735 Y58.659
G1 F1350 X153.053 Y61.342 E631.34458
G0 F7500 X152.488 Y61.342
G1 F1350 X155.17 Y58.659 E631.52123
G0 F7500 X154.604 Y58.659
G1 F1350 X151.922 Y61.342 E631.69788
G0 F7500 X151.356 Y61.342
G1 F1350 X154.038 Y58.659 E631.87452
G0 F7500 X153.473 Y58.659
G1 F1350 X150.791 Y61.342 E632.05117
G0 F7500 X150.225 Y61.342
G1 F1350 X152.907 Y58.659 E632.22782
G0 F7500 X152.341 Y58.659
G1 F1350 X149.659 Y61.342 E632.40446
G0 F7500 X149.093 Y61.342
G1 F1350 X151.776 Y58.659 E632.58114
G0 F7500 X151.21 Y58.659
G1 F1350 X148.528 Y61.342 E632.75779
G0 F7500 X147.962 Y61.342
G1 F1350 X150.644 Y58.659 E632.93444
G0 F7500 X150.078 Y58.659
G1 F1350 X147.396 Y61.342 E633.11109
G0 F7500 X146.831 Y61.342
G1 F1350 X149.513 Y58.659 E633.28773
G0 F7500 X148.947 Y58.659
G1 F1350 X146.265 Y61.342 E633.46438
G0 F7500 X145.699 Y61.342
G1 F1350 X148.381 Y58.659 E633.64103
G0 F7500 X147.816 Y58.659
G1 F1350 X145.134 Y61.342 E633.81768
G0 F7500 X144.569 Y61.341
G1 F1350 X147.25 Y58.659 E633.99426
G0 F7500 X146.684 Y58.659
G1 F1350 X144.003 Y61.341 E634.17084
G0 F7500 X143.437 Y61.341
G1 F1350 X146.119 Y58.659 E634.34745
G0 F7500 X145.553 Y58.659
G1 F1350 X142.872 Y61.341 E634.52403
G0 F7500 X142.306 Y61.341
G1 F1350 X144.987 Y58.659 E634.70061
G0 F7500 X144.422 Y58.659
G1 F1350 X141.74 Y61.341 E634.87723
G0 F7500 X141.175 Y61.341
G1 F1350 X143.856 Y58.659 E635.05381
G0 F7500 X143.29 Y58.659
G1 F1350 X140.609 Y61.341 E635.23039
G0 F7500 X140.043 Y61.341
G1 F1350 X142.725 Y58.659 E635.40701
G0 F7500 X142.159 Y58.659
G1 F1350 X139.478 Y61.341 E635.58359
G0 F7500 X138.912 Y61.341
G1 F1350 X141.593 Y58.659 E635.76017
G0 F7500 X141.027 Y58.659
G1 F1350 X138.346 Y61.341 E635.93675
G0 F7500 X137.78 Y61.341
G1 F1350 X140.462 Y58.659 E636.11336
G0 F7500 X139.896 Y58.659
G1 F1350 X137.215 Y61.341 E636.28995
G0 F7500 X136.649 Y61.341
G1 F1350 X139.33 Y58.659 E636.46653
G0 F7500 X138.765 Y58.659
G1 F1350 X136.083 Y61.341 E636.64314
G0 F7500 X135.518 Y61.341
G1 F1350 X138.199 Y58.659 E636.81972
G0 F7500 X137.633 Y58.659
G1 F1350 X134.952 Y61.341 E636.9963
G0 F7500 X134.386 Y61.341
G1 F1350 X137.068 Y58.659 E637.17292
G0 F7500 X136.502 Y58.659
G1 F1350 X133.821 Y61.341 E637.3495
G0 F7500 X133.255 Y61.341
G1 F1350 X135.936 Y58.659 E637.52608
G0 F7500 X135.371 Y58.659
G1 F1350 X132.689 Y61.341 E637.7027
G0 F7500 X132.015 Y61.449
G1 F1350 X134.805 Y58.659 E637.88642
G0 F7500 X134.239 Y58.659
G1 F1350 X129.962 Y62.937 E638.1681
G0 F7500 X130.331 Y63.133
G1 F1350 X131.446 Y62.018 E638.24153
G0 F7500 X131.303 Y62.727
G1 F1350 X130.699 Y63.331 E638.2813
G0 F7500 X131.069 Y63.527
G1 F1350 X131.392 Y63.203 E638.3026
G0 F7500 X131.622 Y63.54
G1 F1350 X131.456 Y63.705 E638.3135
G0 F7500 X131.226 Y64.133
G0 X129.393 Y63.153
G0 X129.594 Y62.739
G1 F1350 X133.674 Y58.659 E638.58218
G0 F7500 X133.108 Y58.659
G1 F1350 X129.162 Y62.605 E638.84203
G0 F7500 X128.728 Y62.474
G1 F1350 X132.542 Y58.659 E639.09322
G0 F7500 X131.977 Y58.659
G1 F1350 X128.295 Y62.341 E639.33569
G0 F7500 X127.86 Y62.21
G1 F1350 X131.411 Y58.659 E639.56953
G0 F7500 X130.845 Y58.659
G1 F1350 X127.427 Y62.078 E639.79464
G0 F7500 X126.993 Y61.946
G1 F1350 X130.279 Y58.659 E640.01106
G0 F7500 X129.714 Y58.659
G1 F1350 X126.559 Y61.814 E640.21882
G0 F7500 X126.125 Y61.682
G1 F1350 X129.148 Y58.659 E640.41789
G0 F7500 X128.582 Y58.659
G1 F1350 X125.692 Y61.55 E640.60824
G0 F7500 X125.258 Y61.419
G1 F1350 X128.017 Y58.659 E640.78996
G0 F7500 X127.451 Y58.659
G1 F1350 X124.766 Y61.344 E640.96677
G0 F7500 X124.2 Y61.344
G1 F1350 X126.885 Y58.659 E641.14358
G0 F7500 X126.32 Y58.659
G1 F1350 X123.635 Y61.344 E641.32039
G0 F7500 X123.069 Y61.344
G1 F1350 X125.754 Y58.659 E641.4972
G0 F7500 X125.188 Y58.659
G1 F1350 X122.503 Y61.344 E641.67401
G0 F7500 X121.938 Y61.344
G1 F1350 X124.623 Y58.659 E641.85083
G0 F7500 X124.057 Y58.659
G1 F1350 X121.372 Y61.344 E642.02764
G0 F7500 X120.806 Y61.344
G1 F1350 X123.491 Y58.659 E642.20445
G0 F7500 X122.926 Y58.659
G1 F1350 X120.241 Y61.344 E642.38126
G0 F7500 X119.675 Y61.344
G1 F1350 X122.36 Y58.659 E642.55807
G0 F7500 X121.794 Y58.659
G1 F1350 X119.109 Y61.344 E642.73489
G0 F7500 X118.544 Y61.344
G1 F1350 X121.229 Y58.659 E642.9117
G0 F7500 X120.663 Y58.659
G1 F1350 X117.978 Y61.344 E643.08851
G0 F7500 X117.412 Y61.344
G1 F1350 X120.097 Y58.659 E643.26532
G0 F7500 X119.531 Y58.659
G1 F1350 X116.847 Y61.344 E643.4421
G0 F7500 X116.281 Y61.344
G1 F1350 X118.966 Y58.659 E643.61891
G0 F7500 X118.4 Y58.659
G1 F1350 X115.715 Y61.344 E643.79572
G0 F7500 X115.15 Y61.344
G1 F1350 X117.834 Y58.659 E643.9725
G0 F7500 X117.269 Y58.659
G1 F1350 X114.584 Y61.344 E644.14931
G0 F7500 X114.018 Y61.344
G1 F1350 X116.703 Y58.659 E644.32613
G0 F7500 X116.137 Y58.659
G1 F1350 X113.452 Y61.344 E644.50294
G0 F7500 X112.887 Y61.344
G1 F1350 X115.572 Y58.659 E644.67975
G0 F7500 X115.006 Y58.659
G1 F1350 X112.321 Y61.344 E644.85656
G0 F7500 X111.755 Y61.344
G1 F1350 X114.44 Y58.659 E645.03337
G0 F7500 X113.875 Y58.659
G1 F1350 X111.19 Y61.344 E645.21019
G0 F7500 X110.624 Y61.344
G1 F1350 X113.309 Y58.659 E645.387
G0 F7500 X112.743 Y58.659
G1 F1350 X110.058 Y61.344 E645.56381
G0 F7500 X109.492 Y61.345
G1 F1350 X112.178 Y58.659 E645.74069
G0 F7500 X111.612 Y58.659
G1 F1350 X108.926 Y61.345 E645.91756
G0 F7500 X108.361 Y61.345
G1 F1350 X111.046 Y58.659 E646.09441
G0 F7500 X110.48 Y58.659
G1 F1350 X107.795 Y61.345 E646.27125
G0 F7500 X107.229 Y61.345
G1 F1350 X109.914 Y58.66 E646.44807
G0 F7500 X109.348 Y58.66
G1 F1350 X106.664 Y61.345 E646.62484
G0 F7500 X106.098 Y61.345
G1 F1350 X108.783 Y58.66 E646.80166
G0 F7500 X108.217 Y58.66
G1 F1350 X105.532 Y61.345 E646.97847
G0 F7500 X104.966 Y61.345
G1 F1350 X107.651 Y58.66 E647.15528
G0 F7500 X107.086 Y58.66
G1 F1350 X104.401 Y61.345 E647.33209
G0 F7500 X103.835 Y61.345
G1 F1350 X106.52 Y58.66 E647.5089
G0 F7500 X105.954 Y58.66
G1 F1350 X103.269 Y61.345 E647.68572
G0 F7500 X102.704 Y61.345
G1 F1350 X105.389 Y58.66 E647.86253
G0 F7500 X104.823 Y58.66
G1 F1350 X102.138 Y61.345 E648.03934
G0 F7500 X101.572 Y61.345
G1 F1350 X104.257 Y58.66 E648.21615
G0 F7500 X103.692 Y58.66
G1 F1350 X101.007 Y61.345 E648.39296
G0 F7500 X100.441 Y61.345
G1 F1350 X103.126 Y58.66 E648.56977
G0 F7500 X102.56 Y58.66
G1 F1350 X99.875 Y61.345 E648.74659
G0 F7500 X99.31 Y61.345
G1 F1350 X101.994 Y58.66 E648.92337
G0 F7500 X101.429 Y58.66
G1 F1350 X98.744 Y61.345 E649.10018
G0 F7500 X98.178 Y61.345
G1 F1350 X100.863 Y58.66 E649.27699
G0 F7500 X100.297 Y58.66
G1 F1350 X97.613 Y61.345 E649.45377
G0 F7500 X97.047 Y61.345
G1 F1350 X99.732 Y58.66 E649.63058
G0 F7500 X99.166 Y58.66
G1 F1350 X96.481 Y61.345 E649.80739
G0 F7500 X95.915 Y61.345
G1 F1350 X98.6 Y58.66 E649.9842
G0 F7500 X98.035 Y58.66
G1 F1350 X95.35 Y61.345 E650.16102
G0 F7500 X94.687 Y61.442
G1 F1350 X97.469 Y58.66 E650.34421
G0 F7500 X96.903 Y58.66
G1 F1350 X93.878 Y61.686 E650.54345
G0 F7500 X93.069 Y61.929
G1 F1350 X96.338 Y58.66 E650.75872
G0 F7500 X95.772 Y58.66
G1 F1350 X92.259 Y62.173 E650.99006
G0 F7500 X91.449 Y62.417
G1 F1350 X95.206 Y58.66 E651.23746
G0 F7500 X94.641 Y58.66
G1 F1350 X90.64 Y62.661 E651.50093
G0 F7500 X90.772 Y63.102
G0 X89.75 Y63.61
G0 X89.533 Y63.202
G1 F1350 X94.075 Y58.66 E651.80003
G0 F7500 X93.509 Y58.66
G1 F1350 X88.456 Y63.714 E652.13281
G0 F7500 X88.678 Y62.926
G1 F1350 X92.944 Y58.66 E652.41374
G0 F7500 X92.378 Y58.66
G1 F1350 X88.661 Y62.377 E652.65851
G0 F7500 X88.541 Y61.931
G1 F1350 X91.812 Y58.66 E652.87391
G0 F7500 X91.246 Y58.66
G1 F1350 X88.273 Y61.634 E653.06972
G0 F7500 X87.922 Y61.419
G1 F1350 X90.681 Y58.66 E653.2514
G0 F7500 X90.115 Y58.66
G1 F1350 X87.431 Y61.344 E653.42815
G0 F7500 X86.865 Y61.344
G1 F1350 X89.549 Y58.66 E653.6049
G0 F7500 X88.984 Y58.66
G1 F1350 X86.3 Y61.344 E653.78164
G0 F7500 X85.734 Y61.344
G1 F1350 X88.418 Y58.66 E653.95839
G0 F7500 X87.852 Y58.66
G1 F1350 X85.168 Y61.344 E654.13513
G0 F7500 X84.602 Y61.344
G1 F1350 X87.287 Y58.66 E654.31191
G0 F7500 X86.721 Y58.66
G1 F1350 X84.037 Y61.344 E654.48866
G0 F7500 X83.471 Y61.344
G1 F1350 X86.155 Y58.66 E654.6654
G0 F7500 X85.59 Y58.66
G1 F1350 X82.905 Y61.344 E654.84218
G0 F7500 X82.34 Y61.344
G1 F1350 X85.024 Y58.66 E655.01893
G0 F7500 X84.458 Y58.66
G1 F1350 X81.775 Y61.344 E655.19564
G0 F7500 X81.209 Y61.344
G1 F1350 X83.893 Y58.66 E655.37239
G0 F7500 X83.327 Y58.66
G1 F1350 X80.643 Y61.344 E655.54913
G0 F7500 X80.078 Y61.344
G1 F1350 X82.761 Y58.66 E655.72585
G0 F7500 X82.196 Y58.66
G1 F1350 X79.512 Y61.344 E655.90259
G0 F7500 X78.946 Y61.344
G1 F1350 X81.63 Y58.66 E656.07934
G0 F7500 X81.064 Y58.66
G1 F1350 X78.381 Y61.344 E656.25605
G0 F7500 X77.815 Y61.344
G1 F1350 X80.498 Y58.66 E656.43277
G0 F7500 X79.933 Y58.66
G1 F1350 X77.249 Y61.344 E656.60951
G0 F7500 X76.684 Y61.344
G1 F1350 X79.367 Y58.66 E656.78622
G0 F7500 X78.801 Y58.66
G1 F1350 X76.119 Y61.343 E656.96287
G0 F7500 X75.553 Y61.343
G1 F1350 X78.236 Y58.66 E657.13955
G0 F7500 X77.67 Y58.66
G1 F1350 X74.987 Y61.343 E657.31623
G0 F7500 X74.422 Y61.343
G1 F1350 X77.104 Y58.66 E657.49288
G0 F7500 X76.539 Y58.66
G1 F1350 X73.856 Y61.343 E657.66956
G0 F7500 X73.29 Y61.343
G1 F1350 X75.973 Y58.66 E657.84624
G0 F7500 X75.407 Y58.66
G1 F1350 X72.725 Y61.343 E658.02289
G0 F7500 X72.159 Y61.343
G1 F1350 X74.842 Y58.66 E658.19957
G0 F7500 X74.276 Y58.66
G1 F1350 X71.593 Y61.343 E658.37625
G0 F7500 X71.027 Y61.343
G1 F1350 X73.71 Y58.66 E658.55293
G0 F7500 X73.145 Y58.66
G1 F1350 X70.461 Y61.344 E658.72967
G0 F7500 X69.895 Y61.344
G1 F1350 X72.579 Y58.66 E658.90642
G0 F7500 X72.013 Y58.66
G1 F1350 X69.33 Y61.344 E659.08313
G0 F7500 X68.764 Y61.344
G1 F1350 X71.447 Y58.66 E659.25984
G0 F7500 X70.882 Y58.66
G1 F1350 X68.199 Y61.343 E659.43652
G0 F7500 X67.633 Y61.343
G1 F1350 X70.316 Y58.66 E659.6132
G0 F7500 X69.75 Y58.66
G1 F1350 X67.068 Y61.343 E659.78985
G0 F7500 X66.502 Y61.343
G1 F1350 X69.185 Y58.66 E659.96653
G0 F7500 X68.619 Y58.66
G1 F1350 X65.936 Y61.343 E660.14321
G0 F7500 X65.371 Y61.343
G1 F1350 X68.053 Y58.66 E660.31986
G0 F7500 X67.488 Y58.66
G1 F1350 X64.805 Y61.343 E660.49654
G0 F7500 X64.239 Y61.343
G1 F1350 X66.922 Y58.66 E660.67322
G0 F7500 X66.356 Y58.66
G1 F1350 X63.674 Y61.343 E660.84987
G0 F7500 X63.108 Y61.343
G1 F1350 X65.791 Y58.66 E661.02655
G0 F7500 X65.225 Y58.66
G1 F1350 X62.542 Y61.343 E661.20323
G1 F1500 E654.70323
G0 F7500 X62.542 Y61.8
G0 X84.508 Y62.05
G0 X90.708 Y63.425
G0 X156.336 Y88.605
G1 F1500 E661.20323
G1 F1350 X156.492 Y88.45 E661.21347
G0 F7500 X156.87 Y88.637
G1 F1350 X156.507 Y89 E661.23737
G0 F7500 X156.705 Y89.368
G1 F1350 X157.378 Y88.695 E661.28169
G1 F1500 E654.78169
G0 F7500 X157.108 Y88.272
G0 X155.871 Y85.939
G0 X161.7 Y88.315
G0 X161.34 Y126.594
G1 F1500 E661.28169
G1 F1350 X156.17 Y131.764 E661.62214
G1 F1500 E655.12214
G0 F7500 X155.709 Y131.517
G0 X152.23 Y138.209
G0 X161.7 Y138.209
G0 X161.34 Y155.444
G1 F1500 E661.62214
G1 F1350 X155.444 Y161.34 E662.0104
G0 F7500 X156.01 Y161.34
G1 F1350 X161.34 Y156.01 E662.36139
G0 F7500 X161.34 Y156.575
G1 F1350 X156.575 Y161.34 E662.67518
G0 F7500 X157.141 Y161.34
G1 F1350 X161.34 Y157.141 E662.95169
G0 F7500 X161.34 Y157.707
G1 F1350 X157.707 Y161.34 E663.19093
G0 F7500 X158.272 Y161.34
G1 F1350 X161.34 Y158.272 E663.39296
G0 F7500 X161.34 Y158.838
G1 F1350 X158.838 Y161.34 E663.55772
G0 F7500 X159.404 Y161.34
G1 F1350 X161.34 Y159.404 E663.68521
G0 F7500 X161.34 Y159.969
G1 F1350 X159.969 Y161.34 E663.77549
G0 F7500 X160.535 Y161.34
G1 F1350 X161.34 Y160.535 E663.8285
G0 F7500 X161.34 Y161.101
G1 F1350 X161.101 Y161.34 E663.84424
G1 F1500 E657.34424
G0 F7500 X161.101 Y161.8
G0 X89.217 Y161.7
G0 X90.572 Y156.917
G0 X89 Y156.507
G1 F1500 E663.84424
G1 F1350 X88.634 Y156.874 E663.86838
G0 F7500 X88.423 Y156.519
G1 F1350 X88.617 Y156.325 E663.88115
G1 F1500 E657.38115
;MESH:NONMESH
G0 F300 X88.617 Y156.325 Z0.84
G0 F7500 X88.843 Y155.903
G0 X81.971 Y151.95
G0 X74.326 Y145.674
G0 X68.051 Y138.03
G0 X63.389 Y129.307
G0 X62.051 Y124.895
G0 X62.051 Y95.105
G0 X63.389 Y90.693
G0 X67.775 Y81.785
G0 X50.481 Y50.117
;TIME_ELAPSED:860.683123
;LAYER:2
M106 S170
;TYPE:SKIRT
G1 F1500 E663.88115
G1 F1200 X51.162 Y49.524 E663.9232
G1 X51.894 Y48.994 E663.96528
G1 X52.669 Y48.531 E664.00732
G1 X53.482 Y48.138 E664.04937
G1 X54.327 Y47.818 E664.09144
G1 X55.196 Y47.575 E664.13346
G1 X56.084 Y47.409 E664.17552
G1 X57.223 Y47.313 E664.22875
G1 X57.83 Y47.3 E664.25702
G1 X161.793 Y47.3 E669.09797
G1 X162.637 Y47.311 E669.13727
G1 X163.539 Y47.364 E669.17935
G1 X164.432 Y47.496 E669.22138
G1 X165.31 Y47.707 E669.26343
G1 X166.166 Y47.995 E669.30548
G1 X166.993 Y48.357 E669.34752
G1 X167.785 Y48.792 E669.38959
G1 X168.536 Y49.294 E669.43166
G1 X169.239 Y49.861 E669.47371
G1 X169.889 Y50.488 E669.51576
G1 X170.481 Y51.17 E669.55782
G1 X171.011 Y51.901 E669.59986
G1 X171.473 Y52.677 E669.64191
G1 X171.866 Y53.49 E669.68396
G1 X172.184 Y54.335 E669.726
G1 X172.427 Y55.205 E669.76806
G1 X172.592 Y56.093 E669.81012
G1 X172.687 Y57.223 E669.86292
G1 X172.7 Y57.83 E669.89119
G1 X172.699 Y161.89 E674.73666
G1 X172.69 Y162.617 E674.77052
G1 X172.639 Y163.519 E674.81259
G1 X172.508 Y164.413 E674.85466
G1 X172.299 Y165.291 E674.89669
G1 X172.013 Y166.148 E674.93875
G1 X171.652 Y166.976 E674.98081
G1 X171.22 Y167.768 E675.02282
G1 X170.719 Y168.52 E675.0649
G1 X170.153 Y169.224 E675.10696
G1 X169.528 Y169.875 E675.14898
G1 X168.847 Y170.469 E675.19106
G1 X168.116 Y171 E675.23313
G1 X167.342 Y171.464 E675.27515
G1 X166.529 Y171.858 E675.31722
G1 X165.685 Y172.178 E675.35925
G1 X164.815 Y172.423 E675.40134
G1 X163.928 Y172.589 E675.44336
G1 X162.777 Y172.687 E675.49715
G1 X162.17 Y172.7 E675.52542
G1 X58.075 Y172.699 E680.37252
G1 X57.377 Y172.69 E680.40502
G1 X56.476 Y172.639 E680.44704
G1 X55.582 Y172.507 E680.48912
G1 X54.704 Y172.298 E680.53115
G1 X53.847 Y172.011 E680.57323
G1 X53.02 Y171.65 E680.61525
G1 X52.227 Y171.217 E680.65732
G1 X51.476 Y170.716 E680.69936
G1 X50.772 Y170.15 E680.74142
G1 X50.121 Y169.524 E680.78347
G1 X49.528 Y168.843 E680.82552
G1 X48.998 Y168.112 E680.86756
G1 X48.534 Y167.337 E680.90963
G1 X48.14 Y166.524 E680.95169
G1 X47.82 Y165.68 E680.99372
G1 X47.576 Y164.81 E681.0358
G1 X47.41 Y163.922 E681.07786
G1 X47.313 Y162.767 E681.13183
G1 X47.3 Y162.158 E681.1602
G1 X47.301 Y58.036 E686.00855
G1 X47.31 Y57.371 E686.03952
G1 X47.362 Y56.469 E686.08159
G1 X47.494 Y55.576 E686.12363
G1 X47.704 Y54.698 E686.16566
G1 X47.991 Y53.841 E686.20775
G1 X48.353 Y53.014 E686.24978
G1 X48.786 Y52.222 E686.29181
G1 X49.288 Y51.471 E686.33388
G1 X49.855 Y50.767 E686.37597
G1 X50.481 Y50.117 E686.41799
G1 F1500 E679.91799
;MESH:tmpek4p4esk10x10x.5Doubled.stl
G0 F9000 X66.707 Y81.072
G0 X62.606 Y88.144
;TYPE:WALL-INNER
G1 F1500 E686.41799
G1 X62.299 Y88.066 E686.43274
G1 X62.031 Y87.875 E686.44806
G1 X61.935 Y87.704 E686.45719
G1 X61.9 Y87.5 E686.46683
G1 X61.9 Y62.388 E687.63615
G1 X61.984 Y62.192 E687.64608
G1 X62.192 Y61.984 E687.65978
G1 X62.5 Y61.9 E687.67464
G1 X87.5 Y61.9 E688.83875
G1 X87.705 Y61.935 E688.84843
G1 X87.875 Y62.031 E688.85752
G1 X88.066 Y62.299 E688.87285
G1 X88.144 Y62.606 E688.8876
G1 X88.126 Y62.949 E688.90359
G1 X87.919 Y63.238 E688.92014
G1 X81.168 Y66.85 E689.27666
G1 X73.303 Y73.303 E689.75038
G1 X66.85 Y81.168 E690.2241
G1 X63.235 Y87.922 E690.58081
G1 X62.95 Y88.126 E690.59713
G1 X62.606 Y88.144 E690.61317
G1 F1500 E684.11317
G0 F9000 X62.925 Y88.316
G0 X64.574 Y85.104
G0 X63.011 Y157.93
G0 X87.5 Y158.1
G1 F1500 E690.61317
G1 X62.388 Y158.1 E691.78249
G1 X62.192 Y158.016 E691.79242
G1 X61.984 Y157.808 E691.80612
G1 X61.9 Y157.5 E691.82098
G1 X61.9 Y132.496 E692.98527
G1 X61.935 Y132.291 E692.99496
G1 X62.031 Y132.121 E693.00405
G1 X62.299 Y131.93 E693.01937
G1 X62.606 Y131.852 E693.03412
G1 X62.949 Y131.87 E693.05012
G1 X63.277 Y132.153 E693.07029
G1 X66.85 Y138.828 E693.42283
G1 X73.303 Y146.693 E693.89655
G1 X81.167 Y153.151 E694.37038
G1 X87.844 Y156.718 E694.72287
G1 X88.125 Y157.045 E694.74295
G1 X88.144 Y157.388 E694.75895
G1 X88.044 Y157.787 E694.7781
G1 X87.875 Y157.969 E694.78967
G1 X87.705 Y158.065 E694.79876
G1 X87.5 Y158.1 E694.80844
G1 F1500 E688.30844
G0 F9000 X84.134 Y157.95
G0 X90.572 Y156.917
G0 X110 Y158.1
G1 F1500 E694.80844
G1 X95.079 Y158.1 E695.50322
G1 X90.639 Y156.749 E695.71933
G1 X81.888 Y152.077 E696.18125
G1 X74.219 Y145.777 E696.64339
G1 X67.927 Y138.112 E697.10516
G1 X63.246 Y129.363 E697.56719
G1 X61.9 Y124.898 E697.78434
G1 X61.9 Y95.08 E699.17279
G1 X63.247 Y90.64 E699.38884
G1 X67.921 Y81.887 E699.85089
G1 X74.219 Y74.219 E700.31294
G1 X81.884 Y67.927 E700.7747
G1 X90.633 Y63.246 E701.23674
G1 X95.098 Y61.9 E701.45389
G1 X124.916 Y61.9 E702.84234
G1 X129.356 Y63.247 E703.05839
G1 X138.112 Y67.927 E703.52069
G1 X145.777 Y74.219 E703.98245
G1 X152.073 Y81.884 E704.44434
G1 X156.75 Y90.634 E704.90633
G1 X158.1 Y95.079 E705.12264
G1 X158.1 Y124.902 E706.51132
G1 X156.749 Y129.357 E706.72809
G1 X152.073 Y138.112 E707.19027
G1 X145.777 Y145.777 E707.65215
G1 X138.112 Y152.073 E708.11403
G1 X129.362 Y156.75 E708.57602
G1 X124.898 Y158.1 E708.79318
G1 X110 Y158.1 E709.48689
G1 F1500 E702.98689
G0 F9000 X110 Y161.7
G0 X110 Y161.9
G1 F1500 E709.48689
G1 X161.9 Y161.9 E711.90357
G1 X161.9 Y58.1 E716.73694
G1 X58.1 Y58.1 E721.5703
G1 X58.1 Y161.9 E726.40366
G1 X110 Y161.9 E728.82034
G1 F1500 E722.32034
G0 F9000 X132.496 Y161.7
G0 X135.488 Y157.95
G0 X132.496 Y158.1
G1 F1500 E728.82034
G1 X132.291 Y158.065 E728.83003
G1 X132.12 Y157.969 E728.83916
G1 X131.931 Y157.722 E728.85364
G1 X131.852 Y157.388 E728.86962
G1 X131.871 Y157.045 E728.88562
G1 X132.078 Y156.758 E728.9021
G1 X138.828 Y153.15 E729.25849
G1 X146.693 Y146.693 E729.73233
G1 X153.15 Y138.828 E730.20616
G1 X156.718 Y132.153 E730.5586
G1 X157.045 Y131.871 E730.5787
G1 X157.388 Y131.852 E730.5947
G1 X157.7 Y131.93 E730.60967
G1 X157.969 Y132.12 E730.62501
G1 X158.065 Y132.291 E730.63414
G1 X158.1 Y132.496 E730.64382
G1 X158.1 Y157.612 E731.81333
G1 X158.016 Y157.808 E731.82326
G1 X157.808 Y158.016 E731.83696
G1 X157.612 Y158.1 E731.84689
G1 X132.496 Y158.1 E733.01639
G1 F1500 E726.51639
G0 F9000 X157.072 Y157.93
G0 X155.871 Y85.939
G0 X157.388 Y88.144
G1 F1500 E733.01639
G1 X157.045 Y88.125 E733.03239
G1 X156.758 Y87.918 E733.04887
G1 X153.15 Y81.168 E733.40526
G1 X146.693 Y73.303 E733.87909
G1 X138.828 Y66.85 E734.35281
G1 X132.152 Y63.278 E734.70538
G1 X131.87 Y62.95 E734.72552
G1 X131.852 Y62.606 E734.74156
G1 X131.93 Y62.299 E734.75631
G1 X132.121 Y62.031 E734.77163
G1 X132.292 Y61.935 E734.78076
G1 X132.496 Y61.9 E734.7904
G1 X157.612 Y61.9 E735.95991
G1 X157.808 Y61.984 E735.96984
G1 X158.016 Y62.191 E735.9835
G1 X158.1 Y62.5 E735.99841
G1 X158.1 Y87.574 E737.16596
G1 X157.969 Y87.875 E737.18125
G1 X157.7 Y88.066 E737.19661
G1 X157.388 Y88.144 E737.21158
G0 F9000 X157.216 Y87.775
;TYPE:WALL-OUTER
G1 F1500 X157.09 Y87.684 E737.21882
G1 X153.484 Y80.944 E737.57476
G1 X146.977 Y73.019 E738.05223
G1 X139.052 Y66.516 E738.52959
G1 X132.341 Y62.925 E738.88401
G1 X132.247 Y62.816 E738.89071
G1 X132.241 Y62.7 E738.89612
G1 X132.315 Y62.413 E738.90992
G1 X132.448 Y62.3 E738.91804
G1 X157.539 Y62.3 E740.08639
G1 X157.7 Y62.461 E740.09699
G1 X157.698 Y87.535 E741.26454
G1 X157.587 Y87.681 E741.27308
G1 X157.216 Y87.775 E741.2909
G1 F1500 E734.7909
G0 F9000 X156.88 Y87.954
G0 X155.871 Y85.939
G0 X156.984 Y157.93
G0 X132.441 Y157.7
G1 F1500 E741.2909
G1 X132.314 Y157.601 E741.2984
G1 X132.222 Y157.215 E741.31688
G1 X132.312 Y157.09 E741.32405
G1 X139.052 Y153.484 E741.67998
G1 X146.977 Y146.977 E742.15746
G1 X153.484 Y139.052 E742.63493
G1 X157.071 Y132.341 E742.98926
G1 X157.18 Y132.247 E742.99596
G1 X157.295 Y132.241 E743.00133
G1 X157.587 Y132.315 E743.01535
G1 X157.7 Y132.447 E743.02344
G1 X157.698 Y157.584 E744.19393
G1 X157.539 Y157.7 E744.20309
G1 X132.441 Y157.7 E745.37176
G1 F1500 E738.87176
G0 F9000 X132.441 Y158.01
G0 X135.488 Y157.95
G0 X129.424 Y156.917
G0 X110 Y157.7
G1 F1500 E745.37176
G1 X95.139 Y157.7 E746.06375
G1 X90.769 Y156.369 E746.27647
G1 X82.125 Y151.749 E746.73285
G1 X74.502 Y145.494 E747.19201
G1 X68.261 Y137.891 E747.65004
G1 X63.627 Y129.227 E748.10755
G1 X62.303 Y124.859 E748.32008
G1 X62.3 Y95.14 E749.70392
G1 X63.618 Y90.789 E749.91561
G1 X68.257 Y82.108 E750.37393
G1 X74.502 Y74.502 E750.83218
G1 X82.105 Y68.261 E751.29021
G1 X90.769 Y63.627 E751.74772
G1 X95.137 Y62.303 E751.96025
G1 X124.856 Y62.3 E753.3441
G1 X129.207 Y63.618 E753.55579
G1 X137.875 Y68.251 E754.01344
G1 X145.494 Y74.502 E754.47234
G1 X151.739 Y82.105 E754.93048
G1 X156.384 Y90.805 E755.38972
G1 X157.7 Y95.139 E755.60062
G1 X157.698 Y124.859 E756.98451
G1 X156.369 Y129.227 E757.19711
G1 X151.749 Y137.875 E757.65366
G1 X145.494 Y145.494 E758.11267
G1 X137.891 Y151.739 E758.57082
G1 X129.191 Y156.384 E759.03005
G1 X124.857 Y157.7 E759.24096
G1 X110 Y157.7 E759.93276
G1 F1500 E753.43276
G0 F9000 X110 Y158.01
G0 X110 Y158.28
G0 X110 Y161.7
G0 X110 Y162.3
G1 F1500 E759.93276
G1 X162.3 Y162.3 E762.36807
G1 X162.3 Y57.7 E767.23868
G1 X57.7 Y57.7 E772.1093
G1 X57.7 Y162.3 E776.97991
G1 X110 Y162.3 E779.41522
G1 F1500 E772.91522
G0 F9000 X110 Y161.99
G0 X87.55 Y161.7
G0 X84.134 Y157.95
G0 X87.55 Y157.7
G1 F1500 E779.41522
G1 X62.461 Y157.7 E780.58347
G1 X62.3 Y157.539 E780.59407
G1 X62.3 Y132.441 E781.76274
G1 X62.4 Y132.314 E781.77027
G1 X62.784 Y132.221 E781.78866
G1 X62.925 Y132.341 E781.79728
G1 X66.516 Y139.052 E782.1517
G1 X73.019 Y146.977 E782.62906
G1 X80.944 Y153.485 E783.10656
G1 X87.655 Y157.071 E783.46087
G1 X87.749 Y157.18 E783.46757
G1 X87.755 Y157.295 E783.47293
G1 X87.681 Y157.587 E783.48696
G1 X87.55 Y157.7 E783.49501
G1 F1500 E776.99501
G0 F9000 X87.55 Y158.01
G0 X63.108 Y157.93
G0 X64.574 Y85.104
G0 X62.7 Y87.755
G1 F1500 E783.49501
G1 X62.413 Y87.681 E783.50882
G1 X62.3 Y87.548 E783.51694
G1 X62.3 Y62.461 E784.6851
G1 X62.461 Y62.3 E784.6957
G1 X87.555 Y62.3 E785.86418
G1 X87.682 Y62.4 E785.87171
G1 X87.774 Y62.78 E785.88991
G1 X87.684 Y62.906 E785.89712
G1 X80.944 Y66.516 E786.25315
G1 X73.019 Y73.019 E786.73051
G1 X66.516 Y80.944 E787.20786
G1 X62.906 Y87.684 E787.56389
G1 X62.816 Y87.749 E787.56906
G1 X62.7 Y87.755 E787.57446
G1 F1500 E781.07446
G0 F9000 X63.108 Y87.974
G0 X67.001 Y81.269
G0 X152.999 Y81.268
G0 X157.449 Y88.498
;TYPE:SKIN
G1 F1500 E787.57446
G1 X157.827 Y88.402 E787.59262
G1 X158.042 Y88.289 E787.60393
G1 X158.262 Y88.075 E787.61823
G1 X158.458 Y87.729 E787.63674
G1 X158.459 Y62.473 E788.81277
G1 X158.431 Y62.261 E788.82272
G1 X158.322 Y61.994 E788.83615
G1 X158.034 Y61.706 E788.85512
G1 X157.786 Y61.581 E788.86805
G1 X157.519 Y61.541 E788.88062
G1 X132.462 Y61.542 E790.04738
G1 X132.167 Y61.592 E790.06131
G1 X131.917 Y61.733 E790.07468
G1 X131.702 Y61.951 E790.08894
G1 X131.594 Y62.168 E790.10022
G1 X131.494 Y62.542 E790.11825
G1 X131.52 Y63.011 E790.14012
G1 X131.568 Y63.131 E790.14614
G1 F1357.5 X131.965 Y63.634 E790.17911
G1 F1237.1 X138.592 Y67.179 E790.60343
G1 F1239.7 X146.404 Y73.588 E791.17275
G1 F1237.1 X152.813 Y81.392 E791.7429
G1 F1229.5 X156.431 Y88.159 E792.17882
G1 F1287.6 X156.926 Y88.469 E792.2105
G1 F1421.8 X157.449 Y88.498 E792.23623
G1 F1500 E785.73623
G0 F9000 X157.108 Y88.272
G0 X155.871 Y85.939
G0 X156.984 Y157.93
G0 X132.462 Y158.458
G1 F1500 E792.23623
G1 X157.523 Y158.459 E793.40318
G1 X157.731 Y158.431 E793.41295
G1 X158.006 Y158.318 E793.42679
G1 X158.317 Y158.007 E793.44727
G1 X158.43 Y157.739 E793.46082
G1 X158.459 Y157.523 E793.47096
G1 X158.458 Y132.457 E794.63814
G1 X158.408 Y132.172 E794.65162
G1 X158.262 Y131.916 E794.66534
G1 X158.042 Y131.703 E794.6796
G1 X157.845 Y131.598 E794.68999
G1 X157.45 Y131.494 E794.70901
G1 X156.981 Y131.52 E794.73088
G1 X156.861 Y131.568 E794.7369
G1 F1357.5 X156.358 Y131.969 E794.77
G1 F1239.7 X152.814 Y138.601 E795.19367
G1 X146.403 Y146.403 E795.76263
G1 F1237.1 X138.6 Y152.813 E796.33277
G1 F1232 X131.833 Y156.431 E796.76779
G1 F1287.6 X131.523 Y156.926 E796.79947
G1 F1421.8 X131.494 Y157.449 E796.82521
G1 F1500 X131.59 Y157.827 E796.84337
G1 X131.703 Y158.042 E796.85468
G1 X131.89 Y158.247 E796.8676
G1 X132.172 Y158.408 E796.88272
G1 X132.462 Y158.458 E796.89642
G1 F1500 E790.39642
G0 F9000 X132.506 Y158.201
G0 X135.488 Y157.95
G0 X131.831 Y161.7
G0 X110 Y161.54
G1 F1500 E796.89642
G1 X58.46 Y161.54 E799.29634
G1 X58.461 Y58.461 E804.09613
G1 X161.54 Y58.46 E808.89592
G1 X161.54 Y161.54 E813.69575
G1 X110 Y161.54 E816.09567
G1 F1500 E809.59567
G0 F9000 X110 Y161.8
G0 X110 Y158.28
G0 X110 Y158.458
G1 F1500 E816.09567
G1 X124.971 Y158.458 E816.79278
G1 X129.511 Y157.073 E817.0138
G1 X131.029 Y156.261 E817.09397
G1 F1351.4 X131.568 Y156.023 E817.12442
G1 F1232 X138.333 Y152.408 E817.55926
G1 F1237.1 X146.058 Y146.062 E818.12371
G1 F1239.7 X152.412 Y138.329 E818.68762
G1 X155.931 Y131.74 E819.10849
G1 F1287.6 X155.998 Y131.573 E819.11825
G1 F1418.4 X156.24 Y131.072 E819.14565
G1 F1500 X157.073 Y129.511 E819.22804
G1 X158.458 Y124.955 E819.44977
G1 X158.458 Y95.14 E820.83808
G1 X158.416 Y94.889 E820.84993
G1 X157.073 Y90.481 E821.0645
G1 X156.261 Y88.963 E821.14466
G1 F1351.4 X156.023 Y88.424 E821.17511
G1 F1229.5 X152.407 Y81.662 E821.61073
G1 F1237.1 X146.062 Y73.932 E822.17535
G1 F1239.7 X138.329 Y67.586 E822.73898
G1 F1237.1 X131.736 Y64.062 E823.16105
G1 F1287.6 X131.566 Y63.994 E823.17098
G1 F1418.4 X131.067 Y63.753 E823.19827
G1 F1500 X129.507 Y62.919 E823.28064
G1 X125.103 Y61.58 E823.49498
G1 X124.82 Y61.54 E823.50829
G1 X95.041 Y61.542 E824.89492
G1 X90.485 Y62.919 E825.11655
G1 X88.974 Y63.727 E825.19633
G1 F1351.4 X88.428 Y63.969 E825.2272
G1 F1232 X81.663 Y67.586 E825.6621
G1 F1239.7 X73.929 Y73.929 E826.22566
G1 X67.586 Y81.663 E826.78922
G1 F1234.6 X64.007 Y88.357 E827.21867
G1 F1298.7 X63.923 Y88.567 E827.23084
G1 F1435.4 X63.73 Y88.968 E827.25249
G1 F1500 X62.906 Y90.516 E827.33415
G1 X61.58 Y94.889 E827.54693
G1 X61.54 Y95.172 E827.56024
G1 X61.542 Y124.951 E828.94687
G1 X62.914 Y129.497 E829.16798
G1 X63.754 Y131.068 E829.25094
G1 F1348.3 X64.022 Y131.664 E829.28479
G1 F1229.5 X67.586 Y138.329 E829.71415
G1 F1239.7 X73.929 Y146.063 E830.27771
G1 F1242.2 X81.659 Y152.41 E830.84008
G1 F1239.7 X88.254 Y155.932 E831.26133
G1 F1293.1 X88.424 Y156 E831.27122
G1 F1421.8 X88.923 Y156.241 E831.29844
G1 F1500 X90.497 Y157.081 E831.38152
G1 X94.889 Y158.416 E831.59526
G1 X95.14 Y158.458 E831.60711
G1 X110 Y158.458 E832.29906
G1 F1500 E825.79906
G0 F9000 X110 Y158.2
G0 X95.105 Y157.949
G0 X90.572 Y156.917
G0 X84.134 Y157.95
G0 X87.5 Y158.46
G1 F1500 E832.29906
G1 X87.822 Y158.407 E832.31425
G1 X88.103 Y158.247 E832.32931
G1 X88.29 Y158.045 E832.34213
G1 X88.402 Y157.828 E832.3535
G1 X88.498 Y157.449 E832.3717
G1 X88.472 Y156.981 E832.39353
G1 X88.424 Y156.861 E832.39955
G1 F1357.5 X88.026 Y156.358 E832.43255
G1 F1239.7 X81.391 Y152.814 E832.85637
G1 F1242.2 X73.588 Y146.404 E833.42416
G1 F1239.7 X67.179 Y138.592 E833.99348
G1 F1229.5 X63.613 Y131.929 E834.42279
G1 F1348.3 X63.131 Y131.568 E834.45399
G1 F1500 X63.011 Y131.52 E834.46001
G1 X62.54 Y131.494 E834.48197
G1 X62.196 Y131.586 E834.49855
G1 X61.951 Y131.702 E834.51117
G1 X61.744 Y131.891 E834.52423
G1 X61.591 Y132.171 E834.53908
G1 X61.542 Y132.462 E834.55282
G1 X61.541 Y157.677 E835.72694
G1 X61.679 Y158.007 E835.7436
G1 X61.962 Y158.29 E835.76223
G1 X62.21 Y158.415 E835.77516
G1 X62.473 Y158.459 E835.78758
G1 X87.5 Y158.46 E836.95294
G1 F1500 E830.45294
G0 F9000 X87.492 Y158.201
G0 X62.891 Y157.93
G0 X64.574 Y85.104
G0 X62.537 Y88.498
G1 F1500 E836.95294
G1 F1421.8 X63.069 Y88.469 E836.97912
G1 F1290.3 X63.579 Y88.127 E837.01236
G1 F1234.6 X67.179 Y81.4 E837.44401
G1 F1239.7 X73.588 Y73.588 E838.01333
G1 X81.4 Y67.179 E838.58265
G1 F1232 X88.163 Y63.561 E839.01747
G1 F1287.6 X88.469 Y63.062 E839.04923
G1 F1421.8 X88.498 Y62.538 E839.07501
G1 F1500 X88.362 Y62.026 E839.09968
G1 X88.102 Y61.745 E839.1175
G1 X87.822 Y61.591 E839.13238
G1 X87.534 Y61.542 E839.14598
G1 X62.319 Y61.541 E840.3201
G1 X61.989 Y61.679 E840.33676
G1 X61.706 Y61.962 E840.35539
G1 X61.581 Y62.21 E840.36832
G1 X61.541 Y62.477 E840.3809
G1 X61.542 Y87.534 E841.54765
G1 X61.593 Y87.827 E841.5615
G1 X61.733 Y88.075 E841.57476
G1 X61.951 Y88.29 E841.58902
G1 X62.168 Y88.398 E841.60031
G1 X62.537 Y88.498 E841.61811
G1 F1500 E835.11811
G0 F9000 X62.891 Y88.273
G0 X64.574 Y85.104
G0 X58.3 Y88.316
G0 X58.659 Y161.049
G1 F1500 E841.61811
G1 X58.951 Y161.34 E841.63731
G0 F9000 X59.516 Y161.34
G1 F1500 X58.659 Y160.483 E841.69374
G0 F9000 X58.659 Y159.917
G1 F1500 X60.082 Y161.34 E841.78745
G0 F9000 X60.648 Y161.34
G1 F1500 X58.659 Y159.351 E841.91843
G0 F9000 X58.659 Y158.786
G1 F1500 X61.214 Y161.34 E842.08664
G0 F9000 X61.779 Y161.34
G1 F1500 X58.659 Y158.22 E842.2921
G0 F9000 X58.659 Y157.654
G1 F1500 X62.345 Y161.34 E842.53483
G0 F9000 X62.911 Y161.34
G1 F1500 X58.659 Y157.089 E842.8148
G0 F9000 X58.659 Y156.523
G1 F1500 X63.476 Y161.34 E843.13201
G0 F9000 X64.042 Y161.34
G1 F1500 X58.659 Y155.957 E843.48649
G0 F9000 X58.659 Y155.392
G1 F1500 X64.608 Y161.34 E843.87821
G0 F9000 X65.173 Y161.34
G1 F1500 X62.491 Y158.657 E844.05485
G0 F9000 X63.056 Y158.657
G1 F1500 X65.739 Y161.34 E844.23153
G0 F9000 X66.305 Y161.34
G1 F1500 X63.622 Y158.657 E844.40821
G0 F9000 X64.188 Y158.657
G1 F1500 X66.87 Y161.34 E844.58486
G0 F9000 X67.436 Y161.34
G1 F1500 X64.753 Y158.657 E844.76154
G0 F9000 X65.319 Y158.657
G1 F1500 X68.002 Y161.34 E844.93822
G0 F9000 X68.567 Y161.34
G1 F1500 X65.885 Y158.657 E845.11487
G0 F9000 X66.45 Y158.657
G1 F1500 X69.133 Y161.34 E845.29155
G0 F9000 X69.699 Y161.34
G1 F1500 X67.017 Y158.658 E845.46816
G0 F9000 X67.582 Y158.658
G1 F1500 X70.264 Y161.34 E845.64478
G0 F9000 X70.83 Y161.34
G1 F1500 X68.148 Y158.658 E845.82139
G0 F9000 X68.714 Y158.658
G1 F1500 X71.396 Y161.34 E845.99801
G0 F9000 X71.962 Y161.34
G1 F1500 X69.279 Y158.658 E846.17465
G0 F9000 X69.845 Y158.658
G1 F1500 X72.527 Y161.34 E846.35127
G0 F9000 X73.093 Y161.34
G1 F1500 X70.411 Y158.658 E846.52788
G0 F9000 X70.977 Y158.658
G1 F1500 X73.659 Y161.34 E846.7045
G0 F9000 X74.224 Y161.34
G1 F1500 X71.543 Y158.658 E846.88108
G0 F9000 X72.109 Y158.658
G1 F1500 X74.79 Y161.34 E847.05766
G0 F9000 X75.356 Y161.34
G1 F1500 X72.674 Y158.658 E847.23427
G0 F9000 X73.24 Y158.658
G1 F1500 X75.921 Y161.34 E847.41085
G0 F9000 X76.487 Y161.34
G1 F1500 X73.806 Y158.658 E847.58744
G0 F9000 X74.371 Y158.658
G1 F1500 X77.053 Y161.34 E847.76405
G0 F9000 X77.618 Y161.34
G1 F1500 X74.937 Y158.658 E847.94063
G0 F9000 X75.503 Y158.659
G1 F1500 X78.184 Y161.34 E848.11718
G0 F9000 X78.75 Y161.34
G1 F1500 X76.069 Y158.659 E848.29373
G0 F9000 X76.635 Y158.659
G1 F1500 X79.315 Y161.34 E848.47024
G0 F9000 X79.881 Y161.34
G1 F1500 X77.201 Y158.659 E848.64676
G0 F9000 X77.766 Y158.659
G1 F1500 X80.447 Y161.34 E848.82331
G0 F9000 X81.013 Y161.34
G1 F1500 X78.332 Y158.659 E848.99986
G0 F9000 X78.898 Y158.659
G1 F1500 X81.578 Y161.34 E849.17637
G0 F9000 X82.144 Y161.34
G1 F1500 X79.464 Y158.66 E849.35285
G0 F9000 X80.03 Y158.66
G1 F1500 X82.71 Y161.34 E849.52934
G0 F9000 X83.275 Y161.34
G1 F1500 X80.595 Y158.66 E849.70582
G0 F9000 X81.161 Y158.66
G1 F1500 X83.841 Y161.34 E849.8823
G0 F9000 X84.407 Y161.34
G1 F1500 X81.727 Y158.66 E850.05878
G0 F9000 X82.292 Y158.66
G1 F1500 X84.972 Y161.34 E850.23527
G0 F9000 X85.538 Y161.34
G1 F1500 X82.858 Y158.66 E850.41175
G0 F9000 X83.424 Y158.66
G1 F1500 X86.104 Y161.34 E850.58823
G0 F9000 X86.669 Y161.34
G1 F1500 X83.989 Y158.66 E850.76471
G0 F9000 X84.555 Y158.66
G1 F1500 X87.235 Y161.34 E850.9412
G0 F9000 X87.801 Y161.34
G1 F1500 X85.121 Y158.66 E851.11768
G0 F9000 X85.686 Y158.66
G1 F1500 X88.366 Y161.34 E851.29416
G0 F9000 X88.932 Y161.34
G1 F1500 X86.252 Y158.66 E851.47064
G0 F9000 X86.818 Y158.66
G1 F1500 X89.498 Y161.34 E851.64713
G0 F9000 X90.063 Y161.34
G1 F1500 X87.384 Y158.66 E851.82358
G0 F9000 X87.888 Y158.599
G1 F1500 X90.629 Y161.34 E852.00408
G0 F9000 X91.195 Y161.34
G1 F1500 X88.244 Y158.389 E852.1984
G0 F9000 X88.497 Y158.077
G1 F1500 X91.761 Y161.34 E852.41331
G0 F9000 X92.326 Y161.34
G1 F1500 X88.649 Y157.662 E852.65548
G0 F9000 X88.68 Y157.128
G1 F1500 X92.892 Y161.34 E852.93285
G0 F9000 X93.458 Y161.34
G1 F1500 X88.313 Y156.196 E853.27162
G0 F9000 X88.553 Y155.748
G0 X89.628 Y156.322
G0 X89.411 Y156.727
G1 F1500 X94.023 Y161.34 E853.57536
G0 F9000 X94.589 Y161.34
G1 F1500 X90.556 Y157.307 E853.84094
G0 F9000 X91.367 Y157.553
G1 F1500 X95.155 Y161.34 E854.09036
G0 F9000 X95.72 Y161.34
G1 F1500 X92.18 Y157.799 E854.32351
G0 F9000 X92.992 Y158.045
G1 F1500 X96.286 Y161.34 E854.54045
G0 F9000 X96.852 Y161.34
G1 F1500 X93.804 Y158.292 E854.74117
G0 F9000 X94.616 Y158.538
G1 F1500 X97.417 Y161.34 E854.92565
G0 F9000 X97.983 Y161.34
G1 F1500 X95.303 Y158.66 E855.10214
G0 F9000 X95.869 Y158.66
G1 F1500 X98.549 Y161.34 E855.27862
G0 F9000 X99.114 Y161.34
G1 F1500 X96.435 Y158.66 E855.45507
G0 F9000 X97 Y158.66
G1 F1500 X99.68 Y161.34 E855.63155
G0 F9000 X100.246 Y161.34
G1 F1500 X97.566 Y158.66 E855.80803
G0 F9000 X98.132 Y158.66
G1 F1500 X100.812 Y161.34 E855.98452
G0 F9000 X101.377 Y161.34
G1 F1500 X98.697 Y158.66 E856.161
G0 F9000 X99.263 Y158.66
G1 F1500 X101.943 Y161.34 E856.33748
G0 F9000 X102.509 Y161.34
G1 F1500 X99.828 Y158.659 E856.51403
G0 F9000 X100.394 Y158.659
G1 F1500 X103.074 Y161.34 E856.69054
G0 F9000 X103.64 Y161.34
G1 F1500 X100.959 Y158.659 E856.86709
G0 F9000 X101.525 Y158.659
G1 F1500 X104.206 Y161.34 E857.04364
G0 F9000 X104.771 Y161.34
G1 F1500 X102.091 Y158.659 E857.22016
G0 F9000 X102.656 Y158.659
G1 F1500 X105.337 Y161.34 E857.39671
G0 F9000 X105.903 Y161.34
G1 F1500 X103.222 Y158.659 E857.57325
G0 F9000 X103.787 Y158.658
G1 F1500 X106.468 Y161.34 E857.74984
G0 F9000 X107.034 Y161.34
G1 F1500 X104.353 Y158.658 E857.92642
G0 F9000 X104.918 Y158.658
G1 F1500 X107.6 Y161.34 E858.10303
G0 F9000 X108.165 Y161.34
G1 F1500 X105.484 Y158.658 E858.27961
G0 F9000 X106.05 Y158.658
G1 F1500 X108.731 Y161.34 E858.45619
G0 F9000 X109.297 Y161.34
G1 F1500 X106.615 Y158.658 E858.63281
G0 F9000 X107.181 Y158.658
G1 F1500 X109.862 Y161.34 E858.80939
G0 F9000 X110.428 Y161.34
G1 F1500 X107.747 Y158.658 E858.98597
G0 F9000 X108.312 Y158.658
G1 F1500 X110.994 Y161.34 E859.16259
G0 F9000 X111.56 Y161.34
G1 F1500 X108.877 Y158.658 E859.33923
G0 F9000 X109.443 Y158.658
G1 F1500 X112.125 Y161.34 E859.51585
G0 F9000 X112.691 Y161.34
G1 F1500 X110.009 Y158.658 E859.69246
G0 F9000 X110.575 Y158.658
G1 F1500 X113.257 Y161.34 E859.86908
G0 F9000 X113.822 Y161.34
G1 F1500 X111.14 Y158.658 E860.04569
G0 F9000 X111.706 Y158.658
G1 F1500 X114.388 Y161.34 E860.2223
G0 F9000 X114.954 Y161.34
G1 F1500 X112.271 Y158.657 E860.39898
G0 F9000 X112.837 Y158.657
G1 F1500 X115.519 Y161.34 E860.57563
G0 F9000 X116.085 Y161.34
G1 F1500 X113.402 Y158.657 E860.75231
G0 F9000 X113.968 Y158.657
G1 F1500 X116.651 Y161.34 E860.92899
G0 F9000 X117.216 Y161.34
G1 F1500 X114.534 Y158.657 E861.10564
G0 F9000 X115.099 Y158.657
G1 F1500 X117.782 Y161.34 E861.28232
G0 F9000 X118.348 Y161.34
G1 F1500 X115.665 Y158.657 E861.459
G0 F9000 X116.231 Y158.657
G1 F1500 X118.913 Y161.34 E861.63565
G0 F9000 X119.479 Y161.34
G1 F1500 X116.796 Y158.656 E861.81236
G0 F9000 X117.361 Y158.656
G1 F1500 X120.045 Y161.34 E861.98911
G0 F9000 X120.61 Y161.34
G1 F1500 X117.927 Y158.656 E862.16582
G0 F9000 X118.493 Y158.656
G1 F1500 X121.176 Y161.34 E862.34253
G0 F9000 X121.742 Y161.34
G1 F1500 X119.058 Y158.656 E862.51928
G0 F9000 X119.624 Y158.656
G1 F1500 X122.308 Y161.34 E862.69602
G0 F9000 X122.873 Y161.34
G1 F1500 X120.19 Y158.656 E862.87274
G0 F9000 X120.755 Y158.656
G1 F1500 X123.439 Y161.34 E863.04948
G0 F9000 X124.005 Y161.34
G1 F1500 X121.32 Y158.656 E863.22626
G0 F9000 X121.886 Y158.656
G1 F1500 X124.57 Y161.34 E863.40301
G0 F9000 X125.136 Y161.34
G1 F1500 X122.452 Y158.656 E863.57975
G0 F9000 X123.017 Y158.656
G1 F1500 X125.702 Y161.34 E863.75653
G0 F9000 X126.267 Y161.34
G1 F1500 X123.583 Y158.656 E863.93328
G0 F9000 X124.149 Y158.656
G1 F1500 X126.833 Y161.34 E864.11002
G0 F9000 X127.399 Y161.34
G1 F1500 X124.715 Y158.656 E864.28677
G0 F9000 X125.216 Y158.591
G1 F1500 X127.964 Y161.34 E864.46776
G0 F9000 X128.53 Y161.34
G1 F1500 X125.649 Y158.459 E864.65748
G0 F9000 X126.084 Y158.328
G1 F1500 X129.096 Y161.34 E864.85583
G0 F9000 X129.661 Y161.34
G1 F1500 X126.517 Y158.195 E865.0629
G0 F9000 X126.951 Y158.064
G1 F1500 X130.227 Y161.34 E865.27863
G0 F9000 X130.793 Y161.34
G1 F1500 X127.385 Y157.932 E865.50305
G0 F9000 X127.818 Y157.799
G1 F1500 X131.359 Y161.34 E865.73623
G0 F9000 X131.924 Y161.34
G1 F1500 X128.252 Y157.668 E865.97804
G0 F9000 X128.686 Y157.536
G1 F1500 X132.49 Y161.34 E866.22854
G0 F9000 X133.056 Y161.34
G1 F1500 X129.12 Y157.404 E866.48773
G0 F9000 X129.553 Y157.272
G1 F1500 X133.621 Y161.34 E866.75562
G0 F9000 X134.187 Y161.34
G1 F1500 X129.925 Y157.077 E867.03631
G0 F9000 X130.294 Y156.881
G1 F1500 X131.506 Y158.093 E867.11612
G0 F9000 X131.892 Y158.479
G1 F1500 X134.753 Y161.34 E867.30452
G0 F9000 X135.318 Y161.34
G1 F1500 X132.634 Y158.656 E867.48127
G0 F9000 X133.2 Y158.656
G1 F1500 X135.884 Y161.34 E867.65802
G0 F9000 X136.45 Y161.34
G1 F1500 X133.766 Y158.656 E867.83476
G0 F9000 X134.331 Y158.656
G1 F1500 X137.015 Y161.34 E868.01151
G0 F9000 X137.581 Y161.34
G1 F1500 X134.897 Y158.656 E868.18825
G0 F9000 X135.463 Y158.656
G1 F1500 X138.147 Y161.34 E868.365
G0 F9000 X138.712 Y161.34
G1 F1500 X136.028 Y158.656 E868.54175
G0 F9000 X136.594 Y158.656
G1 F1500 X139.278 Y161.34 E868.71849
G0 F9000 X139.844 Y161.34
G1 F1500 X137.16 Y158.656 E868.89524
G0 F9000 X137.725 Y158.656
G1 F1500 X140.409 Y161.34 E869.07198
G0 F9000 X140.975 Y161.34
G1 F1500 X138.291 Y158.656 E869.24873
G0 F9000 X138.857 Y158.656
G1 F1500 X141.541 Y161.34 E869.42548
G0 F9000 X142.107 Y161.34
G1 F1500 X139.422 Y158.656 E869.60225
G0 F9000 X139.988 Y158.656
G1 F1500 X142.672 Y161.34 E869.779
G0 F9000 X143.238 Y161.34
G1 F1500 X140.554 Y158.656 E869.95575
G0 F9000 X141.12 Y158.656
G1 F1500 X143.804 Y161.34 E870.13249
G0 F9000 X144.369 Y161.34
G1 F1500 X141.686 Y158.656 E870.3092
G0 F9000 X142.251 Y158.656
G1 F1500 X144.935 Y161.34 E870.48595
G0 F9000 X145.501 Y161.34
G1 F1500 X142.817 Y158.656 E870.6627
G0 F9000 X143.383 Y158.656
G1 F1500 X146.066 Y161.34 E870.83941
G0 F9000 X146.632 Y161.34
G1 F1500 X143.949 Y158.656 E871.01612
G0 F9000 X144.514 Y158.656
G1 F1500 X147.198 Y161.34 E871.19287
G0 F9000 X147.763 Y161.34
G1 F1500 X145.08 Y158.656 E871.36958
G0 F9000 X145.646 Y158.656
G1 F1500 X148.329 Y161.34 E871.5463
G0 F9000 X148.895 Y161.34
G1 F1500 X146.211 Y158.656 E871.72304
G0 F9000 X146.777 Y158.656
G1 F1500 X149.46 Y161.34 E871.89975
G0 F9000 X150.026 Y161.34
G1 F1500 X147.343 Y158.656 E872.07647
G0 F9000 X147.908 Y158.656
G1 F1500 X150.592 Y161.34 E872.25321
G0 F9000 X151.158 Y161.34
G1 F1500 X148.474 Y158.656 E872.42996
G0 F9000 X149.04 Y158.656
G1 F1500 X151.723 Y161.34 E872.60667
G0 F9000 X152.289 Y161.34
G1 F1500 X149.606 Y158.657 E872.78335
G0 F9000 X150.172 Y158.657
G1 F1500 X152.855 Y161.34 E872.96003
G0 F9000 X153.42 Y161.34
G1 F1500 X150.737 Y158.657 E873.13671
G0 F9000 X151.303 Y158.657
G1 F1500 X153.986 Y161.34 E873.31339
G0 F9000 X154.552 Y161.34
G1 F1500 X151.869 Y158.657 E873.49007
G0 F9000 X152.435 Y158.657
G1 F1500 X155.117 Y161.34 E873.66672
G0 F9000 X155.683 Y161.34
G1 F1500 X153 Y158.657 E873.8434
G0 F9000 X153.566 Y158.657
G1 F1500 X156.249 Y161.34 E874.02008
G0 F9000 X156.814 Y161.34
G1 F1500 X154.132 Y158.657 E874.19673
G0 F9000 X154.697 Y158.657
G1 F1500 X157.38 Y161.34 E874.37341
G0 F9000 X157.946 Y161.34
G1 F1500 X155.263 Y158.657 E874.55009
G0 F9000 X155.829 Y158.657
G1 F1500 X158.511 Y161.34 E874.72674
G0 F9000 X159.077 Y161.34
G1 F1500 X156.394 Y158.657 E874.90342
G0 F9000 X156.96 Y158.657
G1 F1500 X159.643 Y161.34 E875.0801
G0 F9000 X160.208 Y161.34
G1 F1500 X157.526 Y158.657 E875.25674
G0 F9000 X157.979 Y158.545
G1 F1500 X160.774 Y161.34 E875.4408
G0 F9000 X161.34 Y161.34
G1 F1500 X158.303 Y158.303 E875.64079
G0 F9000 X158.544 Y157.978
G1 F1500 X161.34 Y160.774 E875.82491
G0 F9000 X161.34 Y160.208
G1 F1500 X158.656 Y157.525 E876.00162
G0 F9000 X158.656 Y156.959
G1 F1500 X161.34 Y159.643 E876.17837
G0 F9000 X161.34 Y159.077
G1 F1500 X158.656 Y156.394 E876.35508
G0 F9000 X158.656 Y155.828
G1 F1500 X161.34 Y158.511 E876.5318
G0 F9000 X161.34 Y157.946
G1 F1500 X158.656 Y155.262 E876.70854
G0 F9000 X158.656 Y154.697
G1 F1500 X161.34 Y157.38 E876.88526
G0 F9000 X161.34 Y156.814
G1 F1500 X158.656 Y154.131 E877.06197
G0 F9000 X158.656 Y153.565
G1 F1500 X161.34 Y156.249 E877.23871
G0 F9000 X161.34 Y155.683
G1 F1500 X158.656 Y153 E877.41543
G0 F9000 X158.656 Y152.434
G1 F1500 X161.34 Y155.117 E877.59214
G0 F9000 X161.34 Y154.552
G1 F1500 X158.656 Y151.868 E877.76889
G0 F9000 X158.656 Y151.302
G1 F1500 X161.34 Y153.986 E877.94563
G0 F9000 X161.34 Y153.42
G1 F1500 X158.656 Y150.737 E878.12235
G0 F9000 X158.656 Y150.171
G1 F1500 X161.34 Y152.855 E878.29909
G0 F9000 X161.34 Y152.289
G1 F1500 X158.656 Y149.605 E878.47584
G0 F9000 X158.656 Y149.039
G1 F1500 X161.34 Y151.723 E878.65258
G0 F9000 X161.34 Y151.158
G1 F1500 X158.656 Y148.473 E878.82936
G0 F9000 X158.656 Y147.908
G1 F1500 X161.34 Y150.592 E879.00611
G0 F9000 X161.34 Y150.026
G1 F1500 X158.656 Y147.342 E879.18285
G0 F9000 X158.656 Y146.776
G1 F1500 X161.34 Y149.46 E879.3596
G0 F9000 X161.34 Y148.895
G1 F1500 X158.656 Y146.211 E879.53635
G0 F9000 X158.656 Y145.645
G1 F1500 X161.34 Y148.329 E879.71309
G0 F9000 X161.34 Y147.763
G1 F1500 X158.656 Y145.079 E879.88984
G0 F9000 X158.656 Y144.514
G1 F1500 X161.34 Y147.198 E880.06658
G0 F9000 X161.34 Y146.632
G1 F1500 X158.656 Y143.948 E880.24333
G0 F9000 X158.656 Y143.382
G1 F1500 X161.34 Y146.066 E880.42008
G0 F9000 X161.34 Y145.501
G1 F1500 X158.656 Y142.816 E880.59686
G0 F9000 X158.656 Y142.251
G1 F1500 X161.34 Y144.935 E880.7736
G0 F9000 X161.34 Y144.369
G1 F1500 X158.656 Y141.685 E880.95035
G0 F9000 X158.656 Y141.119
G1 F1500 X161.34 Y143.804 E881.12713
G0 F9000 X161.34 Y143.238
G1 F1500 X158.655 Y140.553 E881.30394
G0 F9000 X158.655 Y139.987
G1 F1500 X161.34 Y142.672 E881.48075
G0 F9000 X161.34 Y142.107
G1 F1500 X158.655 Y139.422 E881.65756
G0 F9000 X158.655 Y138.856
G1 F1500 X161.34 Y141.541 E881.83437
G0 F9000 X161.34 Y140.975
G1 F1500 X158.655 Y138.29 E882.01119
G0 F9000 X158.655 Y137.725
G1 F1500 X161.34 Y140.409 E882.18796
G0 F9000 X161.34 Y139.844
G1 F1500 X158.655 Y137.159 E882.36478
G0 F9000 X158.655 Y136.593
G1 F1500 X161.34 Y139.278 E882.54159
G0 F9000 X161.34 Y138.712
G1 F1500 X158.655 Y136.028 E882.71837
G0 F9000 X158.655 Y135.462
G1 F1500 X161.34 Y138.147 E882.89518
G0 F9000 X161.34 Y137.581
G1 F1500 X158.655 Y134.896 E883.07199
G0 F9000 X158.655 Y134.33
G1 F1500 X161.34 Y137.015 E883.2488
G0 F9000 X161.34 Y136.45
G1 F1500 X158.655 Y133.765 E883.42561
G0 F9000 X158.655 Y133.199
G1 F1500 X161.34 Y135.884 E883.60243
G0 F9000 X161.34 Y135.318
G1 F1500 X158.655 Y132.633 E883.77924
G0 F9000 X158.478 Y131.891
G1 F1500 X161.34 Y134.753 E883.96771
G0 F9000 X161.34 Y134.187
G1 F1500 X157.077 Y129.925 E884.2484
G0 F9000 X156.881 Y130.294
G1 F1500 X158.091 Y131.503 E884.32805
G0 F9000 X157.322 Y131.301
G1 F1500 X156.684 Y130.663 E884.37006
G0 F9000 X156.488 Y131.032
G1 F1500 X156.831 Y131.375 E884.39265
G0 F9000 X156.488 Y131.598
G1 F1500 X156.307 Y131.417 E884.40457
G0 F9000 X155.884 Y131.19
G0 X156.843 Y129.393
G0 X157.271 Y129.553
G1 F1500 X161.34 Y133.621 E884.67248
G0 F9000 X161.34 Y133.056
G1 F1500 X157.403 Y129.118 E884.93177
G0 F9000 X157.534 Y128.684
G1 F1500 X161.34 Y132.49 E885.18241
G0 F9000 X161.34 Y131.924
G1 F1500 X157.666 Y128.25 E885.42435
G0 F9000 X157.797 Y127.816
G1 F1500 X161.34 Y131.359 E885.65766
G0 F9000 X161.34 Y130.793
G1 F1500 X157.929 Y127.382 E885.88228
G0 F9000 X158.061 Y126.948
G1 F1500 X161.34 Y130.227 E886.09821
G0 F9000 X161.34 Y129.661
G1 F1500 X158.193 Y126.514 E886.30544
G0 F9000 X158.324 Y126.08
G1 F1500 X161.34 Y129.096 E886.50405
G0 F9000 X161.34 Y128.53
G1 F1500 X158.456 Y125.646 E886.69397
G0 F9000 X158.587 Y125.212
G1 F1500 X161.34 Y127.964 E886.87522
G0 F9000 X161.34 Y127.399
G1 F1500 X158.655 Y124.714 E887.05203
G0 F9000 X158.655 Y124.148
G1 F1500 X161.34 Y126.833 E887.22885
G0 F9000 X161.34 Y126.267
G1 F1500 X158.655 Y123.582 E887.40566
G0 F9000 X158.655 Y123.017
G1 F1500 X161.34 Y125.702 E887.58247
G0 F9000 X161.34 Y125.136
G1 F1500 X158.655 Y122.451 E887.75928
G0 F9000 X158.655 Y121.885
G1 F1500 X161.34 Y124.57 E887.93609
G0 F9000 X161.34 Y124.005
G1 F1500 X158.655 Y121.32 E888.11291
G0 F9000 X158.655 Y120.754
G1 F1500 X161.34 Y123.439 E888.28972
G0 F9000 X161.34 Y122.873
G1 F1500 X158.656 Y120.189 E888.46646
G0 F9000 X158.656 Y119.623
G1 F1500 X161.34 Y122.308 E888.64324
G0 F9000 X161.34 Y121.742
G1 F1500 X158.656 Y119.058 E888.81999
G0 F9000 X158.656 Y118.492
G1 F1500 X161.34 Y121.176 E888.99673
G0 F9000 X161.34 Y120.61
G1 F1500 X158.656 Y117.926 E889.17348
G0 F9000 X158.656 Y117.361
G1 F1500 X161.34 Y120.045 E889.35023
G0 F9000 X161.34 Y119.479
G1 F1500 X158.656 Y116.795 E889.52697
G0 F9000 X158.656 Y116.23
G1 F1500 X161.34 Y118.913 E889.70369
G0 F9000 X161.34 Y118.348
G1 F1500 X158.656 Y115.664 E889.88043
G0 F9000 X158.656 Y115.099
G1 F1500 X161.34 Y117.782 E890.05714
G0 F9000 X161.34 Y117.216
G1 F1500 X158.656 Y114.533 E890.23386
G0 F9000 X158.656 Y113.967
G1 F1500 X161.34 Y116.651 E890.4106
G0 F9000 X161.34 Y116.085
G1 F1500 X158.656 Y113.402 E890.58732
G0 F9000 X158.656 Y112.836
G1 F1500 X161.34 Y115.519 E890.76403
G0 F9000 X161.34 Y114.954
G1 F1500 X158.656 Y112.27 E890.94078
G0 F9000 X158.657 Y111.705
G1 F1500 X161.34 Y114.388 E891.11746
G0 F9000 X161.34 Y113.822
G1 F1500 X158.657 Y111.14 E891.2941
G0 F9000 X158.657 Y110.574
G1 F1500 X161.34 Y113.257 E891.47078
G0 F9000 X161.34 Y112.691
G1 F1500 X158.657 Y110.008 E891.64746
G0 F9000 X158.657 Y109.442
G1 F1500 X161.34 Y112.125 E891.82414
G0 F9000 X161.34 Y111.56
G1 F1500 X158.657 Y108.877 E892.00082
G0 F9000 X158.657 Y108.311
G1 F1500 X161.34 Y110.994 E892.1775
G0 F9000 X161.34 Y110.428
G1 F1500 X158.658 Y107.746 E892.35412
G0 F9000 X158.658 Y107.18
G1 F1500 X161.34 Y109.862 E892.53073
G0 F9000 X161.34 Y109.297
G1 F1500 X158.658 Y106.615 E892.70735
G0 F9000 X158.658 Y106.049
G1 F1500 X161.34 Y108.731 E892.88396
G0 F9000 X161.34 Y108.165
G1 F1500 X158.658 Y105.483 E893.06057
G0 F9000 X158.658 Y104.918
G1 F1500 X161.34 Y107.6 E893.23719
G0 F9000 X161.34 Y107.034
G1 F1500 X158.658 Y104.352 E893.4138
G0 F9000 X158.658 Y103.786
G1 F1500 X161.34 Y106.468 E893.59042
G0 F9000 X161.34 Y105.903
G1 F1500 X158.658 Y103.221 E893.76703
G0 F9000 X158.658 Y102.656
G1 F1500 X161.34 Y105.337 E893.94361
G0 F9000 X161.34 Y104.771
G1 F1500 X158.658 Y102.09 E894.12019
G0 F9000 X158.658 Y101.524
G1 F1500 X161.34 Y104.206 E894.29681
G0 F9000 X161.34 Y103.64
G1 F1500 X158.658 Y100.959 E894.47339
G0 F9000 X158.658 Y100.393
G1 F1500 X161.34 Y103.074 E894.64997
G0 F9000 X161.34 Y102.509
G1 F1500 X158.658 Y99.827 E894.82659
G0 F9000 X158.659 Y99.262
G1 F1500 X161.34 Y101.943 E895.00313
G0 F9000 X161.34 Y101.377
G1 F1500 X158.659 Y98.697 E895.17965
G0 F9000 X158.659 Y98.131
G1 F1500 X161.34 Y100.812 E895.3562
G0 F9000 X161.34 Y100.246
G1 F1500 X158.659 Y97.565 E895.53275
G0 F9000 X158.659 Y96.999
G1 F1500 X161.34 Y99.68 E895.7093
G0 F9000 X161.34 Y99.114
G1 F1500 X158.659 Y96.434 E895.88581
G0 F9000 X158.659 Y95.868
G1 F1500 X161.34 Y98.549 E896.06236
G0 F9000 X161.34 Y97.983
G1 F1500 X158.659 Y95.302 E896.23891
G0 F9000 X158.538 Y94.616
G1 F1500 X161.34 Y97.417 E896.42339
G0 F9000 X161.34 Y96.852
G1 F1500 X158.292 Y93.803 E896.62414
G0 F9000 X158.045 Y92.992
G1 F1500 X161.34 Y96.286 E896.84109
G0 F9000 X161.34 Y95.72
G1 F1500 X157.799 Y92.18 E897.07424
G0 F9000 X157.553 Y91.367
G1 F1500 X161.34 Y95.155 E897.32365
G0 F9000 X161.34 Y94.589
G1 F1500 X157.307 Y90.556 E897.58923
G0 F9000 X156.869 Y90.689
G0 X156.32 Y89.625
G0 X156.725 Y89.409
G1 F1500 X161.34 Y94.023 E897.8931
G0 F9000 X161.34 Y93.458
G1 F1500 X156.256 Y88.373 E898.22793
G0 F9000 X157.13 Y88.682
G1 F1500 X161.34 Y92.892 E898.50516
G0 F9000 X161.34 Y92.326
G1 F1500 X157.663 Y88.649 E898.7473
G0 F9000 X158.076 Y88.497
G1 F1500 X161.34 Y91.761 E898.96224
G0 F9000 X161.34 Y91.195
G1 F1500 X158.389 Y88.244 E899.15657
G0 F9000 X158.598 Y87.887
G1 F1500 X161.34 Y90.629 E899.33713
G0 F9000 X161.34 Y90.063
G1 F1500 X158.655 Y87.379 E899.51391
G0 F9000 X158.655 Y86.813
G1 F1500 X161.34 Y89.498 E899.69072
G0 F9000 X161.34 Y88.932
G1 F1500 X158.655 Y86.247 E899.86753
G0 F9000 X158.655 Y85.682
G1 F1500 X161.34 Y88.366 E900.04431
G0 F9000 X161.34 Y87.801
G1 F1500 X158.655 Y85.116 E900.22113
G0 F9000 X158.655 Y84.55
G1 F1500 X161.34 Y87.235 E900.39794
G0 F9000 X161.34 Y86.669
G1 F1500 X158.655 Y83.984 E900.57475
G0 F9000 X158.655 Y83.419
G1 F1500 X161.34 Y86.104 E900.75156
G0 F9000 X161.34 Y85.538
G1 F1500 X158.655 Y82.853 E900.92837
G0 F9000 X158.655 Y82.287
G1 F1500 X161.34 Y84.972 E901.10518
G0 F9000 X161.34 Y84.407
G1 F1500 X158.655 Y81.722 E901.282
G0 F9000 X158.655 Y81.156
G1 F1500 X161.34 Y83.841 E901.45881
G0 F9000 X161.34 Y83.275
G1 F1500 X158.655 Y80.59 E901.63562
G0 F9000 X158.655 Y80.025
G1 F1500 X161.34 Y82.71 E901.81243
G0 F9000 X161.34 Y82.144
G1 F1500 X158.655 Y79.459 E901.98924
G0 F9000 X158.656 Y78.894
G1 F1500 X161.34 Y81.578 E902.16599
G0 F9000 X161.34 Y81.013
G1 F1500 X158.656 Y78.328 E902.34277
G0 F9000 X158.656 Y77.763
G1 F1500 X161.34 Y80.447 E902.51951
G0 F9000 X161.34 Y79.881
G1 F1500 X158.656 Y77.197 E902.69626
G0 F9000 X158.656 Y76.631
G1 F1500 X161.34 Y79.315 E902.87301
G0 F9000 X161.34 Y78.75
G1 F1500 X158.656 Y76.066 E903.04975
G0 F9000 X158.656 Y75.5
G1 F1500 X161.34 Y78.184 E903.2265
G0 F9000 X161.34 Y77.618
G1 F1500 X158.656 Y74.934 E903.40324
G0 F9000 X158.656 Y74.369
G1 F1500 X161.34 Y77.053 E903.57999
G0 F9000 X161.34 Y76.487
G1 F1500 X158.656 Y73.803 E903.75674
G0 F9000 X158.656 Y73.237
G1 F1500 X161.34 Y75.921 E903.93348
G0 F9000 X161.34 Y75.356
G1 F1500 X158.656 Y72.671 E904.11026
G0 F9000 X158.656 Y72.106
G1 F1500 X161.34 Y74.79 E904.28701
G0 F9000 X161.34 Y74.224
G1 F1500 X158.656 Y71.54 E904.46375
G0 F9000 X158.656 Y70.974
G1 F1500 X161.34 Y73.659 E904.64053
G0 F9000 X161.34 Y73.093
G1 F1500 X158.656 Y70.409 E904.81728
G0 F9000 X158.656 Y69.844
G1 F1500 X161.34 Y72.527 E904.99399
G0 F9000 X161.34 Y71.962
G1 F1500 X158.656 Y69.278 E905.17074
G0 F9000 X158.656 Y68.712
G1 F1500 X161.34 Y71.396 E905.34748
G0 F9000 X161.34 Y70.83
G1 F1500 X158.656 Y68.147 E905.5242
G0 F9000 X158.656 Y67.581
G1 F1500 X161.34 Y70.264 E905.70091
G0 F9000 X161.34 Y69.699
G1 F1500 X158.656 Y67.015 E905.87766
G0 F9000 X158.656 Y66.45
G1 F1500 X161.34 Y69.133 E906.05437
G0 F9000 X161.34 Y68.567
G1 F1500 X158.656 Y65.884 E906.23108
G0 F9000 X158.656 Y65.318
G1 F1500 X161.34 Y68.002 E906.40783
G0 F9000 X161.34 Y67.436
G1 F1500 X158.656 Y64.753 E906.58454
G0 F9000 X158.656 Y64.187
G1 F1500 X161.34 Y66.87 E906.76125
G0 F9000 X161.34 Y66.305
G1 F1500 X158.656 Y63.621 E906.938
G0 F9000 X158.656 Y63.056
G1 F1500 X161.34 Y65.739 E907.11471
G0 F9000 X161.34 Y65.173
G1 F1500 X158.656 Y62.49 E907.29143
G0 F9000 X158.201 Y62.506
G0 X157.494 Y61.799
G0 X157.507 Y61.341
G1 F1500 X154.827 Y58.66 E907.46794
G0 F9000 X155.392 Y58.66
G1 F1500 X161.34 Y64.608 E907.85963
G0 F9000 X161.34 Y64.042
G1 F1500 X155.958 Y58.66 E908.21404
G0 F9000 X156.524 Y58.66
G1 F1500 X161.34 Y63.476 E908.53118
G0 F9000 X161.34 Y62.911
G1 F1500 X157.089 Y58.66 E908.81112
G0 F9000 X157.655 Y58.66
G1 F1500 X161.34 Y62.345 E909.05378
G0 F9000 X161.34 Y61.779
G1 F1500 X158.221 Y58.66 E909.25917
G0 F9000 X158.786 Y58.66
G1 F1500 X161.34 Y61.214 E909.42736
G0 F9000 X161.34 Y60.648
G1 F1500 X159.352 Y58.66 E909.55827
G0 F9000 X159.918 Y58.66
G1 F1500 X161.34 Y60.082 E909.65191
G0 F9000 X161.34 Y59.516
G1 F1500 X160.484 Y58.66 E909.70828
G0 F9000 X161.049 Y58.66
G1 F1500 X161.34 Y58.951 E909.72744
G1 F1500 E903.22744
G0 F9000 X161.8 Y58.951
G0 X161.7 Y61.8
G0 X158.252 Y62.287
G0 X156.942 Y61.341
G1 F1500 E909.72744
G1 X154.261 Y58.66 E909.90399
G0 F9000 X153.695 Y58.66
G1 F1500 X156.376 Y61.341 E910.08054
G0 F9000 X155.81 Y61.341
G1 F1500 X153.13 Y58.66 E910.25706
G0 F9000 X152.564 Y58.66
G1 F1500 X155.245 Y61.341 E910.43361
G0 F9000 X154.679 Y61.341
G1 F1500 X151.998 Y58.66 E910.61015
G0 F9000 X151.433 Y58.66
G1 F1500 X154.113 Y61.341 E910.78667
G0 F9000 X153.548 Y61.341
G1 F1500 X150.867 Y58.66 E910.96322
G0 F9000 X150.301 Y58.66
G1 F1500 X152.982 Y61.341 E911.13977
G0 F9000 X152.416 Y61.341
G1 F1500 X149.736 Y58.66 E911.31628
G0 F9000 X149.17 Y58.66
G1 F1500 X151.85 Y61.341 E911.4928
G0 F9000 X151.285 Y61.341
G1 F1500 X148.604 Y58.66 E911.66935
G0 F9000 X148.038 Y58.66
G1 F1500 X150.719 Y61.341 E911.84589
G0 F9000 X150.153 Y61.341
G1 F1500 X147.473 Y58.66 E912.02241
G0 F9000 X146.907 Y58.66
G1 F1500 X149.588 Y61.341 E912.19896
G0 F9000 X149.022 Y61.341
G1 F1500 X146.341 Y58.66 E912.37551
G0 F9000 X145.776 Y58.66
G1 F1500 X148.456 Y61.341 E912.55202
G0 F9000 X147.891 Y61.341
G1 F1500 X145.21 Y58.66 E912.72857
G0 F9000 X144.644 Y58.66
G1 F1500 X147.325 Y61.341 E912.90512
G0 F9000 X146.759 Y61.341
G1 F1500 X144.079 Y58.66 E913.08163
G0 F9000 X143.513 Y58.66
G1 F1500 X146.194 Y61.341 E913.25818
G0 F9000 X145.628 Y61.341
G1 F1500 X142.947 Y58.66 E913.43473
G0 F9000 X142.382 Y58.66
G1 F1500 X145.062 Y61.341 E913.61125
G0 F9000 X144.496 Y61.34
G1 F1500 X141.816 Y58.66 E913.78773
G0 F9000 X141.25 Y58.66
G1 F1500 X143.93 Y61.34 E913.96421
G0 F9000 X143.364 Y61.34
G1 F1500 X140.685 Y58.66 E914.14066
G0 F9000 X140.119 Y58.66
G1 F1500 X142.799 Y61.34 E914.31714
G0 F9000 X142.233 Y61.34
G1 F1500 X139.553 Y58.66 E914.49363
G0 F9000 X138.987 Y58.66
G1 F1500 X141.667 Y61.34 E914.67011
G0 F9000 X141.102 Y61.34
G1 F1500 X138.422 Y58.66 E914.84659
G0 F9000 X137.856 Y58.66
G1 F1500 X140.536 Y61.34 E915.02307
G0 F9000 X139.97 Y61.34
G1 F1500 X137.29 Y58.66 E915.19956
G0 F9000 X136.725 Y58.66
G1 F1500 X139.405 Y61.34 E915.37604
G0 F9000 X138.839 Y61.34
G1 F1500 X136.159 Y58.66 E915.55252
G0 F9000 X135.593 Y58.66
G1 F1500 X138.273 Y61.34 E915.729
G0 F9000 X137.708 Y61.34
G1 F1500 X135.028 Y58.66 E915.90549
G0 F9000 X134.462 Y58.66
G1 F1500 X137.142 Y61.34 E916.08197
G0 F9000 X136.576 Y61.34
G1 F1500 X133.896 Y58.66 E916.25845
G0 F9000 X133.331 Y58.66
G1 F1500 X136.011 Y61.34 E916.43494
G0 F9000 X135.445 Y61.34
G1 F1500 X132.765 Y58.66 E916.61142
G0 F9000 X132.199 Y58.66
G1 F1500 X134.879 Y61.34 E916.7879
G0 F9000 X134.314 Y61.34
G1 F1500 X131.634 Y58.66 E916.96438
G0 F9000 X131.068 Y58.66
G1 F1500 X133.748 Y61.34 E917.14087
G0 F9000 X133.182 Y61.34
G1 F1500 X130.502 Y58.66 E917.31735
G0 F9000 X129.937 Y58.66
G1 F1500 X132.616 Y61.34 E917.4938
G0 F9000 X132.109 Y61.398
G1 F1500 X129.371 Y58.66 E917.6741
G0 F9000 X128.805 Y58.66
G1 F1500 X131.75 Y61.605 E917.86803
G0 F9000 X131.498 Y61.919
G1 F1500 X128.239 Y58.66 E918.08264
G0 F9000 X127.674 Y58.66
G1 F1500 X131.345 Y62.331 E918.32439
G0 F9000 X131.312 Y62.864
G1 F1500 X127.108 Y58.66 E918.60123
G0 F9000 X126.542 Y58.66
G1 F1500 X131.684 Y63.802 E918.93984
G0 F9000 X131.444 Y64.25
G0 X130.368 Y63.675
G0 X130.586 Y63.269
G1 F1500 X125.977 Y58.66 E919.24335
G0 F9000 X125.411 Y58.66
G1 F1500 X129.439 Y62.689 E919.50863
G0 F9000 X128.627 Y62.442
G1 F1500 X124.845 Y58.66 E919.75768
G0 F9000 X124.28 Y58.66
G1 F1500 X127.815 Y62.195 E919.99047
G0 F9000 X127.002 Y61.948
G1 F1500 X123.714 Y58.66 E920.20699
G0 F9000 X123.148 Y58.66
G1 F1500 X126.189 Y61.701 E920.40724
G0 F9000 X125.376 Y61.454
G1 F1500 X122.583 Y58.66 E920.5912
G0 F9000 X122.017 Y58.66
G1 F1500 X124.7 Y61.344 E920.76791
G0 F9000 X124.135 Y61.344
G1 F1500 X121.451 Y58.66 E920.94466
G0 F9000 X120.886 Y58.66
G1 F1500 X123.569 Y61.344 E921.12137
G0 F9000 X123.003 Y61.344
G1 F1500 X120.32 Y58.66 E921.29808
G0 F9000 X119.754 Y58.66
G1 F1500 X122.438 Y61.344 E921.47483
G0 F9000 X121.872 Y61.344
G1 F1500 X119.189 Y58.66 E921.65154
G0 F9000 X118.623 Y58.66
G1 F1500 X121.306 Y61.344 E921.82826
G0 F9000 X120.741 Y61.344
G1 F1500 X118.057 Y58.66 E922.005
G0 F9000 X117.491 Y58.66
G1 F1500 X120.175 Y61.344 E922.18175
G0 F9000 X119.609 Y61.344
G1 F1500 X116.926 Y58.66 E922.35846
G0 F9000 X116.36 Y58.66
G1 F1500 X119.044 Y61.344 E922.53521
G0 F9000 X118.478 Y61.344
G1 F1500 X115.794 Y58.66 E922.71195
G0 F9000 X115.229 Y58.66
G1 F1500 X117.912 Y61.344 E922.88867
G0 F9000 X117.346 Y61.344
G1 F1500 X114.663 Y58.66 E923.06538
G0 F9000 X114.097 Y58.66
G1 F1500 X116.781 Y61.344 E923.24212
G0 F9000 X116.215 Y61.344
G1 F1500 X113.532 Y58.66 E923.41884
G0 F9000 X112.966 Y58.66
G1 F1500 X115.649 Y61.344 E923.59555
G0 F9000 X115.084 Y61.344
G1 F1500 X112.4 Y58.66 E923.7723
G0 F9000 X111.835 Y58.66
G1 F1500 X114.518 Y61.344 E923.94901
G0 F9000 X113.952 Y61.344
G1 F1500 X111.269 Y58.66 E924.12572
G0 F9000 X110.703 Y58.66
G1 F1500 X113.387 Y61.344 E924.30247
G0 F9000 X112.821 Y61.344
G1 F1500 X110.138 Y58.66 E924.47918
G0 F9000 X109.573 Y58.661
G1 F1500 X112.255 Y61.344 E924.65583
G0 F9000 X111.69 Y61.344
G1 F1500 X109.007 Y58.661 E924.83251
G0 F9000 X108.441 Y58.661
G1 F1500 X111.124 Y61.344 E925.00919
G0 F9000 X110.558 Y61.344
G1 F1500 X107.876 Y58.661 E925.18584
G0 F9000 X107.31 Y58.661
G1 F1500 X109.993 Y61.344 E925.36252
G0 F9000 X109.428 Y61.344
G1 F1500 X106.744 Y58.661 E925.53923
G0 F9000 X106.178 Y58.661
G1 F1500 X108.862 Y61.344 E925.71594
G0 F9000 X108.296 Y61.344
G1 F1500 X105.613 Y58.661 E925.89262
G0 F9000 X105.047 Y58.661
G1 F1500 X107.731 Y61.344 E926.06934
G0 F9000 X107.165 Y61.344
G1 F1500 X104.481 Y58.661 E926.24605
G0 F9000 X103.916 Y58.661
G1 F1500 X106.599 Y61.344 E926.42273
G0 F9000 X106.033 Y61.344
G1 F1500 X103.35 Y58.661 E926.59941
G0 F9000 X102.784 Y58.661
G1 F1500 X105.468 Y61.344 E926.77612
G0 F9000 X104.902 Y61.344
G1 F1500 X102.219 Y58.661 E926.9528
G0 F9000 X101.653 Y58.661
G1 F1500 X104.336 Y61.344 E927.12948
G0 F9000 X103.771 Y61.344
G1 F1500 X101.087 Y58.661 E927.3062
G0 F9000 X100.522 Y58.661
G1 F1500 X103.205 Y61.344 E927.48288
G0 F9000 X102.639 Y61.344
G1 F1500 X99.956 Y58.661 E927.65956
G0 F9000 X99.39 Y58.661
G1 F1500 X102.074 Y61.344 E927.83627
G0 F9000 X101.508 Y61.344
G1 F1500 X98.825 Y58.661 E928.01295
G0 F9000 X98.259 Y58.661
G1 F1500 X100.942 Y61.344 E928.18963
G0 F9000 X100.377 Y61.344
G1 F1500 X97.693 Y58.661 E928.36634
G0 F9000 X97.127 Y58.661
G1 F1500 X99.811 Y61.344 E928.54306
G0 F9000 X99.245 Y61.344
G1 F1500 X96.562 Y58.661 E928.71974
G0 F9000 X95.996 Y58.661
G1 F1500 X98.68 Y61.344 E928.89645
G0 F9000 X98.114 Y61.344
G1 F1500 X95.43 Y58.661 E929.07316
G0 F9000 X94.865 Y58.661
G1 F1500 X97.548 Y61.344 E929.24984
G0 F9000 X96.983 Y61.344
G1 F1500 X94.299 Y58.661 E929.42656
G0 F9000 X93.733 Y58.661
G1 F1500 X96.417 Y61.344 E929.60327
G0 F9000 X95.851 Y61.344
G1 F1500 X93.168 Y58.661 E929.77995
G0 F9000 X92.602 Y58.661
G1 F1500 X95.285 Y61.344 E929.95663
G0 F9000 X94.786 Y61.411
G1 F1500 X92.036 Y58.661 E930.13772
G0 F9000 X91.471 Y58.661
G1 F1500 X94.352 Y61.542 E930.32744
G0 F9000 X93.917 Y61.673
G1 F1500 X90.905 Y58.661 E930.52578
G0 F9000 X90.339 Y58.661
G1 F1500 X93.482 Y61.804 E930.73276
G0 F9000 X93.047 Y61.935
G1 F1500 X89.774 Y58.661 E930.94832
G0 F9000 X89.208 Y58.661
G1 F1500 X92.613 Y62.066 E931.17255
G0 F9000 X92.178 Y62.197
G1 F1500 X88.642 Y58.661 E931.4054
G0 F9000 X88.077 Y58.661
G1 F1500 X91.744 Y62.328 E931.64688
G0 F9000 X91.309 Y62.459
G1 F1500 X87.511 Y58.661 E931.89698
G0 F9000 X86.945 Y58.661
G1 F1500 X90.874 Y62.59 E932.15571
G0 F9000 X90.439 Y62.72
G1 F1500 X86.379 Y58.661 E932.42304
G0 F9000 X85.814 Y58.661
G1 F1500 X90.068 Y62.916 E932.7032
G0 F9000 X89.699 Y63.112
G1 F1500 X88.549 Y61.962 E932.77893
G0 F9000 X88.106 Y61.518
G1 F1500 X85.248 Y58.661 E932.96711
G0 F9000 X84.682 Y58.661
G1 F1500 X87.366 Y61.344 E933.14382
G0 F9000 X86.8 Y61.344
G1 F1500 X84.117 Y58.661 E933.3205
G0 F9000 X83.551 Y58.661
G1 F1500 X86.235 Y61.344 E933.49721
G0 F9000 X85.669 Y61.344
G1 F1500 X82.985 Y58.661 E933.67392
G0 F9000 X82.42 Y58.661
G1 F1500 X85.103 Y61.344 E933.8506
G0 F9000 X84.537 Y61.344
G1 F1500 X81.854 Y58.661 E934.02728
G0 F9000 X81.288 Y58.661
G1 F1500 X83.972 Y61.344 E934.204
G0 F9000 X83.406 Y61.344
G1 F1500 X80.723 Y58.661 E934.38068
G0 F9000 X80.157 Y58.661
G1 F1500 X82.84 Y61.344 E934.55736
G0 F9000 X82.275 Y61.344
G1 F1500 X79.591 Y58.661 E934.73407
G0 F9000 X79.026 Y58.661
G1 F1500 X81.708 Y61.344 E934.91072
G0 F9000 X81.143 Y61.344
G1 F1500 X78.46 Y58.661 E935.0874
G0 F9000 X77.894 Y58.661
G1 F1500 X80.577 Y61.344 E935.26408
G0 F9000 X80.011 Y61.344
G1 F1500 X77.328 Y58.661 E935.44076
G0 F9000 X76.763 Y58.661
G1 F1500 X79.446 Y61.344 E935.61744
G0 F9000 X78.88 Y61.344
G1 F1500 X76.197 Y58.661 E935.79412
G0 F9000 X75.631 Y58.661
G1 F1500 X78.314 Y61.344 E935.9708
G0 F9000 X77.749 Y61.344
G1 F1500 X75.066 Y58.661 E936.14748
G0 F9000 X74.5 Y58.661
G1 F1500 X77.183 Y61.344 E936.32416
G0 F9000 X76.617 Y61.344
G1 F1500 X73.934 Y58.661 E936.50084
G0 F9000 X73.369 Y58.661
G1 F1500 X76.051 Y61.343 E936.67745
G0 F9000 X75.485 Y61.343
G1 F1500 X72.803 Y58.661 E936.85407
G0 F9000 X72.237 Y58.661
G1 F1500 X74.919 Y61.343 E937.03068
G0 F9000 X74.354 Y61.343
G1 F1500 X71.672 Y58.661 E937.2073
G0 F9000 X71.106 Y58.661
G1 F1500 X73.788 Y61.343 E937.38391
G0 F9000 X73.222 Y61.343
G1 F1500 X70.54 Y58.661 E937.56053
G0 F9000 X69.975 Y58.661
G1 F1500 X72.657 Y61.343 E937.73714
G0 F9000 X72.091 Y61.343
G1 F1500 X69.409 Y58.661 E937.91375
G0 F9000 X68.843 Y58.661
G1 F1500 X71.525 Y61.343 E938.09037
G0 F9000 X70.96 Y61.343
G1 F1500 X68.278 Y58.661 E938.26698
G0 F9000 X67.712 Y58.661
G1 F1500 X70.394 Y61.343 E938.4436
G0 F9000 X69.828 Y61.343
G1 F1500 X67.146 Y58.661 E938.62021
G0 F9000 X66.58 Y58.661
G1 F1500 X69.263 Y61.343 E938.79686
G0 F9000 X68.696 Y61.342
G1 F1500 X66.015 Y58.661 E938.97341
G0 F9000 X65.449 Y58.661
G1 F1500 X68.13 Y61.342 E939.14995
G0 F9000 X67.565 Y61.342
G1 F1500 X64.883 Y58.661 E939.32654
G0 F9000 X64.318 Y58.661
G1 F1500 X66.999 Y61.342 E939.50308
G0 F9000 X66.433 Y61.342
G1 F1500 X63.752 Y58.661 E939.67963
G0 F9000 X63.186 Y58.661
G1 F1500 X65.868 Y61.342 E939.85621
G0 F9000 X65.302 Y61.342
G1 F1500 X62.621 Y58.661 E940.03276
G0 F9000 X62.055 Y58.661
G1 F1500 X64.736 Y61.342 E940.20931
G0 F9000 X64.171 Y61.342
G1 F1500 X61.489 Y58.661 E940.38589
G0 F9000 X60.924 Y58.661
G1 F1500 X63.605 Y61.342 E940.56244
G0 F9000 X63.039 Y61.342
G1 F1500 X60.358 Y58.661 E940.73899
G0 F9000 X59.792 Y58.661
G1 F1500 X62.474 Y61.342 E940.91557
G0 F9000 X62.017 Y61.451
G1 F1500 X59.227 Y58.661 E941.0993
G0 F9000 X58.661 Y58.661
G1 F1500 X61.693 Y61.693 E941.29896
G0 F9000 X61.456 Y62.022
G1 F1500 X58.66 Y59.226 E941.48308
G0 F9000 X58.66 Y59.792
G1 F1500 X61.343 Y62.474 E941.65973
G0 F9000 X61.343 Y63.04
G1 F1500 X58.66 Y60.357 E941.83641
G0 F9000 X58.66 Y60.923
G1 F1500 X61.343 Y63.606 E942.01309
G0 F9000 X61.343 Y64.171
G1 F1500 X58.66 Y61.489 E942.18974
G0 F9000 X58.66 Y62.054
G1 F1500 X61.343 Y64.737 E942.36642
G0 F9000 X61.343 Y65.303
G1 F1500 X58.66 Y62.62 E942.5431
G0 F9000 X58.66 Y63.186
G1 F1500 X61.343 Y65.868 E942.71974
G0 F9000 X61.343 Y66.434
G1 F1500 X58.66 Y63.751 E942.89642
G0 F9000 X58.66 Y64.317
G1 F1500 X61.343 Y67 E943.0731
G0 F9000 X61.343 Y67.565
G1 F1500 X58.66 Y64.883 E943.24975
G0 F9000 X58.66 Y65.448
G1 F1500 X61.343 Y68.131 E943.42643
G0 F9000 X61.343 Y68.697
G1 F1500 X58.66 Y66.014 E943.60311
G0 F9000 X58.66 Y66.58
G1 F1500 X61.344 Y69.263 E943.77982
G0 F9000 X61.344 Y69.829
G1 F1500 X58.66 Y67.145 E943.95657
G0 F9000 X58.66 Y67.711
G1 F1500 X61.344 Y70.395 E944.13332
G0 F9000 X61.344 Y70.96
G1 F1500 X58.66 Y68.277 E944.31003
G0 F9000 X58.66 Y68.843
G1 F1500 X61.344 Y71.526 E944.48674
G0 F9000 X61.344 Y72.092
G1 F1500 X58.66 Y69.408 E944.66349
G0 F9000 X58.66 Y69.974
G1 F1500 X61.344 Y72.657 E944.8402
G0 F9000 X61.344 Y73.223
G1 F1500 X58.66 Y70.54 E945.01691
G0 F9000 X58.66 Y71.105
G1 F1500 X61.344 Y73.789 E945.19366
G0 F9000 X61.344 Y74.354
G1 F1500 X58.66 Y71.671 E945.37037
G0 F9000 X58.66 Y72.237
G1 F1500 X61.344 Y74.92 E945.54709
G0 F9000 X61.344 Y75.486
G1 F1500 X58.66 Y72.802 E945.72383
G0 F9000 X58.66 Y73.368
G1 F1500 X61.344 Y76.052 E945.90058
G0 F9000 X61.344 Y76.618
G1 F1500 X58.66 Y73.934 E946.07732
G0 F9000 X58.66 Y74.499
G1 F1500 X61.344 Y77.184 E946.2541
G0 F9000 X61.344 Y77.749
G1 F1500 X58.66 Y75.065 E946.43085
G0 F9000 X58.66 Y75.631
G1 F1500 X61.344 Y78.315 E946.6076
G0 F9000 X61.344 Y78.881
G1 F1500 X58.66 Y76.196 E946.78437
G0 F9000 X58.66 Y76.762
G1 F1500 X61.344 Y79.446 E946.96112
G0 F9000 X61.344 Y80.012
G1 F1500 X58.66 Y77.328 E947.13787
G0 F9000 X58.66 Y77.893
G1 F1500 X61.344 Y80.578 E947.31464
G0 F9000 X61.344 Y81.143
G1 F1500 X58.66 Y78.459 E947.49139
G0 F9000 X58.66 Y79.025
G1 F1500 X61.345 Y81.71 E947.6682
G0 F9000 X61.345 Y82.275
G1 F1500 X58.66 Y79.591 E947.84498
G0 F9000 X58.66 Y80.156
G1 F1500 X61.345 Y82.841 E948.02179
G0 F9000 X61.345 Y83.407
G1 F1500 X58.66 Y80.722 E948.19861
G0 F9000 X58.66 Y81.288
G1 F1500 X61.345 Y83.972 E948.37538
G0 F9000 X61.345 Y84.538
G1 F1500 X58.66 Y81.853 E948.5522
G0 F9000 X58.66 Y82.419
G1 F1500 X61.345 Y85.104 E948.72901
G0 F9000 X61.345 Y85.67
G1 F1500 X58.66 Y82.985 E948.90582
G0 F9000 X58.66 Y83.55
G1 F1500 X61.345 Y86.235 E949.08263
G0 F9000 X61.345 Y86.801
G1 F1500 X58.66 Y84.116 E949.25944
G0 F9000 X58.66 Y84.682
G1 F1500 X61.345 Y87.367 E949.43626
G0 F9000 X61.525 Y88.113
G1 F1500 X58.66 Y85.247 E949.62495
G0 F9000 X58.66 Y85.813
G1 F1500 X62.916 Y90.069 E949.90522
G0 F9000 X63.113 Y89.7
G1 F1500 X61.898 Y88.485 E949.98523
G0 F9000 X62.671 Y88.692
G1 F1500 X63.31 Y89.332 E950.02734
G0 F9000 X63.507 Y88.963
G1 F1500 X63.167 Y88.622 E950.04976
G0 F9000 X63.531 Y88.421
G1 F1500 X63.683 Y88.573 E950.05977
G0 F9000 X64.115 Y88.804
G0 X63.153 Y90.603
G0 X62.723 Y90.442
G1 F1500 X58.66 Y86.379 E950.32733
G0 F9000 X58.66 Y86.944
G1 F1500 X62.591 Y90.875 E950.58619
G0 F9000 X62.459 Y91.309
G1 F1500 X58.66 Y87.51 E950.83636
G0 F9000 X58.66 Y88.076
G1 F1500 X62.327 Y91.743 E951.07784
G0 F9000 X62.196 Y92.177
G1 F1500 X58.66 Y88.641 E951.31069
G0 F9000 X58.66 Y89.207
G1 F1500 X62.064 Y92.611 E951.53485
G0 F9000 X61.932 Y93.045
G1 F1500 X58.66 Y89.773 E951.75032
G0 F9000 X58.66 Y90.339
G1 F1500 X61.8 Y93.479 E951.95709
G0 F9000 X61.668 Y93.912
G1 F1500 X58.66 Y90.904 E952.15517
G0 F9000 X58.66 Y91.47
G1 F1500 X61.537 Y94.346 E952.3446
G0 F9000 X61.404 Y94.78
G1 F1500 X58.66 Y92.036 E952.52529
G0 F9000 X58.66 Y92.601
G1 F1500 X61.344 Y95.285 E952.70204
G0 F9000 X61.344 Y95.851
G1 F1500 X58.66 Y93.167 E952.87878
G0 F9000 X58.66 Y93.733
G1 F1500 X61.344 Y96.417 E953.05553
G0 F9000 X61.344 Y96.983
G1 F1500 X58.66 Y94.298 E953.23231
G0 F9000 X58.66 Y94.864
G1 F1500 X61.344 Y97.548 E953.40906
G0 F9000 X61.344 Y98.114
G1 F1500 X58.66 Y95.43 E953.5858
G0 F9000 X58.66 Y95.995
G1 F1500 X61.344 Y98.68 E953.76258
G0 F9000 X61.344 Y99.245
G1 F1500 X58.66 Y96.561 E953.93933
G0 F9000 X58.66 Y97.127
G1 F1500 X61.344 Y99.811 E954.11607
G0 F9000 X61.344 Y100.377
G1 F1500 X58.66 Y97.692 E954.29285
G0 F9000 X58.66 Y98.258
G1 F1500 X61.344 Y100.942 E954.4696
G0 F9000 X61.344 Y101.508
G1 F1500 X58.66 Y98.824 E954.64634
G0 F9000 X58.66 Y99.39
G1 F1500 X61.344 Y102.074 E954.82309
G0 F9000 X61.344 Y102.639
G1 F1500 X58.66 Y99.955 E954.99984
G0 F9000 X58.66 Y100.521
G1 F1500 X61.344 Y103.205 E955.17658
G0 F9000 X61.344 Y103.771
G1 F1500 X58.66 Y101.087 E955.35333
G0 F9000 X58.66 Y101.652
G1 F1500 X61.344 Y104.336 E955.53007
G0 F9000 X61.344 Y104.902
G1 F1500 X58.66 Y102.218 E955.70682
G0 F9000 X58.66 Y102.784
G1 F1500 X61.344 Y105.468 E955.88357
G0 F9000 X61.344 Y106.033
G1 F1500 X58.66 Y103.349 E956.06031
G0 F9000 X58.66 Y103.915
G1 F1500 X61.344 Y106.599 E956.23706
G0 F9000 X61.344 Y107.165
G1 F1500 X58.66 Y104.481 E956.4138
G0 F9000 X58.66 Y105.046
G1 F1500 X61.344 Y107.731 E956.59058
G0 F9000 X61.344 Y108.296
G1 F1500 X58.66 Y105.612 E956.76733
G0 F9000 X58.66 Y106.178
G1 F1500 X61.344 Y108.862 E956.94407
G0 F9000 X61.344 Y109.428
G1 F1500 X58.66 Y106.743 E957.12085
G0 F9000 X58.66 Y107.309
G1 F1500 X61.344 Y109.993 E957.2976
G0 F9000 X61.345 Y110.56
G1 F1500 X58.66 Y107.875 E957.47441
G0 F9000 X58.66 Y108.44
G1 F1500 X61.345 Y111.125 E957.65122
G0 F9000 X61.345 Y111.691
G1 F1500 X58.66 Y109.006 E957.82803
G0 F9000 X58.66 Y109.572
G1 F1500 X61.345 Y112.257 E958.00485
G0 F9000 X61.345 Y112.822
G1 F1500 X58.659 Y110.137 E958.18169
G0 F9000 X58.659 Y110.703
G1 F1500 X61.345 Y113.388 E958.35854
G0 F9000 X61.345 Y113.954
G1 F1500 X58.659 Y111.268 E958.53541
G0 F9000 X58.659 Y111.834
G1 F1500 X61.345 Y114.519 E958.71226
G0 F9000 X61.345 Y115.085
G1 F1500 X58.659 Y112.4 E958.8891
G0 F9000 X58.659 Y112.965
G1 F1500 X61.345 Y115.651 E959.06598
G0 F9000 X61.345 Y116.217
G1 F1500 X58.659 Y113.531 E959.24286
G0 F9000 X58.659 Y114.097
G1 F1500 X61.345 Y116.782 E959.4197
G0 F9000 X61.345 Y117.348
G1 F1500 X58.659 Y114.662 E959.59658
G0 F9000 X58.659 Y115.228
G1 F1500 X61.345 Y117.914 E959.77346
G0 F9000 X61.345 Y118.479
G1 F1500 X58.659 Y115.794 E959.9503
G0 F9000 X58.659 Y116.359
G1 F1500 X61.345 Y119.045 E960.12718
G0 F9000 X61.345 Y119.611
G1 F1500 X58.659 Y116.925 E960.30406
G0 F9000 X58.659 Y117.491
G1 F1500 X61.345 Y120.176 E960.4809
G0 F9000 X61.345 Y120.742
G1 F1500 X58.659 Y118.056 E960.65778
G0 F9000 X58.659 Y118.622
G1 F1500 X61.345 Y121.308 E960.83466
G0 F9000 X61.345 Y121.873
G1 F1500 X58.659 Y119.188 E961.0115
G0 F9000 X58.659 Y119.753
G1 F1500 X61.345 Y122.439 E961.18838
G0 F9000 X61.345 Y123.005
G1 F1500 X58.659 Y120.319 E961.36526
G0 F9000 X58.659 Y120.885
G1 F1500 X61.345 Y123.57 E961.5421
G0 F9000 X61.345 Y124.136
G1 F1500 X58.659 Y121.451 E961.71895
G0 F9000 X58.659 Y122.016
G1 F1500 X61.345 Y124.702 E961.89583
G0 F9000 X61.468 Y125.391
G1 F1500 X58.659 Y122.582 E962.0808
G0 F9000 X58.659 Y123.148
G1 F1500 X61.713 Y126.201 E962.28188
G0 F9000 X61.957 Y127.011
G1 F1500 X58.659 Y123.713 E962.49906
G0 F9000 X58.659 Y124.279
G1 F1500 X62.202 Y127.822 E962.73237
G0 F9000 X62.447 Y128.632
G1 F1500 X58.659 Y124.845 E962.98179
G0 F9000 X58.659 Y125.41
G1 F1500 X62.691 Y129.442 E963.2473
G0 F9000 X63.129 Y129.311
G0 X63.676 Y130.369
G0 X63.269 Y130.586
G1 F1500 X58.659 Y125.976 E963.55088
G0 F9000 X58.659 Y126.542
G1 F1500 X63.765 Y131.647 E963.88708
G0 F9000 X62.864 Y131.312
G1 F1500 X58.659 Y127.107 E964.16399
G0 F9000 X58.659 Y127.673
G1 F1500 X62.33 Y131.344 E964.40573
G0 F9000 X61.918 Y131.497
G1 F1500 X58.659 Y128.239 E964.62031
G0 F9000 X58.659 Y128.804
G1 F1500 X61.602 Y131.747 E964.81411
G0 F9000 X61.399 Y132.11
G1 F1500 X58.659 Y129.37 E964.99454
G0 F9000 X58.659 Y129.936
G1 F1500 X61.345 Y132.621 E965.17139
G0 F9000 X61.345 Y133.187
G1 F1500 X58.659 Y130.502 E965.34823
G0 F9000 X58.659 Y131.067
G1 F1500 X61.345 Y133.753 E965.52511
G0 F9000 X61.345 Y134.318
G1 F1500 X58.659 Y131.633 E965.70196
G0 F9000 X58.659 Y132.199
G1 F1500 X61.345 Y134.884 E965.8788
G0 F9000 X61.345 Y135.45
G1 F1500 X58.659 Y132.764 E966.05568
G0 F9000 X58.659 Y133.33
G1 F1500 X61.345 Y136.016 E966.23256
G0 F9000 X61.345 Y136.581
G1 F1500 X58.659 Y133.896 E966.4094
G0 F9000 X58.659 Y134.461
G1 F1500 X61.345 Y137.147 E966.58628
G0 F9000 X61.344 Y137.712
G1 F1500 X58.659 Y135.027 E966.76309
G0 F9000 X58.659 Y135.593
G1 F1500 X61.344 Y138.278 E966.9399
G0 F9000 X61.344 Y138.843
G1 F1500 X58.659 Y136.158 E967.11671
G0 F9000 X58.659 Y136.724
G1 F1500 X61.344 Y139.409 E967.29353
G0 F9000 X61.344 Y139.975
G1 F1500 X58.659 Y137.29 E967.47034
G0 F9000 X58.659 Y137.855
G1 F1500 X61.344 Y140.54 E967.64715
G0 F9000 X61.344 Y141.106
G1 F1500 X58.659 Y138.421 E967.82396
G0 F9000 X58.659 Y138.987
G1 F1500 X61.344 Y141.672 E968.00077
G0 F9000 X61.344 Y142.237
G1 F1500 X58.659 Y139.552 E968.17759
G0 F9000 X58.659 Y140.118
G1 F1500 X61.344 Y142.802 E968.35436
G0 F9000 X61.344 Y143.368
G1 F1500 X58.659 Y140.684 E968.53114
G0 F9000 X58.659 Y141.25
G1 F1500 X61.344 Y143.934 E968.70792
G0 F9000 X61.344 Y144.499
G1 F1500 X58.659 Y141.815 E968.8847
G0 F9000 X58.659 Y142.381
G1 F1500 X61.344 Y145.065 E969.06148
G0 F9000 X61.344 Y145.631
G1 F1500 X58.659 Y142.947 E969.23826
G0 F9000 X58.659 Y143.512
G1 F1500 X61.344 Y146.196 E969.41504
G0 F9000 X61.344 Y146.762
G1 F1500 X58.659 Y144.078 E969.59182
G0 F9000 X58.659 Y144.644
G1 F1500 X61.344 Y147.328 E969.7686
G0 F9000 X61.343 Y147.893
G1 F1500 X58.659 Y145.209 E969.94534
G0 F9000 X58.659 Y145.775
G1 F1500 X61.343 Y148.458 E970.12205
G0 F9000 X61.343 Y149.024
G1 F1500 X58.659 Y146.341 E970.29877
G0 F9000 X58.659 Y146.906
G1 F1500 X61.343 Y149.59 E970.47551
G0 F9000 X61.343 Y150.156
G1 F1500 X58.659 Y147.472 E970.65226
G0 F9000 X58.659 Y148.038
G1 F1500 X61.343 Y150.721 E970.82897
G0 F9000 X61.343 Y151.287
G1 F1500 X58.659 Y148.603 E971.00572
G0 F9000 X58.659 Y149.169
G1 F1500 X61.343 Y151.853 E971.18246
G0 F9000 X61.343 Y152.418
G1 F1500 X58.659 Y149.735 E971.35918
G0 F9000 X58.659 Y150.3
G1 F1500 X61.342 Y152.983 E971.53586
G0 F9000 X61.342 Y153.549
G1 F1500 X58.659 Y150.866 E971.71254
G0 F9000 X58.659 Y151.432
G1 F1500 X61.342 Y154.115 E971.88922
G0 F9000 X61.342 Y154.68
G1 F1500 X58.659 Y151.998 E972.06587
G0 F9000 X58.659 Y152.563
G1 F1500 X61.342 Y155.246 E972.24255
G0 F9000 X61.342 Y155.812
G1 F1500 X58.659 Y153.129 E972.41923
G0 F9000 X58.659 Y153.695
G1 F1500 X61.342 Y156.377 E972.59587
G0 F9000 X61.342 Y156.943
G1 F1500 X58.659 Y154.26 E972.77255
G0 F9000 X58.659 Y154.826
G1 F1500 X61.342 Y157.509 E972.94923
G1 F1500 E966.44923
G0 F9000 X61.799 Y157.494
G0 X62.07 Y156.279
G0 X81.783 Y152.224
G0 X130.662 Y156.684
G1 F1500 E972.94923
G1 X131.301 Y157.323 E972.99131
G0 F9000 X131.37 Y156.826
G1 F1500 X131.031 Y156.487 E973.01364
G0 F9000 X131.431 Y156.322
G1 F1500 X131.563 Y156.453 E973.0223
G1 F1500 E966.5223
G0 F9000 X131.971 Y156.748
G0 X137.219 Y153.784
G0 X136.617 Y152.66
G0 X88.962 Y63.506
G1 F1500 E973.0223
G1 X88.622 Y63.166 E973.04469
G0 F9000 X88.43 Y63.54
G1 F1500 X88.562 Y63.672 E973.05338
G0 F9000 X89.331 Y63.309
G1 F1500 X88.691 Y62.669 E973.09552
G1 F1500 E966.59552
;MESH:NONMESH
G0 F300 X88.691 Y62.669 Z1.12
G0 F9000 X88.272 Y62.892
G0 X81.257 Y66.984
G0 X73.417 Y73.417
G0 X66.984 Y81.258
G0 X62.925 Y88.316
G0 X62.606 Y88.144
;TIME_ELAPSED:1222.710277
;LAYER:3
M106 S255
;TYPE:WALL-INNER
;MESH:tmpek4p4esk10x10x.5Doubled.stl
G1 F1500 E973.09552
G1 X62.299 Y88.066 E973.11027
G1 X62.031 Y87.875 E973.1256
G1 X61.935 Y87.704 E973.13473
G1 X61.9 Y87.5 E973.14437
G1 X61.9 Y62.388 E974.31369
G1 X61.984 Y62.192 E974.32361
G1 X62.192 Y61.984 E974.33731
G1 X62.5 Y61.9 E974.35218
G1 X87.5 Y61.9 E975.51628
G1 X87.705 Y61.935 E975.52597
G1 X87.875 Y62.031 E975.53506
G1 X88.066 Y62.299 E975.55038
G1 X88.144 Y62.606 E975.56513
G1 X88.126 Y62.949 E975.58112
G1 X87.919 Y63.238 E975.59768
G1 X81.168 Y66.85 E975.9542
G1 X73.303 Y73.303 E976.42792
G1 X66.85 Y81.168 E976.90164
G1 X63.235 Y87.922 E977.25835
G1 X62.95 Y88.126 E977.27467
G1 X62.606 Y88.144 E977.29071
G1 F1500 E970.79071
G0 F9000 X62.925 Y88.316
G0 X64.574 Y85.104
G0 X63.011 Y157.93
G0 X87.5 Y158.1
G1 F1500 E977.29071
G1 X62.388 Y158.1 E978.46003
G1 X62.192 Y158.016 E978.46995
G1 X61.984 Y157.808 E978.48365
G1 X61.9 Y157.5 E978.49852
G1 X61.9 Y132.496 E979.66281
G1 X61.935 Y132.291 E979.67249
G1 X62.031 Y132.121 E979.68158
G1 X62.299 Y131.93 E979.69691
G1 X62.606 Y131.852 E979.71166
G1 X62.949 Y131.87 E979.72765
G1 X63.277 Y132.153 E979.74782
G1 X66.85 Y138.828 E980.10037
G1 X73.303 Y146.693 E980.57409
G1 X81.167 Y153.151 E981.04792
G1 X87.844 Y156.718 E981.40041
G1 X88.125 Y157.045 E981.42049
G1 X88.144 Y157.388 E981.43648
G1 X88.044 Y157.787 E981.45564
G1 X87.875 Y157.969 E981.4672
G1 X87.705 Y158.065 E981.47629
G1 X87.5 Y158.1 E981.48598
G1 F1500 E974.98598
G0 F9000 X84.134 Y157.95
G0 X90.572 Y156.917
G0 X110 Y158.1
G1 F1500 E981.48598
G1 X95.079 Y158.1 E982.18076
G1 X90.639 Y156.749 E982.39686
G1 X81.888 Y152.077 E982.85878
G1 X74.219 Y145.777 E983.32093
G1 X67.927 Y138.112 E983.78269
G1 X63.246 Y129.363 E984.24473
G1 X61.9 Y124.898 E984.46188
G1 X61.9 Y95.08 E985.85033
G1 X63.247 Y90.64 E986.06638
G1 X67.921 Y81.887 E986.52842
G1 X74.219 Y74.219 E986.99047
G1 X81.884 Y67.927 E987.45224
G1 X90.633 Y63.246 E987.91427
G1 X95.098 Y61.9 E988.13142
G1 X124.916 Y61.9 E989.51987
G1 X129.356 Y63.247 E989.73592
G1 X138.112 Y67.927 E990.19822
G1 X145.777 Y74.219 E990.65999
G1 X152.073 Y81.884 E991.12187
G1 X156.75 Y90.634 E991.58386
G1 X158.1 Y95.079 E991.80017
G1 X158.1 Y124.902 E993.18886
G1 X156.749 Y129.357 E993.40563
G1 X152.073 Y138.112 E993.8678
G1 X145.777 Y145.777 E994.32968
G1 X138.112 Y152.073 E994.79157
G1 X129.362 Y156.75 E995.25355
G1 X124.898 Y158.1 E995.47071
G1 X110 Y158.1 E996.16443
G1 F1500 E989.66443
G0 F9000 X110 Y161.7
G0 X110 Y161.9
G1 F1500 E996.16443
G1 X161.9 Y161.9 E998.58111
G1 X161.9 Y58.1 E1003.41447
G1 X58.1 Y58.1 E1008.24783
G1 X58.1 Y161.9 E1013.0812
G1 X110 Y161.9 E1015.49788
G1 F1500 E1008.99788
G0 F9000 X132.496 Y161.7
G0 X135.488 Y157.95
G0 X132.496 Y158.1
G1 F1500 E1015.49788
G1 X132.291 Y158.065 E1015.50756
G1 X132.12 Y157.969 E1015.51669
G1 X131.931 Y157.722 E1015.53118
G1 X131.852 Y157.388 E1015.54716
G1 X131.871 Y157.045 E1015.56315
G1 X132.078 Y156.758 E1015.57963
G1 X138.828 Y153.15 E1015.93602
G1 X146.693 Y146.693 E1016.40986
G1 X153.15 Y138.828 E1016.8837
G1 X156.718 Y132.153 E1017.23613
G1 X157.045 Y131.871 E1017.25624
G1 X157.388 Y131.852 E1017.27223
G1 X157.7 Y131.93 E1017.28721
G1 X157.969 Y132.12 E1017.30254
G1 X158.065 Y132.291 E1017.31168
G1 X158.1 Y132.496 E1017.32136
G1 X158.1 Y157.612 E1018.49087
G1 X158.016 Y157.808 E1018.50079
G1 X157.808 Y158.016 E1018.51449
G1 X157.612 Y158.1 E1018.52442
G1 X132.496 Y158.1 E1019.69393
G1 F1500 E1013.19393
G0 F9000 X157.072 Y157.93
G0 X155.871 Y85.939
G0 X157.388 Y88.144
G1 F1500 E1019.69393
G1 X157.045 Y88.125 E1019.70992
G1 X156.758 Y87.918 E1019.7264
G1 X153.15 Y81.168 E1020.08279
G1 X146.693 Y73.303 E1020.55663
G1 X138.828 Y66.85 E1021.03035
G1 X132.152 Y63.278 E1021.38291
G1 X131.87 Y62.95 E1021.40305
G1 X131.852 Y62.606 E1021.41909
G1 X131.93 Y62.299 E1021.43384
G1 X132.121 Y62.031 E1021.44917
G1 X132.292 Y61.935 E1021.4583
G1 X132.496 Y61.9 E1021.46794
G1 X157.612 Y61.9 E1022.63744
G1 X157.808 Y61.984 E1022.64737
G1 X158.016 Y62.191 E1022.66104
G1 X158.1 Y62.5 E1022.67595
G1 X158.1 Y87.574 E1023.8435
G1 X157.969 Y87.875 E1023.85878
G1 X157.7 Y88.066 E1023.87414
G1 X157.388 Y88.144 E1023.88912
G0 F9000 X157.216 Y87.775
;TYPE:WALL-OUTER
G1 F1500 X157.09 Y87.684 E1023.89636
G1 X153.484 Y80.944 E1024.25229
G1 X146.977 Y73.019 E1024.72977
G1 X139.052 Y66.516 E1025.20712
G1 X132.341 Y62.925 E1025.56154
G1 X132.247 Y62.816 E1025.56824
G1 X132.241 Y62.7 E1025.57365
G1 X132.315 Y62.413 E1025.58745
G1 X132.448 Y62.3 E1025.59558
G1 X157.539 Y62.3 E1026.76392
G1 X157.7 Y62.461 E1026.77452
G1 X157.698 Y87.535 E1027.94207
G1 X157.587 Y87.681 E1027.95061
G1 X157.216 Y87.775 E1027.96843
G1 F1500 E1021.46843
G0 F9000 X156.88 Y87.954
G0 X155.871 Y85.939
G0 X156.984 Y157.93
G0 X132.441 Y157.7
G1 F1500 E1027.96843
G1 X132.314 Y157.601 E1027.97593
G1 X132.222 Y157.215 E1027.99441
G1 X132.312 Y157.09 E1028.00158
G1 X139.052 Y153.484 E1028.35752
G1 X146.977 Y146.977 E1028.83499
G1 X153.484 Y139.052 E1029.31247
G1 X157.071 Y132.341 E1029.6668
G1 X157.18 Y132.247 E1029.6735
G1 X157.295 Y132.241 E1029.67886
G1 X157.587 Y132.315 E1029.69289
G1 X157.7 Y132.447 E1029.70098
G1 X157.698 Y157.584 E1030.87146
G1 X157.539 Y157.7 E1030.88063
G1 X132.441 Y157.7 E1032.0493
G1 F1500 E1025.5493
G0 F9000 X132.441 Y158.01
G0 X135.488 Y157.95
G0 X129.424 Y156.917
G0 X110 Y157.7
G1 F1500 E1032.0493
G1 X95.139 Y157.7 E1032.74129
G1 X90.769 Y156.369 E1032.954
G1 X82.125 Y151.749 E1033.41038
G1 X74.502 Y145.494 E1033.86954
G1 X68.261 Y137.891 E1034.32757
G1 X63.627 Y129.227 E1034.78508
G1 X62.303 Y124.859 E1034.99761
G1 X62.3 Y95.14 E1036.38145
G1 X63.618 Y90.789 E1036.59315
G1 X68.257 Y82.108 E1037.05147
G1 X74.502 Y74.502 E1037.50972
G1 X82.105 Y68.261 E1037.96775
G1 X90.769 Y63.627 E1038.42526
G1 X95.137 Y62.303 E1038.63779
G1 X124.856 Y62.3 E1040.02163
G1 X129.207 Y63.618 E1040.23332
G1 X137.875 Y68.251 E1040.69098
G1 X145.494 Y74.502 E1041.14987
G1 X151.739 Y82.105 E1041.60802
G1 X156.384 Y90.805 E1042.06725
G1 X157.7 Y95.139 E1042.27816
G1 X157.698 Y124.859 E1043.66205
G1 X156.369 Y129.227 E1043.87465
G1 X151.749 Y137.875 E1044.33119
G1 X145.494 Y145.494 E1044.79021
G1 X137.891 Y151.739 E1045.24835
G1 X129.191 Y156.384 E1045.70759
G1 X124.857 Y157.7 E1045.91849
G1 X110 Y157.7 E1046.6103
G1 F1500 E1040.1103
G0 F9000 X110 Y158.01
G0 X110 Y158.28
G0 X110 Y161.7
G0 X110 Y162.3
G1 F1500 E1046.6103
G1 X162.3 Y162.3 E1049.0456
G1 X162.3 Y57.7 E1053.91622
G1 X57.7 Y57.7 E1058.78683
G1 X57.7 Y162.3 E1063.65745
G1 X110 Y162.3 E1066.09275
G1 F1500 E1059.59275
G0 F9000 X110 Y161.99
G0 X87.55 Y161.7
G0 X84.134 Y157.95
G0 X87.55 Y157.7
G1 F1500 E1066.09275
G1 X62.461 Y157.7 E1067.261
G1 X62.3 Y157.539 E1067.27161
G1 X62.3 Y132.441 E1068.44027
G1 X62.4 Y132.314 E1068.4478
G1 X62.784 Y132.221 E1068.4662
G1 X62.925 Y132.341 E1068.47482
G1 X66.516 Y139.052 E1068.82924
G1 X73.019 Y146.977 E1069.30659
G1 X80.944 Y153.485 E1069.7841
G1 X87.655 Y157.071 E1070.1384
G1 X87.749 Y157.18 E1070.14511
G1 X87.755 Y157.295 E1070.15047
G1 X87.681 Y157.587 E1070.16449
G1 X87.55 Y157.7 E1070.17255
G1 F1500 E1063.67255
G0 F9000 X87.55 Y158.01
G0 X63.108 Y157.93
G0 X64.574 Y85.104
G0 X62.7 Y87.755
G1 F1500 E1070.17255
G1 X62.413 Y87.681 E1070.18635
G1 X62.3 Y87.548 E1070.19448
G1 X62.3 Y62.461 E1071.36263
G1 X62.461 Y62.3 E1071.37323
G1 X87.555 Y62.3 E1072.54172
G1 X87.682 Y62.4 E1072.54924
G1 X87.774 Y62.78 E1072.56745
G1 X87.684 Y62.906 E1072.57466
G1 X80.944 Y66.516 E1072.93068
G1 X73.019 Y73.019 E1073.40804
G1 X66.516 Y80.944 E1073.8854
G1 X62.906 Y87.684 E1074.24142
G1 X62.816 Y87.749 E1074.24659
G1 X62.7 Y87.755 E1074.252
G1 F1500 E1067.752
G0 F9000 X63.108 Y87.974
G0 X67.001 Y81.269
G0 X152.999 Y81.268
G0 X157.449 Y88.498
;TYPE:SKIN
G1 F1500 E1074.252
G1 X157.827 Y88.402 E1074.27016
G1 X158.042 Y88.289 E1074.28147
G1 X158.262 Y88.075 E1074.29576
G1 X158.458 Y87.729 E1074.31428
G1 X158.459 Y62.473 E1075.4903
G1 X158.431 Y62.261 E1075.50026
G1 X158.322 Y61.994 E1075.51369
G1 X158.034 Y61.706 E1075.53265
G1 X157.786 Y61.581 E1075.54559
G1 X157.519 Y61.541 E1075.55816
G1 X132.462 Y61.542 E1076.72492
G1 X132.167 Y61.592 E1076.73885
G1 X131.917 Y61.733 E1076.75221
G1 X131.702 Y61.951 E1076.76647
G1 X131.594 Y62.168 E1076.77776
G1 X131.494 Y62.542 E1076.79578
G1 X131.52 Y63.011 E1076.81766
G1 X131.568 Y63.131 E1076.82367
G1 F1357.5 X131.965 Y63.634 E1076.85664
G1 F1237.1 X138.592 Y67.179 E1077.28097
G1 F1239.7 X146.404 Y73.588 E1077.85029
G1 F1237.1 X152.813 Y81.392 E1078.42043
G1 F1229.5 X156.431 Y88.159 E1078.85635
G1 F1287.6 X156.926 Y88.469 E1078.88803
G1 F1421.8 X157.449 Y88.498 E1078.91377
G1 F1500 E1072.41377
G0 F9000 X157.108 Y88.272
G0 X155.871 Y85.939
G0 X156.984 Y157.93
G0 X132.462 Y158.458
G1 F1500 E1078.91377
G1 X157.523 Y158.459 E1080.08071
G1 X157.731 Y158.431 E1080.09048
G1 X158.006 Y158.318 E1080.10433
G1 X158.317 Y158.007 E1080.12481
G1 X158.43 Y157.739 E1080.13835
G1 X158.459 Y157.523 E1080.1485
G1 X158.458 Y132.457 E1081.31568
G1 X158.408 Y132.172 E1081.32915
G1 X158.262 Y131.916 E1081.34287
G1 X158.042 Y131.703 E1081.35713
G1 X157.845 Y131.598 E1081.36753
G1 X157.45 Y131.494 E1081.38655
G1 X156.981 Y131.52 E1081.40842
G1 X156.861 Y131.568 E1081.41444
G1 F1357.5 X156.358 Y131.969 E1081.44754
G1 F1239.7 X152.814 Y138.601 E1081.87121
G1 X146.403 Y146.403 E1082.44016
G1 F1237.1 X138.6 Y152.813 E1083.0103
G1 F1232 X131.833 Y156.431 E1083.44532
G1 F1287.6 X131.523 Y156.926 E1083.47701
G1 F1421.8 X131.494 Y157.449 E1083.50274
G1 F1500 X131.59 Y157.827 E1083.5209
G1 X131.703 Y158.042 E1083.53221
G1 X131.89 Y158.247 E1083.54513
G1 X132.172 Y158.408 E1083.56025
G1 X132.462 Y158.458 E1083.57395
G1 F1500 E1077.07395
G0 F9000 X132.506 Y158.201
G0 X135.488 Y157.95
G0 X131.831 Y161.7
G0 X110 Y161.54
G1 F1500 E1083.57395
G1 X58.46 Y161.54 E1085.97387
G1 X58.461 Y58.461 E1090.77366
G1 X161.54 Y58.46 E1095.57345
G1 X161.54 Y161.54 E1100.37329
G1 X110 Y161.54 E1102.77321
G1 F1500 E1096.27321
G0 F9000 X110 Y161.8
G0 X110 Y158.28
G0 X110 Y158.458
G1 F1500 E1102.77321
G1 X124.971 Y158.458 E1103.47032
G1 X129.511 Y157.073 E1103.69134
G1 X131.029 Y156.261 E1103.7715
G1 F1351.4 X131.568 Y156.023 E1103.80195
G1 F1232 X138.333 Y152.408 E1104.2368
G1 F1237.1 X146.058 Y146.062 E1104.80124
G1 F1239.7 X152.412 Y138.329 E1105.36515
G1 X155.931 Y131.74 E1105.78602
G1 F1287.6 X155.998 Y131.573 E1105.79578
G1 F1418.4 X156.24 Y131.072 E1105.82318
G1 F1500 X157.073 Y129.511 E1105.90557
G1 X158.458 Y124.955 E1106.1273
G1 X158.458 Y95.14 E1107.51561
G1 X158.416 Y94.889 E1107.52746
G1 X157.073 Y90.481 E1107.74203
G1 X156.261 Y88.963 E1107.8222
G1 F1351.4 X156.023 Y88.424 E1107.85265
G1 F1229.5 X152.407 Y81.662 E1108.28826
G1 F1237.1 X146.062 Y73.932 E1108.85289
G1 F1239.7 X138.329 Y67.586 E1109.41651
G1 F1237.1 X131.736 Y64.062 E1109.83859
G1 F1287.6 X131.566 Y63.994 E1109.84852
G1 F1418.4 X131.067 Y63.753 E1109.87581
G1 F1500 X129.507 Y62.919 E1109.95817
G1 X125.103 Y61.58 E1110.17251
G1 X124.82 Y61.54 E1110.18582
G1 X95.041 Y61.542 E1111.57246
G1 X90.485 Y62.919 E1111.79408
G1 X88.974 Y63.727 E1111.87387
G1 F1351.4 X88.428 Y63.969 E1111.90474
G1 F1232 X81.663 Y67.586 E1112.33963
G1 F1239.7 X73.929 Y73.929 E1112.9032
G1 X67.586 Y81.663 E1113.46676
G1 F1234.6 X64.007 Y88.357 E1113.89621
G1 F1298.7 X63.923 Y88.567 E1113.90837
G1 F1435.4 X63.73 Y88.968 E1113.93003
G1 F1500 X62.919 Y90.485 E1114.01012
G1 X61.58 Y94.889 E1114.22446
G1 X61.54 Y95.172 E1114.23777
G1 X61.542 Y124.951 E1115.62441
G1 X62.914 Y129.497 E1115.84552
G1 X63.754 Y131.068 E1115.92847
G1 F1348.3 X64.022 Y131.664 E1115.96232
G1 F1229.5 X67.586 Y138.329 E1116.39168
G1 F1239.7 X73.929 Y146.063 E1116.95525
G1 F1242.2 X81.659 Y152.41 E1117.51761
G1 F1239.7 X88.254 Y155.932 E1117.93886
G1 F1293.1 X88.424 Y156 E1117.94875
G1 F1421.8 X88.923 Y156.241 E1117.97597
G1 F1500 X90.497 Y157.081 E1118.05905
G1 X94.889 Y158.416 E1118.2728
G1 X95.14 Y158.458 E1118.28465
G1 X110 Y158.458 E1118.97659
G1 F1500 E1112.47659
G0 F9000 X110 Y158.2
G0 X95.105 Y157.949
G0 X90.572 Y156.917
G0 X84.134 Y157.95
G0 X87.5 Y158.46
G1 F1500 E1118.97659
G1 X87.822 Y158.407 E1118.99179
G1 X88.103 Y158.247 E1119.00684
G1 X88.29 Y158.045 E1119.01966
G1 X88.402 Y157.828 E1119.03103
G1 X88.498 Y157.449 E1119.04924
G1 X88.472 Y156.981 E1119.07106
G1 X88.424 Y156.861 E1119.07708
G1 F1357.5 X88.026 Y156.358 E1119.11008
G1 F1239.7 X81.391 Y152.814 E1119.5339
G1 F1242.2 X73.588 Y146.404 E1120.10169
G1 F1239.7 X67.179 Y138.592 E1120.67101
G1 F1229.5 X63.613 Y131.929 E1121.10033
G1 F1348.3 X63.131 Y131.568 E1121.13152
G1 F1500 X63.011 Y131.52 E1121.13754
G1 X62.54 Y131.494 E1121.1595
G1 X62.196 Y131.586 E1121.17609
G1 X61.951 Y131.702 E1121.18871
G1 X61.744 Y131.891 E1121.20176
G1 X61.591 Y132.171 E1121.21662
G1 X61.542 Y132.462 E1121.23036
G1 X61.541 Y157.677 E1122.40447
G1 X61.679 Y158.007 E1122.42113
G1 X61.962 Y158.29 E1122.43977
G1 X62.21 Y158.415 E1122.4527
G1 X62.473 Y158.459 E1122.46511
G1 X87.5 Y158.46 E1123.63048
G1 F1500 E1117.13048
G0 F9000 X87.492 Y158.201
G0 X62.891 Y157.93
G0 X64.574 Y85.104
G0 X62.537 Y88.498
G1 F1500 E1123.63048
G1 F1421.8 X63.069 Y88.469 E1123.65665
G1 F1290.3 X63.579 Y88.127 E1123.68989
G1 F1234.6 X67.179 Y81.4 E1124.12154
G1 F1239.7 X73.588 Y73.588 E1124.69086
G1 X81.4 Y67.179 E1125.26018
G1 F1232 X88.163 Y63.561 E1125.69501
G1 F1287.6 X88.469 Y63.062 E1125.72676
G1 F1421.8 X88.498 Y62.538 E1125.75254
G1 F1500 X88.362 Y62.026 E1125.77721
G1 X88.102 Y61.745 E1125.79503
G1 X87.822 Y61.591 E1125.80991
G1 X87.534 Y61.542 E1125.82352
G1 X62.319 Y61.541 E1126.99763
G1 X61.989 Y61.679 E1127.01429
G1 X61.706 Y61.962 E1127.03293
G1 X61.581 Y62.21 E1127.04586
G1 X61.541 Y62.477 E1127.05843
G1 X61.542 Y87.534 E1128.22519
G1 X61.593 Y87.827 E1128.23904
G1 X61.748 Y88.102 E1128.25374
G1 X61.951 Y88.29 E1128.26662
G1 X62.168 Y88.398 E1128.27791
G1 X62.537 Y88.498 E1128.29571
G1 F1500 E1121.79571
G0 F9000 X62.891 Y88.273
G0 X66.707 Y81.072
G0 X66.707 Y58.3
G0 X59.002 Y58.66
G1 F1500 E1128.29571
G1 X58.661 Y59.002 E1128.3182
G0 F9000 X58.661 Y59.567
G1 F1500 X59.568 Y58.66 E1128.37792
G0 F9000 X60.134 Y58.66
G1 F1500 X58.661 Y60.133 E1128.47492
G0 F9000 X58.661 Y60.699
G1 F1500 X60.699 Y58.66 E1128.60916
G0 F9000 X61.265 Y58.66
G1 F1500 X58.661 Y61.264 E1128.78064
G0 F9000 X58.661 Y61.83
G1 F1500 X61.831 Y58.66 E1128.98939
G0 F9000 X62.397 Y58.66
G1 F1500 X58.661 Y62.396 E1129.23541
G0 F9000 X58.661 Y62.961
G1 F1500 X62.962 Y58.66 E1129.51864
G0 F9000 X63.528 Y58.66
G1 F1500 X58.661 Y63.527 E1129.83914
G0 F9000 X58.661 Y64.093
G1 F1500 X64.094 Y58.66 E1130.19691
G0 F9000 X64.659 Y58.66
G1 F1500 X58.661 Y64.659 E1130.59192
G0 F9000 X58.661 Y65.224
G1 F1500 X61.342 Y62.543 E1130.76847
G0 F9000 X61.342 Y63.109
G1 F1500 X58.661 Y65.79 E1130.94502
G0 F9000 X58.661 Y66.356
G1 F1500 X61.342 Y63.674 E1131.1216
G0 F9000 X61.342 Y64.24
G1 F1500 X58.661 Y66.921 E1131.29815
G0 F9000 X58.661 Y67.487
G1 F1500 X61.342 Y64.806 E1131.4747
G0 F9000 X61.342 Y65.371
G1 F1500 X58.661 Y68.053 E1131.65128
G0 F9000 X58.661 Y68.618
G1 F1500 X61.342 Y65.937 E1131.82783
G0 F9000 X61.342 Y66.503
G1 F1500 X58.661 Y69.184 E1132.00438
G0 F9000 X58.661 Y69.75
G1 F1500 X61.342 Y67.068 E1132.18096
G0 F9000 X61.342 Y67.634
G1 F1500 X58.661 Y70.315 E1132.35751
G0 F9000 X58.661 Y70.881
G1 F1500 X61.342 Y68.2 E1132.53406
G0 F9000 X61.343 Y68.765
G1 F1500 X58.661 Y71.447 E1132.71067
G0 F9000 X58.661 Y72.012
G1 F1500 X61.343 Y69.33 E1132.88728
G0 F9000 X61.343 Y69.896
G1 F1500 X58.661 Y72.578 E1133.0639
G0 F9000 X58.661 Y73.144
G1 F1500 X61.343 Y70.462 E1133.24051
G0 F9000 X61.343 Y71.027
G1 F1500 X58.661 Y73.71 E1133.41716
G0 F9000 X58.661 Y74.275
G1 F1500 X61.343 Y71.593 E1133.59377
G0 F9000 X61.343 Y72.159
G1 F1500 X58.661 Y74.841 E1133.77039
G0 F9000 X58.661 Y75.407
G1 F1500 X61.343 Y72.725 E1133.947
G0 F9000 X61.343 Y73.29
G1 F1500 X58.661 Y75.972 E1134.12362
G0 F9000 X58.661 Y76.538
G1 F1500 X61.343 Y73.856 E1134.30023
G0 F9000 X61.343 Y74.422
G1 F1500 X58.661 Y77.104 E1134.47685
G0 F9000 X58.661 Y77.669
G1 F1500 X61.343 Y74.987 E1134.65346
G0 F9000 X61.344 Y75.552
G1 F1500 X58.661 Y78.235 E1134.83014
G0 F9000 X58.661 Y78.801
G1 F1500 X61.344 Y76.118 E1135.00682
G0 F9000 X61.344 Y76.684
G1 F1500 X58.661 Y79.366 E1135.18347
G0 F9000 X58.661 Y79.932
G1 F1500 X61.344 Y77.249 E1135.36015
G0 F9000 X61.344 Y77.815
G1 F1500 X58.661 Y80.498 E1135.53683
G0 F9000 X58.661 Y81.063
G1 F1500 X61.344 Y78.381 E1135.71347
G0 F9000 X61.344 Y78.946
G1 F1500 X58.661 Y81.629 E1135.89015
G0 F9000 X58.661 Y82.195
G1 F1500 X61.344 Y79.512 E1136.06683
G0 F9000 X61.344 Y80.078
G1 F1500 X58.661 Y82.76 E1136.24348
G0 F9000 X58.661 Y83.326
G1 F1500 X61.344 Y80.643 E1136.42016
G0 F9000 X61.344 Y81.209
G1 F1500 X58.661 Y83.892 E1136.59684
G0 F9000 X58.661 Y84.458
G1 F1500 X61.344 Y81.774 E1136.77356
G0 F9000 X61.344 Y82.34
G1 F1500 X58.661 Y85.023 E1136.95024
G0 F9000 X58.661 Y85.589
G1 F1500 X61.344 Y82.905 E1137.12695
G0 F9000 X61.344 Y83.471
G1 F1500 X58.661 Y86.155 E1137.30366
G0 F9000 X58.661 Y86.72
G1 F1500 X61.344 Y84.037 E1137.48034
G0 F9000 X61.344 Y84.602
G1 F1500 X58.661 Y87.286 E1137.65705
G0 F9000 X58.661 Y87.852
G1 F1500 X61.344 Y85.168 E1137.83377
G0 F9000 X61.344 Y85.734
G1 F1500 X58.661 Y88.417 E1138.01045
G0 F9000 X58.661 Y88.983
G1 F1500 X61.344 Y86.3 E1138.18713
G0 F9000 X61.344 Y86.865
G1 F1500 X58.661 Y89.549 E1138.36384
G0 F9000 X58.661 Y90.114
G1 F1500 X61.344 Y87.431 E1138.54052
G0 F9000 X61.418 Y87.923
G1 F1500 X58.661 Y90.68 E1138.72207
G0 F9000 X58.661 Y91.246
G1 F1500 X61.636 Y88.27 E1138.91802
G0 F9000 X61.957 Y88.515
G1 F1500 X58.661 Y91.811 E1139.13506
G0 F9000 X58.661 Y92.377
G1 F1500 X62.377 Y88.661 E1139.37977
G0 F9000 X62.927 Y88.677
G1 F1500 X58.661 Y92.943 E1139.66069
G0 F9000 X58.661 Y93.509
G1 F1500 X63.739 Y88.431 E1139.99509
G0 F9000 X64.186 Y88.671
G0 X63.608 Y89.754
G0 X63.2 Y89.535
G1 F1500 X58.661 Y94.074 E1140.29399
G0 F9000 X58.661 Y94.64
G1 F1500 X62.662 Y90.638 E1140.55749
G0 F9000 X62.416 Y91.451
G1 F1500 X58.661 Y95.206 E1140.80477
G0 F9000 X58.661 Y95.771
G1 F1500 X62.169 Y92.263 E1141.03577
G0 F9000 X61.922 Y93.076
G1 F1500 X58.661 Y96.337 E1141.25052
G0 F9000 X58.661 Y96.903
G1 F1500 X61.675 Y93.889 E1141.44899
G0 F9000 X61.428 Y94.701
G1 F1500 X58.661 Y97.468 E1141.63121
G0 F9000 X58.661 Y98.034
G1 F1500 X61.344 Y95.351 E1141.80789
G0 F9000 X61.344 Y95.917
G1 F1500 X58.661 Y98.6 E1141.98457
G0 F9000 X58.661 Y99.165
G1 F1500 X61.344 Y96.483 E1142.16121
G0 F9000 X61.344 Y97.048
G1 F1500 X58.661 Y99.731 E1142.33789
G0 F9000 X58.661 Y100.297
G1 F1500 X61.344 Y97.614 E1142.51457
G0 F9000 X61.344 Y98.18
G1 F1500 X58.661 Y100.862 E1142.69122
G0 F9000 X58.661 Y101.428
G1 F1500 X61.344 Y98.745 E1142.8679
G0 F9000 X61.344 Y99.311
G1 F1500 X58.661 Y101.994 E1143.04458
G0 F9000 X58.661 Y102.559
G1 F1500 X61.344 Y99.877 E1143.22123
G0 F9000 X61.344 Y100.442
G1 F1500 X58.661 Y103.125 E1143.39791
G0 F9000 X58.661 Y103.691
G1 F1500 X61.344 Y101.008 E1143.57459
G0 F9000 X61.344 Y101.574
G1 F1500 X58.661 Y104.257 E1143.75127
G0 F9000 X58.661 Y104.822
G1 F1500 X61.344 Y102.139 E1143.92795
G0 F9000 X61.344 Y102.705
G1 F1500 X58.661 Y105.388 E1144.10463
G0 F9000 X58.661 Y105.954
G1 F1500 X61.344 Y103.271 E1144.28131
G0 F9000 X61.344 Y103.837
G1 F1500 X58.661 Y106.519 E1144.45796
G0 F9000 X58.661 Y107.085
G1 F1500 X61.344 Y104.402 E1144.63464
G0 F9000 X61.344 Y104.968
G1 F1500 X58.661 Y107.651 E1144.81132
G0 F9000 X58.661 Y108.216
G1 F1500 X61.344 Y105.534 E1144.98796
G0 F9000 X61.344 Y106.099
G1 F1500 X58.661 Y108.782 E1145.16464
G0 F9000 X58.661 Y109.348
G1 F1500 X61.344 Y106.665 E1145.34132
G0 F9000 X61.344 Y107.231
G1 F1500 X58.661 Y109.913 E1145.51797
G0 F9000 X58.66 Y110.48
G1 F1500 X61.344 Y107.796 E1145.69472
G0 F9000 X61.344 Y108.362
G1 F1500 X58.66 Y111.045 E1145.87143
G0 F9000 X58.66 Y111.611
G1 F1500 X61.344 Y108.928 E1146.04814
G0 F9000 X61.344 Y109.493
G1 F1500 X58.66 Y112.177 E1146.22489
G0 F9000 X58.66 Y112.743
G1 F1500 X61.344 Y110.058 E1146.40167
G0 F9000 X61.344 Y110.624
G1 F1500 X58.66 Y113.308 E1146.57841
G0 F9000 X58.66 Y113.874
G1 F1500 X61.344 Y111.19 E1146.75516
G0 F9000 X61.344 Y111.755
G1 F1500 X58.66 Y114.44 E1146.93194
G0 F9000 X58.66 Y115.005
G1 F1500 X61.344 Y112.321 E1147.10868
G0 F9000 X61.344 Y112.887
G1 F1500 X58.66 Y115.571 E1147.28543
G0 F9000 X58.66 Y116.137
G1 F1500 X61.344 Y113.452 E1147.46221
G0 F9000 X61.344 Y114.018
G1 F1500 X58.66 Y116.702 E1147.63896
G0 F9000 X58.66 Y117.268
G1 F1500 X61.344 Y114.584 E1147.8157
G0 F9000 X61.344 Y115.15
G1 F1500 X58.66 Y117.834 E1147.99245
G0 F9000 X58.66 Y118.399
G1 F1500 X61.344 Y115.715 E1148.16919
G0 F9000 X61.344 Y116.281
G1 F1500 X58.66 Y118.965 E1148.34594
G0 F9000 X58.66 Y119.531
G1 F1500 X61.344 Y116.847 E1148.52269
G0 F9000 X61.344 Y117.412
G1 F1500 X58.66 Y120.096 E1148.69943
G0 F9000 X58.66 Y120.662
G1 F1500 X61.344 Y117.978 E1148.87618
G0 F9000 X61.344 Y118.544
G1 F1500 X58.66 Y121.228 E1149.05292
G0 F9000 X58.66 Y121.793
G1 F1500 X61.344 Y119.109 E1149.22967
G0 F9000 X61.344 Y119.675
G1 F1500 X58.66 Y122.359 E1149.40642
G0 F9000 X58.66 Y122.925
G1 F1500 X61.344 Y120.241 E1149.58316
G0 F9000 X61.344 Y120.806
G1 F1500 X58.66 Y123.491 E1149.75994
G0 F9000 X58.66 Y124.056
G1 F1500 X61.344 Y121.372 E1149.93669
G0 F9000 X61.344 Y121.938
G1 F1500 X58.66 Y124.622 E1150.11343
G0 F9000 X58.66 Y125.188
G1 F1500 X61.344 Y122.503 E1150.29021
G0 F9000 X61.344 Y123.069
G1 F1500 X58.66 Y125.753 E1150.46696
G0 F9000 X58.66 Y126.319
G1 F1500 X61.344 Y123.635 E1150.6437
G0 F9000 X61.344 Y124.2
G1 F1500 X58.66 Y126.885 E1150.82048
G0 F9000 X58.66 Y127.45
G1 F1500 X61.344 Y124.766 E1150.99723
G0 F9000 X61.425 Y125.251
G1 F1500 X58.66 Y128.016 E1151.17931
G0 F9000 X58.66 Y128.582
G1 F1500 X61.556 Y125.685 E1151.37005
G0 F9000 X61.687 Y126.12
G1 F1500 X58.66 Y129.147 E1151.56938
G0 F9000 X58.66 Y129.713
G1 F1500 X61.819 Y126.554 E1151.77741
G0 F9000 X61.95 Y126.989
G1 F1500 X58.66 Y130.279 E1151.99406
G0 F9000 X58.66 Y130.844
G1 F1500 X62.081 Y127.423 E1152.21934
G0 F9000 X62.212 Y127.858
G1 F1500 X58.66 Y131.41 E1152.45324
G0 F9000 X58.66 Y131.976
G1 F1500 X62.343 Y128.293 E1152.69577
G0 F9000 X62.475 Y128.727
G1 F1500 X58.66 Y132.542 E1152.947
G0 F9000 X58.66 Y133.107
G1 F1500 X62.606 Y129.162 E1153.20682
G0 F9000 X62.739 Y129.594
G1 F1500 X58.66 Y133.673 E1153.47542
G0 F9000 X58.66 Y134.239
G1 F1500 X62.936 Y129.963 E1153.75701
G0 F9000 X63.133 Y130.332
G1 F1500 X62.014 Y131.45 E1153.83066
G0 F9000 X62.726 Y131.304
G1 F1500 X63.33 Y130.7 E1153.87044
G0 F9000 X63.526 Y131.069
G1 F1500 X63.203 Y131.393 E1153.89174
G0 F9000 X63.552 Y131.61
G1 F1500 X63.695 Y131.467 E1153.90116
G1 F1500 E1147.40116
G0 F9000 X64.137 Y131.232
G0 X62.08 Y131.831
G0 X61.445 Y132.019
G1 F1500 E1153.90116
G1 X58.66 Y134.804 E1154.08455
G0 F9000 X58.66 Y135.37
G1 F1500 X61.344 Y132.686 E1154.2613
G0 F9000 X61.344 Y133.251
G1 F1500 X58.66 Y135.936 E1154.43808
G0 F9000 X58.66 Y136.501
G1 F1500 X61.344 Y133.817 E1154.61482
G0 F9000 X61.344 Y134.383
G1 F1500 X58.66 Y137.067 E1154.79157
G0 F9000 X58.66 Y137.633
G1 F1500 X61.344 Y134.949 E1154.96832
G0 F9000 X61.344 Y135.514
G1 F1500 X58.66 Y138.198 E1155.14506
G0 F9000 X58.66 Y138.764
G1 F1500 X61.344 Y136.08 E1155.32181
G0 F9000 X61.344 Y136.646
G1 F1500 X58.66 Y139.33 E1155.49855
G0 F9000 X58.66 Y139.895
G1 F1500 X61.344 Y137.211 E1155.6753
G0 F9000 X61.344 Y137.778
G1 F1500 X58.66 Y140.461 E1155.85201
G0 F9000 X58.66 Y141.027
G1 F1500 X61.344 Y138.343 E1156.02876
G0 F9000 X61.344 Y138.909
G1 F1500 X58.66 Y141.592 E1156.20547
G0 F9000 X58.66 Y142.158
G1 F1500 X61.344 Y139.475 E1156.38219
G0 F9000 X61.344 Y140.04
G1 F1500 X58.66 Y142.724 E1156.55893
G0 F9000 X58.66 Y143.29
G1 F1500 X61.344 Y140.606 E1156.73568
G0 F9000 X61.344 Y141.172
G1 F1500 X58.66 Y143.855 E1156.91239
G0 F9000 X58.66 Y144.421
G1 F1500 X61.344 Y141.737 E1157.08914
G0 F9000 X61.344 Y142.303
G1 F1500 X58.66 Y144.987 E1157.26588
G0 F9000 X58.66 Y145.552
G1 F1500 X61.343 Y142.87 E1157.44253
G0 F9000 X61.343 Y143.435
G1 F1500 X58.66 Y146.118 E1157.61921
G0 F9000 X58.66 Y146.684
G1 F1500 X61.343 Y144.001 E1157.79589
G0 F9000 X61.343 Y144.567
G1 F1500 X58.66 Y147.249 E1157.97254
G0 F9000 X58.66 Y147.815
G1 F1500 X61.343 Y145.132 E1158.14922
G0 F9000 X61.343 Y145.698
G1 F1500 X58.66 Y148.381 E1158.3259
G0 F9000 X58.66 Y148.946
G1 F1500 X61.343 Y146.264 E1158.50254
G0 F9000 X61.343 Y146.829
G1 F1500 X58.66 Y149.512 E1158.67922
G0 F9000 X58.66 Y150.078
G1 F1500 X61.343 Y147.395 E1158.8559
G0 F9000 X61.342 Y147.961
G1 F1500 X58.66 Y150.643 E1159.03252
G0 F9000 X58.66 Y151.209
G1 F1500 X61.342 Y148.527 E1159.20913
G0 F9000 X61.342 Y149.093
G1 F1500 X58.66 Y151.775 E1159.38575
G0 F9000 X58.66 Y152.34
G1 F1500 X61.342 Y149.658 E1159.56236
G0 F9000 X61.342 Y150.224
G1 F1500 X58.66 Y152.906 E1159.73898
G0 F9000 X58.66 Y153.472
G1 F1500 X61.342 Y150.79 E1159.91559
G0 F9000 X61.342 Y151.355
G1 F1500 X58.66 Y154.038 E1160.09224
G0 F9000 X58.66 Y154.603
G1 F1500 X61.342 Y151.921 E1160.26885
G0 F9000 X61.342 Y152.487
G1 F1500 X58.66 Y155.169 E1160.44547
G0 F9000 X58.66 Y155.735
G1 F1500 X61.342 Y153.053 E1160.62208
G0 F9000 X61.342 Y153.619
G1 F1500 X58.66 Y156.3 E1160.79866
G0 F9000 X58.66 Y156.866
G1 F1500 X61.342 Y154.185 E1160.97524
G0 F9000 X61.342 Y154.75
G1 F1500 X58.66 Y157.432 E1161.15186
G0 F9000 X58.66 Y157.997
G1 F1500 X61.342 Y155.316 E1161.32844
G0 F9000 X61.342 Y155.882
G1 F1500 X58.66 Y158.563 E1161.50502
G0 F9000 X58.66 Y159.129
G1 F1500 X61.342 Y156.447 E1161.68163
G0 F9000 X61.342 Y157.013
G1 F1500 X58.66 Y159.694 E1161.85822
G0 F9000 X58.66 Y160.26
G1 F1500 X61.345 Y157.575 E1162.03503
G0 F9000 X61.467 Y158.019
G1 F1500 X58.66 Y160.826 E1162.21987
G0 F9000 X58.712 Y161.34
G1 F1500 X61.721 Y158.331 E1162.41802
G0 F9000 X62.058 Y158.56
G1 F1500 X59.277 Y161.34 E1162.60112
G0 F9000 X59.843 Y161.34
G1 F1500 X62.527 Y158.656 E1162.77787
G0 F9000 X63.092 Y158.656
G1 F1500 X60.409 Y161.34 E1162.95458
G0 F9000 X60.975 Y161.34
G1 F1500 X63.658 Y158.656 E1163.13129
G0 F9000 X64.224 Y158.656
G1 F1500 X61.54 Y161.34 E1163.30804
G0 F9000 X62.106 Y161.34
G1 F1500 X64.789 Y158.656 E1163.48475
G0 F9000 X65.355 Y158.656
G1 F1500 X62.672 Y161.34 E1163.66147
G0 F9000 X63.237 Y161.34
G1 F1500 X65.921 Y158.656 E1163.83821
G0 F9000 X66.486 Y158.656
G1 F1500 X63.803 Y161.34 E1164.01493
G0 F9000 X64.369 Y161.34
G1 F1500 X67.051 Y158.657 E1164.19157
G0 F9000 X67.617 Y158.657
G1 F1500 X64.934 Y161.34 E1164.36825
G0 F9000 X65.5 Y161.34
G1 F1500 X68.183 Y158.657 E1164.54493
G0 F9000 X68.748 Y158.657
G1 F1500 X66.066 Y161.34 E1164.72158
G0 F9000 X66.631 Y161.34
G1 F1500 X69.314 Y158.657 E1164.89826
G0 F9000 X69.88 Y158.657
G1 F1500 X67.197 Y161.34 E1165.07494
G0 F9000 X67.763 Y161.34
G1 F1500 X70.446 Y158.657 E1165.25162
G0 F9000 X71.01 Y158.658
G1 F1500 X68.328 Y161.34 E1165.42823
G0 F9000 X68.894 Y161.34
G1 F1500 X71.576 Y158.658 E1165.60485
G0 F9000 X72.142 Y158.658
G1 F1500 X69.46 Y161.34 E1165.78146
G0 F9000 X70.025 Y161.34
G1 F1500 X72.708 Y158.658 E1165.95811
G0 F9000 X73.273 Y158.658
G1 F1500 X70.591 Y161.34 E1166.13472
G0 F9000 X71.157 Y161.34
G1 F1500 X73.839 Y158.658 E1166.31134
G0 F9000 X74.405 Y158.658
G1 F1500 X71.723 Y161.34 E1166.48795
G0 F9000 X72.288 Y161.34
G1 F1500 X74.97 Y158.658 E1166.66457
G0 F9000 X75.535 Y158.658
G1 F1500 X72.854 Y161.34 E1166.84115
G0 F9000 X73.42 Y161.34
G1 F1500 X76.101 Y158.658 E1167.01773
G0 F9000 X76.667 Y158.658
G1 F1500 X73.985 Y161.34 E1167.19434
G0 F9000 X74.551 Y161.34
G1 F1500 X77.232 Y158.658 E1167.37093
G0 F9000 X77.798 Y158.658
G1 F1500 X75.117 Y161.34 E1167.54751
G0 F9000 X75.682 Y161.34
G1 F1500 X78.364 Y158.658 E1167.72412
G0 F9000 X78.929 Y158.658
G1 F1500 X76.248 Y161.34 E1167.9007
G0 F9000 X76.814 Y161.34
G1 F1500 X79.494 Y158.659 E1168.07722
G0 F9000 X80.06 Y158.659
G1 F1500 X77.379 Y161.34 E1168.25377
G0 F9000 X77.945 Y161.34
G1 F1500 X80.626 Y158.659 E1168.43032
G0 F9000 X81.191 Y158.659
G1 F1500 X78.511 Y161.34 E1168.60683
G0 F9000 X79.076 Y161.34
G1 F1500 X81.757 Y158.659 E1168.78338
G0 F9000 X82.323 Y158.659
G1 F1500 X79.642 Y161.34 E1168.95993
G0 F9000 X80.208 Y161.34
G1 F1500 X82.888 Y158.659 E1169.13644
G0 F9000 X83.454 Y158.659
G1 F1500 X80.774 Y161.34 E1169.31296
G0 F9000 X81.339 Y161.34
G1 F1500 X84.02 Y158.659 E1169.48951
G0 F9000 X84.586 Y158.659
G1 F1500 X81.905 Y161.34 E1169.66606
G0 F9000 X82.471 Y161.34
G1 F1500 X85.151 Y158.659 E1169.84257
G0 F9000 X85.717 Y158.659
G1 F1500 X83.036 Y161.34 E1170.01912
G0 F9000 X83.602 Y161.34
G1 F1500 X86.283 Y158.659 E1170.19567
G0 F9000 X86.848 Y158.659
G1 F1500 X84.168 Y161.34 E1170.37218
G0 F9000 X84.733 Y161.34
G1 F1500 X87.414 Y158.659 E1170.54873
G1 F1500 E1164.04873
G0 F9000 X87.414 Y158.2
G0 X88.165 Y157.92
G0 X88.316 Y157.177
G0 X88.695 Y157.379
G1 F1500 E1170.54873
G1 X89.369 Y156.704 E1170.59315
G0 F9000 X89.738 Y156.901
G1 F1500 X85.299 Y161.34 E1170.88546
G0 F9000 X85.865 Y161.34
G1 F1500 X90.107 Y157.098 E1171.16481
G0 F9000 X90.486 Y157.285
G1 F1500 X86.43 Y161.34 E1171.43187
G0 F9000 X86.996 Y161.34
G1 F1500 X90.92 Y157.416 E1171.69027
G0 F9000 X91.354 Y157.548
G1 F1500 X87.562 Y161.34 E1171.93998
G0 F9000 X88.127 Y161.34
G1 F1500 X91.787 Y157.68 E1172.181
G0 F9000 X92.222 Y157.811
G1 F1500 X88.693 Y161.34 E1172.41339
G0 F9000 X89.259 Y161.34
G1 F1500 X92.656 Y157.943 E1172.63709
G0 F9000 X93.09 Y158.074
G1 F1500 X89.824 Y161.34 E1172.85216
G0 F9000 X90.39 Y161.34
G1 F1500 X93.523 Y158.207 E1173.05847
G0 F9000 X93.958 Y158.338
G1 F1500 X90.956 Y161.34 E1173.25616
G0 F9000 X91.522 Y161.34
G1 F1500 X94.392 Y158.47 E1173.44515
G0 F9000 X94.826 Y158.601
G1 F1500 X92.087 Y161.34 E1173.62552
G0 F9000 X92.653 Y161.34
G1 F1500 X95.334 Y158.659 E1173.80207
G0 F9000 X95.899 Y158.659
G1 F1500 X93.219 Y161.34 E1173.97858
G0 F9000 X93.784 Y161.34
G1 F1500 X96.465 Y158.659 E1174.15513
G0 F9000 X97.031 Y158.659
G1 F1500 X94.35 Y161.34 E1174.33168
G0 F9000 X94.916 Y161.34
G1 F1500 X97.596 Y158.659 E1174.5082
G0 F9000 X98.162 Y158.659
G1 F1500 X95.481 Y161.34 E1174.68475
G0 F9000 X96.047 Y161.34
G1 F1500 X98.728 Y158.659 E1174.86129
G0 F9000 X99.293 Y158.659
G1 F1500 X96.613 Y161.34 E1175.03781
G0 F9000 X97.178 Y161.34
G1 F1500 X99.86 Y158.658 E1175.21442
G0 F9000 X100.425 Y158.658
G1 F1500 X97.744 Y161.34 E1175.39101
G0 F9000 X98.31 Y161.34
G1 F1500 X100.991 Y158.658 E1175.56759
G0 F9000 X101.557 Y158.658
G1 F1500 X98.875 Y161.34 E1175.7442
G0 F9000 X99.441 Y161.34
G1 F1500 X102.122 Y158.658 E1175.92078
G0 F9000 X102.688 Y158.658
G1 F1500 X100.007 Y161.34 E1176.09736
G0 F9000 X100.573 Y161.34
G1 F1500 X103.254 Y158.658 E1176.27394
G0 F9000 X103.82 Y158.658
G1 F1500 X101.138 Y161.34 E1176.45056
G0 F9000 X101.704 Y161.34
G1 F1500 X104.386 Y158.658 E1176.62717
G0 F9000 X104.952 Y158.658
G1 F1500 X102.27 Y161.34 E1176.80379
G0 F9000 X102.835 Y161.34
G1 F1500 X105.517 Y158.658 E1176.9804
G0 F9000 X106.083 Y158.658
G1 F1500 X103.401 Y161.34 E1177.15702
G0 F9000 X103.967 Y161.34
G1 F1500 X106.649 Y158.658 E1177.33363
G0 F9000 X107.214 Y158.658
G1 F1500 X104.532 Y161.34 E1177.51024
G0 F9000 X105.098 Y161.34
G1 F1500 X107.78 Y158.658 E1177.68686
G0 F9000 X108.346 Y158.657
G1 F1500 X105.664 Y161.34 E1177.86351
G0 F9000 X106.229 Y161.34
G1 F1500 X108.912 Y158.657 E1178.04019
G0 F9000 X109.478 Y158.657
G1 F1500 X106.795 Y161.34 E1178.21687
G0 F9000 X107.361 Y161.34
G1 F1500 X110.043 Y158.657 E1178.39351
G0 F9000 X110.609 Y158.657
G1 F1500 X107.926 Y161.34 E1178.57019
G0 F9000 X108.492 Y161.34
G1 F1500 X111.175 Y158.657 E1178.74687
G0 F9000 X111.741 Y158.657
G1 F1500 X109.058 Y161.34 E1178.92355
G0 F9000 X109.623 Y161.34
G1 F1500 X112.307 Y158.656 E1179.1003
G0 F9000 X112.873 Y158.656
G1 F1500 X110.189 Y161.34 E1179.27705
G0 F9000 X110.755 Y161.34
G1 F1500 X113.438 Y158.656 E1179.45376
G0 F9000 X114.004 Y158.656
G1 F1500 X111.321 Y161.34 E1179.63047
G0 F9000 X111.886 Y161.34
G1 F1500 X114.57 Y158.656 E1179.80722
G0 F9000 X115.135 Y158.656
G1 F1500 X112.452 Y161.34 E1179.98393
G0 F9000 X113.018 Y161.34
G1 F1500 X115.701 Y158.656 E1180.16064
G0 F9000 X116.267 Y158.656
G1 F1500 X113.583 Y161.34 E1180.33739
G0 F9000 X114.149 Y161.34
G1 F1500 X116.833 Y158.656 E1180.51414
G0 F9000 X117.399 Y158.656
G1 F1500 X114.715 Y161.34 E1180.69088
G0 F9000 X115.28 Y161.34
G1 F1500 X117.965 Y158.656 E1180.86766
G0 F9000 X118.53 Y158.656
G1 F1500 X115.846 Y161.34 E1181.04441
G0 F9000 X116.412 Y161.34
G1 F1500 X119.096 Y158.656 E1181.22115
G0 F9000 X119.662 Y158.656
G1 F1500 X116.977 Y161.34 E1181.39793
G0 F9000 X117.543 Y161.34
G1 F1500 X120.227 Y158.656 E1181.57468
G0 F9000 X120.794 Y158.655
G1 F1500 X118.109 Y161.34 E1181.75149
G0 F9000 X118.674 Y161.34
G1 F1500 X121.359 Y158.655 E1181.9283
G0 F9000 X121.925 Y158.655
G1 F1500 X119.24 Y161.34 E1182.10511
G0 F9000 X119.806 Y161.34
G1 F1500 X122.491 Y158.655 E1182.28193
G0 F9000 X123.056 Y158.655
G1 F1500 X120.371 Y161.34 E1182.45874
G0 F9000 X120.937 Y161.34
G1 F1500 X123.622 Y158.655 E1182.63555
G0 F9000 X124.188 Y158.655
G1 F1500 X121.503 Y161.34 E1182.81236
G0 F9000 X122.069 Y161.34
G1 F1500 X124.753 Y158.655 E1182.98914
G0 F9000 X125.457 Y158.517
G1 F1500 X122.634 Y161.34 E1183.17504
G0 F9000 X123.2 Y161.34
G1 F1500 X126.269 Y158.27 E1183.37717
G0 F9000 X127.083 Y158.023
G1 F1500 X123.766 Y161.34 E1183.5956
G0 F9000 X124.331 Y161.34
G1 F1500 X127.896 Y157.775 E1183.83036
G0 F9000 X128.709 Y157.528
G1 F1500 X124.897 Y161.34 E1184.08139
G0 F9000 X125.463 Y161.34
G1 F1500 X129.522 Y157.28 E1184.34871
G0 F9000 X129.393 Y156.843
G0 X130.496 Y156.253
G0 X130.711 Y156.657
G1 F1500 X126.028 Y161.34 E1184.6571
G0 F9000 X126.594 Y161.34
G1 F1500 X131.666 Y156.268 E1184.9911
G0 F9000 X131.308 Y157.192
G1 F1500 X127.16 Y161.34 E1185.26425
G0 F9000 X127.725 Y161.34
G1 F1500 X131.355 Y157.71 E1185.50329
G0 F9000 X131.516 Y158.115
G1 F1500 X128.291 Y161.34 E1185.71566
G0 F9000 X128.857 Y161.34
G1 F1500 X131.781 Y158.415 E1185.90825
G0 F9000 X132.155 Y158.608
G1 F1500 X129.422 Y161.34 E1186.08819
G0 F9000 X129.988 Y161.34
G1 F1500 X132.673 Y158.655 E1186.265
G0 F9000 X133.239 Y158.655
G1 F1500 X130.554 Y161.34 E1186.44181
G0 F9000 X131.12 Y161.34
G1 F1500 X133.804 Y158.655 E1186.61859
G0 F9000 X134.37 Y158.655
G1 F1500 X131.685 Y161.34 E1186.7954
G0 F9000 X132.251 Y161.34
G1 F1500 X134.936 Y158.655 E1186.97221
G0 F9000 X135.501 Y158.655
G1 F1500 X132.817 Y161.34 E1187.14899
G0 F9000 X133.382 Y161.34
G1 F1500 X136.067 Y158.655 E1187.3258
G0 F9000 X136.633 Y158.655
G1 F1500 X133.948 Y161.34 E1187.50262
G0 F9000 X134.514 Y161.34
G1 F1500 X137.199 Y158.655 E1187.67943
G0 F9000 X137.764 Y158.655
G1 F1500 X135.079 Y161.34 E1187.85624
G0 F9000 X135.645 Y161.34
G1 F1500 X138.33 Y158.655 E1188.03305
G0 F9000 X138.896 Y158.655
G1 F1500 X136.211 Y161.34 E1188.20986
G0 F9000 X136.776 Y161.34
G1 F1500 X139.461 Y158.655 E1188.38668
G0 F9000 X140.027 Y158.655
G1 F1500 X137.342 Y161.34 E1188.56349
G0 F9000 X137.908 Y161.34
G1 F1500 X140.593 Y158.655 E1188.7403
G0 F9000 X141.158 Y158.656
G1 F1500 X138.473 Y161.34 E1188.91708
G0 F9000 X139.039 Y161.34
G1 F1500 X141.723 Y158.656 E1189.09382
G0 F9000 X142.289 Y158.656
G1 F1500 X139.605 Y161.34 E1189.27057
G0 F9000 X140.17 Y161.34
G1 F1500 X142.855 Y158.656 E1189.44735
G0 F9000 X143.42 Y158.656
G1 F1500 X140.736 Y161.34 E1189.62409
G0 F9000 X141.302 Y161.34
G1 F1500 X143.986 Y158.656 E1189.80084
G0 F9000 X144.552 Y158.656
G1 F1500 X141.868 Y161.34 E1189.97759
G0 F9000 X142.433 Y161.34
G1 F1500 X145.117 Y158.656 E1190.15433
G0 F9000 X145.683 Y158.656
G1 F1500 X142.999 Y161.34 E1190.33108
G0 F9000 X143.565 Y161.34
G1 F1500 X146.249 Y158.656 E1190.50782
G0 F9000 X146.814 Y158.656
G1 F1500 X144.13 Y161.34 E1190.68457
G0 F9000 X144.696 Y161.34
G1 F1500 X147.38 Y158.656 E1190.86132
G0 F9000 X147.946 Y158.656
G1 F1500 X145.262 Y161.34 E1191.03806
G0 F9000 X145.827 Y161.34
G1 F1500 X148.512 Y158.656 E1191.21484
G0 F9000 X149.077 Y158.656
G1 F1500 X146.393 Y161.34 E1191.39159
G0 F9000 X146.959 Y161.34
G1 F1500 X149.642 Y158.656 E1191.5683
G0 F9000 X150.208 Y158.656
G1 F1500 X147.524 Y161.34 E1191.74505
G0 F9000 X148.09 Y161.34
G1 F1500 X150.774 Y158.656 E1191.92179
G0 F9000 X151.339 Y158.656
G1 F1500 X148.656 Y161.34 E1192.09851
G0 F9000 X149.221 Y161.34
G1 F1500 X151.905 Y158.656 E1192.27525
G0 F9000 X152.471 Y158.656
G1 F1500 X149.787 Y161.34 E1192.452
G0 F9000 X150.353 Y161.34
G1 F1500 X153.036 Y158.656 E1192.62871
G0 F9000 X153.602 Y158.656
G1 F1500 X150.919 Y161.34 E1192.80542
G0 F9000 X151.484 Y161.34
G1 F1500 X154.168 Y158.656 E1192.98217
G0 F9000 X154.733 Y158.656
G1 F1500 X152.05 Y161.34 E1193.15888
G0 F9000 X152.616 Y161.34
G1 F1500 X155.299 Y158.656 E1193.3356
G0 F9000 X155.865 Y158.656
G1 F1500 X153.181 Y161.34 E1193.51234
G0 F9000 X153.747 Y161.34
G1 F1500 X156.43 Y158.656 E1193.68905
G0 F9000 X156.996 Y158.656
G1 F1500 X154.313 Y161.34 E1193.86577
G0 F9000 X154.878 Y161.34
G1 F1500 X157.563 Y158.655 E1194.04258
G0 F9000 X157.494 Y158.201
G0 X158.2 Y157.501
G0 X158.656 Y157.562
G1 F1500 X161.34 Y154.878 E1194.21933
G0 F9000 X161.34 Y154.313
G1 F1500 X158.657 Y156.995 E1194.39597
G0 F9000 X158.657 Y156.43
G1 F1500 X161.34 Y153.747 E1194.57265
G0 F9000 X161.34 Y153.181
G1 F1500 X158.657 Y155.864 E1194.74933
G0 F9000 X158.657 Y155.298
G1 F1500 X161.34 Y152.616 E1194.92598
G0 F9000 X161.34 Y152.05
G1 F1500 X158.657 Y154.733 E1195.10266
G0 F9000 X158.657 Y154.167
G1 F1500 X161.34 Y151.484 E1195.27934
G0 F9000 X161.34 Y150.919
G1 F1500 X158.657 Y153.601 E1195.45599
G0 F9000 X158.657 Y153.036
G1 F1500 X161.34 Y150.353 E1195.63267
G0 F9000 X161.34 Y149.787
G1 F1500 X158.657 Y152.47 E1195.80935
G0 F9000 X158.657 Y151.904
G1 F1500 X161.34 Y149.221 E1195.98603
G0 F9000 X161.34 Y148.656
G1 F1500 X158.657 Y151.339 E1196.16271
G0 F9000 X158.657 Y150.773
G1 F1500 X161.34 Y148.09 E1196.33939
G0 F9000 X161.34 Y147.524
G1 F1500 X158.657 Y150.207 E1196.51607
G0 F9000 X158.657 Y149.641
G1 F1500 X161.34 Y146.959 E1196.69272
G0 F9000 X161.34 Y146.393
G1 F1500 X158.656 Y149.076 E1196.86943
G0 F9000 X158.656 Y148.511
G1 F1500 X161.34 Y145.827 E1197.04617
G0 F9000 X161.34 Y145.262
G1 F1500 X158.656 Y147.945 E1197.22289
G0 F9000 X158.656 Y147.379
G1 F1500 X161.34 Y144.696 E1197.3996
G0 F9000 X161.34 Y144.13
G1 F1500 X158.656 Y146.814 E1197.57635
G0 F9000 X158.656 Y146.248
G1 F1500 X161.34 Y143.565 E1197.75306
G0 F9000 X161.34 Y142.999
G1 F1500 X158.656 Y145.682 E1197.92977
G0 F9000 X158.656 Y145.117
G1 F1500 X161.34 Y142.433 E1198.10652
G0 F9000 X161.34 Y141.868
G1 F1500 X158.656 Y144.551 E1198.28323
G0 F9000 X158.656 Y143.985
G1 F1500 X161.34 Y141.302 E1198.45995
G0 F9000 X161.34 Y140.736
G1 F1500 X158.656 Y143.42 E1198.63669
G0 F9000 X158.656 Y142.854
G1 F1500 X161.34 Y140.17 E1198.81344
G0 F9000 X161.34 Y139.605
G1 F1500 X158.656 Y142.288 E1198.99015
G0 F9000 X158.656 Y141.723
G1 F1500 X161.34 Y139.039 E1199.1669
G0 F9000 X161.34 Y138.473
G1 F1500 X158.656 Y141.157 E1199.34364
G0 F9000 X158.656 Y140.592
G1 F1500 X161.34 Y137.908 E1199.52039
G0 F9000 X161.34 Y137.342
G1 F1500 X158.656 Y140.026 E1199.69713
G0 F9000 X158.656 Y139.461
G1 F1500 X161.34 Y136.776 E1199.87391
G0 F9000 X161.34 Y136.211
G1 F1500 X158.656 Y138.895 E1200.05066
G0 F9000 X158.656 Y138.329
G1 F1500 X161.34 Y135.645 E1200.2274
G0 F9000 X161.34 Y135.079
G1 F1500 X158.656 Y137.763 E1200.40415
G0 F9000 X158.656 Y137.198
G1 F1500 X161.34 Y134.514 E1200.5809
G0 F9000 X161.34 Y133.948
G1 F1500 X158.656 Y136.632 E1200.75764
G0 F9000 X158.656 Y136.066
G1 F1500 X161.34 Y133.382 E1200.93439
G0 F9000 X161.34 Y132.817
G1 F1500 X158.656 Y135.501 E1201.11113
G0 F9000 X158.656 Y134.935
G1 F1500 X161.34 Y132.251 E1201.28788
G0 F9000 X161.34 Y131.685
G1 F1500 X158.656 Y134.369 E1201.46463
G0 F9000 X158.656 Y133.804
G1 F1500 X161.34 Y131.12 E1201.64137
G0 F9000 X161.34 Y130.554
G1 F1500 X158.656 Y133.238 E1201.81812
G0 F9000 X158.656 Y132.672
G1 F1500 X161.34 Y129.988 E1201.99486
G0 F9000 X161.34 Y129.422
G1 F1500 X158.608 Y132.154 E1202.17477
G0 F9000 X158.416 Y131.781
G1 F1500 X161.34 Y128.857 E1202.36732
G0 F9000 X161.34 Y128.291
G1 F1500 X158.114 Y131.517 E1202.57976
G0 F9000 X157.712 Y131.354
G1 F1500 X161.34 Y127.725 E1202.8187
G0 F9000 X161.34 Y127.16
G1 F1500 X157.191 Y131.308 E1203.09189
G0 F9000 X156.66 Y130.708
G1 F1500 X161.34 Y126.028 E1203.40007
G0 F9000 X161.34 Y125.463
G1 F1500 X157.281 Y129.521 E1203.66733
G0 F9000 X157.527 Y128.71
G1 F1500 X161.34 Y124.897 E1203.91843
G0 F9000 X161.34 Y124.331
G1 F1500 X157.774 Y127.897 E1204.15325
G0 F9000 X158.02 Y127.085
G1 F1500 X161.34 Y123.766 E1204.37185
G0 F9000 X161.34 Y123.2
G1 F1500 X158.266 Y126.274 E1204.57428
G0 F9000 X158.512 Y125.462
G1 F1500 X161.34 Y122.634 E1204.7605
G0 F9000 X161.34 Y122.069
G1 F1500 X158.656 Y124.753 E1204.93725
G0 F9000 X158.656 Y124.187
G1 F1500 X161.34 Y121.503 E1205.114
G0 F9000 X161.34 Y120.937
G1 F1500 X158.656 Y123.621 E1205.29074
G0 F9000 X158.656 Y123.056
G1 F1500 X161.34 Y120.371 E1205.46752
G0 F9000 X161.34 Y119.806
G1 F1500 X158.656 Y122.49 E1205.64427
G0 F9000 X158.656 Y121.924
G1 F1500 X161.34 Y119.24 E1205.82101
G0 F9000 X161.34 Y118.674
G1 F1500 X158.656 Y121.359 E1205.99779
G0 F9000 X158.656 Y120.793
G1 F1500 X161.34 Y118.109 E1206.17454
G0 F9000 X161.34 Y117.543
G1 F1500 X158.656 Y120.227 E1206.35128
G0 F9000 X158.656 Y119.661
G1 F1500 X161.34 Y116.977 E1206.52803
G0 F9000 X161.34 Y116.412
G1 F1500 X158.656 Y119.095 E1206.70474
G0 F9000 X158.656 Y118.529
G1 F1500 X161.34 Y115.846 E1206.88146
G0 F9000 X161.34 Y115.28
G1 F1500 X158.656 Y117.964 E1207.0582
G0 F9000 X158.656 Y117.398
G1 F1500 X161.34 Y114.715 E1207.23492
G0 F9000 X161.34 Y114.149
G1 F1500 X158.656 Y116.832 E1207.41163
G0 F9000 X158.657 Y116.266
G1 F1500 X161.34 Y113.583 E1207.58831
G0 F9000 X161.34 Y113.018
G1 F1500 X158.657 Y115.7 E1207.76496
G0 F9000 X158.657 Y115.135
G1 F1500 X161.34 Y112.452 E1207.94164
G0 F9000 X161.34 Y111.886
G1 F1500 X158.657 Y114.569 E1208.11832
G0 F9000 X158.657 Y114.003
G1 F1500 X161.34 Y111.321 E1208.29496
G0 F9000 X161.34 Y110.755
G1 F1500 X158.657 Y113.438 E1208.47164
G0 F9000 X158.657 Y112.872
G1 F1500 X161.34 Y110.189 E1208.64832
G0 F9000 X161.34 Y109.623
G1 F1500 X158.657 Y112.306 E1208.825
G0 F9000 X158.658 Y111.74
G1 F1500 X161.34 Y109.058 E1209.00162
G0 F9000 X161.34 Y108.492
G1 F1500 X158.658 Y111.174 E1209.17823
G0 F9000 X158.658 Y110.608
G1 F1500 X161.34 Y107.926 E1209.35485
G0 F9000 X161.34 Y107.361
G1 F1500 X158.658 Y110.043 E1209.53146
G0 F9000 X158.658 Y109.477
G1 F1500 X161.34 Y106.795 E1209.70808
G0 F9000 X161.34 Y106.229
G1 F1500 X158.658 Y108.911 E1209.88469
G0 F9000 X158.658 Y108.346
G1 F1500 X161.34 Y105.664 E1210.0613
G0 F9000 X161.34 Y105.098
G1 F1500 X158.658 Y107.779 E1210.23789
G0 F9000 X158.658 Y107.214
G1 F1500 X161.34 Y104.532 E1210.4145
G0 F9000 X161.34 Y103.967
G1 F1500 X158.658 Y106.648 E1210.59108
G0 F9000 X158.658 Y106.082
G1 F1500 X161.34 Y103.401 E1210.76766
G0 F9000 X161.34 Y102.835
G1 F1500 X158.658 Y105.517 E1210.94428
G0 F9000 X158.658 Y104.951
G1 F1500 X161.34 Y102.27 E1211.12086
G0 F9000 X161.34 Y101.704
G1 F1500 X158.658 Y104.385 E1211.29744
G0 F9000 X158.658 Y103.82
G1 F1500 X161.34 Y101.138 E1211.47405
G0 F9000 X161.34 Y100.573
G1 F1500 X158.659 Y103.253 E1211.65057
G0 F9000 X158.659 Y102.687
G1 F1500 X161.34 Y100.007 E1211.82708
G0 F9000 X161.34 Y99.441
G1 F1500 X158.659 Y102.122 E1212.00363
G0 F9000 X158.659 Y101.556
G1 F1500 X161.34 Y98.875 E1212.18018
G0 F9000 X161.34 Y98.31
G1 F1500 X158.659 Y100.99 E1212.3567
G0 F9000 X158.659 Y100.425
G1 F1500 X161.34 Y97.744 E1212.53325
G0 F9000 X161.34 Y97.178
G1 F1500 X158.659 Y99.859 E1212.70979
G0 F9000 X158.66 Y99.293
G1 F1500 X161.34 Y96.613 E1212.88628
G0 F9000 X161.34 Y96.047
G1 F1500 X158.66 Y98.727 E1213.06276
G0 F9000 X158.66 Y98.161
G1 F1500 X161.34 Y95.481 E1213.23924
G0 F9000 X161.34 Y94.916
G1 F1500 X158.66 Y97.596 E1213.41572
G0 F9000 X158.66 Y97.03
G1 F1500 X161.34 Y94.35 E1213.59221
G0 F9000 X161.34 Y93.784
G1 F1500 X158.66 Y96.464 E1213.76869
G0 F9000 X158.66 Y95.899
G1 F1500 X161.34 Y93.219 E1213.94517
G0 F9000 X161.34 Y92.653
G1 F1500 X158.66 Y95.333 E1214.12165
G0 F9000 X158.602 Y94.825
G1 F1500 X161.34 Y92.087 E1214.30196
G0 F9000 X161.34 Y91.522
G1 F1500 X158.47 Y94.391 E1214.49092
G0 F9000 X158.339 Y93.957
G1 F1500 X161.34 Y90.956 E1214.68854
G0 F9000 X161.34 Y90.39
G1 F1500 X158.207 Y93.523 E1214.89485
G0 F9000 X158.076 Y93.088
G1 F1500 X161.34 Y89.824 E1215.10979
G0 F9000 X161.34 Y89.259
G1 F1500 X157.944 Y92.655 E1215.33342
G0 F9000 X157.812 Y92.221
G1 F1500 X161.34 Y88.693 E1215.56575
G0 F9000 X161.34 Y88.127
G1 F1500 X157.681 Y91.787 E1215.80673
G0 F9000 X157.549 Y91.353
G1 F1500 X161.34 Y87.562 E1216.05638
G0 F9000 X161.34 Y86.996
G1 F1500 X157.418 Y90.918 E1216.31465
G0 F9000 X157.285 Y90.485
G1 F1500 X161.34 Y86.43 E1216.58168
G0 F9000 X161.34 Y85.865
G1 F1500 X157.098 Y90.107 E1216.86102
G0 F9000 X156.901 Y89.738
G1 F1500 X161.34 Y85.299 E1217.15334
G0 F9000 X161.34 Y84.733
G1 F1500 X158.656 Y87.417 E1217.33008
G0 F9000 X158.656 Y86.852
G1 F1500 X161.34 Y84.168 E1217.50683
G0 F9000 X161.34 Y83.602
G1 F1500 X158.656 Y86.286 E1217.68357
G0 F9000 X158.656 Y85.72
G1 F1500 X161.34 Y83.036 E1217.86032
G0 F9000 X161.34 Y82.471
G1 F1500 X158.656 Y85.155 E1218.03707
G0 F9000 X158.656 Y84.589
G1 F1500 X161.34 Y81.905 E1218.21381
G0 F9000 X161.34 Y81.339
G1 F1500 X158.656 Y84.023 E1218.39056
G0 F9000 X158.656 Y83.458
G1 F1500 X161.34 Y80.774 E1218.5673
G0 F9000 X161.34 Y80.208
G1 F1500 X158.656 Y82.892 E1218.74405
G0 F9000 X158.656 Y82.326
G1 F1500 X161.34 Y79.642 E1218.9208
G0 F9000 X161.34 Y79.076
G1 F1500 X158.656 Y81.761 E1219.09757
G0 F9000 X158.656 Y81.195
G1 F1500 X161.34 Y78.511 E1219.27432
G0 F9000 X161.34 Y77.945
G1 F1500 X158.656 Y80.629 E1219.45107
G0 F9000 X158.656 Y80.064
G1 F1500 X161.34 Y77.379 E1219.62784
G0 F9000 X161.34 Y76.814
G1 F1500 X158.656 Y79.498 E1219.80459
G0 F9000 X158.656 Y78.932
G1 F1500 X161.34 Y76.248 E1219.98134
G0 F9000 X161.34 Y75.682
G1 F1500 X158.656 Y78.366 E1220.15808
G0 F9000 X158.656 Y77.8
G1 F1500 X161.34 Y75.117 E1220.3348
G0 F9000 X161.34 Y74.551
G1 F1500 X158.656 Y77.234 E1220.51151
G0 F9000 X158.656 Y76.669
G1 F1500 X161.34 Y73.985 E1220.68825
G0 F9000 X161.34 Y73.42
G1 F1500 X158.656 Y76.103 E1220.86497
G0 F9000 X158.656 Y75.537
G1 F1500 X161.34 Y72.854 E1221.04168
G0 F9000 X161.34 Y72.288
G1 F1500 X158.656 Y74.972 E1221.21843
G0 F9000 X158.656 Y74.406
G1 F1500 X161.34 Y71.723 E1221.39514
G0 F9000 X161.34 Y71.157
G1 F1500 X158.656 Y73.84 E1221.57185
G0 F9000 X158.656 Y73.275
G1 F1500 X161.34 Y70.591 E1221.7486
G0 F9000 X161.34 Y70.025
G1 F1500 X158.656 Y72.709 E1221.92535
G0 F9000 X158.656 Y72.143
G1 F1500 X161.34 Y69.46 E1222.10206
G0 F9000 X161.34 Y68.894
G1 F1500 X158.656 Y71.578 E1222.2788
G0 F9000 X158.656 Y71.012
G1 F1500 X161.34 Y68.328 E1222.45555
G0 F9000 X161.34 Y67.763
G1 F1500 X158.657 Y70.446 E1222.63223
G0 F9000 X158.657 Y69.88
G1 F1500 X161.34 Y67.197 E1222.80891
G0 F9000 X161.34 Y66.631
G1 F1500 X158.657 Y69.314 E1222.98559
G0 F9000 X158.657 Y68.748
G1 F1500 X161.34 Y66.066 E1223.16224
G0 F9000 X161.34 Y65.5
G1 F1500 X158.657 Y68.183 E1223.33892
G0 F9000 X158.657 Y67.617
G1 F1500 X161.34 Y64.934 E1223.5156
G0 F9000 X161.34 Y64.369
G1 F1500 X158.657 Y67.051 E1223.69225
G0 F9000 X158.657 Y66.486
G1 F1500 X161.34 Y63.803 E1223.86893
G0 F9000 X161.34 Y63.237
G1 F1500 X158.657 Y65.92 E1224.04561
G0 F9000 X158.657 Y65.354
G1 F1500 X161.34 Y62.672 E1224.22225
G0 F9000 X161.34 Y62.106
G1 F1500 X158.657 Y64.789 E1224.39893
G0 F9000 X158.657 Y64.223
G1 F1500 X161.34 Y61.54 E1224.57561
G0 F9000 X161.34 Y60.975
G1 F1500 X158.657 Y63.657 E1224.75226
G0 F9000 X158.657 Y63.092
G1 F1500 X161.34 Y60.409 E1224.92894
G0 F9000 X161.34 Y59.843
G1 F1500 X158.657 Y62.526 E1225.10562
G0 F9000 X158.561 Y62.056
G1 F1500 X161.34 Y59.277 E1225.28862
G0 F9000 X161.34 Y58.712
G1 F1500 X158.331 Y61.721 E1225.48677
G0 F9000 X158.01 Y61.476
G1 F1500 X160.826 Y58.659 E1225.67224
G0 F9000 X160.261 Y58.659
G1 F1500 X157.573 Y61.347 E1225.84925
G0 F9000 X157.013 Y61.342
G1 F1500 X159.695 Y58.659 E1226.0259
G0 F9000 X159.129 Y58.659
G1 F1500 X156.447 Y61.342 E1226.20255
G0 F9000 X155.882 Y61.342
G1 F1500 X158.564 Y58.659 E1226.37919
G0 F9000 X157.998 Y58.659
G1 F1500 X155.316 Y61.342 E1226.55584
G0 F9000 X154.75 Y61.342
G1 F1500 X157.432 Y58.659 E1226.73249
G0 F9000 X156.867 Y58.659
G1 F1500 X154.185 Y61.342 E1226.90913
G0 F9000 X153.619 Y61.342
G1 F1500 X156.301 Y58.659 E1227.08578
G0 F9000 X155.735 Y58.659
G1 F1500 X153.053 Y61.342 E1227.26243
G0 F9000 X152.488 Y61.342
G1 F1500 X155.17 Y58.659 E1227.43908
G0 F9000 X154.604 Y58.659
G1 F1500 X151.922 Y61.342 E1227.61572
G0 F9000 X151.356 Y61.342
G1 F1500 X154.038 Y58.659 E1227.79237
G0 F9000 X153.473 Y58.659
G1 F1500 X150.791 Y61.342 E1227.96902
G0 F9000 X150.225 Y61.342
G1 F1500 X152.907 Y58.659 E1228.14566
G0 F9000 X152.341 Y58.659
G1 F1500 X149.659 Y61.342 E1228.32231
G0 F9000 X149.093 Y61.342
G1 F1500 X151.776 Y58.659 E1228.49899
G0 F9000 X151.21 Y58.659
G1 F1500 X148.528 Y61.342 E1228.67564
G0 F9000 X147.962 Y61.342
G1 F1500 X150.644 Y58.659 E1228.85229
G0 F9000 X150.078 Y58.659
G1 F1500 X147.396 Y61.342 E1229.02893
G0 F9000 X146.831 Y61.342
G1 F1500 X149.513 Y58.659 E1229.20558
G0 F9000 X148.947 Y58.659
G1 F1500 X146.265 Y61.342 E1229.38223
G0 F9000 X145.699 Y61.342
G1 F1500 X148.381 Y58.659 E1229.55888
G0 F9000 X147.816 Y58.659
G1 F1500 X145.134 Y61.342 E1229.73552
G0 F9000 X144.569 Y61.341
G1 F1500 X147.25 Y58.659 E1229.9121
G0 F9000 X146.684 Y58.659
G1 F1500 X144.003 Y61.341 E1230.08869
G0 F9000 X143.437 Y61.341
G1 F1500 X146.119 Y58.659 E1230.2653
G0 F9000 X145.553 Y58.659
G1 F1500 X142.872 Y61.341 E1230.44188
G0 F9000 X142.306 Y61.341
G1 F1500 X144.987 Y58.659 E1230.61846
G0 F9000 X144.422 Y58.659
G1 F1500 X141.74 Y61.341 E1230.79508
G0 F9000 X141.175 Y61.341
G1 F1500 X143.856 Y58.659 E1230.97166
G0 F9000 X143.29 Y58.659
G1 F1500 X140.609 Y61.341 E1231.14824
G0 F9000 X140.043 Y61.341
G1 F1500 X142.725 Y58.659 E1231.32485
G0 F9000 X142.159 Y58.659
G1 F1500 X139.478 Y61.341 E1231.50143
G0 F9000 X138.912 Y61.341
G1 F1500 X141.593 Y58.659 E1231.67802
G0 F9000 X141.027 Y58.659
G1 F1500 X138.346 Y61.341 E1231.8546
G0 F9000 X137.78 Y61.341
G1 F1500 X140.462 Y58.659 E1232.03121
G0 F9000 X139.896 Y58.659
G1 F1500 X137.215 Y61.341 E1232.20779
G0 F9000 X136.649 Y61.341
G1 F1500 X139.33 Y58.659 E1232.38437
G0 F9000 X138.765 Y58.659
G1 F1500 X136.083 Y61.341 E1232.56099
G0 F9000 X135.518 Y61.341
G1 F1500 X138.199 Y58.659 E1232.73757
G0 F9000 X137.633 Y58.659
G1 F1500 X134.952 Y61.341 E1232.91415
G0 F9000 X134.386 Y61.341
G1 F1500 X137.068 Y58.659 E1233.09077
G0 F9000 X136.502 Y58.659
G1 F1500 X133.821 Y61.341 E1233.26735
G0 F9000 X133.255 Y61.341
G1 F1500 X135.936 Y58.659 E1233.44393
G0 F9000 X135.371 Y58.659
G1 F1500 X132.689 Y61.341 E1233.62054
G0 F9000 X132.015 Y61.449
G1 F1500 X134.805 Y58.659 E1233.80427
G0 F9000 X134.239 Y58.659
G1 F1500 X129.962 Y62.937 E1234.08595
G0 F9000 X130.331 Y63.133
G1 F1500 X131.446 Y62.018 E1234.15937
G0 F9000 X131.303 Y62.727
G1 F1500 X130.699 Y63.331 E1234.19915
G0 F9000 X131.069 Y63.527
G1 F1500 X131.392 Y63.203 E1234.22045
G0 F9000 X131.622 Y63.54
G1 F1500 X131.456 Y63.705 E1234.23135
G0 F9000 X131.226 Y64.133
G0 X129.393 Y63.153
G0 X129.594 Y62.739
G1 F1500 X133.674 Y58.659 E1234.50003
G0 F9000 X133.108 Y58.659
G1 F1500 X129.162 Y62.605 E1234.75988
G0 F9000 X128.728 Y62.474
G1 F1500 X132.542 Y58.659 E1235.01107
G0 F9000 X131.977 Y58.659
G1 F1500 X128.295 Y62.341 E1235.25353
G0 F9000 X127.86 Y62.21
G1 F1500 X131.411 Y58.659 E1235.48737
G0 F9000 X130.845 Y58.659
G1 F1500 X127.427 Y62.078 E1235.71249
G0 F9000 X126.993 Y61.946
G1 F1500 X130.279 Y58.659 E1235.92891
G0 F9000 X129.714 Y58.659
G1 F1500 X126.559 Y61.814 E1236.13667
G0 F9000 X126.125 Y61.682
G1 F1500 X129.148 Y58.659 E1236.33574
G0 F9000 X128.582 Y58.659
G1 F1500 X125.692 Y61.55 E1236.52608
G0 F9000 X125.258 Y61.419
G1 F1500 X128.017 Y58.659 E1236.7078
G0 F9000 X127.451 Y58.659
G1 F1500 X124.766 Y61.344 E1236.88461
G0 F9000 X124.2 Y61.344
G1 F1500 X126.885 Y58.659 E1237.06143
G0 F9000 X126.32 Y58.659
G1 F1500 X123.635 Y61.344 E1237.23824
G0 F9000 X123.069 Y61.344
G1 F1500 X125.754 Y58.659 E1237.41505
G0 F9000 X125.188 Y58.659
G1 F1500 X122.503 Y61.344 E1237.59186
G0 F9000 X121.938 Y61.344
G1 F1500 X124.623 Y58.659 E1237.76867
G0 F9000 X124.057 Y58.659
G1 F1500 X121.372 Y61.344 E1237.94549
G0 F9000 X120.806 Y61.344
G1 F1500 X123.491 Y58.659 E1238.1223
G0 F9000 X122.926 Y58.659
G1 F1500 X120.241 Y61.344 E1238.29911
G0 F9000 X119.675 Y61.344
G1 F1500 X122.36 Y58.659 E1238.47592
G0 F9000 X121.794 Y58.659
G1 F1500 X119.109 Y61.344 E1238.65273
G0 F9000 X118.544 Y61.344
G1 F1500 X121.229 Y58.659 E1238.82954
G0 F9000 X120.663 Y58.659
G1 F1500 X117.978 Y61.344 E1239.00636
G0 F9000 X117.412 Y61.344
G1 F1500 X120.097 Y58.659 E1239.18317
G0 F9000 X119.531 Y58.659
G1 F1500 X116.847 Y61.344 E1239.35995
G0 F9000 X116.281 Y61.344
G1 F1500 X118.966 Y58.659 E1239.53676
G0 F9000 X118.4 Y58.659
G1 F1500 X115.715 Y61.344 E1239.71357
G0 F9000 X115.15 Y61.344
G1 F1500 X117.834 Y58.659 E1239.89035
G0 F9000 X117.269 Y58.659
G1 F1500 X114.584 Y61.344 E1240.06716
G0 F9000 X114.018 Y61.344
G1 F1500 X116.703 Y58.659 E1240.24397
G0 F9000 X116.137 Y58.659
G1 F1500 X113.452 Y61.344 E1240.42079
G0 F9000 X112.887 Y61.344
G1 F1500 X115.572 Y58.659 E1240.5976
G0 F9000 X115.006 Y58.659
G1 F1500 X112.321 Y61.344 E1240.77441
G0 F9000 X111.755 Y61.344
G1 F1500 X114.44 Y58.659 E1240.95122
G0 F9000 X113.875 Y58.659
G1 F1500 X111.19 Y61.344 E1241.12803
G0 F9000 X110.624 Y61.344
G1 F1500 X113.309 Y58.659 E1241.30484
G0 F9000 X112.743 Y58.659
G1 F1500 X110.058 Y61.344 E1241.48166
G0 F9000 X109.492 Y61.345
G1 F1500 X112.178 Y58.659 E1241.65853
G0 F9000 X111.612 Y58.659
G1 F1500 X108.926 Y61.345 E1241.83541
G0 F9000 X108.361 Y61.345
G1 F1500 X111.046 Y58.659 E1242.01226
G0 F9000 X110.48 Y58.659
G1 F1500 X107.795 Y61.345 E1242.1891
G0 F9000 X107.229 Y61.345
G1 F1500 X109.914 Y58.66 E1242.36591
G0 F9000 X109.348 Y58.66
G1 F1500 X106.664 Y61.345 E1242.54269
G0 F9000 X106.098 Y61.345
G1 F1500 X108.783 Y58.66 E1242.7195
G0 F9000 X108.217 Y58.66
G1 F1500 X105.532 Y61.345 E1242.89632
G0 F9000 X104.966 Y61.345
G1 F1500 X107.651 Y58.66 E1243.07313
G0 F9000 X107.086 Y58.66
G1 F1500 X104.401 Y61.345 E1243.24994
G0 F9000 X103.835 Y61.345
G1 F1500 X106.52 Y58.66 E1243.42675
G0 F9000 X105.954 Y58.66
G1 F1500 X103.269 Y61.345 E1243.60356
G0 F9000 X102.704 Y61.345
G1 F1500 X105.389 Y58.66 E1243.78037
G0 F9000 X104.823 Y58.66
G1 F1500 X102.138 Y61.345 E1243.95719
G0 F9000 X101.572 Y61.345
G1 F1500 X104.257 Y58.66 E1244.134
G0 F9000 X103.692 Y58.66
G1 F1500 X101.007 Y61.345 E1244.31081
G0 F9000 X100.441 Y61.345
G1 F1500 X103.126 Y58.66 E1244.48762
G0 F9000 X102.56 Y58.66
G1 F1500 X99.875 Y61.345 E1244.66443
G0 F9000 X99.31 Y61.345
G1 F1500 X101.994 Y58.66 E1244.84121
G0 F9000 X101.429 Y58.66
G1 F1500 X98.744 Y61.345 E1245.01802
G0 F9000 X98.178 Y61.345
G1 F1500 X100.863 Y58.66 E1245.19484
G0 F9000 X100.297 Y58.66
G1 F1500 X97.613 Y61.345 E1245.37162
G0 F9000 X97.047 Y61.345
G1 F1500 X99.732 Y58.66 E1245.54843
G0 F9000 X99.166 Y58.66
G1 F1500 X96.481 Y61.345 E1245.72524
G0 F9000 X95.915 Y61.345
G1 F1500 X98.6 Y58.66 E1245.90205
G0 F9000 X98.035 Y58.66
G1 F1500 X95.35 Y61.345 E1246.07886
G0 F9000 X94.687 Y61.442
G1 F1500 X97.469 Y58.66 E1246.26206
G0 F9000 X96.903 Y58.66
G1 F1500 X93.878 Y61.686 E1246.4613
G0 F9000 X93.069 Y61.929
G1 F1500 X96.338 Y58.66 E1246.67657
G0 F9000 X95.772 Y58.66
G1 F1500 X92.259 Y62.173 E1246.9079
G0 F9000 X91.449 Y62.417
G1 F1500 X95.206 Y58.66 E1247.15531
G0 F9000 X94.641 Y58.66
G1 F1500 X90.64 Y62.661 E1247.41878
G0 F9000 X90.772 Y63.102
G0 X89.75 Y63.61
G0 X89.533 Y63.202
G1 F1500 X94.075 Y58.66 E1247.71788
G0 F9000 X93.509 Y58.66
G1 F1500 X88.456 Y63.714 E1248.05066
G0 F9000 X88.678 Y62.926
G1 F1500 X92.944 Y58.66 E1248.33158
G0 F9000 X92.378 Y58.66
G1 F1500 X88.661 Y62.377 E1248.57635
G0 F9000 X88.541 Y61.931
G1 F1500 X91.812 Y58.66 E1248.79176
G0 F9000 X91.246 Y58.66
G1 F1500 X88.273 Y61.634 E1248.98757
G0 F9000 X87.922 Y61.419
G1 F1500 X90.681 Y58.66 E1249.16925
G0 F9000 X90.115 Y58.66
G1 F1500 X87.431 Y61.344 E1249.346
G0 F9000 X86.865 Y61.344
G1 F1500 X89.549 Y58.66 E1249.52274
G0 F9000 X88.984 Y58.66
G1 F1500 X86.3 Y61.344 E1249.69949
G0 F9000 X85.734 Y61.344
G1 F1500 X88.418 Y58.66 E1249.87623
G0 F9000 X87.852 Y58.66
G1 F1500 X85.168 Y61.344 E1250.05298
G0 F9000 X84.602 Y61.344
G1 F1500 X87.287 Y58.66 E1250.22976
G0 F9000 X86.721 Y58.66
G1 F1500 X84.037 Y61.344 E1250.40651
G0 F9000 X83.471 Y61.344
G1 F1500 X86.155 Y58.66 E1250.58325
G0 F9000 X85.59 Y58.66
G1 F1500 X82.905 Y61.344 E1250.76003
G0 F9000 X82.34 Y61.344
G1 F1500 X85.024 Y58.66 E1250.93678
G0 F9000 X84.458 Y58.66
G1 F1500 X81.775 Y61.344 E1251.11349
G0 F9000 X81.209 Y61.344
G1 F1500 X83.893 Y58.66 E1251.29024
G0 F9000 X83.327 Y58.66
G1 F1500 X80.643 Y61.344 E1251.46698
G0 F9000 X80.078 Y61.344
G1 F1500 X82.761 Y58.66 E1251.64369
G0 F9000 X82.196 Y58.66
G1 F1500 X79.512 Y61.344 E1251.82044
G0 F9000 X78.946 Y61.344
G1 F1500 X81.63 Y58.66 E1251.99719
G0 F9000 X81.064 Y58.66
G1 F1500 X78.381 Y61.344 E1252.1739
G0 F9000 X77.815 Y61.344
G1 F1500 X80.498 Y58.66 E1252.35061
G0 F9000 X79.933 Y58.66
G1 F1500 X77.249 Y61.344 E1252.52736
G0 F9000 X76.684 Y61.344
G1 F1500 X79.367 Y58.66 E1252.70407
G0 F9000 X78.801 Y58.66
G1 F1500 X76.119 Y61.343 E1252.88072
G0 F9000 X75.553 Y61.343
G1 F1500 X78.236 Y58.66 E1253.0574
G0 F9000 X77.67 Y58.66
G1 F1500 X74.987 Y61.343 E1253.23408
G0 F9000 X74.422 Y61.343
G1 F1500 X77.104 Y58.66 E1253.41073
G0 F9000 X76.539 Y58.66
G1 F1500 X73.856 Y61.343 E1253.58741
G0 F9000 X73.29 Y61.343
G1 F1500 X75.973 Y58.66 E1253.76409
G0 F9000 X75.407 Y58.66
G1 F1500 X72.725 Y61.343 E1253.94073
G0 F9000 X72.159 Y61.343
G1 F1500 X74.842 Y58.66 E1254.11741
G0 F9000 X74.276 Y58.66
G1 F1500 X71.593 Y61.343 E1254.29409
G0 F9000 X71.027 Y61.343
G1 F1500 X73.71 Y58.66 E1254.47077
G0 F9000 X73.145 Y58.66
G1 F1500 X70.461 Y61.344 E1254.64752
G0 F9000 X69.895 Y61.344
G1 F1500 X72.579 Y58.66 E1254.82427
G0 F9000 X72.013 Y58.66
G1 F1500 X69.33 Y61.344 E1255.00098
G0 F9000 X68.764 Y61.344
G1 F1500 X71.447 Y58.66 E1255.17769
G0 F9000 X70.882 Y58.66
G1 F1500 X68.199 Y61.343 E1255.35437
G0 F9000 X67.633 Y61.343
G1 F1500 X70.316 Y58.66 E1255.53105
G0 F9000 X69.75 Y58.66
G1 F1500 X67.068 Y61.343 E1255.7077
G0 F9000 X66.502 Y61.343
G1 F1500 X69.185 Y58.66 E1255.88438
G0 F9000 X68.619 Y58.66
G1 F1500 X65.936 Y61.343 E1256.06106
G0 F9000 X65.371 Y61.343
G1 F1500 X68.053 Y58.66 E1256.23771
G0 F9000 X67.488 Y58.66
G1 F1500 X64.805 Y61.343 E1256.41439
G0 F9000 X64.239 Y61.343
G1 F1500 X66.922 Y58.66 E1256.59107
G0 F9000 X66.356 Y58.66
G1 F1500 X63.674 Y61.343 E1256.76771
G0 F9000 X63.108 Y61.343
G1 F1500 X65.791 Y58.66 E1256.94439
G0 F9000 X65.225 Y58.66
G1 F1500 X62.542 Y61.343 E1257.12107
G1 F1500 E1250.62107
G0 F9000 X62.542 Y61.8
G0 X84.508 Y62.05
G0 X90.708 Y63.425
G0 X156.336 Y88.605
G1 F1500 E1257.12107
G1 X156.492 Y88.45 E1257.13131
G0 F9000 X156.87 Y88.637
G1 F1500 X156.507 Y89 E1257.15522
G0 F9000 X156.705 Y89.368
G1 F1500 X157.378 Y88.695 E1257.19954
G1 F1500 E1250.69954
G0 F9000 X157.108 Y88.272
G0 X155.871 Y85.939
G0 X161.7 Y88.315
G0 X161.34 Y126.594
G1 F1500 E1257.19954
G1 X156.17 Y131.764 E1257.53999
G1 F1500 E1251.03999
G0 F9000 X155.709 Y131.517
G0 X152.23 Y138.209
G0 X161.7 Y138.209
G0 X161.34 Y155.444
G1 F1500 E1257.53999
G1 X155.444 Y161.34 E1257.92825
G0 F9000 X156.01 Y161.34
G1 F1500 X161.34 Y156.01 E1258.27924
G0 F9000 X161.34 Y156.575
G1 F1500 X156.575 Y161.34 E1258.59303
G0 F9000 X157.141 Y161.34
G1 F1500 X161.34 Y157.141 E1258.86954
G0 F9000 X161.34 Y157.707
G1 F1500 X157.707 Y161.34 E1259.10878
G0 F9000 X158.272 Y161.34
G1 F1500 X161.34 Y158.272 E1259.31081
G0 F9000 X161.34 Y158.838
G1 F1500 X158.838 Y161.34 E1259.47557
G0 F9000 X159.404 Y161.34
G1 F1500 X161.34 Y159.404 E1259.60306
G0 F9000 X161.34 Y159.969
G1 F1500 X159.969 Y161.34 E1259.69334
G0 F9000 X160.535 Y161.34
G1 F1500 X161.34 Y160.535 E1259.74635
G0 F9000 X161.34 Y161.101
G1 F1500 X161.101 Y161.34 E1259.76209
G1 F1500 E1253.26209
G0 F9000 X161.101 Y161.8
G0 X89.217 Y161.7
G0 X90.572 Y156.917
G0 X89 Y156.507
G1 F1500 E1259.76209
G1 X88.634 Y156.874 E1259.78623
G0 F9000 X88.423 Y156.519
G1 F1500 X88.617 Y156.325 E1259.799
G1 F1500 E1253.299
;MESH:NONMESH
G0 F300 X88.617 Y156.325 Z1.4
G0 F9000 X88.843 Y155.903
G0 X81.971 Y151.95
G0 X74.326 Y145.674
G0 X68.051 Y138.03
G0 X63.389 Y129.307
G0 X62.051 Y124.895
G0 X62.051 Y95.105
G0 X63.079 Y90.574
G0 X62.961 Y88.317
G0 X62.606 Y88.144
;TIME_ELAPSED:1562.415029
;LAYER:4
;TYPE:WALL-INNER
;MESH:tmpek4p4esk10x10x.5Doubled.stl
G1 F1500 E1259.799
G1 X62.299 Y88.066 E1259.81375
G1 X62.031 Y87.875 E1259.82907
G1 X61.935 Y87.704 E1259.83821
G1 X61.9 Y87.5 E1259.84784
G1 X61.9 Y62.388 E1261.01716
G1 X61.984 Y62.192 E1261.02709
G1 X62.192 Y61.984 E1261.04079
G1 X62.5 Y61.9 E1261.05566
G1 X87.5 Y61.9 E1262.21976
G1 X87.705 Y61.935 E1262.22944
G1 X87.875 Y62.031 E1262.23853
G1 X88.066 Y62.299 E1262.25386
G1 X88.144 Y62.606 E1262.26861
G1 X88.126 Y62.949 E1262.2846
G1 X87.919 Y63.238 E1262.30115
G1 X81.168 Y66.85 E1262.65767
G1 X73.303 Y73.303 E1263.13139
G1 X66.85 Y81.168 E1263.60511
G1 X63.235 Y87.922 E1263.96182
G1 X62.95 Y88.126 E1263.97814
G1 X62.606 Y88.144 E1263.99418
G1 F1500 E1257.49418
G0 F9000 X62.926 Y88.316
G0 X62.051 Y95.105
G0 X62.051 Y124.895
G0 X63.389 Y129.307
G0 X68.051 Y138.03
G0 X74.326 Y145.674
G0 X88.542 Y157.273
G0 X88.375 Y157.941
G0 X87.5 Y158.41
G0 X87.5 Y158.1
G1 F1500 E1263.99418
G1 X62.388 Y158.1 E1265.1635
G1 X62.192 Y158.016 E1265.17343
G1 X61.984 Y157.808 E1265.18713
G1 X61.9 Y157.5 E1265.202
G1 X61.9 Y132.496 E1266.36629
G1 X61.935 Y132.291 E1266.37597
G1 X62.031 Y132.121 E1266.38506
G1 X62.299 Y131.93 E1266.40038
G1 X62.606 Y131.852 E1266.41513
G1 X62.949 Y131.87 E1266.43113
G1 X63.277 Y132.153 E1266.4513
G1 X66.85 Y138.828 E1266.80384
G1 X73.303 Y146.693 E1267.27756
G1 X81.167 Y153.151 E1267.75139
G1 X87.844 Y156.718 E1268.10389
G1 X88.125 Y157.045 E1268.12396
G1 X88.144 Y157.388 E1268.13996
G1 X88.044 Y157.787 E1268.15911
G1 X87.875 Y157.969 E1268.17068
G1 X87.705 Y158.065 E1268.17977
G1 X87.5 Y158.1 E1268.18945
G0 F9000 X87.5 Y158.41
G0 X110 Y158.41
G0 X110 Y158.1
G1 F1500 X95.079 Y158.1 E1268.88424
G1 X90.639 Y156.749 E1269.10034
G1 X81.888 Y152.077 E1269.56226
G1 X74.219 Y145.777 E1270.02441
G1 X67.927 Y138.112 E1270.48617
G1 X63.246 Y129.363 E1270.9482
G1 X61.9 Y124.898 E1271.16536
G1 X61.9 Y95.08 E1272.55381
G1 X63.247 Y90.64 E1272.76986
G1 X67.921 Y81.887 E1273.2319
G1 X74.219 Y74.219 E1273.69395
G1 X81.884 Y67.927 E1274.15572
G1 X90.633 Y63.246 E1274.61775
G1 X95.098 Y61.9 E1274.8349
G1 X124.916 Y61.9 E1276.22335
G1 X129.356 Y63.247 E1276.4394
G1 X138.112 Y67.927 E1276.9017
G1 X145.777 Y74.219 E1277.36347
G1 X152.073 Y81.884 E1277.82535
G1 X156.75 Y90.634 E1278.28734
G1 X158.1 Y95.079 E1278.50365
G1 X158.1 Y124.902 E1279.89233
G1 X156.749 Y129.357 E1280.10911
G1 X152.073 Y138.112 E1280.57128
G1 X145.777 Y145.777 E1281.03316
G1 X138.112 Y152.073 E1281.49504
G1 X129.362 Y156.75 E1281.95703
G1 X124.898 Y158.1 E1282.17419
G1 X110 Y158.1 E1282.86791
G0 F9000 X110 Y158.41
G0 X110 Y161.59
G0 X110 Y161.9
G1 F1500 X161.9 Y161.9 E1285.28459
G1 X161.9 Y58.1 E1290.11795
G1 X58.1 Y58.1 E1294.95131
G1 X58.1 Y161.9 E1299.78467
G1 X110 Y161.9 E1302.20136
G0 F9000 X110 Y161.59
G0 X132.496 Y158.41
G0 X132.496 Y158.1
G1 F1500 X132.291 Y158.065 E1302.21104
G1 X132.12 Y157.969 E1302.22017
G1 X131.931 Y157.722 E1302.23465
G1 X131.852 Y157.388 E1302.25064
G1 X131.871 Y157.045 E1302.26663
G1 X132.078 Y156.758 E1302.28311
G1 X138.828 Y153.15 E1302.6395
G1 X146.693 Y146.693 E1303.11334
G1 X153.15 Y138.828 E1303.58717
G1 X156.718 Y132.153 E1303.93961
G1 X157.045 Y131.871 E1303.95971
G1 X157.388 Y131.852 E1303.97571
G1 X157.7 Y131.93 E1303.99069
G1 X157.969 Y132.12 E1304.00602
G1 X158.065 Y132.291 E1304.01515
G1 X158.1 Y132.496 E1304.02484
G1 X158.1 Y157.612 E1305.19434
G1 X158.016 Y157.808 E1305.20427
G1 X157.808 Y158.016 E1305.21797
G1 X157.612 Y158.1 E1305.2279
G1 X132.496 Y158.1 E1306.3974
G1 F1500 E1299.8974
G0 F9000 X132.496 Y158.41
G0 X131.625 Y157.941
G0 X131.458 Y157.273
G0 X145.674 Y145.674
G0 X151.949 Y138.03
G0 X156.611 Y129.307
G0 X157.949 Y124.895
G0 X157.949 Y95.105
G0 X157.072 Y88.312
G0 X157.388 Y88.144
G1 F1500 E1306.3974
G1 X157.045 Y88.125 E1306.4134
G1 X156.758 Y87.918 E1306.42988
G1 X153.15 Y81.168 E1306.78627
G1 X146.693 Y73.303 E1307.26011
G1 X138.828 Y66.85 E1307.73383
G1 X132.152 Y63.278 E1308.08639
G1 X131.87 Y62.95 E1308.10653
G1 X131.852 Y62.606 E1308.12257
G1 X131.93 Y62.299 E1308.13732
G1 X132.121 Y62.031 E1308.15264
G1 X132.292 Y61.935 E1308.16178
G1 X132.496 Y61.9 E1308.17141
G1 X157.612 Y61.9 E1309.34092
G1 X157.808 Y61.984 E1309.35085
G1 X158.016 Y62.191 E1309.36451
G1 X158.1 Y62.5 E1309.37942
G1 X158.1 Y87.574 E1310.54697
G1 X157.969 Y87.875 E1310.56226
G1 X157.7 Y88.066 E1310.57762
G1 X157.388 Y88.144 E1310.5926
G0 F9000 X157.216 Y87.775
;TYPE:WALL-OUTER
G1 F1500 X157.09 Y87.684 E1310.59983
G1 X153.484 Y80.944 E1310.95577
G1 X146.977 Y73.019 E1311.43325
G1 X139.052 Y66.516 E1311.9106
G1 X132.341 Y62.925 E1312.26502
G1 X132.247 Y62.816 E1312.27172
G1 X132.241 Y62.7 E1312.27713
G1 X132.315 Y62.413 E1312.29093
G1 X132.448 Y62.3 E1312.29906
G1 X157.539 Y62.3 E1313.4674
G1 X157.7 Y62.461 E1313.478
G1 X157.698 Y87.535 E1314.64555
G1 X157.587 Y87.681 E1314.65409
G1 X157.216 Y87.775 E1314.67191
G1 F1500 E1308.17191
G0 F9000 X156.88 Y87.954
G0 X157.949 Y95.105
G0 X157.949 Y124.895
G0 X156.611 Y129.307
G0 X151.949 Y138.03
G0 X145.674 Y145.674
G0 X131.458 Y157.273
G0 X131.625 Y157.941
G0 X132.441 Y158.01
G0 X132.441 Y157.7
G1 F1500 E1314.67191
G1 X132.314 Y157.601 E1314.67941
G1 X132.222 Y157.215 E1314.69789
G1 X132.312 Y157.09 E1314.70506
G1 X139.052 Y153.484 E1315.061
G1 X146.977 Y146.977 E1315.53847
G1 X153.484 Y139.052 E1316.01595
G1 X157.071 Y132.341 E1316.37027
G1 X157.18 Y132.247 E1316.37698
G1 X157.295 Y132.241 E1316.38234
G1 X157.587 Y132.315 E1316.39637
G1 X157.7 Y132.447 E1316.40446
G1 X157.698 Y157.584 E1317.57494
G1 X157.539 Y157.7 E1317.5841
G1 X132.441 Y157.7 E1318.75277
G1 F1500 E1312.25277
G0 F9000 X132.441 Y158.01
G0 X110 Y158.01
G0 X110 Y157.7
G1 F1500 E1318.75277
G1 X95.139 Y157.7 E1319.44476
G1 X90.769 Y156.369 E1319.65748
G1 X82.125 Y151.749 E1320.11386
G1 X74.502 Y145.494 E1320.57302
G1 X68.261 Y137.891 E1321.03105
G1 X63.627 Y129.227 E1321.48856
G1 X62.303 Y124.859 E1321.70109
G1 X62.3 Y95.14 E1323.08493
G1 X63.618 Y90.789 E1323.29662
G1 X68.257 Y82.108 E1323.75494
G1 X74.502 Y74.502 E1324.2132
G1 X82.105 Y68.261 E1324.67122
G1 X90.769 Y63.627 E1325.12874
G1 X95.137 Y62.303 E1325.34127
G1 X124.856 Y62.3 E1326.72511
G1 X129.207 Y63.618 E1326.9368
G1 X137.875 Y68.251 E1327.39445
G1 X145.494 Y74.502 E1327.85335
G1 X151.739 Y82.105 E1328.3115
G1 X156.384 Y90.805 E1328.77073
G1 X157.7 Y95.139 E1328.98164
G1 X157.698 Y124.859 E1330.36552
G1 X156.369 Y129.227 E1330.57812
G1 X151.749 Y137.875 E1331.03467
G1 X145.494 Y145.494 E1331.49369
G1 X137.891 Y151.739 E1331.95183
G1 X129.191 Y156.384 E1332.41106
G1 X124.857 Y157.7 E1332.62197
G1 X110 Y157.7 E1333.31378
G1 F1500 E1326.81378
G0 F9000 X110 Y158.01
G0 X110 Y161.99
G0 X110 Y162.3
G1 F1500 E1333.31378
G1 X162.3 Y162.3 E1335.74908
G1 X162.3 Y57.7 E1340.6197
G1 X57.7 Y57.7 E1345.49031
G1 X57.7 Y162.3 E1350.36093
G1 X110 Y162.3 E1352.79623
G1 F1500 E1346.29623
G0 F9000 X110 Y161.99
G0 X87.55 Y158.01
G0 X87.55 Y157.7
G1 F1500 E1352.79623
G1 X62.461 Y157.7 E1353.96448
G1 X62.3 Y157.539 E1353.97508
G1 X62.3 Y132.441 E1355.14375
G1 X62.4 Y132.314 E1355.15128
G1 X62.784 Y132.221 E1355.16968
G1 X62.925 Y132.341 E1355.1783
G1 X66.516 Y139.052 E1355.53271
G1 X73.019 Y146.977 E1356.01007
G1 X80.944 Y153.485 E1356.48757
G1 X87.655 Y157.071 E1356.84188
G1 X87.749 Y157.18 E1356.84858
G1 X87.755 Y157.295 E1356.85394
G1 X87.681 Y157.587 E1356.86797
G1 X87.55 Y157.7 E1356.87603
G1 F1500 E1350.37603
G0 F9000 X87.55 Y158.01
G0 X88.375 Y157.941
G0 X88.542 Y157.273
G0 X74.326 Y145.674
G0 X68.051 Y138.03
G0 X63.389 Y129.307
G0 X62.051 Y124.895
G0 X62.051 Y95.105
G0 X63.108 Y87.974
G0 X62.7 Y87.755
G1 F1500 E1356.87603
G1 X62.413 Y87.681 E1356.88983
G1 X62.3 Y87.548 E1356.89795
G1 X62.3 Y62.461 E1358.06611
G1 X62.461 Y62.3 E1358.07671
G1 X87.555 Y62.3 E1359.24519
G1 X87.682 Y62.4 E1359.25272
G1 X87.774 Y62.78 E1359.27093
G1 X87.684 Y62.906 E1359.27814
G1 X80.944 Y66.516 E1359.63416
G1 X73.019 Y73.019 E1360.11152
G1 X66.516 Y80.944 E1360.58887
G1 X62.906 Y87.684 E1360.9449
G1 X62.816 Y87.749 E1360.95007
G1 X62.7 Y87.755 E1360.95548
G0 F9000 X63.108 Y87.974
G0 X62.727 Y88.542
G0 X62.059 Y88.375
G0 X61.59 Y86.663
G0 X61.819 Y86.663
;TYPE:FILL
G1 F3000 X58.18 Y87.638 E1361.1309
G0 F9000 X58.41 Y87.638
G0 X58.41 Y90.722
G0 X58.179 Y90.722
G1 F3000 X61.986 Y94.528 E1361.38156
G0 F9000 X61.766 Y94.46
G0 X61.672 Y94.934
G0 X61.59 Y99.086
G0 X61.82 Y99.086
G1 F3000 X58.18 Y100.061 E1361.55703
G0 F9000 X58.41 Y100.061
G0 X61.59 Y100.53
G0 X61.819 Y100.53
G1 F3000 X58.18 Y114.11 E1362.21168
G0 F9000 X58.41 Y114.11
G0 X58.41 Y112.485
G0 X58.18 Y112.485
G1 F3000 X61.82 Y111.509 E1362.38717
G1 X61.82 Y111.333
G1 X58.179 Y107.692 E1362.62693
G0 F9000 X58.41 Y107.692
G0 X61.59 Y123.933
G0 X61.82 Y123.933
G1 F3000 X58.18 Y124.908 E1362.8024
G0 F9000 X58.179 Y124.663
G1 F3000 X63.484 Y129.968 E1363.15174
G0 F9000 X63.278 Y130.077
G0 X65.19 Y133.654
G0 X65.396 Y133.545
G1 F3000 X64.968 Y135.143 E1363.22878
G0 F9000 X65.141 Y135.466
G1 F3000 X66.262 Y135.166 E1363.28281
G0 F9000 X66.057 Y135.275
G0 X62.932 Y130.994
G0 X61.659 Y131.313
G0 X61.59 Y136.356
G0 X61.819 Y136.356
G1 F3000 X58.18 Y137.331 E1363.45823
G0 F9000 X58.41 Y137.331
G0 X58.41 Y141.633
G0 X58.179 Y141.633
G1 F3000 X61.82 Y145.274 E1363.698
G0 F9000 X61.59 Y145.274
G0 X61.59 Y146.893
G0 X61.82 Y146.893
G1 F3000 X58.18 Y160.475 E1364.35275
G0 F9000 X58.41 Y160.475
G0 X58.41 Y158.604
G0 X58.179 Y158.604
G1 F3000 X61.395 Y161.82 E1364.56453
G0 F9000 X61.395 Y161.59
G0 X59.516 Y161.59
G0 X59.516 Y161.82
G1 F3000 X73.1 Y158.18 E1365.21938
G0 F9000 X73.1 Y158.41
G0 X74.726 Y158.41
G0 X74.726 Y158.18
G1 F3000 X78.366 Y161.82 E1365.45908
G0 F9000 X78.366 Y161.59
G0 X82.667 Y161.59
G0 X82.667 Y161.821
G1 F3000 X83.642 Y158.18 E1365.63459
G0 F9000 X83.642 Y158.41
G0 X88.687 Y158.341
G0 X89.006 Y157.068
G0 X84.963 Y154.829
G0 X84.854 Y155.031
G1 F3000 X86.453 Y154.602 E1365.71168
G0 F9000 X86.342 Y154.808
G0 X84.723 Y153.942
G0 X84.832 Y153.739
G1 F3000 X84.532 Y154.858 E1365.76563
G0 F9000 X84.64 Y154.656
G0 X89.92 Y156.719
G0 X90.03 Y156.514
G1 F3000 X95.336 Y161.82 E1366.11503
G0 F9000 X95.09 Y161.821
G1 F3000 X96.066 Y158.179 E1366.29061
G0 F9000 X96.066 Y158.41
G0 X105.881 Y161.59
G0 X105.881 Y161.82
G1 F3000 X119.466 Y158.18 E1366.94549
G0 F9000 X119.466 Y158.41
G0 X120.912 Y158.41
G0 X120.912 Y158.179
G1 F3000 X119.936 Y161.821 E1367.12106
G0 F9000 X119.936 Y161.59
G0 X125.539 Y158.235
G0 X125.472 Y158.014
G1 F3000 X129.278 Y161.82 E1367.3717
G0 F9000 X129.278 Y161.59
G0 X132.36 Y161.59
G0 X132.36 Y161.82
G1 F3000 X133.335 Y158.18 E1367.54716
G0 F9000 X133.335 Y158.41
G0 X131.313 Y158.341
G0 X130.994 Y157.068
G0 X133.911 Y155.43
G0 X134.018 Y155.631
G1 F3000 X134.419 Y154.134 E1367.61933
G1 X134.274 Y154.212
G1 X138.927 Y152.965 E1367.84364
G0 F9000 X138.784 Y152.79
G0 X137.848 Y153.326
G0 X137.954 Y153.526
G1 F3000 X137.121 Y152.693 E1367.89849
G0 F9000 X137.23 Y152.898
G0 X130.994 Y157.068
G0 X131.313 Y158.341
G0 X142.609 Y158.41
G0 X142.609 Y158.18
G1 F3000 X146.248 Y161.82 E1368.13816
G0 F9000 X146.248 Y161.59
G0 X144.783 Y161.59
G0 X144.783 Y161.821
G1 F3000 X145.759 Y158.18 E1368.31369
G0 F9000 X145.759 Y158.41
G0 X152.245 Y161.59
G0 X152.245 Y161.82
G1 F3000 X161.819 Y159.255 E1368.77521
G0 F9000 X161.59 Y159.255
G0 X161.59 Y160.421
G0 X161.82 Y160.421
G1 F3000 X158.18 Y156.781 E1369.01491
G0 F9000 X158.41 Y156.781
G0 X158.338 Y158.338
G0 X157.207 Y161.59
G0 X157.207 Y161.82
G1 F3000 X161.82 Y144.603 E1369.84489
G0 F9000 X161.59 Y144.603
G0 X161.59 Y143.451
G0 X161.82 Y143.451
G1 F3000 X158.18 Y139.811 E1370.08459
G0 F9000 X158.41 Y139.811
G0 X158.41 Y135.383
G0 X158.181 Y135.383
G1 F3000 X161.819 Y134.408 E1370.25996
G0 F9000 X161.59 Y134.408
G0 X158.341 Y131.313
G0 X157.068 Y130.994
G0 X154.301 Y136.024
G0 X154.501 Y136.132
G1 F3000 X153.668 Y135.299 E1370.31482
G0 F9000 X153.871 Y135.408
G0 X154.153 Y136.301
G0 X154.353 Y136.409
G1 F3000 X152.863 Y136.808 E1370.38664
G0 F9000 X153.065 Y136.917
G0 X152.431 Y137.999
G0 X150.81 Y140.142
G0 X150.631 Y139.994
G1 F3000 X149.925 Y142.63 E1370.51371
G0 F9000 X149.751 Y142.487
G0 X147.093 Y145.725
G0 X147.267 Y145.868
G1 F3000 X146.464 Y145.065 E1370.56659
G1 F1500 E1364.06659
G0 F9000 X146.647 Y145.216
G0 X152.943 Y138.692
G0 X157.068 Y130.994
G0 X158.341 Y131.313
G0 X158.41 Y147.806
G0 X158.18 Y147.806
G1 F1500 E1370.56659
G1 F3000 X161.82 Y146.831 E1370.74206
G0 F9000 X161.59 Y146.831
G0 X161.59 Y126.48
G0 X161.82 Y126.48
G1 F3000 X158.18 Y122.84 E1370.98176
G1 X158.181 Y122.959
G1 X161.82 Y121.984 E1371.15719
G0 F9000 X161.59 Y121.984
G0 X158.41 Y111.822
G0 X158.18 Y111.822
G1 F3000 X161.82 Y98.239 E1371.81198
G0 F9000 X161.59 Y98.239
G0 X161.59 Y97.138
G0 X161.82 Y97.138
G1 F3000 X158.18 Y98.113 E1371.98745
G0 F9000 X158.41 Y98.113
G0 X161.59 Y92.539
G0 X161.82 Y92.539
G1 F3000 X157.483 Y88.202 E1372.27305
G0 F9000 X157.567 Y88.54
G0 X157.388 Y88.894
G0 X155.857 Y86.887
G0 X156.06 Y86.779
G1 F3000 X153.306 Y84.025 E1372.45441
G1 X153.239 Y83.899
G1 X153.666 Y82.304 E1372.53129
G0 F9000 X153.464 Y82.411
G0 X154.9 Y86.514
G0 X154.693 Y86.624
G1 F3000 X155.816 Y86.323 E1372.58543
G0 F9000 X155.613 Y86.431
G0 X157.068 Y89.006
G0 X158.341 Y88.687
G0 X158.41 Y85.69
G0 X158.18 Y85.69
G1 F3000 X161.82 Y84.715 E1372.7609
G0 F9000 X161.59 Y84.715
G0 X161.59 Y75.569
G0 X161.82 Y75.569
G1 F3000 X158.18 Y71.928 E1373.00063
G0 F9000 X158.41 Y71.928
G0 X158.41 Y73.266
G0 X158.181 Y73.266
G1 F3000 X161.819 Y72.291 E1373.17601
G0 F9000 X161.59 Y72.291
G0 X158.41 Y65.459
G0 X158.18 Y65.459
G1 F3000 X160.13 Y58.179 E1373.52695
G0 F9000 X160.13 Y58.41
G0 X161.402 Y58.41
G0 X161.402 Y58.18
G1 F3000 X161.82 Y58.598 E1373.55447
G0 F9000 X161.59 Y58.598
G0 X161.59 Y59.868
G0 X161.82 Y59.868
G1 F3000 X154.535 Y61.82 E1373.90566
G0 F9000 X154.535 Y61.59
G0 X148.071 Y61.59
G0 X148.071 Y61.82
G1 F3000 X144.432 Y58.18 E1374.14533
G0 F9000 X144.432 Y58.41
G0 X147.707 Y58.41
G0 X147.707 Y58.179
G1 F3000 X146.731 Y61.82 E1374.32085
G1 F1500 E1367.82085
G0 F9000 X146.731 Y61.59
G0 X131.313 Y61.659
G0 X130.994 Y62.932
G0 X144.035 Y71.52
G0 X144.179 Y71.345
G1 F1500 E1374.32085
G1 F3000 X143.86 Y72.538 E1374.37836
G0 F9000 X144.006 Y72.361
G0 X145.764 Y73.873
G0 X147.639 Y75.993
G0 X147.46 Y76.139
G1 F3000 X148.656 Y75.819 E1374.43601
G0 F9000 X148.479 Y75.963
G0 X137.585 Y66.533
G0 X137.693 Y66.333
G1 F3000 X136.096 Y66.761 E1374.51299
G1 X135.977 Y66.696
G1 X133.222 Y63.941 E1374.69441
G0 F9000 X133.675 Y64.184
G1 F3000 X133.375 Y65.304 E1374.7484
G0 F9000 X133.485 Y65.1
G0 X131.458 Y62.727
G0 X131.462 Y62.429
G0 X131.793 Y62.512
G1 F3000 X127.461 Y58.18 E1375.03367
G0 F9000 X127.461 Y58.41
G0 X122.861 Y58.41
G0 X122.861 Y58.179
G1 F3000 X121.885 Y61.821 E1375.20924
G0 F9000 X121.885 Y61.59
G0 X121.754 Y58.41
G0 X121.754 Y58.18
G1 F3000 X108.169 Y61.82 E1375.86413
G0 F9000 X108.169 Y61.59
G0 X109.462 Y61.59
G0 X109.462 Y61.82
G1 F3000 X110.437 Y58.179 E1376.03965
G1 X110.49 Y58.18
G1 X114.131 Y61.82 E1376.27938
G0 F9000 X114.131 Y61.59
G0 X98.014 Y58.41
G0 X98.014 Y58.179
G1 F3000 X97.038 Y61.82 E1376.45491
G1 X97.16 Y61.82
G1 X93.52 Y58.18 E1376.69461
G0 F9000 X93.52 Y58.41
G0 X85.591 Y58.41
G0 X85.591 Y58.179
G1 F3000 X84.615 Y61.82 E1376.87013
G0 F9000 X84.615 Y61.59
G0 X88.687 Y61.659
G0 X89.006 Y62.932
G0 X83.974 Y65.7
G0 X83.866 Y65.497
G1 F3000 X84.701 Y66.332 E1376.92512
G0 F9000 X84.593 Y66.128
G0 X83.698 Y65.848
G0 X83.59 Y65.644
G1 F3000 X83.19 Y67.14 E1376.99722
G0 F9000 X83.081 Y66.935
G0 X82 Y67.569
G0 X79.858 Y69.189
G0 X80.003 Y69.367
G1 F3000 X77.364 Y70.075 E1377.12445
G0 F9000 X77.509 Y70.253
G0 X74.274 Y72.908
G0 X74.129 Y72.73
G1 F3000 X74.928 Y73.529 E1377.17707
G0 F9000 X74.785 Y73.353
G0 X74.363 Y73.743
G0 X67.21 Y81.216
G0 X67.034 Y81.07
G1 F3000 X65.789 Y85.716 E1377.40104
G1 X65.861 Y85.58
G1 X64.364 Y85.981 E1377.4732
G0 F9000 X64.568 Y86.091
G0 X67.102 Y82.768
G0 X67.306 Y82.878
G1 F3000 X66.472 Y82.043 E1377.52816
G0 F9000 X66.674 Y82.152
G0 X62.932 Y89.006
G0 X61.659 Y88.687
G0 X61.59 Y77.392
G0 X61.82 Y77.392
G1 F3000 X58.179 Y73.751 E1377.76792
G0 F9000 X58.41 Y73.751
G0 X58.41 Y75.215
G0 X58.18 Y75.215
G1 F3000 X61.819 Y74.24 E1377.94335
G0 F9000 X61.59 Y74.24
G0 X58.41 Y67.746
G0 X58.181 Y67.746
G1 F3000 X60.744 Y58.179 E1378.40453
G0 F9000 X60.744 Y58.41
G0 X59.579 Y58.41
G0 X59.579 Y58.18
G1 F3000 X63.219 Y61.82 E1378.64423
G0 F9000 X63.219 Y61.59
G0 X61.662 Y61.662
G0 X58.41 Y62.791
G0 X58.18 Y62.791
G1 F3000 X75.389 Y58.18 E1379.47382
G0 F9000 X75.389 Y58.41
G0 X76.549 Y58.41
G0 X76.549 Y58.18
G1 F3000 X80.189 Y61.82 E1379.71352
G0 F9000 X80.189 Y61.59
G0 X73.167 Y58.41
G0 X73.167 Y58.179
G1 F3000 X72.192 Y61.82 E1379.88904
G1 F1500 E1373.38904
G0 F9000 X72.192 Y61.59
G0 X134.308 Y61.59
G0 X134.308 Y61.82
G1 F1500 E1379.88904
G1 F3000 X135.284 Y58.179 E1380.06456
G1 F1500 E1373.56456
G0 F9000 X135.284 Y58.41
G0 X131.313 Y61.659
G0 X130.994 Y62.932
G0 X140.011 Y68.109
G0 X145.959 Y74.041
G0 X152.283 Y81.747
G0 X156.982 Y90.54
G0 X158.349 Y95.046
G0 X158.41 Y105.869
G0 X158.18 Y105.869
G1 F1500 E1380.06456
G1 F3000 X161.82 Y109.51 E1380.3043
G1 X161.819 Y109.561
G1 X158.181 Y110.536 E1380.47968
G1 F1500 E1373.97968
G0 F9000 X158.41 Y110.536
G0 X158.349 Y124.954
G0 X156.982 Y129.46
G0 X152.283 Y138.253
G0 X145.959 Y145.959
G0 X138.253 Y152.283
G0 X129.46 Y156.982
G0 X124.954 Y158.349
G0 X108.667 Y158.41
G0 X108.667 Y158.18
G1 F1500 E1380.47968
G1 F3000 X112.307 Y161.82 E1380.71938
G0 F9000 X112.307 Y161.59
G0 X107.513 Y161.59
G0 X107.513 Y161.82
G1 F3000 X108.489 Y158.18 E1380.89486
G1 F1500 E1374.39486
G0 F9000 X108.489 Y158.41
G0 X95.046 Y158.349
G0 X90.54 Y156.982
G0 X81.748 Y152.284
G0 X74.284 Y147.101
G0 X74.14 Y147.276
G1 F1500 E1380.89486
G1 F3000 X74.46 Y146.083 E1380.95237
G0 F9000 X73.917 Y145.538
G1 F3000 X72.722 Y145.858 E1381.00998
G1 F1500 E1374.50998
G0 F9000 X72.898 Y145.714
G0 X67.057 Y138.692
G0 X62.932 Y130.994
G0 X61.659 Y131.313
G0 X61.59 Y148.779
G0 X61.819 Y148.779
G1 F1500 E1381.00998
G1 F3000 X58.18 Y149.755 E1381.18541
G0 F9000 X58.41 Y149.755
G0 X61.662 Y158.338
G0 X71.219 Y158.41
G0 X71.219 Y158.18
G1 F3000 X70.243 Y161.82 E1381.36089
G0 F9000 X70.243 Y161.29
G1 F1500 E1374.86089
;MESH:NONMESH
G0 F300 X70.243 Y161.29 Z1.68
G0 F9000 X62.062 Y157.938
G0 X62.051 Y95.105
G0 X62.926 Y88.316
G0 X62.606 Y88.144
;TIME_ELAPSED:1706.584906
;LAYER:5
;TYPE:WALL-INNER
;MESH:tmpek4p4esk10x10x.5Doubled.stl
G1 F1500 E1381.36089
G1 X62.299 Y88.066 E1381.37564
G1 X62.031 Y87.875 E1381.39097
G1 X61.935 Y87.704 E1381.4001
G1 X61.9 Y87.5 E1381.40974
G1 X61.9 Y62.388 E1382.57906
G1 X61.984 Y62.192 E1382.58898
G1 X62.192 Y61.984 E1382.60268
G1 X62.5 Y61.9 E1382.61755
G1 X87.5 Y61.9 E1383.78165
G1 X87.705 Y61.935 E1383.79134
G1 X87.875 Y62.031 E1383.80043
G1 X88.066 Y62.299 E1383.81575
G1 X88.144 Y62.606 E1383.8305
G1 X88.126 Y62.949 E1383.84649
G1 X87.919 Y63.238 E1383.86305
G1 X81.168 Y66.85 E1384.21957
G1 X73.303 Y73.303 E1384.69329
G1 X66.85 Y81.168 E1385.16701
G1 X63.235 Y87.922 E1385.52372
G1 X62.95 Y88.126 E1385.54004
G1 X62.606 Y88.144 E1385.55608
G1 F1500 E1379.05608
G0 F9000 X62.926 Y88.316
G0 X62.051 Y95.105
G0 X62.051 Y124.895
G0 X63.389 Y129.307
G0 X68.051 Y138.03
G0 X74.326 Y145.674
G0 X88.542 Y157.273
G0 X88.375 Y157.941
G0 X87.569 Y158.41
G0 X87.569 Y158.1
G1 F1500 E1385.55608
G1 X62.388 Y158.1 E1386.72861
G1 X62.192 Y158.016 E1386.73854
G1 X61.984 Y157.808 E1386.75223
G1 X61.9 Y157.5 E1386.7671
G1 X61.9 Y132.496 E1387.93139
G1 X61.935 Y132.291 E1387.94107
G1 X62.031 Y132.121 E1387.95017
G1 X62.299 Y131.93 E1387.96549
G1 X62.606 Y131.852 E1387.98024
G1 X62.949 Y131.87 E1387.99623
G1 X63.277 Y132.153 E1388.01641
G1 X66.85 Y138.828 E1388.36895
G1 X73.303 Y146.693 E1388.84267
G1 X81.167 Y153.151 E1389.3165
G1 X87.844 Y156.718 E1389.66899
G1 X88.125 Y157.045 E1389.68907
G1 X88.144 Y157.388 E1389.70506
G1 X88.044 Y157.787 E1389.72422
G1 X87.875 Y157.969 E1389.73578
G1 X87.569 Y158.1 E1389.75128
G0 F9000 X87.569 Y158.41
G0 X110 Y158.41
G0 X110 Y158.1
G1 F1500 X95.079 Y158.1 E1390.44607
G1 X90.639 Y156.749 E1390.66217
G1 X81.888 Y152.077 E1391.12409
G1 X74.219 Y145.777 E1391.58624
G1 X67.927 Y138.112 E1392.048
G1 X63.246 Y129.363 E1392.51003
G1 X61.9 Y124.898 E1392.72719
G1 X61.9 Y95.08 E1394.11564
G1 X63.247 Y90.64 E1394.33169
G1 X67.921 Y81.887 E1394.79373
G1 X74.219 Y74.219 E1395.25578
G1 X81.884 Y67.927 E1395.71755
G1 X90.633 Y63.246 E1396.17958
G1 X95.098 Y61.9 E1396.39673
G1 X124.916 Y61.9 E1397.78518
G1 X129.356 Y63.247 E1398.00123
G1 X138.112 Y67.927 E1398.46353
G1 X145.777 Y74.219 E1398.9253
G1 X152.073 Y81.884 E1399.38718
G1 X156.75 Y90.634 E1399.84917
G1 X158.1 Y95.079 E1400.06548
G1 X158.1 Y124.902 E1401.45416
G1 X156.749 Y129.357 E1401.67094
G1 X152.073 Y138.112 E1402.13311
G1 X145.777 Y145.777 E1402.59499
G1 X138.112 Y152.073 E1403.05687
G1 X129.362 Y156.75 E1403.51886
G1 X124.898 Y158.1 E1403.73602
G1 X110 Y158.1 E1404.42973
G0 F9000 X110 Y158.41
G0 X110 Y161.59
G0 X110 Y161.9
G1 F1500 X161.9 Y161.9 E1406.84642
G1 X161.9 Y58.1 E1411.67978
G1 X58.1 Y58.1 E1416.51314
G1 X58.1 Y161.9 E1421.3465
G1 X110 Y161.9 E1423.76319
G0 F9000 X110 Y161.59
G0 X132.496 Y158.41
G0 X132.496 Y158.1
G1 F1500 X132.291 Y158.065 E1423.77287
G1 X132.12 Y157.969 E1423.782
G1 X131.931 Y157.722 E1423.79648
G1 X131.852 Y157.388 E1423.81247
G1 X131.871 Y157.045 E1423.82846
G1 X132.078 Y156.758 E1423.84494
G1 X138.828 Y153.15 E1424.20133
G1 X146.693 Y146.693 E1424.67517
G1 X153.15 Y138.828 E1425.149
G1 X156.718 Y132.153 E1425.50144
G1 X157.045 Y131.871 E1425.52154
G1 X157.388 Y131.852 E1425.53754
G1 X157.7 Y131.93 E1425.55252
G1 X157.969 Y132.12 E1425.56785
G1 X158.065 Y132.291 E1425.57698
G1 X158.1 Y132.496 E1425.58667
G1 X158.1 Y157.612 E1426.75617
G1 X158.016 Y157.808 E1426.7661
G1 X157.808 Y158.016 E1426.7798
G1 X157.612 Y158.1 E1426.78973
G1 X132.496 Y158.1 E1427.95923
G1 F1500 E1421.45923
G0 F9000 X132.496 Y158.41
G0 X131.625 Y157.941
G0 X131.458 Y157.273
G0 X145.674 Y145.674
G0 X151.949 Y138.03
G0 X156.611 Y129.307
G0 X157.949 Y124.895
G0 X157.949 Y95.105
G0 X157.072 Y88.312
G0 X157.388 Y88.144
G1 F1500 E1427.95923
G1 X157.045 Y88.125 E1427.97523
G1 X156.758 Y87.918 E1427.99171
G1 X153.15 Y81.168 E1428.3481
G1 X146.693 Y73.303 E1428.82194
G1 X138.828 Y66.85 E1429.29566
G1 X132.152 Y63.278 E1429.64822
G1 X131.87 Y62.95 E1429.66836
G1 X131.852 Y62.606 E1429.6844
G1 X131.93 Y62.299 E1429.69915
G1 X132.121 Y62.031 E1429.71447
G1 X132.292 Y61.935 E1429.72361
G1 X132.496 Y61.9 E1429.73324
G1 X157.612 Y61.9 E1430.90275
G1 X157.808 Y61.984 E1430.91268
G1 X158.016 Y62.191 E1430.92634
G1 X158.1 Y62.5 E1430.94125
G1 X158.1 Y87.574 E1432.1088
G1 X157.969 Y87.875 E1432.12409
G1 X157.722 Y88.065 E1432.1386
G1 X157.388 Y88.144 E1432.15458
G0 F9000 X157.215 Y87.774
;TYPE:WALL-OUTER
G1 F1500 X157.09 Y87.684 E1432.16175
G1 X153.484 Y80.944 E1432.51769
G1 X146.977 Y73.019 E1432.99517
G1 X139.052 Y66.516 E1433.47252
G1 X132.341 Y62.925 E1433.82694
G1 X132.247 Y62.816 E1433.83364
G1 X132.241 Y62.7 E1433.83905
G1 X132.315 Y62.413 E1433.85285
G1 X132.448 Y62.3 E1433.86098
G1 X157.539 Y62.3 E1435.02932
G1 X157.7 Y62.461 E1435.03992
G1 X157.698 Y87.535 E1436.20747
G1 X157.657 Y87.625 E1436.21208
G1 X157.547 Y87.695 E1436.21815
G1 X157.215 Y87.774 E1436.23404
G1 F1500 E1429.73404
G0 F9000 X156.88 Y87.952
G0 X157.949 Y95.105
G0 X157.949 Y124.895
G0 X156.611 Y129.307
G0 X151.949 Y138.03
G0 X145.674 Y145.674
G0 X131.458 Y157.273
G0 X131.625 Y157.941
G0 X132.441 Y158.01
G0 X132.441 Y157.7
G1 F1500 E1436.23404
G1 X132.314 Y157.601 E1436.24154
G1 X132.222 Y157.215 E1436.26001
G1 X132.312 Y157.09 E1436.26719
G1 X139.052 Y153.484 E1436.62312
G1 X146.977 Y146.977 E1437.1006
G1 X153.484 Y139.052 E1437.57807
G1 X157.071 Y132.341 E1437.9324
G1 X157.18 Y132.247 E1437.9391
G1 X157.295 Y132.241 E1437.94446
G1 X157.587 Y132.315 E1437.95849
G1 X157.7 Y132.447 E1437.96658
G1 X157.698 Y157.584 E1439.13707
G1 X157.539 Y157.7 E1439.14623
G1 X132.441 Y157.7 E1440.3149
G1 F1500 E1433.8149
G0 F9000 X132.441 Y158.01
G0 X110 Y158.01
G0 X110 Y157.7
G1 F1500 E1440.3149
G1 X95.139 Y157.7 E1441.00689
G1 X90.769 Y156.369 E1441.2196
G1 X82.125 Y151.749 E1441.67599
G1 X74.502 Y145.494 E1442.13515
G1 X68.261 Y137.891 E1442.59317
G1 X63.627 Y129.227 E1443.05069
G1 X62.303 Y124.859 E1443.26322
G1 X62.3 Y95.14 E1444.64706
G1 X63.618 Y90.789 E1444.85875
G1 X68.257 Y82.108 E1445.31707
G1 X74.502 Y74.502 E1445.77532
G1 X82.105 Y68.261 E1446.23335
G1 X90.769 Y63.627 E1446.69086
G1 X95.137 Y62.303 E1446.90339
G1 X124.856 Y62.3 E1448.28723
G1 X129.207 Y63.618 E1448.49893
G1 X137.875 Y68.251 E1448.95658
G1 X145.494 Y74.502 E1449.41548
G1 X151.739 Y82.105 E1449.87362
G1 X156.384 Y90.805 E1450.33285
G1 X157.7 Y95.139 E1450.54376
G1 X157.698 Y124.859 E1451.92765
G1 X156.369 Y129.227 E1452.14025
G1 X151.749 Y137.875 E1452.5968
G1 X145.494 Y145.494 E1453.05581
G1 X137.891 Y151.739 E1453.51396
G1 X129.191 Y156.384 E1453.97319
G1 X124.857 Y157.7 E1454.1841
G1 X110 Y157.7 E1454.8759
G1 F1500 E1448.3759
G0 F9000 X110 Y158.01
G0 X110 Y161.99
G0 X110 Y162.3
G1 F1500 E1454.8759
G1 X162.3 Y162.3 E1457.31121
G1 X162.3 Y57.7 E1462.18182
G1 X57.7 Y57.7 E1467.05244
G1 X57.7 Y162.3 E1471.92305
G1 X110 Y162.3 E1474.35836
G1 F1500 E1467.85836
G0 F9000 X110 Y161.99
G0 X87.535 Y158.01
G0 X87.535 Y157.697
G1 F1500 E1474.35836
G1 X62.461 Y157.7 E1475.52591
G1 X62.3 Y157.539 E1475.53651
G1 X62.3 Y132.441 E1476.70518
G1 X62.4 Y132.314 E1476.71271
G1 X62.784 Y132.221 E1476.7311
G1 X62.925 Y132.341 E1476.73972
G1 X66.516 Y139.052 E1477.09414
G1 X73.019 Y146.977 E1477.5715
G1 X80.944 Y153.485 E1478.049
G1 X87.655 Y157.071 E1478.40331
G1 X87.749 Y157.18 E1478.41001
G1 X87.755 Y157.295 E1478.41537
G1 X87.681 Y157.587 E1478.4294
G1 X87.535 Y157.697 E1478.43791
G1 F1500 E1471.93791
G0 F9000 X87.535 Y158.01
G0 X88.375 Y157.941
G0 X88.542 Y157.273
G0 X74.326 Y145.674
G0 X68.051 Y138.03
G0 X63.389 Y129.307
G0 X62.051 Y124.895
G0 X62.051 Y95.105
G0 X63.108 Y87.974
G0 X62.7 Y87.755
G1 F1500 E1478.43791
G1 X62.413 Y87.681 E1478.45171
G1 X62.3 Y87.548 E1478.45984
G1 X62.3 Y62.461 E1479.62799
G1 X62.461 Y62.3 E1479.6386
G1 X87.555 Y62.3 E1480.80708
G1 X87.682 Y62.4 E1480.8146
G1 X87.774 Y62.78 E1480.83281
G1 X87.684 Y62.906 E1480.84002
G1 X80.944 Y66.516 E1481.19605
G1 X73.019 Y73.019 E1481.6734
G1 X66.516 Y80.944 E1482.15076
G1 X62.906 Y87.684 E1482.50678
G1 X62.816 Y87.749 E1482.51195
G1 X62.7 Y87.755 E1482.51736
G0 F9000 X63.108 Y87.974
G0 X62.727 Y88.542
G0 X62.059 Y88.375
G0 X61.59 Y86.868
G0 X61.82 Y86.868
;TYPE:FILL
G1 F3000 X58.18 Y87.843 E1482.69283
G0 F9000 X58.41 Y87.843
G0 X58.41 Y90.442
G0 X58.179 Y90.442
G1 F3000 X62.051 Y94.313 E1482.94777
G0 F9000 X61.831 Y94.245
G0 X61.685 Y94.894
G0 X61.59 Y99.291
G0 X61.82 Y99.291
G1 F3000 X58.18 Y100.266 E1483.12324
G0 F9000 X58.41 Y100.266
G0 X61.59 Y99.765
G0 X61.819 Y99.765
G1 F3000 X58.181 Y113.345 E1483.77788
G0 F9000 X58.18 Y112.69
G1 F3000 X61.82 Y111.714 E1483.95336
G0 F9000 X61.82 Y111.053
G1 F3000 X58.179 Y107.412 E1484.19313
G0 F9000 X58.41 Y107.412
G0 X58.41 Y124.383
G0 X58.179 Y124.383
G1 F3000 X63.169 Y129.372 E1484.5217
G0 F9000 X62.948 Y129.439
G0 X65.054 Y133.399
G0 X65.26 Y133.29
G1 F3000 X64.832 Y134.888 E1484.59873
G0 F9000 X65.237 Y135.646
G1 F3000 X66.359 Y135.345 E1484.65282
G0 F9000 X66.153 Y135.454
G0 X62.932 Y130.994
G0 X61.659 Y131.313
G0 X61.59 Y136.561
G0 X61.819 Y136.561
G1 F3000 X58.18 Y137.536 E1484.82824
G0 F9000 X58.41 Y137.536
G0 X58.41 Y141.353
G0 X58.179 Y141.353
G1 F3000 X61.82 Y144.994 E1485.06801
G0 F9000 X61.59 Y144.994
G0 X61.59 Y146.128
G0 X61.82 Y146.128
G1 F3000 X58.18 Y159.71 E1485.72276
G0 F9000 X58.41 Y159.71
G0 X58.41 Y158.324
G0 X58.179 Y158.324
G1 F3000 X61.675 Y161.82 E1485.95298
G0 F9000 X61.675 Y161.59
G0 X60.281 Y161.59
G0 X60.281 Y161.82
G1 F3000 X73.866 Y158.18 E1486.60787
G0 F9000 X73.866 Y158.41
G0 X75.006 Y158.41
G0 X75.006 Y158.18
G1 F3000 X78.646 Y161.82 E1486.84757
G0 F9000 X78.646 Y161.59
G0 X82.462 Y161.59
G0 X82.462 Y161.821
G1 F3000 X83.437 Y158.179 E1487.02313
G0 F9000 X83.437 Y158.41
G0 X88.687 Y158.341
G0 X89.006 Y157.068
G0 X85.218 Y154.965
G0 X85.11 Y155.167
G1 F3000 X86.708 Y154.739 E1487.10016
G0 F9000 X86.598 Y154.944
G0 X84.543 Y153.846
G0 X84.653 Y153.642
G1 F3000 X84.353 Y154.762 E1487.15415
G0 F9000 X84.461 Y154.561
G0 X90.557 Y157.05
G0 X90.625 Y156.829
G1 F3000 X95.616 Y161.82 E1487.48282
G0 F9000 X94.885 Y161.821
G1 F3000 X95.861 Y158.179 E1487.65839
G0 F9000 X95.861 Y158.41
G0 X106.646 Y161.59
G0 X106.646 Y161.82
G1 F3000 X120.231 Y158.18 E1488.31328
G0 F9000 X120.707 Y158.179
G1 F3000 X119.731 Y161.821 E1488.48885
G0 F9000 X119.731 Y161.59
G0 X125.753 Y158.17
G0 X125.686 Y157.949
G1 F3000 X129.558 Y161.82 E1488.74379
G0 F9000 X129.558 Y161.59
G0 X132.155 Y161.59
G0 X132.155 Y161.82
G1 F3000 X133.13 Y158.18 E1488.91926
G0 F9000 X133.13 Y158.41
G0 X131.313 Y158.341
G0 X130.994 Y157.068
G0 X133.672 Y155.558
G0 X133.779 Y155.76
G1 F3000 X134.18 Y154.262 E1488.99147
G0 F9000 X133.504 Y154.623
G1 F3000 X138.314 Y153.334 E1489.22335
G0 F9000 X138.137 Y153.429
G1 F3000 X137.303 Y152.595 E1489.27827
G0 F9000 X137.412 Y152.801
G0 X130.994 Y157.068
G0 X131.313 Y158.341
G0 X142.889 Y158.41
G0 X142.889 Y158.18
G1 F3000 X146.528 Y161.82 E1489.51793
G0 F9000 X146.528 Y161.59
G0 X144.578 Y161.59
G0 X144.578 Y161.82
G1 F3000 X145.554 Y158.18 E1489.69341
G0 F9000 X145.554 Y158.41
G0 X153.01 Y161.59
G0 X153.01 Y161.82
G1 F3000 X161.819 Y159.46 E1490.11806
G0 F9000 X161.82 Y160.141
G1 F3000 X158.18 Y156.501 E1490.35776
G0 F9000 X158.18 Y157.421
G1 F3000 X161.82 Y143.838 E1491.01256
G0 F9000 X161.82 Y143.171
G1 F3000 X158.18 Y139.531 E1491.25226
G0 F9000 X158.41 Y139.531
G0 X158.41 Y135.588
G0 X158.181 Y135.588
G1 F3000 X161.819 Y134.613 E1491.42764
G0 F9000 X161.59 Y134.613
G0 X158.341 Y131.313
G0 X157.068 Y130.994
G0 X154.398 Y135.842
G0 X154.599 Y135.95
G1 F3000 X153.765 Y135.116 E1491.48256
G0 F9000 X153.969 Y135.226
G0 X154.025 Y136.541
G0 X154.224 Y136.648
G1 F3000 X152.736 Y137.047 E1491.5543
G0 F9000 X152.938 Y137.156
G0 X152.407 Y138.044
G0 X150.507 Y140.512
G0 X150.327 Y140.364
G1 F3000 X149.621 Y143.001 E1491.68141
G0 F9000 X149.447 Y142.857
G0 X147.219 Y145.571
G0 X147.394 Y145.715
G1 F3000 X146.59 Y144.911 E1491.73436
G1 F1500 E1485.23436
G0 F9000 X146.773 Y145.062
G0 X152.943 Y138.692
G0 X157.068 Y130.994
G0 X158.341 Y131.313
G0 X158.41 Y148.011
G0 X158.18 Y148.011
G1 F1500 E1491.73436
G1 F3000 X161.82 Y147.036 E1491.90982
G0 F9000 X161.59 Y147.036
G0 X158.41 Y157.867
G0 X158.061 Y157.867
G1 F3000 X157.001 Y161.821 E1492.10044
G1 F1500 E1485.60044
G0 F9000 X157.001 Y161.59
G0 X158.338 Y158.338
G0 X161.59 Y126.2
G0 X161.82 Y126.2
G1 F1500 E1492.10044
G1 F3000 X158.18 Y122.56 E1492.34014
G0 F9000 X158.181 Y123.164
G1 F3000 X161.82 Y122.189 E1492.51556
G0 F9000 X161.59 Y122.189
G0 X158.41 Y111.057
G0 X158.18 Y111.057
G1 F3000 X161.82 Y97.474 E1493.17036
G1 X161.819 Y97.343
G1 X158.18 Y98.318 E1493.34579
G0 F9000 X158.41 Y98.318
G0 X161.59 Y92.259
G0 X161.82 Y92.259
G1 F3000 X157.709 Y88.148 E1493.6165
G0 F9000 X158.01 Y88.148
G0 X158.41 Y85.895
G0 X158.18 Y85.895
G1 F3000 X161.82 Y84.92 E1493.79197
G0 F9000 X161.59 Y84.92
G0 X158.341 Y88.687
G0 X157.068 Y89.006
G0 X155.709 Y86.61
G0 X155.913 Y86.502
G1 F3000 X154.789 Y86.803 E1493.84615
G0 F9000 X154.995 Y86.693
G0 X155.535 Y86.284
G0 X155.737 Y86.177
G1 F3000 X152.985 Y83.424 E1494.02741
G0 F9000 X153.102 Y83.643
G1 F3000 X153.53 Y82.048 E1494.10431
G0 F9000 X153.327 Y82.155
G0 X148.617 Y76.131
G0 X148.794 Y75.987
G1 F3000 X147.597 Y76.307 E1494.162
G0 F9000 X147.776 Y76.161
G0 X146.141 Y74.253
G0 X143.838 Y72.223
G0 X143.692 Y72.4
G1 F3000 X144.011 Y71.207 E1494.2195
G0 F9000 X143.867 Y71.382
G0 X137.84 Y66.67
G0 X137.948 Y66.469
G1 F3000 X136.352 Y66.897 E1494.29645
G0 F9000 X136.578 Y67.017
G1 F3000 X133.824 Y64.263 E1494.4778
G0 F9000 X133.496 Y64.088
G1 F3000 X133.195 Y65.208 E1494.53181
G0 F9000 X133.305 Y65.004
G0 X130.994 Y62.932
G0 X131.313 Y61.659
G0 X131.851 Y61.59
G0 X131.851 Y62.29
G1 F3000 X127.741 Y58.18 E1494.80246
G0 F9000 X127.741 Y58.41
G0 X122.656 Y58.41
G0 X122.656 Y58.179
G1 F3000 X121.68 Y61.821 E1494.97803
G0 F9000 X121.68 Y61.59
G0 X122.519 Y58.41
G0 X122.519 Y58.18
G1 F3000 X108.934 Y61.82 E1495.63291
G0 F9000 X109.257 Y61.82
G1 F3000 X110.232 Y58.179 E1495.80843
G0 F9000 X110.77 Y58.18
G1 F3000 X114.411 Y61.82 E1496.04816
G0 F9000 X114.411 Y61.59
G0 X97.44 Y61.59
G0 X97.44 Y61.82
G1 F3000 X93.8 Y58.18 E1496.28786
G0 F9000 X93.8 Y58.41
G0 X97.809 Y58.41
G0 X97.809 Y58.179
G1 F3000 X96.833 Y61.821 E1496.46343
G0 F9000 X96.833 Y61.59
G0 X85.386 Y58.41
G0 X85.386 Y58.179
G1 F3000 X84.41 Y61.82 E1496.63896
G0 F9000 X84.41 Y61.59
G0 X88.687 Y61.659
G0 X89.006 Y62.932
G0 X84.157 Y65.603
G0 X84.049 Y65.4
G1 F3000 X84.883 Y66.234 E1496.69388
G0 F9000 X84.775 Y66.03
G0 X83.459 Y65.976
G0 X83.351 Y65.772
G1 F3000 X82.95 Y67.268 E1496.766
G0 F9000 X82.841 Y67.063
G0 X81.955 Y67.593
G0 X79.487 Y69.494
G0 X79.632 Y69.672
G1 F3000 X76.993 Y70.379 E1496.89321
G0 F9000 X77.138 Y70.557
G0 X74.427 Y72.782
G0 X74.282 Y72.604
G1 F3000 X75.082 Y73.403 E1496.94586
G0 F9000 X74.938 Y73.227
G0 X74.212 Y73.887
G0 X66.866 Y81.793
G0 X66.664 Y81.684
G1 F3000 X65.378 Y86.485 E1497.1773
G0 F9000 X65.733 Y85.819
G1 F3000 X64.235 Y86.221 E1497.24952
G0 F9000 X64.44 Y86.331
G0 X67.2 Y82.585
G0 X67.404 Y82.695
G1 F3000 X66.569 Y81.861 E1497.30447
G0 F9000 X66.771 Y81.97
G0 X62.932 Y89.006
G0 X61.659 Y88.687
G0 X61.59 Y77.112
G0 X61.82 Y77.112
G1 F3000 X58.179 Y73.471 E1497.54424
G0 F9000 X58.41 Y73.471
G0 X58.41 Y75.42
G0 X58.18 Y75.42
G1 F3000 X61.819 Y74.445 E1497.71966
G0 F9000 X61.59 Y74.445
G0 X58.41 Y66.981
G0 X58.181 Y66.981
G1 F3000 X60.539 Y58.179 E1498.14397
G0 F9000 X59.859 Y58.18
G1 F3000 X63.499 Y61.82 E1498.38367
G0 F9000 X62.57 Y61.82
G1 F3000 X76.154 Y58.18 E1499.03852
G0 F9000 X76.829 Y58.18
G1 F3000 X80.469 Y61.82 E1499.27822
G0 F9000 X80.469 Y61.59
G0 X72.962 Y58.41
G0 X72.962 Y58.179
G1 F3000 X71.987 Y61.82 E1499.45373
G0 F9000 X71.987 Y61.59
G0 X62.135 Y61.59
G0 X62.135 Y61.937
G1 F3000 X58.18 Y62.996 E1499.64438
G1 F1500 E1493.14438
G0 F9000 X58.41 Y62.996
G0 X61.59 Y124.138
G0 X61.82 Y124.138
G1 F1500 E1499.64438
G1 F3000 X58.18 Y125.113 E1499.81985
G0 F9000 X58.41 Y125.113
G0 X61.59 Y148.984
G0 X61.819 Y148.984
G1 F3000 X58.18 Y149.96 E1499.99528
G1 F1500 E1493.49528
G0 F9000 X58.41 Y149.96
G0 X61.659 Y131.313
G0 X62.932 Y130.994
G0 X64.102 Y133.176
G0 X73.036 Y145.882
G0 X72.859 Y146.026
G1 F1500 E1499.99528
G1 F3000 X74.054 Y145.706 E1500.05289
G0 F9000 X74.292 Y145.945
G1 F3000 X73.972 Y147.138 E1500.1104
G1 F1500 E1493.6104
G0 F9000 X74.116 Y146.963
G0 X81.308 Y152.943
G0 X89.006 Y157.068
G0 X88.687 Y158.341
G0 X71.014 Y158.41
G0 X71.014 Y158.18
G1 F1500 E1500.1104
G1 F3000 X70.038 Y161.82 E1500.28588
G1 F1500 E1493.78588
G0 F9000 X70.038 Y161.59
G0 X107.308 Y161.59
G0 X107.308 Y161.82
G1 F1500 E1500.28588
G1 F3000 X108.284 Y158.18 E1500.46136
G0 F9000 X108.947 Y158.18
G1 F3000 X112.587 Y161.82 E1500.70106
G1 F1500 E1494.20106
G0 F9000 X112.587 Y161.59
G0 X124.954 Y158.349
G0 X129.46 Y156.982
G0 X138.253 Y152.283
G0 X145.959 Y145.959
G0 X152.283 Y138.253
G0 X156.982 Y129.46
G0 X158.349 Y124.954
G0 X158.41 Y110.741
G0 X158.181 Y110.741
G1 F1500 E1500.70106
G1 F3000 X161.819 Y109.766 E1500.87644
G0 F9000 X161.82 Y109.23
G1 F3000 X158.18 Y105.589 E1501.11618
G1 F1500 E1494.61618
G0 F9000 X158.41 Y105.589
G0 X161.59 Y75.288
G0 X161.82 Y75.288
G1 F1500 E1501.11618
G1 F3000 X158.18 Y71.648 E1501.35588
G0 F9000 X158.41 Y71.648
G0 X158.41 Y73.471
G0 X158.181 Y73.471
G1 F3000 X161.819 Y72.496 E1501.53126
G0 F9000 X161.59 Y72.496
G0 X158.41 Y64.694
G0 X158.18 Y64.694
G1 F3000 X159.925 Y58.179 E1501.84531
G0 F9000 X159.925 Y58.41
G0 X161.682 Y58.41
G0 X161.682 Y58.18
G1 F3000 X161.82 Y58.318 E1501.8544
G0 F9000 X161.59 Y58.318
G0 X161.59 Y60.073
G0 X161.82 Y60.073
G1 F3000 X155.299 Y61.82 E1502.16875
G0 F9000 X155.299 Y61.59
G0 X148.351 Y61.59
G0 X148.351 Y61.82
G1 F3000 X144.712 Y58.18 E1502.40842
G0 F9000 X144.712 Y58.41
G0 X147.502 Y58.41
G0 X147.502 Y58.179
G1 F3000 X146.526 Y61.82 E1502.58395
G0 F9000 X146.526 Y61.59
G0 X135.079 Y58.41
G0 X135.079 Y58.179
G1 F3000 X134.103 Y61.821 E1502.75952
G0 F9000 X134.103 Y61.29
G1 F1500 E1496.25952
;MESH:NONMESH
G0 F300 X134.103 Y61.29 Z1.96
G0 F9000 X95.105 Y62.051
G0 X90.693 Y63.389
G0 X81.97 Y68.051
G0 X74.326 Y74.326
G0 X62.926 Y88.316
G0 X62.606 Y88.144
;TIME_ELAPSED:1851.089041
;LAYER:6
;TYPE:WALL-INNER
;MESH:tmpek4p4esk10x10x.5Doubled.stl
G1 F1500 E1502.75952
G1 X62.299 Y88.066 E1502.77427
G1 X62.031 Y87.875 E1502.78959
G1 X61.935 Y87.704 E1502.79872
G1 X61.9 Y87.5 E1502.80836
G1 X61.9 Y62.388 E1503.97768
G1 X61.984 Y62.192 E1503.98761
G1 X62.192 Y61.984 E1504.00131
G1 X62.5 Y61.9 E1504.01617
G1 X87.5 Y61.9 E1505.18028
G1 X87.705 Y61.935 E1505.18996
G1 X87.875 Y62.031 E1505.19905
G1 X88.066 Y62.299 E1505.21438
G1 X88.144 Y62.606 E1505.22913
G1 X88.126 Y62.949 E1505.24512
G1 X87.919 Y63.238 E1505.26167
G1 X81.168 Y66.85 E1505.61819
G1 X73.303 Y73.303 E1506.09191
G1 X66.85 Y81.168 E1506.56563
G1 X63.235 Y87.922 E1506.92234
G1 X62.95 Y88.126 E1506.93866
G1 X62.606 Y88.144 E1506.9547
G1 F1500 E1500.4547
G0 F9000 X62.926 Y88.316
G0 X62.051 Y95.105
G0 X62.051 Y124.895
G0 X63.389 Y129.307
G0 X68.051 Y138.03
G0 X74.326 Y145.674
G0 X88.542 Y157.273
G0 X88.375 Y157.941
G0 X87.5 Y158.41
G0 X87.5 Y158.1
G1 F1500 E1506.9547
G1 X62.388 Y158.1 E1508.12402
G1 X62.192 Y158.016 E1508.13395
G1 X61.984 Y157.808 E1508.14765
G1 X61.9 Y157.5 E1508.16251
G1 X61.9 Y132.496 E1509.3268
G1 X61.935 Y132.291 E1509.33649
G1 X62.031 Y132.121 E1509.34558
G1 X62.299 Y131.93 E1509.3609
G1 X62.606 Y131.852 E1509.37565
G1 X62.949 Y131.87 E1509.39165
G1 X63.277 Y132.153 E1509.41182
G1 X66.85 Y138.828 E1509.76436
G1 X73.303 Y146.693 E1510.23808
G1 X81.167 Y153.151 E1510.71191
G1 X87.844 Y156.718 E1511.06441
G1 X88.125 Y157.045 E1511.08448
G1 X88.144 Y157.388 E1511.10048
G1 X88.044 Y157.787 E1511.11963
G1 X87.875 Y157.969 E1511.1312
G1 X87.705 Y158.065 E1511.14029
G1 X87.5 Y158.1 E1511.14997
G0 F9000 X87.5 Y158.41
G0 X110 Y158.41
G0 X110 Y158.1
G1 F1500 X95.079 Y158.1 E1511.84476
G1 X90.639 Y156.749 E1512.06086
G1 X81.888 Y152.077 E1512.52278
G1 X74.219 Y145.777 E1512.98492
G1 X67.927 Y138.112 E1513.44669
G1 X63.246 Y129.363 E1513.90872
G1 X61.9 Y124.898 E1514.12587
G1 X61.9 Y95.08 E1515.51432
G1 X63.247 Y90.64 E1515.73037
G1 X67.921 Y81.887 E1516.19242
G1 X74.219 Y74.219 E1516.65447
G1 X81.884 Y67.927 E1517.11623
G1 X90.633 Y63.246 E1517.57827
G1 X95.098 Y61.9 E1517.79542
G1 X124.916 Y61.9 E1519.18387
G1 X129.356 Y63.247 E1519.39992
G1 X138.112 Y67.927 E1519.86222
G1 X145.777 Y74.219 E1520.32399
G1 X152.073 Y81.884 E1520.78587
G1 X156.75 Y90.634 E1521.24786
G1 X158.1 Y95.079 E1521.46417
G1 X158.1 Y124.902 E1522.85285
G1 X156.749 Y129.357 E1523.06963
G1 X152.073 Y138.112 E1523.5318
G1 X145.777 Y145.777 E1523.99368
G1 X138.112 Y152.073 E1524.45556
G1 X129.362 Y156.75 E1524.91755
G1 X124.898 Y158.1 E1525.13471
G1 X110 Y158.1 E1525.82842
G0 F9000 X110 Y158.41
G0 X110 Y161.59
G0 X110 Y161.9
G1 F1500 X161.9 Y161.9 E1528.2451
G1 X161.9 Y58.1 E1533.07847
G1 X58.1 Y58.1 E1537.91183
G1 X58.1 Y161.9 E1542.74519
G1 X110 Y161.9 E1545.16187
G0 F9000 X110 Y161.59
G0 X132.496 Y158.41
G0 X132.496 Y158.1
G1 F1500 X132.291 Y158.065 E1545.17156
G1 X132.12 Y157.969 E1545.18069
G1 X131.931 Y157.722 E1545.19517
G1 X131.852 Y157.388 E1545.21115
G1 X131.871 Y157.045 E1545.22715
G1 X132.078 Y156.758 E1545.24363
G1 X138.828 Y153.15 E1545.60002
G1 X146.693 Y146.693 E1546.07386
G1 X153.15 Y138.828 E1546.54769
G1 X156.718 Y132.153 E1546.90013
G1 X157.045 Y131.871 E1546.92023
G1 X157.388 Y131.852 E1546.93623
G1 X157.7 Y131.93 E1546.9512
G1 X157.969 Y132.12 E1546.96654
G1 X158.065 Y132.291 E1546.97567
G1 X158.1 Y132.496 E1546.98535
G1 X158.1 Y157.612 E1548.15486
G1 X158.016 Y157.808 E1548.16479
G1 X157.808 Y158.016 E1548.17849
G1 X157.612 Y158.1 E1548.18842
G1 X132.496 Y158.1 E1549.35792
G1 F1500 E1542.85792
G0 F9000 X132.496 Y158.41
G0 X131.625 Y157.941
G0 X131.458 Y157.273
G0 X145.674 Y145.674
G0 X151.949 Y138.03
G0 X156.611 Y129.307
G0 X157.949 Y124.895
G0 X157.949 Y95.105
G0 X157.072 Y88.312
G0 X157.388 Y88.144
G1 F1500 E1549.35792
G1 X157.045 Y88.125 E1549.37392
G1 X156.758 Y87.918 E1549.3904
G1 X153.15 Y81.168 E1549.74679
G1 X146.693 Y73.303 E1550.22063
G1 X138.828 Y66.85 E1550.69434
G1 X132.152 Y63.278 E1551.04691
G1 X131.87 Y62.95 E1551.06705
G1 X131.852 Y62.606 E1551.08309
G1 X131.93 Y62.299 E1551.09784
G1 X132.121 Y62.031 E1551.11316
G1 X132.292 Y61.935 E1551.12229
G1 X132.496 Y61.9 E1551.13193
G1 X157.612 Y61.9 E1552.30144
G1 X157.808 Y61.984 E1552.31137
G1 X158.016 Y62.191 E1552.32503
G1 X158.1 Y62.5 E1552.33994
G1 X158.1 Y87.574 E1553.50749
G1 X157.969 Y87.875 E1553.52278
G1 X157.722 Y88.065 E1553.53729
G1 X157.388 Y88.144 E1553.55327
G0 F9000 X157.215 Y87.774
;TYPE:WALL-OUTER
G1 F1500 X157.09 Y87.684 E1553.56044
G1 X153.484 Y80.944 E1553.91638
G1 X146.977 Y73.019 E1554.39385
G1 X139.052 Y66.516 E1554.87121
G1 X132.341 Y62.925 E1555.22563
G1 X132.247 Y62.816 E1555.23233
G1 X132.241 Y62.7 E1555.23774
G1 X132.314 Y62.399 E1555.25216
G1 X132.442 Y62.3 E1555.25969
G1 X157.539 Y62.3 E1556.42832
G1 X157.7 Y62.461 E1556.43892
G1 X157.698 Y87.535 E1557.60647
G1 X157.657 Y87.625 E1557.61107
G1 X157.547 Y87.695 E1557.61714
G1 X157.215 Y87.774 E1557.63304
G1 F1500 E1551.13304
G0 F9000 X156.88 Y87.952
G0 X157.949 Y95.105
G0 X157.949 Y124.895
G0 X156.611 Y129.307
G0 X151.949 Y138.03
G0 X145.674 Y145.674
G0 X131.458 Y157.273
G0 X131.625 Y157.941
G0 X132.441 Y158.01
G0 X132.441 Y157.7
G1 F1500 E1557.63304
G1 X132.314 Y157.601 E1557.64053
G1 X132.222 Y157.215 E1557.65901
G1 X132.312 Y157.09 E1557.66618
G1 X139.052 Y153.484 E1558.02212
G1 X146.977 Y146.977 E1558.49959
G1 X153.484 Y139.052 E1558.97707
G1 X157.071 Y132.341 E1559.3314
G1 X157.18 Y132.247 E1559.3381
G1 X157.295 Y132.241 E1559.34346
G1 X157.587 Y132.315 E1559.35749
G1 X157.7 Y132.447 E1559.36558
G1 X157.698 Y157.584 E1560.53606
G1 X157.539 Y157.7 E1560.54523
G1 X132.441 Y157.7 E1561.7139
G1 F1500 E1555.2139
G0 F9000 X132.441 Y158.01
G0 X110 Y158.01
G0 X110 Y157.7
G1 F1500 E1561.7139
G1 X95.139 Y157.7 E1562.40589
G1 X90.769 Y156.369 E1562.6186
G1 X82.125 Y151.749 E1563.07498
G1 X74.502 Y145.494 E1563.53414
G1 X68.261 Y137.891 E1563.99217
G1 X63.627 Y129.227 E1564.44968
G1 X62.303 Y124.859 E1564.66221
G1 X62.3 Y95.14 E1566.04606
G1 X63.618 Y90.789 E1566.25775
G1 X68.257 Y82.108 E1566.71607
G1 X74.502 Y74.502 E1567.17432
G1 X82.105 Y68.261 E1567.63235
G1 X90.769 Y63.627 E1568.08986
G1 X95.137 Y62.303 E1568.30239
G1 X124.856 Y62.3 E1569.68623
G1 X129.207 Y63.618 E1569.89792
G1 X137.875 Y68.251 E1570.35558
G1 X145.494 Y74.502 E1570.81448
G1 X151.739 Y82.105 E1571.27262
G1 X156.384 Y90.805 E1571.73185
G1 X157.7 Y95.139 E1571.94276
G1 X157.698 Y124.859 E1573.32665
G1 X156.369 Y129.227 E1573.53925
G1 X151.749 Y137.875 E1573.99579
G1 X145.494 Y145.494 E1574.45481
G1 X137.891 Y151.739 E1574.91295
G1 X129.191 Y156.384 E1575.37219
G1 X124.857 Y157.7 E1575.58309
G1 X110 Y157.7 E1576.2749
G1 F1500 E1569.7749
G0 F9000 X110 Y158.01
G0 X110 Y161.99
G0 X110 Y162.3
G1 F1500 E1576.2749
G1 X162.3 Y162.3 E1578.71021
G1 X162.3 Y57.7 E1583.58082
G1 X57.7 Y57.7 E1588.45143
G1 X57.7 Y162.3 E1593.32205
G1 X110 Y162.3 E1595.75736
G1 F1500 E1589.25736
G0 F9000 X110 Y161.99
G0 X87.55 Y158.01
G0 X87.55 Y157.7
G1 F1500 E1595.75736
G1 X62.461 Y157.7 E1596.9256
G1 X62.3 Y157.539 E1596.93621
G1 X62.3 Y132.441 E1598.10487
G1 X62.4 Y132.314 E1598.1124
G1 X62.784 Y132.221 E1598.1308
G1 X62.925 Y132.341 E1598.13942
G1 X66.516 Y139.052 E1598.49384
G1 X73.019 Y146.977 E1598.97119
G1 X80.944 Y153.485 E1599.4487
G1 X87.655 Y157.071 E1599.803
G1 X87.749 Y157.18 E1599.80971
G1 X87.755 Y157.295 E1599.81507
G1 X87.681 Y157.587 E1599.82909
G1 X87.55 Y157.7 E1599.83715
G1 F1500 E1593.33715
G0 F9000 X87.55 Y158.01
G0 X88.375 Y157.941
G0 X88.542 Y157.273
G0 X74.326 Y145.674
G0 X68.051 Y138.03
G0 X63.389 Y129.307
G0 X62.051 Y124.895
G0 X62.051 Y95.105
G0 X63.108 Y87.974
G0 X62.7 Y87.755
G1 F1500 E1599.83715
G1 X62.413 Y87.681 E1599.85095
G1 X62.3 Y87.548 E1599.85908
G1 X62.3 Y62.461 E1601.02723
G1 X62.461 Y62.3 E1601.03784
G1 X87.555 Y62.3 E1602.20632
G1 X87.682 Y62.4 E1602.21384
G1 X87.774 Y62.78 E1602.23205
G1 X87.684 Y62.906 E1602.23926
G1 X80.944 Y66.516 E1602.59528
G1 X73.019 Y73.019 E1603.07264
G1 X66.516 Y80.944 E1603.55
G1 X62.906 Y87.684 E1603.90602
G1 X62.816 Y87.749 E1603.91119
G1 X62.7 Y87.755 E1603.9166
G0 F9000 X63.108 Y87.974
G0 X62.727 Y88.542
G0 X62.059 Y88.375
G0 X61.59 Y87.073
G0 X61.82 Y87.073
;TYPE:FILL
G1 F3000 X58.18 Y88.048 E1604.09207
G0 F9000 X58.41 Y88.048
G0 X58.41 Y90.162
G0 X58.179 Y90.162
G1 F3000 X62.116 Y94.098 E1604.35129
G0 F9000 X61.896 Y94.03
G0 X61.676 Y94.944
G0 X61.59 Y99
G0 X61.819 Y99
G1 F3000 X58.181 Y112.58 E1605.00593
G0 F9000 X58.18 Y112.895
G1 F3000 X61.819 Y111.92 E1605.18136
G0 F9000 X61.59 Y111.92
G0 X61.59 Y110.773
G0 X61.82 Y110.773
G1 F3000 X58.179 Y107.132 E1605.42112
G0 F9000 X58.41 Y107.132
G0 X58.41 Y100.471
G0 X58.18 Y100.471
G1 F3000 X61.82 Y99.496 E1605.59659
G0 F9000 X61.59 Y99.496
G0 X61.651 Y95.046
G0 X63.018 Y90.54
G0 X64.763 Y87.145
G0 X64.967 Y87.255
G1 F3000 X66.254 Y82.451 E1605.82817
G0 F9000 X66.667 Y81.679
G1 F3000 X67.5 Y82.512 E1605.88303
G0 F9000 X67.298 Y82.403
G0 X65.402 Y85.95
G0 X65.605 Y86.059
G1 F3000 X64.108 Y86.46 E1605.95519
G0 F9000 X64.312 Y86.57
G0 X62.932 Y89.006
G0 X61.659 Y88.687
G0 X61.59 Y76.832
G0 X61.82 Y76.832
G1 F3000 X58.179 Y73.191 E1606.19496
G0 F9000 X58.41 Y73.191
G0 X58.41 Y75.625
G0 X58.181 Y75.625
G1 F3000 X61.819 Y74.65 E1606.37034
G0 F9000 X61.59 Y74.65
G0 X58.41 Y66.215
G0 X58.181 Y66.215
G1 F3000 X60.334 Y58.179 E1606.75772
G1 X60.139 Y58.18
G1 X63.779 Y61.82 E1606.99742
G0 F9000 X63.335 Y61.82
G1 F3000 X76.919 Y58.18 E1607.65227
G1 X77.109 Y58.18
G1 X80.749 Y61.82 E1607.89197
G0 F9000 X80.749 Y61.59
G0 X84.205 Y61.59
G0 X84.205 Y61.82
G1 F3000 X85.181 Y58.179 E1608.06749
G0 F9000 X85.181 Y58.41
G0 X88.687 Y61.659
G0 X89.006 Y62.932
G0 X84.339 Y65.505
G0 X84.231 Y65.302
G1 F3000 X85.066 Y66.136 E1608.12245
G0 F9000 X84.958 Y65.932
G0 X83.22 Y66.103
G0 X83.112 Y65.9
G1 F3000 X82.711 Y67.396 E1608.19457
G0 F9000 X82.602 Y67.191
G0 X81.909 Y67.617
G0 X79.116 Y69.799
G0 X79.26 Y69.976
G1 F3000 X76.622 Y70.683 E1608.32174
G0 F9000 X76.767 Y70.861
G0 X74.581 Y72.656
G0 X74.436 Y72.478
G1 F3000 X75.235 Y73.277 E1608.37435
G1 F1500 E1601.87435
G0 F9000 X75.092 Y73.101
G0 X81.308 Y67.057
G0 X89.006 Y62.932
G0 X88.687 Y61.659
G0 X71.781 Y61.59
G0 X71.781 Y61.821
G1 F1500 E1608.37435
G1 F3000 X72.757 Y58.179 E1608.54992
G0 F9000 X72.757 Y58.41
G0 X61.662 Y61.662
G0 X61.59 Y62.206
G0 X61.893 Y62.206
G1 F3000 X58.18 Y63.201 E1608.72892
G1 F1500 E1602.22892
G0 F9000 X58.41 Y63.201
G0 X61.662 Y61.662
G0 X94.08 Y58.41
G0 X94.08 Y58.18
G1 F1500 E1608.72892
G1 F3000 X97.72 Y61.82 E1608.96862
G0 F9000 X97.72 Y61.59
G0 X96.628 Y61.59
G0 X96.628 Y61.821
G1 F3000 X97.604 Y58.179 E1609.14419
G0 F9000 X97.604 Y58.41
G0 X109.052 Y61.59
G0 X109.052 Y61.82
G1 F3000 X110.027 Y58.18 E1609.31966
G0 F9000 X110.027 Y58.41
G0 X111.05 Y58.41
G0 X111.05 Y58.18
G1 F3000 X114.691 Y61.82 E1609.55939
G0 F9000 X114.691 Y61.59
G0 X109.699 Y61.59
G0 X109.699 Y61.82
G1 F3000 X123.284 Y58.18 E1610.21428
G0 F9000 X122.451 Y58.179
G1 F3000 X121.475 Y61.82 E1610.3898
G0 F9000 X121.475 Y61.59
G0 X128.021 Y58.41
G0 X128.021 Y58.18
G1 F3000 X131.946 Y62.105 E1610.64827
G0 F9000 X131.946 Y61.59
G0 X133.898 Y61.59
G0 X133.898 Y61.821
G1 F3000 X134.874 Y58.179 E1610.82384
G0 F9000 X134.874 Y58.41
G0 X131.313 Y61.659
G0 X130.994 Y62.932
G0 X133.208 Y64.193
G0 X133.316 Y63.992
G1 F3000 X133.016 Y65.113 E1610.87788
G0 F9000 X133.126 Y64.909
G0 X134.319 Y64.787
G0 X134.427 Y64.586
G1 F3000 X137.18 Y67.339 E1611.05917
G0 F9000 X136.607 Y67.034
G1 F3000 X138.203 Y66.606 E1611.13611
G0 F9000 X138.095 Y66.806
G0 X143.699 Y71.244
G0 X143.843 Y71.069
G1 F3000 X143.523 Y72.263 E1611.19367
G0 F9000 X143.67 Y72.085
G0 X145.959 Y74.041
G0 X147.914 Y76.329
G0 X147.735 Y76.475
G1 F3000 X148.931 Y76.155 E1611.25132
G0 F9000 X148.754 Y76.299
G0 X153.191 Y81.9
G0 X153.393 Y81.793
G1 F3000 X152.966 Y83.388 E1611.3282
G0 F9000 X152.664 Y82.823
G1 F3000 X155.416 Y85.575 E1611.50943
G0 F9000 X155.213 Y85.683
G0 X155.805 Y86.79
G0 X156.009 Y86.682
G1 F3000 X154.884 Y86.983 E1611.56366
G0 F9000 X155.091 Y86.873
G0 X157.068 Y89.006
G0 X158.341 Y88.687
G0 X158.41 Y88.052
G0 X157.893 Y88.052
G1 F3000 X161.82 Y91.979 E1611.82226
G0 F9000 X161.59 Y91.979
G0 X161.59 Y96.709
G0 X161.82 Y96.709
G1 F3000 X158.18 Y110.292 E1612.47705
G0 F9000 X158.181 Y110.946
G1 F3000 X161.82 Y109.971 E1612.65248
G0 F9000 X161.59 Y109.971
G0 X161.59 Y108.95
G0 X161.82 Y108.95
G1 F3000 X158.18 Y105.309 E1612.89221
G0 F9000 X158.41 Y105.309
G0 X158.41 Y98.523
G0 X158.18 Y98.523
G1 F3000 X161.819 Y97.548 E1613.06763
G0 F9000 X161.59 Y97.548
G0 X158.41 Y86.1
G0 X158.18 Y86.1
G1 F3000 X161.82 Y85.125 E1613.2431
G0 F9000 X161.59 Y85.125
G0 X161.59 Y75.008
G0 X161.82 Y75.008
G1 F3000 X158.18 Y71.368 E1613.4828
G0 F9000 X158.41 Y71.368
G0 X158.41 Y73.676
G0 X158.181 Y73.676
G1 F3000 X161.819 Y72.701 E1613.65818
G0 F9000 X161.59 Y72.701
G0 X158.41 Y63.929
G0 X158.18 Y63.929
G1 F3000 X159.72 Y58.179 E1613.93536
G0 F9000 X159.72 Y58.41
G0 X161.59 Y60.278
G0 X161.82 Y60.278
G1 F3000 X156.064 Y61.82 E1614.21284
G0 F9000 X156.064 Y61.59
G0 X148.631 Y61.59
G0 X148.631 Y61.82
G1 F3000 X144.992 Y58.18 E1614.4525
G0 F9000 X144.992 Y58.41
G0 X147.297 Y58.41
G0 X147.297 Y58.179
G1 F3000 X146.322 Y61.82 E1614.62802
G1 F1500 E1608.12802
G0 F9000 X146.322 Y61.59
G0 X131.313 Y61.659
G0 X130.994 Y62.932
G0 X138.692 Y67.057
G0 X149.377 Y76.93
G0 X152.283 Y81.747
G0 X156.982 Y90.54
G0 X158.349 Y95.046
G0 X158.41 Y122.28
G0 X158.18 Y122.28
G1 F1500 E1614.62802
G1 F3000 X161.82 Y125.92 E1614.86772
G0 F9000 X161.59 Y125.92
G0 X161.59 Y122.394
G0 X161.82 Y122.394
G1 F3000 X158.181 Y123.369 E1615.04314
G0 F9000 X158.41 Y123.369
G0 X161.59 Y134.818
G0 X161.819 Y134.818
G1 F3000 X158.181 Y135.793 E1615.21852
G0 F9000 X158.41 Y135.793
G0 X158.41 Y139.251
G0 X158.18 Y139.251
G1 F3000 X161.82 Y142.891 E1615.45822
G1 X161.82 Y143.074
G1 X158.18 Y156.656 E1616.11297
G0 F9000 X158.18 Y156.221
G1 F3000 X161.82 Y159.861 E1616.35267
G1 X161.819 Y159.665
G1 X153.775 Y161.82 E1616.74045
G0 F9000 X153.775 Y161.59
G0 X156.796 Y161.59
G0 X156.796 Y161.821
G1 F3000 X157.791 Y158.108 E1616.91944
G0 F9000 X157.791 Y158.41
G0 X158.338 Y158.338
G0 X158.41 Y148.216
G0 X158.18 Y148.216
G1 F3000 X161.82 Y147.241 E1617.09491
G0 F9000 X161.59 Y147.241
G0 X158.341 Y131.313
G0 X157.068 Y130.994
G0 X153.897 Y136.78
G0 X154.097 Y136.887
G1 F3000 X152.608 Y137.286 E1617.16669
G0 F9000 X152.81 Y137.395
G0 X154.496 Y135.659
G0 X154.696 Y135.767
G1 F3000 X153.863 Y134.934 E1617.22154
G0 F9000 X154.067 Y135.044
G0 X152.283 Y138.253
G0 X150.203 Y140.882
G0 X150.023 Y140.734
G1 F3000 X149.316 Y143.372 E1617.34871
G0 F9000 X149.142 Y143.229
G0 X147.345 Y145.418
G0 X147.519 Y145.561
G1 F3000 X146.716 Y144.757 E1617.40162
G0 F9000 X146.899 Y144.908
G0 X146.138 Y145.759
G0 X138.213 Y153.131
G0 X138.319 Y153.331
G1 F3000 X137.486 Y152.497 E1617.45651
G0 F9000 X137.595 Y152.703
G0 X137.439 Y153.544
G0 X137.545 Y153.745
G1 F3000 X132.734 Y155.035 E1617.68845
G0 F9000 X132.844 Y155.243
G0 X133.433 Y155.686
G0 X133.54 Y155.887
G1 F3000 X133.941 Y154.39 E1617.76061
G0 F9000 X134.051 Y154.597
G0 X130.994 Y157.068
G0 X131.313 Y158.341
G0 X132.925 Y158.41
G0 X132.925 Y158.179
G1 F3000 X131.95 Y161.82 E1617.93612
G0 F9000 X131.95 Y161.59
G0 X129.838 Y161.59
G0 X129.838 Y161.82
G1 F3000 X125.901 Y157.884 E1618.19535
G0 F9000 X125.968 Y158.105
G0 X125.055 Y158.325
G0 X120.996 Y158.41
G0 X120.996 Y158.18
G1 F3000 X107.411 Y161.82 E1618.85024
G0 F9000 X107.103 Y161.82
G1 F3000 X108.079 Y158.18 E1619.02572
G0 F9000 X108.079 Y158.41
G0 X109.227 Y158.41
G0 X109.227 Y158.18
G1 F3000 X112.867 Y161.82 E1619.26542
G0 F9000 X112.867 Y161.59
G0 X119.527 Y161.59
G0 X119.527 Y161.821
G1 F3000 X120.502 Y158.179 E1619.44098
G0 F9000 X120.502 Y158.41
G0 X143.169 Y158.41
G0 X143.169 Y158.18
G1 F3000 X146.808 Y161.82 E1619.68064
G0 F9000 X146.808 Y161.59
G0 X144.373 Y161.59
G0 X144.373 Y161.82
G1 F3000 X145.349 Y158.18 E1619.85612
G1 F1500 E1613.35612
G0 F9000 X145.349 Y158.41
G0 X95.896 Y161.59
G0 X95.896 Y161.82
G1 F1500 E1619.85612
G1 F3000 X91.027 Y156.951 E1620.17676
G0 F9000 X90.959 Y157.172
G0 X86.853 Y155.081
G0 X86.964 Y154.875
G1 F3000 X85.365 Y155.304 E1620.25385
G0 F9000 X85.474 Y155.102
G0 X84.282 Y154.465
G0 X84.174 Y154.666
G1 F3000 X84.474 Y153.546 E1620.30784
G0 F9000 X84.364 Y153.75
G0 X89.006 Y157.068
G0 X88.687 Y158.341
G0 X83.232 Y158.41
G0 X83.232 Y158.18
G1 F3000 X82.257 Y161.82 E1620.48331
G0 F9000 X82.257 Y161.59
G0 X78.926 Y161.59
G0 X78.926 Y161.82
G1 F3000 X75.286 Y158.18 E1620.72301
G0 F9000 X74.63 Y158.18
G1 F3000 X61.046 Y161.82 E1621.37785
G0 F9000 X61.955 Y161.82
G1 F3000 X58.179 Y158.044 E1621.6265
G0 F9000 X58.18 Y158.945
G1 F3000 X61.82 Y145.363 E1622.28126
G0 F9000 X61.82 Y144.714
G1 F3000 X58.179 Y141.073 E1622.52102
G0 F9000 X58.41 Y141.073
G0 X58.41 Y137.741
G0 X58.18 Y137.741
G1 F3000 X61.819 Y136.766 E1622.69645
G0 F9000 X61.59 Y136.766
G0 X61.659 Y131.313
G0 X62.932 Y130.994
G0 X64.898 Y134.525
G0 X64.695 Y134.632
G1 F3000 X65.123 Y133.034 E1622.77348
G0 F9000 X64.917 Y133.143
G0 X65.535 Y135.718
G0 X65.333 Y135.825
G1 F3000 X66.455 Y135.524 E1622.82757
G0 F9000 X66.248 Y135.634
G0 X62.826 Y129.038
G0 X63.048 Y128.971
G1 F3000 X58.179 Y124.103 E1623.14817
G0 F9000 X58.41 Y124.103
G0 X58.41 Y125.318
G0 X58.18 Y125.318
G1 F3000 X61.82 Y124.343 E1623.32364
G0 F9000 X61.59 Y124.343
G0 X61.651 Y124.954
G0 X63.018 Y129.46
G0 X67.717 Y138.253
G0 X73.174 Y146.05
G0 X72.997 Y146.194
G1 F3000 X74.204 Y145.871 E1623.38182
G1 X74.127 Y145.796
G1 X73.804 Y147.001 E1623.43991
G1 F1500 E1616.93991
G0 F9000 X73.949 Y146.825
G0 X81.308 Y152.943
G0 X89.006 Y157.068
G0 X88.687 Y158.341
G0 X70.809 Y158.41
G0 X70.809 Y158.18
G1 F1500 E1623.43991
G1 F3000 X69.833 Y161.82 E1623.61539
G0 F9000 X69.833 Y161.59
G0 X61.662 Y158.338
G0 X61.59 Y149.189
G0 X61.82 Y149.189
G1 F3000 X58.18 Y150.165 E1623.79087
G1 F1500 E1617.29087
G0 F9000 X58.41 Y150.165
G0 X61.662 Y158.338
G0 X94.68 Y161.59
G0 X94.68 Y161.821
G1 F1500 E1623.79087
G1 F3000 X95.656 Y158.179 E1623.96644
G0 F9000 X95.656 Y158.71
G1 F1500 E1617.46644
;MESH:NONMESH
G0 F300 X95.656 Y158.71 Z2.24
G0 F9000 X90.693 Y156.611
G0 X81.971 Y151.95
G0 X74.326 Y145.674
G0 X68.051 Y138.03
G0 X63.389 Y129.307
G0 X62.051 Y124.895
G0 X62.051 Y95.105
G0 X62.926 Y88.316
G0 X62.606 Y88.144
;TIME_ELAPSED:1994.401370
;LAYER:7
;TYPE:WALL-INNER
;MESH:tmpek4p4esk10x10x.5Doubled.stl
G1 F1500 E1623.96644
G1 X62.299 Y88.066 E1623.98119
G1 X62.031 Y87.875 E1623.99652
G1 X61.935 Y87.704 E1624.00565
G1 X61.9 Y87.5 E1624.01529
G1 X61.9 Y62.388 E1625.18461
G1 X61.984 Y62.192 E1625.19454
G1 X62.192 Y61.984 E1625.20823
G1 X62.5 Y61.9 E1625.2231
G1 X87.5 Y61.9 E1626.3872
G1 X87.705 Y61.935 E1626.39689
G1 X87.875 Y62.031 E1626.40598
G1 X88.066 Y62.299 E1626.4213
G1 X88.144 Y62.606 E1626.43605
G1 X88.126 Y62.949 E1626.45204
G1 X87.919 Y63.238 E1626.4686
G1 X81.168 Y66.85 E1626.82512
G1 X73.303 Y73.303 E1627.29884
G1 X66.85 Y81.168 E1627.77256
G1 X63.235 Y87.922 E1628.12927
G1 X62.95 Y88.126 E1628.14559
G1 X62.606 Y88.144 E1628.16163
G1 F1500 E1621.66163
G0 F9000 X62.926 Y88.316
G0 X62.051 Y95.105
G0 X62.051 Y124.895
G0 X63.389 Y129.307
G0 X68.051 Y138.03
G0 X74.326 Y145.674
G0 X88.542 Y157.273
G0 X88.375 Y157.941
G0 X87.5 Y158.41
G0 X87.5 Y158.1
G1 F1500 E1628.16163
G1 X62.388 Y158.1 E1629.33095
G1 X62.192 Y158.016 E1629.34088
G1 X61.984 Y157.808 E1629.35457
G1 X61.9 Y157.5 E1629.36944
G1 X61.9 Y132.496 E1630.53373
G1 X61.935 Y132.291 E1630.54341
G1 X62.031 Y132.121 E1630.5525
G1 X62.299 Y131.93 E1630.56783
G1 X62.606 Y131.852 E1630.58258
G1 X62.949 Y131.87 E1630.59857
G1 X63.277 Y132.153 E1630.61874
G1 X66.85 Y138.828 E1630.97129
G1 X73.303 Y146.693 E1631.44501
G1 X81.167 Y153.151 E1631.91884
G1 X87.844 Y156.718 E1632.27133
G1 X88.125 Y157.045 E1632.29141
G1 X88.144 Y157.388 E1632.3074
G1 X88.044 Y157.787 E1632.32656
G1 X87.875 Y157.969 E1632.33812
G1 X87.705 Y158.065 E1632.34721
G1 X87.5 Y158.1 E1632.3569
G0 F9000 X87.5 Y158.41
G0 X110 Y158.41
G0 X110 Y158.1
G1 F1500 X95.079 Y158.1 E1633.05168
G1 X90.639 Y156.749 E1633.26778
G1 X81.888 Y152.077 E1633.7297
G1 X74.219 Y145.777 E1634.19185
G1 X67.927 Y138.112 E1634.65361
G1 X63.246 Y129.363 E1635.11565
G1 X61.9 Y124.898 E1635.3328
G1 X61.9 Y95.08 E1636.72125
G1 X63.247 Y90.64 E1636.9373
G1 X67.921 Y81.887 E1637.39934
G1 X74.219 Y74.219 E1637.86139
G1 X81.884 Y67.927 E1638.32316
G1 X90.633 Y63.246 E1638.78519
G1 X95.098 Y61.9 E1639.00234
G1 X124.916 Y61.9 E1640.3908
G1 X129.356 Y63.247 E1640.60685
G1 X138.112 Y67.927 E1641.06915
G1 X145.777 Y74.219 E1641.53091
G1 X152.073 Y81.884 E1641.99279
G1 X156.75 Y90.634 E1642.45478
G1 X158.1 Y95.079 E1642.67109
G1 X158.1 Y124.902 E1644.05978
G1 X156.749 Y129.357 E1644.27655
G1 X152.073 Y138.112 E1644.73872
G1 X145.777 Y145.777 E1645.2006
G1 X138.112 Y152.073 E1645.66249
G1 X129.362 Y156.75 E1646.12448
G1 X124.917 Y158.1 E1646.34079
G1 X110 Y158.1 E1647.03539
G0 F9000 X110 Y158.41
G0 X110 Y161.59
G0 X110 Y161.9
G1 F1500 X161.9 Y161.9 E1649.45207
G1 X161.9 Y58.1 E1654.28543
G1 X58.1 Y58.1 E1659.11879
G1 X58.1 Y161.9 E1663.95216
G1 X110 Y161.9 E1666.36884
G0 F9000 X110 Y161.59
G0 X132.496 Y158.41
G0 X132.496 Y158.1
G1 F1500 X132.291 Y158.065 E1666.37852
G1 X132.12 Y157.969 E1666.38765
G1 X131.931 Y157.722 E1666.40214
G1 X131.852 Y157.388 E1666.41812
G1 X131.871 Y157.045 E1666.43411
G1 X132.078 Y156.758 E1666.45059
G1 X138.828 Y153.15 E1666.80698
G1 X146.693 Y146.693 E1667.28082
G1 X153.15 Y138.828 E1667.75466
G1 X156.718 Y132.153 E1668.10709
G1 X157.045 Y131.871 E1668.1272
G1 X157.388 Y131.852 E1668.14319
G1 X157.7 Y131.93 E1668.15817
G1 X157.969 Y132.12 E1668.1735
G1 X158.065 Y132.291 E1668.18263
G1 X158.1 Y132.496 E1668.19232
G1 X158.1 Y157.612 E1669.36182
G1 X158.016 Y157.808 E1669.37175
G1 X157.808 Y158.016 E1669.38545
G1 X157.612 Y158.1 E1669.39538
G1 X132.496 Y158.1 E1670.56489
G1 F1500 E1664.06489
G0 F9000 X132.496 Y158.41
G0 X131.625 Y157.941
G0 X131.458 Y157.273
G0 X145.674 Y145.674
G0 X151.949 Y138.03
G0 X156.611 Y129.307
G0 X157.949 Y124.895
G0 X157.949 Y95.105
G0 X157.072 Y88.312
G0 X157.388 Y88.144
G1 F1500 E1670.56489
G1 X157.045 Y88.125 E1670.58088
G1 X156.758 Y87.918 E1670.59736
G1 X153.15 Y81.168 E1670.95375
G1 X146.693 Y73.303 E1671.42759
G1 X138.828 Y66.85 E1671.90131
G1 X132.152 Y63.278 E1672.25387
G1 X131.87 Y62.95 E1672.27401
G1 X131.852 Y62.606 E1672.29005
G1 X131.93 Y62.299 E1672.3048
G1 X132.121 Y62.031 E1672.32013
G1 X132.292 Y61.935 E1672.32926
G1 X132.496 Y61.9 E1672.33889
G1 X157.612 Y61.9 E1673.5084
G1 X157.808 Y61.984 E1673.51833
G1 X158.016 Y62.191 E1673.53199
G1 X158.1 Y62.5 E1673.54691
G1 X158.1 Y87.574 E1674.71446
G1 X157.969 Y87.875 E1674.72974
G1 X157.7 Y88.066 E1674.7451
G1 X157.388 Y88.144 E1674.76008
G0 F9000 X157.216 Y87.775
;TYPE:WALL-OUTER
G1 F1500 X157.09 Y87.684 E1674.76732
G1 X153.484 Y80.944 E1675.12325
G1 X146.977 Y73.019 E1675.60073
G1 X139.052 Y66.516 E1676.07808
G1 X132.341 Y62.925 E1676.4325
G1 X132.247 Y62.816 E1676.4392
G1 X132.241 Y62.7 E1676.44461
G1 X132.315 Y62.413 E1676.45841
G1 X132.448 Y62.3 E1676.46654
G1 X157.539 Y62.3 E1677.63488
G1 X157.7 Y62.461 E1677.64548
G1 X157.698 Y87.535 E1678.81303
G1 X157.587 Y87.681 E1678.82157
G1 X157.216 Y87.775 E1678.83939
G1 F1500 E1672.33939
G0 F9000 X156.88 Y87.954
G0 X157.949 Y95.105
G0 X157.949 Y124.895
G0 X156.611 Y129.307
G0 X151.949 Y138.03
G0 X145.674 Y145.674
G0 X131.458 Y157.273
G0 X131.625 Y157.941
G0 X132.441 Y158.01
G0 X132.441 Y157.7
G1 F1500 E1678.83939
G1 X132.314 Y157.601 E1678.84689
G1 X132.222 Y157.215 E1678.86537
G1 X132.312 Y157.09 E1678.87254
G1 X139.052 Y153.484 E1679.22848
G1 X146.977 Y146.977 E1679.70595
G1 X153.484 Y139.052 E1680.18343
G1 X157.071 Y132.341 E1680.53776
G1 X157.18 Y132.247 E1680.54446
G1 X157.295 Y132.241 E1680.54982
G1 X157.587 Y132.315 E1680.56385
G1 X157.7 Y132.447 E1680.57194
G1 X157.698 Y157.584 E1681.74242
G1 X157.539 Y157.7 E1681.75159
G1 X132.441 Y157.7 E1682.92025
G1 F1500 E1676.42025
G0 F9000 X132.441 Y158.01
G0 X110 Y158.01
G0 X110 Y157.7
G1 F1500 E1682.92025
G1 X95.139 Y157.7 E1683.61224
G1 X90.769 Y156.369 E1683.82496
G1 X82.125 Y151.749 E1684.28134
G1 X74.502 Y145.494 E1684.7405
G1 X68.261 Y137.891 E1685.19853
G1 X63.627 Y129.227 E1685.65604
G1 X62.303 Y124.859 E1685.86857
G1 X62.3 Y95.14 E1687.25241
G1 X63.618 Y90.789 E1687.46411
G1 X68.257 Y82.108 E1687.92243
G1 X74.502 Y74.502 E1688.38068
G1 X82.105 Y68.261 E1688.8387
G1 X90.769 Y63.627 E1689.29622
G1 X95.137 Y62.303 E1689.50875
G1 X124.856 Y62.3 E1690.89259
G1 X129.207 Y63.618 E1691.10428
G1 X137.875 Y68.251 E1691.56194
G1 X145.494 Y74.502 E1692.02083
G1 X151.739 Y82.105 E1692.47898
G1 X156.384 Y90.805 E1692.93821
G1 X157.7 Y95.139 E1693.14912
G1 X157.698 Y124.859 E1694.53301
G1 X156.369 Y129.227 E1694.7456
G1 X151.749 Y137.875 E1695.20215
G1 X145.494 Y145.494 E1695.66117
G1 X137.891 Y151.739 E1696.11931
G1 X129.191 Y156.384 E1696.57855
G1 X124.857 Y157.7 E1696.78945
G1 X110 Y157.7 E1697.48126
G1 F1500 E1690.98126
G0 F9000 X110 Y158.01
G0 X110 Y161.99
G0 X110 Y162.3
G1 F1500 E1697.48126
G1 X162.3 Y162.3 E1699.91656
G1 X162.3 Y57.7 E1704.78718
G1 X57.7 Y57.7 E1709.65779
G1 X57.7 Y162.3 E1714.52841
G1 X110 Y162.3 E1716.96371
G1 F1500 E1710.46371
G0 F9000 X110 Y161.99
G0 X87.55 Y158.01
G0 X87.55 Y157.7
G1 F1500 E1716.96371
G1 X62.461 Y157.7 E1718.13196
G1 X62.3 Y157.539 E1718.14256
G1 X62.3 Y132.446 E1719.311
G1 X62.413 Y132.315 E1719.31906
G1 X62.7 Y132.241 E1719.33286
G1 X62.815 Y132.247 E1719.33822
G1 X62.925 Y132.341 E1719.34496
G1 X66.516 Y139.052 E1719.69937
G1 X73.019 Y146.977 E1720.17673
G1 X80.944 Y153.485 E1720.65423
G1 X87.655 Y157.071 E1721.00854
G1 X87.749 Y157.18 E1721.01524
G1 X87.755 Y157.295 E1721.0206
G1 X87.681 Y157.587 E1721.03463
G1 X87.55 Y157.7 E1721.04269
G1 F1500 E1714.54269
G0 F9000 X87.55 Y158.01
G0 X88.375 Y157.941
G0 X88.542 Y157.273
G0 X74.326 Y145.674
G0 X68.051 Y138.03
G0 X63.389 Y129.307
G0 X62.051 Y124.895
G0 X62.051 Y95.105
G0 X63.108 Y87.974
G0 X62.7 Y87.755
G1 F1500 E1721.04269
G1 X62.413 Y87.681 E1721.05649
G1 X62.3 Y87.548 E1721.06461
G1 X62.3 Y62.461 E1722.23277
G1 X62.461 Y62.3 E1722.24337
G1 X87.555 Y62.3 E1723.41185
G1 X87.682 Y62.4 E1723.41938
G1 X87.774 Y62.78 E1723.43759
G1 X87.684 Y62.906 E1723.4448
G1 X80.944 Y66.516 E1723.80082
G1 X73.019 Y73.019 E1724.27818
G1 X66.516 Y80.944 E1724.75553
G1 X62.906 Y87.684 E1725.11156
G1 X62.816 Y87.749 E1725.11673
G1 X62.7 Y87.755 E1725.12214
G0 F9000 X63.108 Y87.974
G0 X62.727 Y88.542
G0 X62.059 Y88.375
G0 X61.59 Y87.278
G0 X61.82 Y87.278
;TYPE:FILL
G1 F3000 X58.18 Y88.253 E1725.2976
G0 F9000 X58.41 Y88.253
G0 X58.41 Y89.882
G0 X58.179 Y89.882
G1 F3000 X62.181 Y93.883 E1725.56111
G0 F9000 X61.961 Y93.816
G0 X61.682 Y94.923
G0 X61.59 Y98.235
G0 X61.819 Y98.235
G1 F3000 X58.181 Y111.815 E1726.21575
G0 F9000 X58.41 Y111.815
G0 X58.41 Y113.1
G0 X58.18 Y113.1
G1 F3000 X61.819 Y112.125 E1726.39117
G0 F9000 X61.59 Y112.125
G0 X61.59 Y110.493
G0 X61.82 Y110.493
G1 F3000 X58.179 Y106.852 E1726.63094
G0 F9000 X58.41 Y106.852
G0 X58.41 Y100.676
G0 X58.18 Y100.676
G1 F3000 X61.82 Y99.701 E1726.80641
G0 F9000 X61.59 Y99.701
G0 X61.651 Y95.046
G0 X63.018 Y90.54
G0 X64.352 Y87.915
G0 X64.555 Y88.024
G1 F3000 X65.843 Y83.217 E1727.03814
G0 F9000 X66.046 Y83.326
G0 X66.966 Y81.605
G0 X66.765 Y81.497
G1 F3000 X67.598 Y82.33 E1727.09299
G0 F9000 X67.395 Y82.221
G0 X65.275 Y86.189
G0 X65.478 Y86.298
G1 F3000 X63.979 Y86.699 E1727.16525
G0 F9000 X64.184 Y86.809
G0 X62.932 Y89.006
G0 X61.659 Y88.687
G0 X61.59 Y76.552
G0 X61.82 Y76.552
G1 F3000 X58.179 Y72.911 E1727.40501
G0 F9000 X58.41 Y72.911
G0 X58.41 Y75.83
G0 X58.18 Y75.83
G1 F3000 X61.819 Y74.855 E1727.58044
G0 F9000 X61.59 Y74.855
G0 X58.41 Y65.45
G0 X58.181 Y65.45
G1 F3000 X60.129 Y58.179 E1727.93094
G0 F9000 X60.419 Y58.18
G1 F3000 X64.059 Y61.82 E1728.17064
G1 X64.1 Y61.82
G1 X77.684 Y58.18 E1728.82549
G0 F9000 X77.389 Y58.18
G1 F3000 X81.029 Y61.82 E1729.06519
G0 F9000 X81.029 Y61.59
G0 X84 Y61.59
G0 X84 Y61.82
G1 F3000 X84.976 Y58.179 E1729.24071
G0 F9000 X84.976 Y58.41
G0 X88.687 Y61.659
G0 X89.006 Y62.932
G0 X84.522 Y65.407
G0 X84.414 Y65.204
G1 F3000 X85.248 Y66.039 E1729.29567
G0 F9000 X85.14 Y65.835
G0 X82.981 Y66.231
G0 X82.873 Y66.028
G1 F3000 X82.472 Y67.524 E1729.36779
G0 F9000 X82.363 Y67.319
G0 X82.014 Y67.544
G0 X78.744 Y70.103
G0 X78.889 Y70.281
G1 F3000 X76.251 Y70.988 E1729.49496
G0 F9000 X76.396 Y71.166
G0 X74.735 Y72.529
G0 X74.59 Y72.351
G1 F3000 X75.39 Y73.151 E1729.54764
G1 F1500 E1723.04764
G0 F9000 X75.246 Y72.974
G0 X81.308 Y67.057
G0 X89.006 Y62.932
G0 X88.687 Y61.659
G0 X71.576 Y61.59
G0 X71.576 Y61.821
G1 F1500 E1729.54764
G1 F3000 X72.552 Y58.179 E1729.72321
G0 F9000 X72.552 Y58.41
G0 X61.662 Y61.662
G0 X61.59 Y62.428
G0 X61.83 Y62.428
G1 F3000 X58.18 Y63.406 E1729.89916
G1 F1500 E1723.39916
G0 F9000 X58.41 Y63.406
G0 X61.662 Y61.662
G0 X94.36 Y58.41
G0 X94.36 Y58.18
G1 F1500 E1729.89916
G1 F3000 X98 Y61.82 E1730.13886
G0 F9000 X98 Y61.59
G0 X96.423 Y61.59
G0 X96.423 Y61.821
G1 F3000 X97.399 Y58.179 E1730.31443
G0 F9000 X97.399 Y58.41
G0 X108.847 Y61.59
G0 X108.847 Y61.82
G1 F3000 X109.822 Y58.179 E1730.48995
G0 F9000 X109.822 Y58.41
G0 X111.33 Y58.41
G0 X111.33 Y58.18
G1 F3000 X114.971 Y61.82 E1730.72968
G0 F9000 X114.971 Y61.59
G0 X110.464 Y61.59
G0 X110.464 Y61.82
G1 F3000 X124.049 Y58.18 E1731.38457
G0 F9000 X124.049 Y58.41
G0 X122.246 Y58.41
G0 X122.246 Y58.179
G1 F3000 X121.27 Y61.82 E1731.5601
G0 F9000 X121.27 Y61.59
G0 X128.301 Y58.41
G0 X128.301 Y58.18
G1 F3000 X132.084 Y61.963 E1731.80921
G0 F9000 X132.084 Y61.59
G0 X133.693 Y61.59
G0 X133.693 Y61.821
G1 F3000 X134.669 Y58.179 E1731.98478
G0 F9000 X134.669 Y58.41
G0 X131.313 Y61.659
G0 X130.994 Y62.932
G0 X133.029 Y64.098
G0 X133.137 Y63.897
G1 F3000 X132.837 Y65.017 E1732.03877
G0 F9000 X132.947 Y64.813
G0 X134.92 Y65.108
G0 X135.028 Y64.907
G1 F3000 X137.782 Y67.661 E1732.22013
G0 F9000 X137.892 Y67.456
G0 X136.973 Y66.965
G0 X136.863 Y67.17
G1 F3000 X138.459 Y66.742 E1732.29707
G0 F9000 X138.351 Y66.943
G0 X143.531 Y71.106
G0 X143.675 Y70.931
G1 F3000 X143.355 Y72.125 E1732.35463
G0 F9000 X143.502 Y71.947
G0 X145.959 Y74.041
G0 X148.052 Y76.497
G0 X147.873 Y76.643
G1 F3000 X149.069 Y76.323 E1732.41228
G0 F9000 X148.892 Y76.467
G0 X153.055 Y81.645
G0 X153.256 Y81.538
G1 F3000 X152.829 Y83.132 E1732.48912
G0 F9000 X153.034 Y83.023
G0 X152.547 Y82.114
G0 X152.343 Y82.222
G1 F3000 X155.094 Y84.973 E1732.67028
G0 F9000 X154.891 Y85.081
G0 X155.901 Y86.969
G0 X156.104 Y86.861
G1 F3000 X154.98 Y87.162 E1732.72446
G0 F9000 X155.187 Y87.052
G0 X157.068 Y89.006
G0 X158.341 Y88.687
G0 X158.41 Y87.914
G0 X158.035 Y87.914
G1 F3000 X161.82 Y91.699 E1732.97371
G0 F9000 X161.59 Y91.699
G0 X161.59 Y95.944
G0 X161.82 Y95.944
G1 F3000 X158.18 Y109.527 E1733.62851
G0 F9000 X158.41 Y109.527
G0 X158.41 Y111.151
G0 X158.181 Y111.151
G1 F3000 X161.82 Y110.176 E1733.80393
G0 F9000 X161.59 Y110.176
G0 X161.59 Y108.67
G0 X161.82 Y108.67
G1 F3000 X158.18 Y105.029 E1734.04367
G0 F9000 X158.41 Y105.029
G0 X158.41 Y98.728
G0 X158.181 Y98.728
G1 F3000 X161.819 Y97.753 E1734.21904
G0 F9000 X161.59 Y97.753
G0 X158.41 Y86.305
G0 X158.18 Y86.305
G1 F3000 X161.82 Y85.329 E1734.39453
G0 F9000 X161.59 Y85.329
G0 X161.59 Y74.728
G0 X161.82 Y74.728
G1 F3000 X158.18 Y71.088 E1734.63423
G0 F9000 X158.41 Y71.088
G0 X158.41 Y73.881
G0 X158.181 Y73.881
G1 F3000 X161.819 Y72.906 E1734.8096
G0 F9000 X161.59 Y72.906
G0 X158.41 Y63.164
G0 X158.18 Y63.164
G1 F3000 X159.516 Y58.179 E1735.04992
G0 F9000 X159.516 Y58.41
G0 X161.59 Y60.483
G0 X161.82 Y60.483
G1 F3000 X156.829 Y61.82 E1735.29051
G0 F9000 X156.829 Y61.59
G0 X148.911 Y61.59
G0 X148.911 Y61.82
G1 F3000 X145.272 Y58.18 E1735.53018
G0 F9000 X145.272 Y58.41
G0 X147.092 Y58.41
G0 X147.092 Y58.179
G1 F3000 X146.117 Y61.82 E1735.7057
G1 F1500 E1729.2057
G0 F9000 X146.117 Y61.59
G0 X131.313 Y61.659
G0 X130.994 Y62.932
G0 X138.692 Y67.057
G0 X149.193 Y76.706
G0 X152.283 Y81.747
G0 X156.982 Y90.54
G0 X158.349 Y95.046
G0 X158.41 Y122
G0 X158.18 Y122
G1 F1500 E1735.7057
G1 F3000 X161.82 Y125.64 E1735.9454
G0 F9000 X161.59 Y125.64
G0 X161.59 Y122.599
G0 X161.82 Y122.599
G1 F3000 X158.181 Y123.574 E1736.12082
G0 F9000 X158.41 Y123.574
G0 X158.349 Y124.954
G0 X156.982 Y129.46
G0 X154.164 Y134.861
G0 X153.96 Y134.751
G1 F3000 X154.793 Y135.584 E1736.17567
G0 F9000 X154.594 Y135.477
G0 X153.769 Y137.02
G0 X153.968 Y137.127
G1 F3000 X152.481 Y137.525 E1736.24735
G0 F9000 X152.682 Y137.633
G0 X152.456 Y137.984
G0 X149.899 Y141.252
G0 X149.719 Y141.104
G1 F3000 X149.012 Y143.742 E1736.37452
G0 F9000 X148.838 Y143.599
G0 X147.472 Y145.263
G0 X147.646 Y145.407
G1 F3000 X146.843 Y144.604 E1736.4274
G1 F1500 E1729.9274
G0 F9000 X147.025 Y144.754
G0 X152.943 Y138.692
G0 X157.068 Y130.994
G0 X158.341 Y131.313
G0 X158.41 Y148.421
G0 X158.18 Y148.421
G1 F1500 E1736.4274
G1 F3000 X161.82 Y147.446 E1736.60287
G0 F9000 X161.59 Y147.446
G0 X161.59 Y142.611
G0 X161.82 Y142.611
G1 F3000 X158.18 Y138.971 E1736.84257
G0 F9000 X158.41 Y138.971
G0 X158.41 Y135.998
G0 X158.181 Y135.998
G1 F3000 X161.819 Y135.023 E1737.01795
G0 F9000 X161.59 Y135.023
G0 X161.59 Y142.309
G0 X161.82 Y142.309
G1 F3000 X158.18 Y155.891 E1737.6727
G1 X158.18 Y155.941
G1 X161.82 Y159.581 E1737.9124
G0 F9000 X161.819 Y159.87
G1 F3000 X154.54 Y161.82 E1738.2633
G0 F9000 X154.54 Y161.59
G0 X156.591 Y161.59
G0 X156.591 Y161.821
G1 F3000 X157.57 Y158.169 E1738.43935
G0 F9000 X157.57 Y158.41
G0 X147.088 Y161.59
G0 X147.088 Y161.82
G1 F3000 X143.449 Y158.18 E1738.67902
G0 F9000 X143.449 Y158.41
G0 X145.144 Y158.41
G0 X145.144 Y158.18
G1 F3000 X144.168 Y161.82 E1738.8545
G0 F9000 X144.168 Y161.59
G0 X131.313 Y158.341
G0 X130.994 Y157.068
G0 X138.395 Y153.033
G0 X138.502 Y153.234
G1 F3000 X137.669 Y152.401 E1738.90936
G0 F9000 X137.778 Y152.606
G0 X136.67 Y153.955
G0 X136.777 Y154.156
G1 F3000 X131.963 Y155.446 E1739.14142
G0 F9000 X132.074 Y155.654
G0 X133.193 Y155.814
G0 X133.3 Y156.016
G1 F3000 X133.702 Y154.518 E1739.21364
G0 F9000 X133.812 Y154.725
G0 X130.994 Y157.068
G0 X131.313 Y158.341
G0 X132.72 Y158.41
G0 X132.72 Y158.179
G1 F3000 X131.745 Y161.82 E1739.38916
G0 F9000 X131.745 Y161.59
G0 X130.118 Y161.59
G0 X130.118 Y161.82
G1 F3000 X126.116 Y157.818 E1739.6527
G0 F9000 X126.183 Y158.04
G0 X125.077 Y158.318
G0 X121.761 Y158.41
G0 X121.761 Y158.18
G1 F3000 X108.175 Y161.82 E1740.30763
G0 F9000 X108.175 Y161.59
G0 X106.898 Y161.59
G0 X106.898 Y161.82
G1 F3000 X107.874 Y158.18 E1740.48311
G0 F9000 X107.874 Y158.41
G0 X109.507 Y158.41
G0 X109.507 Y158.18
G1 F3000 X113.147 Y161.82 E1740.72281
G0 F9000 X113.147 Y161.59
G0 X119.322 Y161.59
G0 X119.322 Y161.821
G1 F3000 X120.297 Y158.179 E1740.89837
G0 F9000 X120.297 Y158.41
G0 X96.176 Y161.59
G0 X96.176 Y161.82
G1 F3000 X91.43 Y157.073 E1741.21093
G0 F9000 X91.362 Y157.294
G0 X94.346 Y158.149
G0 X95.451 Y158.41
G0 X95.451 Y158.179
G1 F3000 X94.475 Y161.821 E1741.38651
G0 F9000 X94.475 Y161.59
G0 X87.109 Y155.217
G0 X87.219 Y155.012
G1 F3000 X85.621 Y155.44 E1741.46354
G0 F9000 X85.729 Y155.239
G0 X84.102 Y154.369
G0 X83.994 Y154.57
G1 F3000 X84.294 Y153.451 E1741.51748
G0 F9000 X84.185 Y153.654
G0 X89.006 Y157.068
G0 X88.687 Y158.341
G0 X83.027 Y158.41
G0 X83.027 Y158.18
G1 F3000 X82.052 Y161.82 E1741.69295
G0 F9000 X82.052 Y161.59
G0 X79.206 Y161.59
G0 X79.206 Y161.82
G1 F3000 X75.566 Y158.18 E1741.93265
G1 X75.395 Y158.18
G1 X61.811 Y161.82 E1742.5875
G0 F9000 X62.235 Y161.82
G1 F3000 X58.179 Y157.764 E1742.85459
G0 F9000 X58.18 Y158.18
G1 F3000 X61.82 Y144.598 E1743.50934
G1 X61.82 Y144.434
G1 X58.179 Y140.793 E1743.74911
G0 F9000 X58.41 Y140.793
G0 X58.41 Y137.946
G0 X58.18 Y137.946
G1 F3000 X61.819 Y136.971 E1743.92453
G0 F9000 X61.59 Y136.971
G0 X61.659 Y131.313
G0 X62.932 Y130.994
G0 X65.631 Y135.897
G0 X65.429 Y136.004
G1 F3000 X66.55 Y135.704 E1743.97857
G0 F9000 X66.344 Y135.813
G0 X64.761 Y134.27
G0 X64.559 Y134.377
G1 F3000 X64.987 Y132.779 E1744.0556
G0 F9000 X64.781 Y132.888
G0 X63.194 Y129.803
G0 X62.705 Y128.637
G0 X62.927 Y128.57
G1 F3000 X58.179 Y123.823 E1744.36823
G0 F9000 X58.41 Y123.823
G0 X58.41 Y125.523
G0 X58.18 Y125.523
G1 F3000 X61.82 Y124.548 E1744.5437
G0 F9000 X61.59 Y124.548
G0 X61.651 Y124.954
G0 X63.018 Y129.46
G0 X67.717 Y138.253
G0 X73.794 Y145.753
G0 X73.972 Y145.608
G1 F3000 X73.636 Y146.863 E1744.6042
G0 F9000 X73.135 Y146.362
G1 F3000 X74.392 Y146.026 E1744.66478
G1 F1500 E1738.16478
G0 F9000 X74.245 Y146.204
G0 X81.308 Y152.943
G0 X89.006 Y157.068
G0 X88.687 Y158.341
G0 X70.604 Y158.41
G0 X70.604 Y158.179
G1 F1500 E1744.66478
G1 F3000 X69.628 Y161.821 E1744.84035
G0 F9000 X69.628 Y161.59
G0 X61.662 Y158.338
G0 X61.59 Y149.394
G0 X61.82 Y149.394
G1 F3000 X58.18 Y150.37 E1745.01583
G0 F9000 X58.71 Y150.37
G1 F1500 E1738.51583
;MESH:NONMESH
G0 F300 X58.71 Y150.37 Z2.52
G0 F9000 X62.051 Y95.105
G0 X62.926 Y88.316
G0 X62.606 Y88.144
;TIME_ELAPSED:2136.827763
;LAYER:8
;TYPE:WALL-INNER
;MESH:tmpek4p4esk10x10x.5Doubled.stl
G1 F1500 E1745.01583
G1 X62.299 Y88.066 E1745.03058
G1 X62.031 Y87.875 E1745.04591
G1 X61.935 Y87.704 E1745.05504
G1 X61.9 Y87.5 E1745.06468
G1 X61.9 Y62.388 E1746.234
G1 X61.984 Y62.192 E1746.24393
G1 X62.192 Y61.984 E1746.25762
G1 X62.5 Y61.9 E1746.27249
G1 X87.5 Y61.9 E1747.43659
G1 X87.705 Y61.935 E1747.44628
G1 X87.875 Y62.031 E1747.45537
G1 X88.066 Y62.299 E1747.47069
G1 X88.144 Y62.606 E1747.48544
G1 X88.126 Y62.949 E1747.50144
G1 X87.919 Y63.238 E1747.51799
G1 X81.168 Y66.85 E1747.87451
G1 X73.303 Y73.303 E1748.34823
G1 X66.85 Y81.168 E1748.82195
G1 X63.235 Y87.922 E1749.17866
G1 X62.95 Y88.126 E1749.19498
G1 X62.606 Y88.144 E1749.21102
G1 F1500 E1742.71102
G0 F9000 X62.926 Y88.316
G0 X62.051 Y95.105
G0 X62.051 Y124.895
G0 X63.389 Y129.307
G0 X68.051 Y138.03
G0 X74.326 Y145.674
G0 X88.542 Y157.273
G0 X88.375 Y157.941
G0 X87.5 Y158.41
G0 X87.5 Y158.1
G1 F1500 E1749.21102
G1 X62.388 Y158.1 E1750.38034
G1 X62.192 Y158.016 E1750.39027
G1 X61.984 Y157.808 E1750.40396
G1 X61.9 Y157.5 E1750.41883
G1 X61.9 Y132.496 E1751.58312
G1 X61.935 Y132.291 E1751.5928
G1 X62.031 Y132.121 E1751.60189
G1 X62.299 Y131.93 E1751.61722
G1 X62.606 Y131.852 E1751.63197
G1 X62.949 Y131.87 E1751.64796
G1 X63.277 Y132.153 E1751.66813
G1 X66.85 Y138.828 E1752.02068
G1 X73.303 Y146.693 E1752.4944
G1 X81.167 Y153.151 E1752.96823
G1 X87.844 Y156.718 E1753.32072
G1 X88.125 Y157.045 E1753.3408
G1 X88.144 Y157.388 E1753.35679
G1 X88.044 Y157.787 E1753.37595
G1 X87.875 Y157.969 E1753.38751
G1 X87.705 Y158.065 E1753.3966
G1 X87.5 Y158.1 E1753.40629
G0 F9000 X87.5 Y158.41
G0 X110 Y158.41
G0 X110 Y158.1
G1 F1500 X95.079 Y158.1 E1754.10107
G1 X90.639 Y156.749 E1754.31717
G1 X81.888 Y152.077 E1754.77909
G1 X74.219 Y145.777 E1755.24124
G1 X67.927 Y138.112 E1755.703
G1 X63.246 Y129.363 E1756.16504
G1 X61.9 Y124.898 E1756.38219
G1 X61.9 Y95.08 E1757.77064
G1 X63.247 Y90.64 E1757.98669
G1 X67.921 Y81.887 E1758.44874
G1 X74.219 Y74.219 E1758.91079
G1 X81.884 Y67.927 E1759.37255
G1 X90.633 Y63.246 E1759.83458
G1 X95.098 Y61.9 E1760.05174
G1 X124.916 Y61.9 E1761.44019
G1 X129.356 Y63.247 E1761.65624
G1 X138.112 Y67.927 E1762.11854
G1 X145.777 Y74.219 E1762.5803
G1 X152.073 Y81.884 E1763.04218
G1 X156.75 Y90.634 E1763.50417
G1 X158.1 Y95.079 E1763.72048
G1 X158.1 Y124.902 E1765.10917
G1 X156.749 Y129.357 E1765.32594
G1 X152.073 Y138.112 E1765.78811
G1 X145.777 Y145.777 E1766.25
G1 X138.112 Y152.073 E1766.71188
G1 X129.362 Y156.75 E1767.17387
G1 X124.898 Y158.1 E1767.39103
G1 X110 Y158.1 E1768.08474
G0 F9000 X110 Y158.41
G0 X110 Y161.59
G0 X110 Y161.9
G1 F1500 X161.9 Y161.9 E1770.50142
G1 X161.9 Y58.1 E1775.33478
G1 X58.1 Y58.1 E1780.16815
G1 X58.1 Y161.9 E1785.00151
G1 X110 Y161.9 E1787.41819
G0 F9000 X110 Y161.59
G0 X132.496 Y158.41
G0 X132.496 Y158.1
G1 F1500 X132.291 Y158.065 E1787.42787
G1 X132.12 Y157.969 E1787.43701
G1 X131.931 Y157.722 E1787.45149
G1 X131.852 Y157.388 E1787.46747
G1 X131.871 Y157.045 E1787.48347
G1 X132.078 Y156.758 E1787.49994
G1 X138.828 Y153.15 E1787.85633
G1 X146.693 Y146.693 E1788.33017
G1 X153.15 Y138.828 E1788.80401
G1 X156.718 Y132.153 E1789.15644
G1 X157.045 Y131.871 E1789.17655
G1 X157.388 Y131.852 E1789.19254
G1 X157.7 Y131.93 E1789.20752
G1 X157.969 Y132.12 E1789.22286
G1 X158.065 Y132.291 E1789.23199
G1 X158.1 Y132.496 E1789.24167
G1 X158.1 Y157.612 E1790.41118
G1 X158.016 Y157.808 E1790.42111
G1 X157.808 Y158.016 E1790.4348
G1 X157.612 Y158.1 E1790.44473
G1 X132.496 Y158.1 E1791.61424
G1 F1500 E1785.11424
G0 F9000 X132.496 Y158.41
G0 X131.625 Y157.941
G0 X131.458 Y157.273
G0 X145.674 Y145.674
G0 X151.949 Y138.03
G0 X156.611 Y129.307
G0 X157.949 Y124.895
G0 X157.949 Y95.105
G0 X157.072 Y88.312
G0 X157.388 Y88.144
G1 F1500 E1791.61424
G1 X157.045 Y88.125 E1791.63023
G1 X156.758 Y87.918 E1791.64671
G1 X153.15 Y81.168 E1792.0031
G1 X146.693 Y73.303 E1792.47694
G1 X138.828 Y66.85 E1792.95066
G1 X132.152 Y63.278 E1793.30322
G1 X131.87 Y62.95 E1793.32336
G1 X131.852 Y62.606 E1793.3394
G1 X131.93 Y62.299 E1793.35415
G1 X132.121 Y62.031 E1793.36948
G1 X132.292 Y61.935 E1793.37861
G1 X132.496 Y61.9 E1793.38825
G1 X157.612 Y61.9 E1794.55775
G1 X157.808 Y61.984 E1794.56768
G1 X158.016 Y62.191 E1794.58135
G1 X158.1 Y62.5 E1794.59626
G1 X158.1 Y87.574 E1795.76381
G1 X157.969 Y87.875 E1795.77909
G1 X157.7 Y88.066 E1795.79446
G1 X157.388 Y88.144 E1795.80943
G0 F9000 X157.216 Y87.775
;TYPE:WALL-OUTER
G1 F1500 X157.09 Y87.684 E1795.81667
G1 X153.484 Y80.944 E1796.17261
G1 X146.977 Y73.019 E1796.65008
G1 X139.052 Y66.516 E1797.12744
G1 X132.341 Y62.925 E1797.48185
G1 X132.247 Y62.816 E1797.48855
G1 X132.241 Y62.7 E1797.49396
G1 X132.315 Y62.413 E1797.50776
G1 X132.448 Y62.3 E1797.51589
G1 X157.539 Y62.3 E1798.68423
G1 X157.7 Y62.461 E1798.69483
G1 X157.698 Y87.535 E1799.86239
G1 X157.587 Y87.681 E1799.87093
G1 X157.216 Y87.775 E1799.88875
G1 F1500 E1793.38875
G0 F9000 X156.88 Y87.954
G0 X157.949 Y95.105
G0 X157.949 Y124.895
G0 X156.611 Y129.307
G0 X151.949 Y138.03
G0 X145.674 Y145.674
G0 X131.458 Y157.273
G0 X131.625 Y157.941
G0 X132.441 Y158.01
G0 X132.441 Y157.7
G1 F1500 E1799.88875
G1 X132.314 Y157.601 E1799.89624
G1 X132.222 Y157.215 E1799.91472
G1 X132.312 Y157.09 E1799.92189
G1 X139.052 Y153.484 E1800.27783
G1 X146.977 Y146.977 E1800.75531
G1 X153.484 Y139.052 E1801.23278
G1 X157.071 Y132.341 E1801.58711
G1 X157.18 Y132.247 E1801.59381
G1 X157.295 Y132.241 E1801.59917
G1 X157.587 Y132.315 E1801.6132
G1 X157.7 Y132.447 E1801.62129
G1 X157.698 Y157.584 E1802.79177
G1 X157.539 Y157.7 E1802.80094
G1 X132.441 Y157.7 E1803.96961
G1 F1500 E1797.46961
G0 F9000 X132.441 Y158.01
G0 X110 Y158.01
G0 X110 Y157.7
G1 F1500 E1803.96961
G1 X95.139 Y157.7 E1804.6616
G1 X90.769 Y156.369 E1804.87431
G1 X82.125 Y151.749 E1805.3307
G1 X74.502 Y145.494 E1805.78986
G1 X68.261 Y137.891 E1806.24788
G1 X63.627 Y129.227 E1806.70539
G1 X62.303 Y124.859 E1806.91792
G1 X62.3 Y95.14 E1808.30177
G1 X63.618 Y90.789 E1808.51346
G1 X68.257 Y82.108 E1808.97178
G1 X74.502 Y74.502 E1809.43003
G1 X82.105 Y68.261 E1809.88806
G1 X90.769 Y63.627 E1810.34557
G1 X95.137 Y62.303 E1810.5581
G1 X124.856 Y62.3 E1811.94194
G1 X129.207 Y63.618 E1812.15363
G1 X137.875 Y68.251 E1812.61129
G1 X145.494 Y74.502 E1813.07019
G1 X151.739 Y82.105 E1813.52833
G1 X156.384 Y90.805 E1813.98756
G1 X157.7 Y95.139 E1814.19847
G1 X157.698 Y124.859 E1815.58236
G1 X156.369 Y129.227 E1815.79496
G1 X151.749 Y137.875 E1816.25151
G1 X145.494 Y145.494 E1816.71052
G1 X137.891 Y151.739 E1817.16867
G1 X129.191 Y156.384 E1817.6279
G1 X124.857 Y157.7 E1817.83881
G1 X110 Y157.7 E1818.53061
G1 F1500 E1812.03061
G0 F9000 X110 Y158.01
G0 X110 Y161.99
G0 X110 Y162.3
G1 F1500 E1818.53061
G1 X162.3 Y162.3 E1820.96592
G1 X162.3 Y57.7 E1825.83653
G1 X57.7 Y57.7 E1830.70714
G1 X57.7 Y162.3 E1835.57776
G1 X110 Y162.3 E1838.01307
G1 F1500 E1831.51307
G0 F9000 X110 Y161.99
G0 X87.55 Y158.01
G0 X87.55 Y157.7
G1 F1500 E1838.01307
G1 X62.461 Y157.7 E1839.18132
G1 X62.3 Y157.539 E1839.19192
G1 X62.3 Y132.441 E1840.36059
G1 X62.4 Y132.314 E1840.36811
G1 X62.784 Y132.221 E1840.38651
G1 X62.925 Y132.341 E1840.39513
G1 X66.516 Y139.052 E1840.74955
G1 X73.019 Y146.977 E1841.2269
G1 X80.944 Y153.485 E1841.70441
G1 X87.655 Y157.071 E1842.05871
G1 X87.749 Y157.18 E1842.06542
G1 X87.755 Y157.295 E1842.07078
G1 X87.681 Y157.587 E1842.08481
G1 X87.55 Y157.7 E1842.09286
G1 F1500 E1835.59286
G0 F9000 X87.55 Y158.01
G0 X88.375 Y157.941
G0 X88.542 Y157.273
G0 X74.326 Y145.674
G0 X68.051 Y138.03
G0 X63.389 Y129.307
G0 X62.051 Y124.895
G0 X62.051 Y95.105
G0 X63.108 Y87.974
G0 X62.7 Y87.755
G1 F1500 E1842.09286
G1 X62.413 Y87.681 E1842.10666
G1 X62.3 Y87.548 E1842.11479
G1 X62.3 Y62.461 E1843.28294
G1 X62.461 Y62.3 E1843.29355
G1 X87.555 Y62.3 E1844.46203
G1 X87.682 Y62.4 E1844.46956
G1 X87.774 Y62.78 E1844.48776
G1 X87.684 Y62.906 E1844.49497
G1 X80.944 Y66.516 E1844.851
G1 X73.019 Y73.019 E1845.32835
G1 X66.516 Y80.944 E1845.80571
G1 X62.906 Y87.684 E1846.16173
G1 X62.816 Y87.749 E1846.1669
G1 X62.7 Y87.755 E1846.17231
G0 F9000 X61.82 Y87.483
;TYPE:FILL
G1 F3000 X58.18 Y88.458 E1846.34778
G0 F9000 X58.41 Y88.458
G0 X58.41 Y89.602
G0 X58.179 Y89.602
G1 F3000 X62.246 Y93.668 E1846.61557
G0 F9000 X62.027 Y93.601
G0 X61.689 Y94.901
G0 X61.59 Y97.47
G0 X61.819 Y97.47
G1 F3000 X58.181 Y111.05 E1847.2702
G0 F9000 X58.41 Y111.05
G0 X58.41 Y113.305
G0 X58.18 Y113.305
G1 F3000 X61.819 Y112.329 E1847.44564
G0 F9000 X61.59 Y112.329
G0 X61.59 Y110.213
G0 X61.82 Y110.213
G1 F3000 X58.179 Y106.572 E1847.68541
G0 F9000 X58.41 Y106.572
G0 X58.41 Y100.881
G0 X58.18 Y100.881
G1 F3000 X61.82 Y99.906 E1847.86087
G0 F9000 X61.59 Y99.906
G0 X61.651 Y95.046
G0 X63.018 Y90.54
G0 X63.941 Y88.684
G0 X64.144 Y88.793
G1 F3000 X65.433 Y83.984 E1848.09271
G0 F9000 X65.636 Y84.093
G0 X65.147 Y86.428
G0 X65.349 Y86.537
G1 F3000 X63.851 Y86.939 E1848.16493
G0 F9000 X64.056 Y87.049
G0 X67.493 Y82.038
G0 X67.696 Y82.147
G1 F3000 X66.863 Y81.314 E1848.21978
G0 F9000 X67.064 Y81.422
G0 X62.932 Y89.006
G0 X61.659 Y88.687
G0 X61.59 Y76.272
G0 X61.82 Y76.272
G1 F3000 X58.179 Y72.631 E1848.45955
G0 F9000 X58.41 Y72.631
G0 X58.41 Y76.035
G0 X58.18 Y76.035
G1 F3000 X61.819 Y75.06 E1848.63497
G0 F9000 X61.59 Y75.06
G0 X58.41 Y64.685
G0 X58.181 Y64.685
G1 F3000 X59.924 Y58.179 E1848.9486
G0 F9000 X60.699 Y58.18
G1 F3000 X64.339 Y61.82 E1849.1883
G0 F9000 X64.865 Y61.82
G1 F3000 X78.449 Y58.18 E1849.84315
G0 F9000 X77.669 Y58.18
G1 F3000 X81.31 Y61.82 E1850.08288
G0 F9000 X81.31 Y61.59
G0 X83.795 Y61.59
G0 X83.795 Y61.82
G1 F3000 X84.771 Y58.179 E1850.2584
G0 F9000 X84.771 Y58.41
G0 X88.687 Y61.659
G0 X89.006 Y62.932
G0 X84.704 Y65.31
G0 X84.596 Y65.107
G1 F3000 X85.431 Y65.941 E1850.31336
G0 F9000 X85.323 Y65.737
G0 X82.741 Y66.36
G0 X82.633 Y66.156
G1 F3000 X82.233 Y67.652 E1850.38546
G0 F9000 X82.124 Y67.447
G0 X78.374 Y70.408
G0 X78.518 Y70.585
G1 F3000 X75.88 Y71.292 E1850.51264
G0 F9000 X76.025 Y71.47
G0 X74.889 Y72.403
G0 X74.744 Y72.225
G1 F3000 X75.544 Y73.025 E1850.56532
G1 F1500 E1844.06532
G0 F9000 X75.4 Y72.848
G0 X81.308 Y67.057
G0 X89.006 Y62.932
G0 X88.687 Y61.659
G0 X71.372 Y61.59
G0 X71.372 Y61.821
G1 F1500 E1850.56532
G1 F3000 X72.347 Y58.179 E1850.74088
G0 F9000 X72.347 Y58.41
G0 X61.662 Y61.662
G0 X61.59 Y62.636
G0 X61.82 Y62.636
G1 F3000 X58.18 Y63.611 E1850.91634
G1 F1500 E1844.41634
G0 F9000 X58.41 Y63.611
G0 X61.662 Y61.662
G0 X94.64 Y58.41
G0 X94.64 Y58.18
G1 F1500 E1850.91634
G1 F3000 X98.28 Y61.82 E1851.15605
G0 F9000 X98.28 Y61.59
G0 X96.218 Y61.59
G0 X96.218 Y61.821
G1 F3000 X97.194 Y58.179 E1851.33162
G0 F9000 X97.194 Y58.41
G0 X108.642 Y61.59
G0 X108.642 Y61.82
G1 F3000 X109.617 Y58.179 E1851.50713
G0 F9000 X109.617 Y58.41
G0 X111.61 Y58.41
G0 X111.61 Y58.18
G1 F3000 X115.251 Y61.82 E1851.74686
G0 F9000 X115.251 Y61.59
G0 X111.229 Y61.59
G0 X111.229 Y61.82
G1 F3000 X124.814 Y58.18 E1852.40175
G0 F9000 X124.814 Y58.41
G0 X122.041 Y58.41
G0 X122.041 Y58.179
G1 F3000 X121.065 Y61.82 E1852.57728
G0 F9000 X121.065 Y61.59
G0 X128.581 Y58.41
G0 X128.581 Y58.18
G1 F3000 X132.263 Y61.862 E1852.81974
G0 F9000 X132.263 Y61.59
G0 X133.488 Y61.59
G0 X133.488 Y61.821
G1 F3000 X134.464 Y58.179 E1852.99531
G0 F9000 X134.464 Y58.41
G0 X131.313 Y61.659
G0 X130.994 Y62.932
G0 X132.849 Y64.002
G0 X132.958 Y63.8
G1 F3000 X132.657 Y64.921 E1853.04936
G0 F9000 X132.767 Y64.717
G0 X135.523 Y65.431
G0 X135.631 Y65.23
G1 F3000 X138.745 Y68.344 E1853.25442
G0 F9000 X138.893 Y68.165
G0 X138.606 Y67.079
G0 X138.714 Y66.879
G1 F3000 X137.118 Y67.307 E1853.33137
G0 F9000 X137.229 Y67.101
G0 X143.363 Y70.968
G0 X143.507 Y70.794
G1 F3000 X143.187 Y71.988 E1853.38892
G0 F9000 X143.334 Y71.809
G0 X145.959 Y74.041
G0 X148.191 Y76.666
G0 X148.012 Y76.811
G1 F3000 X149.207 Y76.491 E1853.44653
G0 F9000 X149.03 Y76.635
G0 X151.852 Y81.127
G0 X151.673 Y81.272
G1 F3000 X154.772 Y84.371 E1853.6506
G0 F9000 X154.569 Y84.478
G0 X152.897 Y82.768
G0 X152.693 Y82.876
G1 F3000 X153.12 Y81.282 E1853.72744
G0 F9000 X152.918 Y81.389
G0 X155.283 Y87.232
G0 X155.077 Y87.341
G1 F3000 X156.2 Y87.04 E1853.78158
G0 F9000 X155.997 Y87.148
G0 X157.068 Y89.006
G0 X158.341 Y88.687
G0 X158.41 Y86.51
G0 X158.18 Y86.51
G1 F3000 X161.82 Y85.534 E1853.95706
G0 F9000 X161.59 Y85.534
G0 X158.41 Y87.734
G0 X158.135 Y87.734
G1 F3000 X161.82 Y91.419 E1854.19973
G0 F9000 X161.59 Y91.419
G0 X161.59 Y95.179
G0 X161.82 Y95.179
G1 F3000 X158.18 Y108.762 E1854.85452
G0 F9000 X158.41 Y108.762
G0 X158.41 Y111.356
G0 X158.181 Y111.356
G1 F3000 X161.82 Y110.381 E1855.02995
G0 F9000 X161.59 Y110.381
G0 X161.59 Y108.39
G0 X161.82 Y108.39
G1 F3000 X158.18 Y104.749 E1855.26968
G0 F9000 X158.41 Y104.749
G0 X158.41 Y98.933
G0 X158.181 Y98.933
G1 F3000 X161.819 Y97.958 E1855.44506
G0 F9000 X161.59 Y97.958
G0 X161.59 Y74.448
G0 X161.82 Y74.448
G1 F3000 X158.18 Y70.808 E1855.68476
G0 F9000 X158.41 Y70.808
G0 X158.41 Y74.086
G0 X158.181 Y74.086
G1 F3000 X161.819 Y73.111 E1855.86014
G0 F9000 X161.59 Y73.111
G0 X158.41 Y62.435
G0 X158.17 Y62.435
G1 F3000 X159.311 Y58.179 E1856.06531
G0 F9000 X159.311 Y58.41
G0 X161.59 Y60.688
G0 X161.82 Y60.688
G1 F3000 X157.559 Y61.829 E1856.27071
G0 F9000 X157.559 Y61.59
G0 X149.191 Y61.59
G0 X149.191 Y61.82
G1 F3000 X145.552 Y58.18 E1856.51038
G0 F9000 X145.552 Y58.41
G0 X146.887 Y58.41
G0 X146.887 Y58.179
G1 F3000 X145.912 Y61.82 E1856.6859
G1 F1500 E1850.1859
G0 F9000 X145.912 Y61.59
G0 X131.313 Y61.659
G0 X130.994 Y62.932
G0 X138.692 Y67.057
G0 X149.006 Y76.478
G0 X152.283 Y81.747
G0 X156.982 Y90.54
G0 X158.349 Y95.046
G0 X158.41 Y121.72
G0 X158.18 Y121.72
G1 F1500 E1856.6859
G1 F3000 X161.82 Y125.36 E1856.9256
G0 F9000 X161.59 Y125.36
G0 X161.59 Y122.805
G0 X161.819 Y122.805
G1 F3000 X158.181 Y123.779 E1857.10096
G0 F9000 X158.41 Y123.779
G0 X158.349 Y124.954
G0 X156.982 Y129.46
G0 X154.262 Y134.678
G0 X154.057 Y134.568
G1 F3000 X154.891 Y135.402 E1857.15588
G0 F9000 X154.691 Y135.294
G0 X153.641 Y137.258
G0 X153.841 Y137.366
G1 F3000 X152.353 Y137.764 E1857.22761
G0 F9000 X152.555 Y137.872
G0 X149.595 Y141.623
G0 X149.415 Y141.474
G1 F3000 X148.708 Y144.113 E1857.35482
G0 F9000 X148.534 Y143.969
G0 X147.598 Y145.11
G0 X147.772 Y145.253
G1 F3000 X146.969 Y144.45 E1857.4077
G1 F1500 E1850.9077
G0 F9000 X147.151 Y144.6
G0 X152.943 Y138.692
G0 X157.068 Y130.994
G0 X158.341 Y131.313
G0 X158.41 Y148.626
G0 X158.18 Y148.626
G1 F1500 E1857.4077
G1 F3000 X161.82 Y147.651 E1857.58317
G0 F9000 X161.59 Y147.651
G0 X161.59 Y142.331
G0 X161.82 Y142.331
G1 F3000 X158.18 Y138.691 E1857.82287
G0 F9000 X158.41 Y138.691
G0 X158.41 Y136.203
G0 X158.181 Y136.203
G1 F3000 X161.819 Y135.228 E1857.99825
G0 F9000 X161.59 Y135.228
G0 X161.59 Y141.544
G0 X161.82 Y141.544
G1 F3000 X158.18 Y155.126 E1858.653
G0 F9000 X158.18 Y155.661
G1 F3000 X161.82 Y159.301 E1858.8927
G0 F9000 X161.819 Y160.075
G1 F3000 X155.305 Y161.82 E1859.20672
G0 F9000 X155.305 Y161.59
G0 X156.386 Y161.59
G0 X156.386 Y161.821
G1 F3000 X157.362 Y158.179 E1859.38229
G0 F9000 X157.362 Y158.41
G0 X147.368 Y161.59
G0 X147.368 Y161.82
G1 F3000 X143.729 Y158.18 E1859.62195
G0 F9000 X143.729 Y158.41
G0 X144.939 Y158.41
G0 X144.939 Y158.18
G1 F3000 X143.963 Y161.82 E1859.79744
G0 F9000 X143.963 Y161.59
G0 X131.313 Y158.341
G0 X130.994 Y157.068
G0 X138.578 Y152.936
G0 X138.684 Y153.136
G1 F3000 X137.851 Y152.303 E1859.85229
G0 F9000 X137.96 Y152.508
G0 X135.901 Y154.366
G0 X136.008 Y154.567
G1 F3000 X131.193 Y155.857 E1860.0844
G0 F9000 X131.304 Y156.066
G0 X132.954 Y155.942
G0 X133.061 Y156.143
G1 F3000 X133.463 Y154.645 E1860.15662
G0 F9000 X133.573 Y154.853
G0 X130.994 Y157.068
G0 X131.313 Y158.341
G0 X132.515 Y158.41
G0 X132.515 Y158.18
G1 F3000 X131.54 Y161.821 E1860.33214
G0 F9000 X131.54 Y161.59
G0 X130.398 Y161.59
G0 X130.398 Y161.82
G1 F3000 X126.33 Y157.753 E1860.59999
G0 F9000 X126.397 Y157.975
G0 X125.098 Y158.312
G0 X122.526 Y158.41
G0 X122.526 Y158.18
G1 F3000 X108.94 Y161.82 E1861.25492
G0 F9000 X108.94 Y161.59
G0 X106.693 Y161.59
G0 X106.693 Y161.82
G1 F3000 X107.669 Y158.18 E1861.4304
G0 F9000 X107.669 Y158.41
G0 X109.787 Y158.41
G0 X109.787 Y158.18
G1 F3000 X113.427 Y161.82 E1861.6701
G0 F9000 X113.427 Y161.59
G0 X119.117 Y161.59
G0 X119.117 Y161.821
G1 F3000 X120.092 Y158.179 E1861.84566
G0 F9000 X120.092 Y158.41
G0 X96.456 Y161.59
G0 X96.456 Y161.82
G1 F3000 X91.832 Y157.195 E1862.15019
G0 F9000 X91.764 Y157.416
G0 X95.246 Y158.41
G0 X95.246 Y158.179
G1 F3000 X94.27 Y161.821 E1862.32576
G0 F9000 X94.27 Y161.59
G0 X87.364 Y155.354
G0 X87.475 Y155.148
G1 F3000 X85.876 Y155.577 E1862.40285
G0 F9000 X85.985 Y155.375
G0 X83.924 Y154.273
G0 X83.815 Y154.475
G1 F3000 X84.115 Y153.355 E1862.45684
G0 F9000 X84.005 Y153.559
G0 X89.006 Y157.068
G0 X88.687 Y158.341
G0 X82.822 Y158.41
G0 X82.822 Y158.18
G1 F3000 X81.847 Y161.82 E1862.63231
G0 F9000 X81.847 Y161.59
G0 X79.486 Y161.59
G0 X79.486 Y161.82
G1 F3000 X75.846 Y158.18 E1862.87201
G0 F9000 X76.16 Y158.18
G1 F3000 X62.576 Y161.82 E1863.52686
G1 X62.515 Y161.82
G1 X58.179 Y157.484 E1863.81239
G1 X58.18 Y157.415
G1 X61.82 Y143.833 E1864.46714
G0 F9000 X61.82 Y144.154
G1 F3000 X58.179 Y140.513 E1864.70691
G0 F9000 X58.41 Y140.513
G0 X58.41 Y138.151
G0 X58.18 Y138.151
G1 F3000 X61.819 Y137.176 E1864.88233
G0 F9000 X61.59 Y137.176
G0 X61.659 Y131.313
G0 X62.932 Y130.994
G0 X65.727 Y136.076
G0 X65.525 Y136.183
G1 F3000 X66.646 Y135.883 E1864.93637
G0 F9000 X66.44 Y135.992
G0 X64.625 Y134.014
G0 X64.422 Y134.122
G1 F3000 X64.85 Y132.523 E1865.01345
G0 F9000 X64.644 Y132.632
G0 X63.181 Y129.777
G0 X62.583 Y128.236
G0 X62.806 Y128.169
G1 F3000 X58.179 Y123.543 E1865.31811
G0 F9000 X58.41 Y123.543
G0 X58.41 Y125.728
G0 X58.18 Y125.728
G1 F3000 X61.82 Y124.753 E1865.49358
G0 F9000 X61.59 Y124.753
G0 X63.018 Y129.46
G0 X67.717 Y138.253
G0 X73.64 Y145.565
G0 X73.818 Y145.42
G1 F3000 X73.468 Y146.725 E1865.55649
G0 F9000 X73.273 Y146.531
G1 F3000 X74.58 Y146.18 E1865.61951
G1 F1500 E1859.11951
G0 F9000 X74.433 Y146.358
G0 X81.308 Y152.943
G0 X89.006 Y157.068
G0 X88.687 Y158.341
G0 X70.399 Y158.41
G0 X70.399 Y158.18
G1 F1500 E1865.61951
G1 F3000 X69.423 Y161.821 E1865.79503
G0 F9000 X69.423 Y161.59
G0 X61.662 Y158.338
G0 X61.59 Y149.599
G0 X61.82 Y149.599
G1 F3000 X58.18 Y150.575 E1865.97051
G0 F9000 X58.71 Y150.575
G1 F1500 E1859.47051
;MESH:NONMESH
G0 F300 X58.71 Y150.575 Z2.8
G0 F9000 X62.051 Y95.105
G0 X62.926 Y88.316
G0 X62.606 Y88.144
;TIME_ELAPSED:2279.550006
;LAYER:9
;TYPE:WALL-INNER
;MESH:tmpek4p4esk10x10x.5Doubled.stl
G1 F1500 E1865.97051
G1 X62.299 Y88.066 E1865.98526
G1 X62.031 Y87.875 E1866.00059
G1 X61.935 Y87.704 E1866.00972
G1 X61.9 Y87.5 E1866.01936
G1 X61.9 Y62.388 E1867.18868
G1 X61.984 Y62.192 E1867.19861
G1 X62.192 Y61.984 E1867.2123
G1 X62.5 Y61.9 E1867.22717
G1 X87.5 Y61.9 E1868.39127
G1 X87.705 Y61.935 E1868.40096
G1 X87.875 Y62.031 E1868.41005
G1 X88.066 Y62.299 E1868.42537
G1 X88.144 Y62.606 E1868.44012
G1 X88.126 Y62.949 E1868.45611
G1 X87.919 Y63.238 E1868.47267
G1 X81.168 Y66.85 E1868.82919
G1 X73.303 Y73.303 E1869.30291
G1 X66.85 Y81.168 E1869.77663
G1 X63.235 Y87.922 E1870.13334
G1 X62.95 Y88.126 E1870.14966
G1 X62.606 Y88.144 E1870.1657
G1 F1500 E1863.6657
G0 F9000 X62.926 Y88.316
G0 X62.051 Y95.105
G0 X62.051 Y124.895
G0 X63.389 Y129.307
G0 X68.051 Y138.03
G0 X74.326 Y145.674
G0 X88.542 Y157.273
G0 X88.375 Y157.941
G0 X87.5 Y158.41
G0 X87.5 Y158.1
G1 F1500 E1870.1657
G1 X62.388 Y158.1 E1871.33502
G1 X62.192 Y158.016 E1871.34495
G1 X61.984 Y157.808 E1871.35864
G1 X61.9 Y157.5 E1871.37351
G1 X61.9 Y132.496 E1872.5378
G1 X61.935 Y132.291 E1872.54748
G1 X62.031 Y132.121 E1872.55657
G1 X62.299 Y131.93 E1872.5719
G1 X62.606 Y131.852 E1872.58665
G1 X62.949 Y131.87 E1872.60264
G1 X63.277 Y132.153 E1872.62281
G1 X66.85 Y138.828 E1872.97536
G1 X73.303 Y146.693 E1873.44908
G1 X81.167 Y153.151 E1873.92291
G1 X87.844 Y156.718 E1874.2754
G1 X88.125 Y157.045 E1874.29548
G1 X88.144 Y157.388 E1874.31147
G1 X88.044 Y157.787 E1874.33063
G1 X87.875 Y157.969 E1874.34219
G1 X87.705 Y158.065 E1874.35128
G1 X87.5 Y158.1 E1874.36097
G0 F9000 X87.5 Y158.41
G0 X110 Y158.41
G0 X110 Y158.1
G1 F1500 X95.079 Y158.1 E1875.05575
G1 X90.639 Y156.749 E1875.27185
G1 X81.888 Y152.077 E1875.73377
G1 X74.219 Y145.777 E1876.19592
G1 X67.927 Y138.112 E1876.65768
G1 X63.246 Y129.363 E1877.11972
G1 X61.9 Y124.898 E1877.33687
G1 X61.9 Y95.08 E1878.72532
G1 X63.247 Y90.64 E1878.94137
G1 X67.921 Y81.887 E1879.40341
G1 X74.219 Y74.219 E1879.86546
G1 X81.884 Y67.927 E1880.32723
G1 X90.633 Y63.246 E1880.78926
G1 X95.098 Y61.9 E1881.00641
G1 X124.916 Y61.9 E1882.39486
G1 X129.356 Y63.247 E1882.61091
G1 X138.112 Y67.927 E1883.07322
G1 X145.777 Y74.219 E1883.53498
G1 X152.073 Y81.884 E1883.99686
G1 X156.75 Y90.634 E1884.45885
G1 X158.1 Y95.079 E1884.67516
G1 X158.1 Y124.902 E1886.06385
G1 X156.749 Y129.357 E1886.28062
G1 X152.073 Y138.112 E1886.74279
G1 X145.777 Y145.777 E1887.20467
G1 X138.112 Y152.073 E1887.66656
G1 X129.362 Y156.75 E1888.12854
G1 X124.898 Y158.1 E1888.3457
G1 X110 Y158.1 E1889.03942
G0 F9000 X110 Y158.41
G0 X110 Y161.59
G0 X110 Y161.9
G1 F1500 X161.9 Y161.9 E1891.4561
G1 X161.9 Y58.1 E1896.28946
G1 X58.1 Y58.1 E1901.12282
G1 X58.1 Y161.9 E1905.95619
G1 X110 Y161.9 E1908.37287
G0 F9000 X110 Y161.59
G0 X132.496 Y158.41
G0 X132.496 Y158.1
G1 F1500 X132.291 Y158.065 E1908.38255
G1 X132.12 Y157.969 E1908.39168
G1 X131.931 Y157.722 E1908.40617
G1 X131.852 Y157.388 E1908.42215
G1 X131.871 Y157.045 E1908.43814
G1 X132.078 Y156.758 E1908.45462
G1 X138.828 Y153.15 E1908.81101
G1 X146.693 Y146.693 E1909.28485
G1 X153.15 Y138.828 E1909.75869
G1 X156.718 Y132.153 E1910.11112
G1 X157.045 Y131.871 E1910.13123
G1 X157.388 Y131.852 E1910.14722
G1 X157.7 Y131.93 E1910.1622
G1 X157.969 Y132.12 E1910.17753
G1 X158.065 Y132.291 E1910.18667
G1 X158.1 Y132.496 E1910.19635
G1 X158.1 Y157.612 E1911.36586
G1 X158.016 Y157.808 E1911.37578
G1 X157.808 Y158.016 E1911.38948
G1 X157.5 Y158.1 E1911.40435
G1 X132.496 Y158.1 E1912.56864
G1 F1500 E1906.06864
G0 F9000 X132.496 Y158.41
G0 X131.625 Y157.941
G0 X131.458 Y157.273
G0 X145.674 Y145.674
G0 X151.949 Y138.03
G0 X156.611 Y129.307
G0 X157.949 Y124.895
G0 X157.949 Y95.105
G0 X157.072 Y88.312
G0 X157.388 Y88.144
G1 F1500 E1912.56864
G1 X157.045 Y88.125 E1912.58463
G1 X156.758 Y87.918 E1912.60111
G1 X153.15 Y81.168 E1912.9575
G1 X146.693 Y73.303 E1913.43134
G1 X138.828 Y66.85 E1913.90506
G1 X132.152 Y63.278 E1914.25762
G1 X131.87 Y62.95 E1914.27776
G1 X131.852 Y62.606 E1914.2938
G1 X131.93 Y62.299 E1914.30855
G1 X132.121 Y62.031 E1914.32388
G1 X132.292 Y61.935 E1914.33301
G1 X132.496 Y61.9 E1914.34265
G1 X157.612 Y61.9 E1915.51215
G1 X157.808 Y61.984 E1915.52208
G1 X158.016 Y62.191 E1915.53575
G1 X158.1 Y62.5 E1915.55066
G1 X158.1 Y87.574 E1916.71821
G1 X157.969 Y87.875 E1916.73349
G1 X157.7 Y88.066 E1916.74886
G1 X157.388 Y88.144 E1916.76383
G0 F9000 X157.216 Y87.775
;TYPE:WALL-OUTER
G1 F1500 X157.09 Y87.684 E1916.77107
G1 X153.484 Y80.944 E1917.12701
G1 X146.977 Y73.019 E1917.60448
G1 X139.052 Y66.516 E1918.08184
G1 X132.341 Y62.925 E1918.43625
G1 X132.247 Y62.816 E1918.44295
G1 X132.241 Y62.7 E1918.44836
G1 X132.315 Y62.413 E1918.46216
G1 X132.448 Y62.3 E1918.47029
G1 X157.539 Y62.3 E1919.63863
G1 X157.7 Y62.461 E1919.64923
G1 X157.698 Y87.535 E1920.81678
G1 X157.587 Y87.681 E1920.82532
G1 X157.216 Y87.775 E1920.84315
G1 F1500 E1914.34315
G0 F9000 X156.88 Y87.954
G0 X157.949 Y95.105
G0 X157.949 Y124.895
G0 X156.611 Y129.307
G0 X151.949 Y138.03
G0 X145.674 Y145.674
G0 X131.458 Y157.273
G0 X131.625 Y157.941
G0 X132.441 Y158.01
G0 X132.441 Y157.7
G1 F1500 E1920.84315
G1 X132.314 Y157.601 E1920.85064
G1 X132.222 Y157.215 E1920.86912
G1 X132.312 Y157.09 E1920.87629
G1 X139.052 Y153.484 E1921.23223
G1 X146.977 Y146.977 E1921.7097
G1 X153.484 Y139.052 E1922.18718
G1 X157.071 Y132.341 E1922.54151
G1 X157.18 Y132.247 E1922.54821
G1 X157.295 Y132.241 E1922.55357
G1 X157.587 Y132.315 E1922.5676
G1 X157.7 Y132.447 E1922.57569
G1 X157.698 Y157.584 E1923.74617
G1 X157.539 Y157.7 E1923.75534
G1 X132.441 Y157.7 E1924.92401
G1 F1500 E1918.42401
G0 F9000 X132.441 Y158.01
G0 X110 Y158.01
G0 X110 Y157.7
G1 F1500 E1924.92401
G1 X95.139 Y157.7 E1925.616
G1 X90.769 Y156.369 E1925.82871
G1 X82.125 Y151.749 E1926.2851
G1 X74.502 Y145.494 E1926.74426
G1 X68.261 Y137.891 E1927.20228
G1 X63.627 Y129.227 E1927.65979
G1 X62.303 Y124.859 E1927.87232
G1 X62.3 Y95.14 E1929.25617
G1 X63.618 Y90.789 E1929.46786
G1 X68.257 Y82.108 E1929.92618
G1 X74.502 Y74.502 E1930.38443
G1 X82.105 Y68.261 E1930.84246
G1 X90.769 Y63.627 E1931.29997
G1 X95.137 Y62.303 E1931.5125
G1 X124.856 Y62.3 E1932.89634
G1 X129.207 Y63.618 E1933.10803
G1 X137.875 Y68.251 E1933.56569
G1 X145.494 Y74.502 E1934.02459
G1 X151.739 Y82.105 E1934.48273
G1 X156.384 Y90.805 E1934.94196
G1 X157.7 Y95.139 E1935.15287
G1 X157.698 Y124.859 E1936.53676
G1 X156.369 Y129.227 E1936.74936
G1 X151.749 Y137.875 E1937.2059
G1 X145.494 Y145.494 E1937.66492
G1 X137.891 Y151.739 E1938.12306
G1 X129.191 Y156.384 E1938.5823
G1 X124.857 Y157.7 E1938.7932
G1 X110 Y157.7 E1939.48501
G1 F1500 E1932.98501
G0 F9000 X110 Y158.01
G0 X110 Y161.99
G0 X110 Y162.3
G1 F1500 E1939.48501
G1 X162.3 Y162.3 E1941.92032
G1 X162.3 Y57.7 E1946.79093
G1 X57.7 Y57.7 E1951.66154
G1 X57.7 Y162.3 E1956.53216
G1 X110 Y162.3 E1958.96747
G1 F1500 E1952.46747
G0 F9000 X110 Y161.99
G0 X87.55 Y158.01
G0 X87.55 Y157.7
G1 F1500 E1958.96747
G1 X62.461 Y157.7 E1960.13571
G1 X62.3 Y157.539 E1960.14632
G1 X62.3 Y132.446 E1961.31475
G1 X62.413 Y132.315 E1961.32281
G1 X62.7 Y132.241 E1961.33661
G1 X62.815 Y132.247 E1961.34197
G1 X62.925 Y132.341 E1961.34871
G1 X66.516 Y139.052 E1961.70313
G1 X73.019 Y146.977 E1962.18048
G1 X80.944 Y153.485 E1962.65798
G1 X87.655 Y157.071 E1963.01229
G1 X87.749 Y157.18 E1963.01899
G1 X87.755 Y157.295 E1963.02436
G1 X87.681 Y157.587 E1963.03838
G1 X87.55 Y157.7 E1963.04644
G1 F1500 E1956.54644
G0 F9000 X87.55 Y158.01
G0 X88.375 Y157.941
G0 X88.542 Y157.273
G0 X74.326 Y145.674
G0 X68.051 Y138.03
G0 X63.389 Y129.307
G0 X62.051 Y124.895
G0 X62.051 Y95.105
G0 X63.108 Y87.974
G0 X62.7 Y87.755
G1 F1500 E1963.04644
G1 X62.399 Y87.682 E1963.06086
G1 X62.3 Y87.554 E1963.0684
G1 X62.3 Y62.461 E1964.23683
G1 X62.461 Y62.3 E1964.24743
G1 X87.555 Y62.3 E1965.41591
G1 X87.682 Y62.4 E1965.42344
G1 X87.774 Y62.78 E1965.44165
G1 X87.684 Y62.906 E1965.44886
G1 X80.944 Y66.516 E1965.80488
G1 X73.019 Y73.019 E1966.28224
G1 X66.516 Y80.944 E1966.75959
G1 X62.906 Y87.684 E1967.11562
G1 X62.816 Y87.749 E1967.12079
G1 X62.7 Y87.755 E1967.1262
G0 F9000 X61.852 Y87.679
;TYPE:FILL
G1 F3000 X58.18 Y88.663 E1967.30321
G0 F9000 X58.179 Y89.322
G1 F3000 X62.311 Y93.453 E1967.57528
G0 F9000 X62.092 Y93.386
G0 X61.695 Y94.88
G0 X61.59 Y96.705
G0 X61.819 Y96.705
G1 F3000 X58.181 Y110.285 E1968.22992
G0 F9000 X58.41 Y110.285
G0 X58.41 Y113.51
G0 X58.18 Y113.51
G1 F3000 X61.82 Y112.534 E1968.4054
G0 F9000 X61.59 Y112.534
G0 X61.59 Y109.933
G0 X61.82 Y109.933
G1 F3000 X58.179 Y106.292 E1968.64517
G0 F9000 X58.41 Y106.292
G0 X58.41 Y101.086
G0 X58.18 Y101.086
G1 F3000 X61.82 Y100.111 E1968.82063
G0 F9000 X61.59 Y100.111
G0 X61.651 Y95.046
G0 X63.018 Y90.54
G0 X63.53 Y89.454
G0 X63.733 Y89.563
G1 F3000 X65.022 Y84.751 E1969.0526
G0 F9000 X65.226 Y84.861
G0 X65.019 Y86.667
G0 X65.222 Y86.776
G1 F3000 X63.723 Y87.178 E1969.12487
G0 F9000 X63.928 Y87.288
G0 X67.59 Y81.856
G0 X67.793 Y81.965
G1 F3000 X66.973 Y81.145 E1969.17887
G0 F9000 X67.149 Y81.29
G0 X62.932 Y89.006
G0 X61.659 Y88.687
G0 X61.59 Y75.992
G0 X61.82 Y75.992
G1 F3000 X58.179 Y72.351 E1969.41863
G0 F9000 X58.41 Y72.351
G0 X58.41 Y76.24
G0 X58.18 Y76.24
G1 F3000 X61.819 Y75.265 E1969.59406
G0 F9000 X61.59 Y75.265
G0 X58.41 Y63.92
G0 X58.181 Y63.92
G1 F3000 X59.719 Y58.179 E1969.87081
G0 F9000 X59.719 Y58.41
G0 X60.979 Y58.41
G0 X60.979 Y58.18
G1 F3000 X64.619 Y61.82 E1970.11051
G0 F9000 X64.619 Y61.59
G0 X65.631 Y61.59
G0 X65.631 Y61.82
G1 F3000 X79.214 Y58.18 E1970.76531
G0 F9000 X79.214 Y58.41
G0 X77.949 Y58.41
G0 X77.949 Y58.18
G1 F3000 X81.59 Y61.82 E1971.00504
G0 F9000 X81.59 Y61.59
G0 X83.59 Y61.59
G0 X83.59 Y61.82
G1 F3000 X84.566 Y58.18 E1971.18052
G0 F9000 X84.566 Y58.41
G0 X88.687 Y61.659
G0 X89.006 Y62.932
G0 X84.887 Y65.212
G0 X84.779 Y65.009
G1 F3000 X85.613 Y65.844 E1971.23547
G0 F9000 X85.505 Y65.64
G0 X82.502 Y66.487
G0 X82.394 Y66.284
G1 F3000 X81.993 Y67.78 E1971.30759
G0 F9000 X81.884 Y67.575
G0 X78.002 Y70.713
G0 X78.146 Y70.89
G1 F3000 X75.509 Y71.596 E1971.43471
G0 F9000 X74.898 Y72.099
G1 F3000 X75.697 Y72.898 E1971.48732
G1 F1500 E1964.98732
G0 F9000 X75.554 Y72.722
G0 X81.308 Y67.057
G0 X89.006 Y62.932
G0 X88.687 Y61.659
G0 X71.167 Y61.59
G0 X71.167 Y61.821
G1 F1500 E1971.48732
G1 F3000 X72.142 Y58.179 E1971.66288
G0 F9000 X72.142 Y58.41
G0 X61.662 Y61.662
G0 X61.59 Y62.841
G0 X61.819 Y62.841
G1 F3000 X58.18 Y63.816 E1971.8383
G1 F1500 E1965.3383
G0 F9000 X58.41 Y63.816
G0 X61.662 Y61.662
G0 X94.92 Y58.41
G0 X94.92 Y58.18
G1 F1500 E1971.8383
G1 F3000 X98.56 Y61.82 E1972.078
G0 F9000 X98.56 Y61.59
G0 X96.013 Y61.59
G0 X96.013 Y61.821
G1 F3000 X96.989 Y58.179 E1972.25357
G0 F9000 X96.989 Y58.41
G0 X108.437 Y61.59
G0 X108.437 Y61.82
G1 F3000 X109.412 Y58.179 E1972.42909
G0 F9000 X109.412 Y58.41
G0 X111.89 Y58.41
G0 X111.89 Y58.18
G1 F3000 X115.531 Y61.82 E1972.66882
G0 F9000 X115.531 Y61.59
G0 X111.994 Y61.59
G0 X111.994 Y61.82
G1 F3000 X125.579 Y58.18 E1973.32371
G0 F9000 X125.579 Y58.41
G0 X128.861 Y58.41
G0 X128.861 Y58.18
G1 F3000 X132.501 Y61.82 E1973.56341
G0 F9000 X133.283 Y61.821
G1 F3000 X134.259 Y58.179 E1973.73898
G0 F9000 X134.259 Y58.41
G0 X131.313 Y61.659
G0 X130.994 Y62.932
G0 X132.67 Y63.905
G0 X132.778 Y63.704
G1 F3000 X132.478 Y64.825 E1973.79302
G0 F9000 X132.588 Y64.621
G0 X136.125 Y65.753
G0 X136.233 Y65.552
G1 F3000 X140.302 Y69.621 E1974.06097
G0 F9000 X140.45 Y69.442
G0 X138.777 Y67.204
G0 X138.921 Y67.029
G1 F3000 X137.373 Y67.443 E1974.13558
G0 F9000 X137.484 Y67.238
G0 X143.195 Y70.83
G0 X143.339 Y70.655
G1 F3000 X143.019 Y71.849 E1974.19314
G0 F9000 X143.166 Y71.671
G0 X145.959 Y74.041
G0 X148.328 Y76.833
G0 X148.149 Y76.979
G1 F3000 X149.346 Y76.659 E1974.25084
G0 F9000 X149.168 Y76.804
G0 X150.571 Y79.566
G0 X150.392 Y79.711
G1 F3000 X154.451 Y83.77 E1974.51813
G0 F9000 X154.248 Y83.878
G0 X152.761 Y82.512
G0 X152.556 Y82.621
G1 F3000 X152.971 Y81.075 E1974.59266
G0 F9000 X152.793 Y81.22
G0 X155.379 Y87.411
G0 X155.172 Y87.521
G1 F3000 X156.296 Y87.22 E1974.64685
G0 F9000 X156.093 Y87.328
G0 X157.068 Y89.006
G0 X158.341 Y88.687
G0 X158.41 Y87.499
G0 X158.18 Y87.499
G1 F3000 X161.82 Y91.139 E1974.88655
G0 F9000 X161.59 Y91.139
G0 X161.59 Y94.414
G0 X161.82 Y94.414
G1 F3000 X158.18 Y107.997 E1975.54135
G0 F9000 X158.41 Y107.997
G0 X158.41 Y104.469
G0 X158.18 Y104.469
G1 F3000 X161.82 Y108.11 E1975.78108
G0 F9000 X161.59 Y108.11
G0 X161.59 Y110.586
G0 X161.82 Y110.586
G1 F3000 X158.181 Y111.561 E1975.9565
G0 F9000 X158.41 Y111.561
G0 X158.41 Y121.44
G0 X158.18 Y121.44
G1 F3000 X161.82 Y125.08 E1976.1962
G0 F9000 X161.59 Y125.08
G0 X161.59 Y123.01
G0 X161.819 Y123.01
G1 F3000 X158.18 Y123.985 E1976.37163
G0 F9000 X158.41 Y123.985
G0 X158.349 Y124.954
G0 X156.982 Y129.46
G0 X154.359 Y134.496
G0 X154.155 Y134.386
G1 F3000 X154.989 Y135.219 E1976.42651
G0 F9000 X154.789 Y135.111
G0 X153.513 Y137.498
G0 X153.713 Y137.605
G1 F3000 X152.226 Y138.003 E1976.49819
G0 F9000 X152.427 Y138.111
G0 X149.291 Y141.993
G0 X149.111 Y141.844
G1 F3000 X148.404 Y144.484 E1976.62545
G0 F9000 X147.898 Y145.1
G1 F3000 X147.095 Y144.296 E1976.67837
G1 F1500 E1970.17837
G0 F9000 X147.278 Y144.447
G0 X152.943 Y138.692
G0 X157.068 Y130.994
G0 X158.341 Y131.313
G0 X158.41 Y148.831
G0 X158.18 Y148.831
G1 F1500 E1976.67837
G1 F3000 X161.82 Y147.856 E1976.85383
G0 F9000 X161.59 Y147.856
G0 X161.59 Y142.051
G0 X161.82 Y142.051
G1 F3000 X158.18 Y138.41 E1977.09357
G0 F9000 X158.41 Y138.41
G0 X158.41 Y136.408
G0 X158.181 Y136.408
G1 F3000 X161.819 Y135.433 E1977.26895
G0 F9000 X161.59 Y135.433
G0 X161.59 Y140.779
G0 X161.82 Y140.779
G1 F3000 X158.18 Y154.361 E1977.9237
G0 F9000 X158.41 Y154.361
G0 X158.41 Y155.381
G0 X158.18 Y155.381
G1 F3000 X161.82 Y159.021 E1978.1634
G0 F9000 X161.59 Y159.021
G0 X161.59 Y160.279
G0 X161.819 Y160.279
G1 F3000 X156.07 Y161.82 E1978.44055
G1 X156.181 Y161.821
G1 X157.157 Y158.179 E1978.61612
G0 F9000 X157.157 Y158.41
G0 X147.648 Y161.59
G0 X147.648 Y161.82
G1 F3000 X144.009 Y158.18 E1978.85578
G0 F9000 X144.734 Y158.18
G1 F3000 X143.758 Y161.82 E1979.03127
G0 F9000 X143.758 Y161.59
G0 X131.313 Y158.341
G0 X130.994 Y157.068
G0 X138.711 Y152.85
G0 X138.853 Y153.025
G1 F3000 X138.034 Y152.205 E1979.08523
G0 F9000 X138.143 Y152.41
G0 X135.133 Y154.777
G0 X135.239 Y154.978
G1 F3000 X130.422 Y156.269 E1979.31745
G0 F9000 X130.533 Y156.478
G0 X132.715 Y156.07
G0 X132.822 Y156.272
G1 F3000 X133.223 Y154.772 E1979.38975
G0 F9000 X133.334 Y154.981
G0 X130.994 Y157.068
G0 X131.313 Y158.341
G0 X132.319 Y158.41
G0 X132.319 Y158.148
G1 F3000 X131.335 Y161.821 E1979.56681
G0 F9000 X130.678 Y161.82
G1 F3000 X126.545 Y157.688 E1979.83894
G0 F9000 X126.612 Y157.91
G0 X125.12 Y158.305
G0 X123.291 Y158.41
G0 X123.291 Y158.18
G1 F3000 X109.705 Y161.82 E1980.49387
G0 F9000 X109.705 Y161.59
G0 X106.488 Y161.59
G0 X106.488 Y161.82
G1 F3000 X107.464 Y158.18 E1980.66935
G0 F9000 X107.464 Y158.41
G0 X110.067 Y158.41
G0 X110.067 Y158.18
G1 F3000 X113.707 Y161.82 E1980.90905
G0 F9000 X113.707 Y161.59
G0 X118.912 Y161.59
G0 X118.912 Y161.82
G1 F3000 X119.887 Y158.179 E1981.08457
G0 F9000 X119.887 Y158.41
G0 X96.736 Y161.59
G0 X96.736 Y161.82
G1 F3000 X92.234 Y157.318 E1981.38103
G0 F9000 X92.166 Y157.538
G0 X94.975 Y158.39
G0 X95.046 Y158.159
G1 F3000 X94.065 Y161.821 E1981.55756
G0 F9000 X94.065 Y161.59
G0 X87.62 Y155.49
G0 X87.73 Y155.285
G1 F3000 X86.131 Y155.713 E1981.63464
G0 F9000 X86.24 Y155.511
G0 X83.744 Y154.177
G0 X83.636 Y154.379
G1 F3000 X83.936 Y153.259 E1981.68863
G0 F9000 X83.826 Y153.463
G0 X89.006 Y157.068
G0 X88.687 Y158.341
G0 X82.617 Y158.41
G0 X82.617 Y158.18
G1 F3000 X81.642 Y161.82 E1981.8641
G0 F9000 X81.642 Y161.59
G0 X79.766 Y161.59
G0 X79.766 Y161.82
G1 F3000 X76.126 Y158.18 E1982.1038
G0 F9000 X76.925 Y158.18
G1 F3000 X63.341 Y161.82 E1982.75864
G0 F9000 X62.795 Y161.82
G1 F3000 X58.179 Y157.204 E1983.06261
G0 F9000 X58.18 Y156.65
G1 F3000 X61.82 Y143.068 E1983.71737
G0 F9000 X61.82 Y143.874
G1 F3000 X58.179 Y140.233 E1983.95713
G0 F9000 X58.41 Y140.233
G0 X58.41 Y138.356
G0 X58.18 Y138.356
G1 F3000 X61.819 Y137.381 E1984.13256
G0 F9000 X61.59 Y137.381
G0 X61.659 Y131.313
G0 X62.932 Y130.994
G0 X65.823 Y136.255
G0 X65.62 Y136.363
G1 F3000 X66.742 Y136.062 E1984.18665
G0 F9000 X66.536 Y136.171
G0 X64.488 Y133.759
G0 X64.285 Y133.867
G1 F3000 X64.714 Y132.268 E1984.26374
G0 F9000 X64.508 Y132.377
G0 X63.018 Y129.46
G0 X62.461 Y127.835
G0 X62.684 Y127.768
G1 F3000 X58.179 Y123.263 E1984.5604
G0 F9000 X58.41 Y123.263
G0 X58.41 Y125.933
G0 X58.18 Y125.933
G1 F3000 X61.835 Y124.954 E1984.73659
G0 F9000 X61.608 Y125.022
G0 X63.018 Y129.46
G0 X67.717 Y138.253
G0 X73.485 Y145.376
G0 X73.663 Y145.231
G1 F3000 X73.305 Y146.569 E1984.80109
G1 X73.429 Y146.694
G1 X74.768 Y146.335 E1984.86564
G1 F1500 E1978.36564
G0 F9000 X74.621 Y146.513
G0 X81.308 Y152.943
G0 X89.006 Y157.068
G0 X88.687 Y158.341
G0 X70.194 Y158.41
G0 X70.194 Y158.18
G1 F1500 E1984.86564
G1 F3000 X69.218 Y161.821 E1985.04116
G0 F9000 X69.218 Y161.59
G0 X61.662 Y158.338
G0 X61.59 Y149.804
G0 X61.82 Y149.804
G1 F3000 X58.18 Y150.78 E1985.21664
G1 F1500 E1978.71664
G0 F9000 X58.41 Y150.78
G0 X61.651 Y95.046
G0 X63.018 Y90.54
G0 X67.716 Y81.748
G0 X74.041 Y74.041
G0 X81.747 Y67.717
G0 X90.54 Y63.018
G0 X95.046 Y61.651
G0 X120.86 Y61.59
G0 X120.86 Y61.82
G1 F1500 E1985.21664
G1 F3000 X121.836 Y58.179 E1985.39217
G0 F9000 X121.836 Y58.41
G0 X145.832 Y58.41
G0 X145.832 Y58.18
G1 F3000 X149.471 Y61.82 E1985.63184
G0 F9000 X149.471 Y61.59
G0 X145.707 Y61.59
G0 X145.707 Y61.82
G1 F3000 X146.682 Y58.179 E1985.80735
G0 F9000 X146.682 Y58.41
G0 X157.876 Y61.59
G0 X157.876 Y61.95
G1 F3000 X161.819 Y60.893 E1985.99744
G0 F9000 X161.59 Y60.893
G0 X159.106 Y58.41
G0 X159.106 Y58.179
G1 F3000 X158.049 Y62.121 E1986.18748
G0 F9000 X158.41 Y62.121
G0 X158.41 Y70.528
G0 X158.18 Y70.528
G1 F3000 X161.82 Y74.168 E1986.42718
G0 F9000 X161.82 Y73.316
G1 F3000 X158.181 Y74.291 E1986.6026
G0 F9000 X158.41 Y74.291
G0 X161.59 Y85.739
G0 X161.82 Y85.739
G1 F3000 X158.18 Y86.715 E1986.77808
G0 F9000 X158.41 Y86.715
G0 X161.59 Y98.163
G0 X161.819 Y98.163
G1 F3000 X158.181 Y99.138 E1986.95346
G0 F9000 X158.71 Y99.138
G1 F1500 E1980.45346
;MESH:NONMESH
G0 F300 X158.71 Y99.138 Z3.08
G0 F9000 X157.949 Y95.105
G0 X156.611 Y90.693
G0 X151.949 Y81.97
G0 X145.674 Y74.326
G0 X138.03 Y68.051
G0 X129.307 Y63.389
G0 X124.895 Y62.051
G0 X95.105 Y62.051
G0 X90.693 Y63.389
G0 X81.97 Y68.051
G0 X74.326 Y74.326
G0 X62.926 Y88.316
G0 X62.606 Y88.144
;TIME_ELAPSED:2423.966412
;LAYER:10
;TYPE:WALL-INNER
;MESH:tmpek4p4esk10x10x.5Doubled.stl
G1 F1500 E1986.95346
G1 X62.299 Y88.066 E1986.96821
G1 X62.031 Y87.875 E1986.98353
G1 X61.935 Y87.704 E1986.99266
G1 X61.9 Y87.5 E1987.0023
G1 X61.9 Y62.388 E1988.17162
G1 X61.984 Y62.192 E1988.18155
G1 X62.192 Y61.984 E1988.19525
G1 X62.5 Y61.9 E1988.21011
G1 X87.5 Y61.9 E1989.37422
G1 X87.705 Y61.935 E1989.3839
G1 X87.875 Y62.031 E1989.39299
G1 X88.066 Y62.299 E1989.40832
G1 X88.144 Y62.606 E1989.42307
G1 X88.126 Y62.949 E1989.43906
G1 X87.919 Y63.238 E1989.45561
G1 X81.168 Y66.85 E1989.81213
G1 X73.303 Y73.303 E1990.28585
G1 X66.85 Y81.168 E1990.75957
G1 X63.235 Y87.922 E1991.11628
G1 X62.95 Y88.126 E1991.1326
G1 X62.606 Y88.144 E1991.14864
G1 F1500 E1984.64864
G0 F9000 X62.926 Y88.316
G0 X62.051 Y95.105
G0 X62.051 Y124.895
G0 X63.389 Y129.307
G0 X68.051 Y138.03
G0 X74.326 Y145.674
G0 X88.542 Y157.273
G0 X88.375 Y157.941
G0 X87.5 Y158.41
G0 X87.5 Y158.1
G1 F1500 E1991.14864
G1 X62.388 Y158.1 E1992.31796
G1 X62.192 Y158.016 E1992.32789
G1 X61.984 Y157.808 E1992.34159
G1 X61.9 Y157.5 E1992.35645
G1 X61.9 Y132.496 E1993.52075
G1 X61.935 Y132.291 E1993.53043
G1 X62.031 Y132.121 E1993.53952
G1 X62.299 Y131.93 E1993.55484
G1 X62.606 Y131.852 E1993.56959
G1 X62.949 Y131.87 E1993.58559
G1 X63.277 Y132.153 E1993.60576
G1 X66.85 Y138.828 E1993.9583
G1 X73.303 Y146.693 E1994.43202
G1 X81.167 Y153.151 E1994.90585
G1 X87.844 Y156.718 E1995.25835
G1 X88.125 Y157.045 E1995.27842
G1 X88.144 Y157.388 E1995.29442
G1 X88.044 Y157.787 E1995.31357
G1 X87.875 Y157.969 E1995.32514
G1 X87.705 Y158.065 E1995.33423
G1 X87.5 Y158.1 E1995.34391
G0 F9000 X87.5 Y158.41
G0 X110 Y158.41
G0 X110 Y158.1
G1 F1500 X95.079 Y158.1 E1996.0387
G1 X90.639 Y156.749 E1996.2548
G1 X81.888 Y152.077 E1996.71672
G1 X74.219 Y145.777 E1997.17886
G1 X67.927 Y138.112 E1997.64063
G1 X63.246 Y129.363 E1998.10266
G1 X61.9 Y124.898 E1998.31981
G1 X61.9 Y95.08 E1999.70827
G1 X63.247 Y90.64 E1999.92432
G1 X67.921 Y81.887 E2000.38636
G1 X74.219 Y74.219 E2000.84841
G1 X81.884 Y67.927 E2001.31018
G1 X90.633 Y63.246 E2001.77221
G1 X95.098 Y61.9 E2001.98936
G1 X124.916 Y61.9 E2003.37781
G1 X129.356 Y63.247 E2003.59386
G1 X138.112 Y67.927 E2004.05616
G1 X145.777 Y74.219 E2004.51793
G1 X152.073 Y81.884 E2004.97981
G1 X156.75 Y90.634 E2005.4418
G1 X158.1 Y95.079 E2005.65811
G1 X158.1 Y124.902 E2007.04679
G1 X156.749 Y129.357 E2007.26357
G1 X152.073 Y138.112 E2007.72574
G1 X145.777 Y145.777 E2008.18762
G1 X138.112 Y152.073 E2008.6495
G1 X129.362 Y156.75 E2009.11149
G1 X124.898 Y158.1 E2009.32865
G1 X110 Y158.1 E2010.02236
G0 F9000 X110 Y158.41
G0 X110 Y161.59
G0 X110 Y161.9
G1 F1500 X161.9 Y161.9 E2012.43905
G1 X161.9 Y58.1 E2017.27241
G1 X58.1 Y58.1 E2022.10577
G1 X58.1 Y161.9 E2026.93913
G1 X110 Y161.9 E2029.35582
G0 F9000 X110 Y161.59
G0 X132.496 Y158.41
G0 X132.496 Y158.1
G1 F1500 X132.291 Y158.065 E2029.3655
G1 X132.12 Y157.969 E2029.37463
G1 X131.931 Y157.722 E2029.38911
G1 X131.852 Y157.388 E2029.40509
G1 X131.871 Y157.045 E2029.42109
G1 X132.078 Y156.758 E2029.43757
G1 X138.828 Y153.15 E2029.79396
G1 X146.693 Y146.693 E2030.2678
G1 X153.15 Y138.828 E2030.74163
G1 X156.718 Y132.153 E2031.09407
G1 X157.045 Y131.871 E2031.11417
G1 X157.388 Y131.852 E2031.13017
G1 X157.7 Y131.93 E2031.14515
G1 X157.969 Y132.12 E2031.16048
G1 X158.065 Y132.291 E2031.16961
G1 X158.1 Y132.496 E2031.1793
G1 X158.1 Y157.612 E2032.3488
G1 X158.016 Y157.808 E2032.35873
G1 X157.808 Y158.016 E2032.37243
G1 X157.612 Y158.1 E2032.38236
G1 X132.496 Y158.1 E2033.55186
G1 F1500 E2027.05186
G0 F9000 X132.496 Y158.41
G0 X131.625 Y157.941
G0 X131.458 Y157.273
G0 X145.674 Y145.674
G0 X151.949 Y138.03
G0 X156.611 Y129.307
G0 X157.949 Y124.895
G0 X157.949 Y95.105
G0 X157.072 Y88.312
G0 X157.388 Y88.144
G1 F1500 E2033.55186
G1 X157.045 Y88.125 E2033.56786
G1 X156.758 Y87.918 E2033.58434
G1 X153.15 Y81.168 E2033.94073
G1 X146.693 Y73.303 E2034.41457
G1 X138.828 Y66.85 E2034.88829
G1 X132.152 Y63.278 E2035.24085
G1 X131.87 Y62.95 E2035.26099
G1 X131.852 Y62.606 E2035.27703
G1 X131.93 Y62.299 E2035.29178
G1 X132.121 Y62.031 E2035.3071
G1 X132.292 Y61.935 E2035.31623
G1 X132.496 Y61.9 E2035.32587
G1 X157.612 Y61.9 E2036.49538
G1 X157.808 Y61.984 E2036.50531
G1 X158.016 Y62.191 E2036.51897
G1 X158.1 Y62.5 E2036.53388
G1 X158.1 Y87.574 E2037.70143
G1 X157.969 Y87.875 E2037.71672
G1 X157.7 Y88.066 E2037.73208
G1 X157.388 Y88.144 E2037.74706
G0 F9000 X157.216 Y87.775
;TYPE:WALL-OUTER
G1 F1500 X157.09 Y87.684 E2037.75429
G1 X153.484 Y80.944 E2038.11023
G1 X146.977 Y73.019 E2038.5877
G1 X139.052 Y66.516 E2039.06506
G1 X132.341 Y62.925 E2039.41948
G1 X132.247 Y62.816 E2039.42618
G1 X132.241 Y62.7 E2039.43159
G1 X132.315 Y62.413 E2039.44539
G1 X132.448 Y62.3 E2039.45352
G1 X157.539 Y62.3 E2040.62186
G1 X157.7 Y62.461 E2040.63246
G1 X157.698 Y87.535 E2041.80001
G1 X157.587 Y87.681 E2041.80855
G1 X157.216 Y87.775 E2041.82637
G1 F1500 E2035.32637
G0 F9000 X156.88 Y87.954
G0 X157.949 Y95.105
G0 X157.949 Y124.895
G0 X156.611 Y129.307
G0 X151.949 Y138.03
G0 X145.674 Y145.674
G0 X131.458 Y157.273
G0 X131.625 Y157.941
G0 X132.441 Y158.01
G0 X132.441 Y157.7
G1 F1500 E2041.82637
G1 X132.314 Y157.601 E2041.83387
G1 X132.222 Y157.215 E2041.85235
G1 X132.312 Y157.09 E2041.85952
G1 X139.052 Y153.484 E2042.21546
G1 X146.977 Y146.977 E2042.69293
G1 X153.484 Y139.052 E2043.1704
G1 X157.071 Y132.341 E2043.52473
G1 X157.18 Y132.247 E2043.53144
G1 X157.295 Y132.241 E2043.5368
G1 X157.587 Y132.315 E2043.55082
G1 X157.7 Y132.447 E2043.55892
G1 X157.698 Y157.584 E2044.7294
G1 X157.539 Y157.7 E2044.73856
G1 X132.441 Y157.7 E2045.90723
G1 F1500 E2039.40723
G0 F9000 X132.441 Y158.01
G0 X110 Y158.01
G0 X110 Y157.7
G1 F1500 E2045.90723
G1 X95.139 Y157.7 E2046.59922
G1 X90.769 Y156.369 E2046.81194
G1 X82.125 Y151.749 E2047.26832
G1 X74.502 Y145.494 E2047.72748
G1 X68.261 Y137.891 E2048.18551
G1 X63.627 Y129.227 E2048.64302
G1 X62.303 Y124.859 E2048.85555
G1 X62.3 Y95.14 E2050.23939
G1 X63.618 Y90.789 E2050.45108
G1 X68.257 Y82.108 E2050.9094
G1 X74.502 Y74.502 E2051.36766
G1 X82.105 Y68.261 E2051.82568
G1 X90.769 Y63.627 E2052.2832
G1 X95.137 Y62.303 E2052.49573
G1 X124.856 Y62.3 E2053.87957
G1 X129.207 Y63.618 E2054.09126
G1 X137.875 Y68.251 E2054.54891
G1 X145.494 Y74.502 E2055.00781
G1 X151.739 Y82.105 E2055.46596
G1 X156.384 Y90.805 E2055.92519
G1 X157.7 Y95.139 E2056.1361
G1 X157.698 Y124.859 E2057.51998
G1 X156.369 Y129.227 E2057.73258
G1 X151.749 Y137.875 E2058.18913
G1 X145.494 Y145.494 E2058.64815
G1 X137.891 Y151.739 E2059.10629
G1 X129.191 Y156.384 E2059.56552
G1 X124.857 Y157.7 E2059.77643
G1 X110 Y157.7 E2060.46823
G1 F1500 E2053.96823
G0 F9000 X110 Y158.01
G0 X110 Y161.99
G0 X110 Y162.3
G1 F1500 E2060.46823
G1 X162.3 Y162.3 E2062.90354
G1 X162.3 Y57.7 E2067.77416
G1 X57.7 Y57.7 E2072.64477
G1 X57.7 Y162.3 E2077.51538
G1 X110 Y162.3 E2079.95069
G1 F1500 E2073.45069
G0 F9000 X110 Y161.99
G0 X87.55 Y158.01
G0 X87.55 Y157.7
G1 F1500 E2079.95069
G1 X62.461 Y157.7 E2081.11894
G1 X62.3 Y157.539 E2081.12954
G1 X62.3 Y132.441 E2082.29821
G1 X62.4 Y132.314 E2082.30574
G1 X62.784 Y132.221 E2082.32414
G1 X62.925 Y132.341 E2082.33276
G1 X66.516 Y139.052 E2082.68717
G1 X73.019 Y146.977 E2083.16453
G1 X80.944 Y153.485 E2083.64203
G1 X87.655 Y157.071 E2083.99634
G1 X87.749 Y157.18 E2084.00304
G1 X87.755 Y157.295 E2084.0084
G1 X87.681 Y157.587 E2084.02243
G1 X87.55 Y157.7 E2084.03049
G1 F1500 E2077.53049
G0 F9000 X87.55 Y158.01
G0 X88.375 Y157.941
G0 X88.542 Y157.273
G0 X74.326 Y145.674
G0 X68.051 Y138.03
G0 X63.389 Y129.307
G0 X62.051 Y124.895
G0 X62.051 Y95.105
G0 X63.108 Y87.974
G0 X62.7 Y87.755
G1 F1500 E2084.03049
G1 X62.413 Y87.681 E2084.04429
G1 X62.3 Y87.548 E2084.05241
G1 X62.3 Y62.461 E2085.22057
G1 X62.461 Y62.3 E2085.23117
G1 X87.555 Y62.3 E2086.39965
G1 X87.682 Y62.4 E2086.40718
G1 X87.774 Y62.78 E2086.42539
G1 X87.684 Y62.906 E2086.4326
G1 X80.944 Y66.516 E2086.78862
G1 X73.019 Y73.019 E2087.26598
G1 X66.516 Y80.944 E2087.74333
G1 X62.906 Y87.684 E2088.09936
G1 X62.816 Y87.749 E2088.10453
G1 X62.7 Y87.755 E2088.10994
G0 F9000 X61.936 Y87.862
;TYPE:FILL
G1 F3000 X58.18 Y88.868 E2088.291
G1 X58.179 Y89.042
G1 X62.376 Y93.238 E2088.56734
G0 F9000 X62.157 Y93.171
G0 X61.702 Y94.859
G0 X61.59 Y95.94
G0 X61.819 Y95.94
G1 F3000 X58.181 Y109.52 E2089.22198
G0 F9000 X58.41 Y109.52
G0 X58.41 Y106.012
G0 X58.179 Y106.012
G1 F3000 X61.82 Y109.653 E2089.46175
G0 F9000 X61.59 Y109.653
G0 X61.59 Y112.739
G0 X61.82 Y112.739
G1 F3000 X58.18 Y113.715 E2089.63723
G0 F9000 X58.41 Y113.715
G0 X58.41 Y122.983
G0 X58.179 Y122.983
G1 F3000 X62.563 Y127.367 E2089.92592
G0 F9000 X62.34 Y127.434
G0 X61.665 Y125.211
G0 X61.892 Y125.143
G1 F3000 X58.18 Y126.138 E2090.10487
G0 F9000 X58.41 Y126.138
G0 X64.371 Y132.122
G0 X64.577 Y132.013
G1 F3000 X64.149 Y133.612 E2090.18195
G0 F9000 X64.352 Y133.504
G0 X65.919 Y136.435
G0 X65.717 Y136.542
G1 F3000 X66.838 Y136.241 E2090.236
G0 F9000 X66.632 Y136.351
G0 X62.932 Y130.994
G0 X61.659 Y131.313
G0 X61.59 Y137.586
G0 X61.819 Y137.586
G1 F3000 X58.18 Y138.561 E2090.41142
G0 F9000 X58.41 Y138.561
G0 X58.41 Y139.953
G0 X58.179 Y139.953
G1 F3000 X61.82 Y143.594 E2090.65118
G0 F9000 X61.59 Y143.594
G0 X61.59 Y142.303
G0 X61.82 Y142.303
G1 F3000 X58.18 Y155.885 E2091.30594
G0 F9000 X58.41 Y155.885
G0 X58.41 Y156.924
G0 X58.179 Y156.924
G1 F3000 X63.075 Y161.82 E2091.62835
G0 F9000 X63.075 Y161.59
G0 X64.105 Y161.59
G0 X64.105 Y161.82
G1 F3000 X77.69 Y158.18 E2092.28324
G0 F9000 X77.69 Y158.41
G0 X76.406 Y158.41
G0 X76.406 Y158.18
G1 F3000 X80.046 Y161.82 E2092.52294
G0 F9000 X80.046 Y161.59
G0 X81.437 Y161.59
G0 X81.437 Y161.82
G1 F3000 X82.412 Y158.18 E2092.69841
G0 F9000 X82.412 Y158.41
G0 X88.687 Y158.341
G0 X89.006 Y157.068
G0 X83.565 Y154.081
G0 X83.456 Y154.283
G1 F3000 X83.756 Y153.164 E2092.75235
G0 F9000 X83.647 Y153.367
G0 X86.496 Y155.648
G0 X86.387 Y155.85
G1 F3000 X87.986 Y155.421 E2092.82944
G0 F9000 X87.875 Y155.627
G0 X90.273 Y156.847
G0 X92.569 Y157.661
G0 X92.637 Y157.44
G1 F3000 X97.016 Y161.82 E2093.11784
G0 F9000 X97.016 Y161.59
G0 X93.86 Y161.59
G0 X93.86 Y161.821
G1 F3000 X94.853 Y158.114 E2093.29654
G0 F9000 X94.786 Y158.333
G0 X106.283 Y161.59
G0 X106.283 Y161.82
G1 F3000 X107.259 Y158.179 E2093.47206
G0 F9000 X107.259 Y158.41
G0 X110.347 Y158.41
G0 X110.347 Y158.18
G1 F3000 X113.987 Y161.82 E2093.71176
G0 F9000 X113.987 Y161.59
G0 X110.47 Y161.59
G0 X110.47 Y161.82
G1 F3000 X124.056 Y158.18 E2094.3667
G0 F9000 X124.056 Y158.41
G0 X124.783 Y158.36
G0 X126.827 Y157.844
G0 X126.76 Y157.623
G1 F3000 X130.958 Y161.82 E2094.64311
G1 X131.13 Y161.821
G1 X132.136 Y158.067 E2094.82408
G0 F9000 X132.136 Y158.41
G0 X131.313 Y158.341
G0 X130.994 Y157.068
G0 X132.476 Y156.198
G0 X132.583 Y156.399
G1 F3000 X132.984 Y154.901 E2094.89629
G0 F9000 X133.094 Y155.109
G0 X134.365 Y155.188
G0 X134.472 Y155.389
G1 F3000 X129.653 Y156.68 E2095.12859
G0 F9000 X129.764 Y156.889
G0 X138.353 Y152.279
G0 X138.207 Y152.099
G1 F3000 X139.007 Y152.899 E2095.18127
G0 F9000 X138.864 Y152.724
G0 X130.994 Y157.068
G0 X131.313 Y158.341
G0 X144.289 Y158.41
G0 X144.289 Y158.18
G1 F3000 X147.928 Y161.82 E2095.42094
G0 F9000 X147.928 Y161.59
G0 X143.553 Y161.59
G0 X143.553 Y161.82
G1 F3000 X144.529 Y158.18 E2095.59642
G0 F9000 X144.529 Y158.41
G0 X155.977 Y161.59
G0 X155.977 Y161.821
G1 F3000 X156.952 Y158.179 E2095.77198
G0 F9000 X156.952 Y158.41
G0 X158.338 Y158.338
G0 X158.41 Y155.101
G0 X158.18 Y155.101
G1 F3000 X161.82 Y158.741 E2096.01168
G0 F9000 X161.59 Y158.741
G0 X161.59 Y160.484
G0 X161.819 Y160.484
G1 F3000 X156.835 Y161.82 E2096.25195
G0 F9000 X156.835 Y161.59
G0 X158.338 Y158.338
G0 X158.41 Y153.596
G0 X158.18 Y153.596
G1 F3000 X161.82 Y140.014 E2096.9067
G0 F9000 X161.59 Y140.014
G0 X161.59 Y141.771
G0 X161.82 Y141.771
G1 F3000 X158.18 Y138.13 E2097.14644
G0 F9000 X158.41 Y138.13
G0 X158.41 Y136.613
G0 X158.181 Y136.613
G1 F3000 X161.82 Y135.638 E2097.32186
G0 F9000 X161.59 Y135.638
G0 X158.341 Y131.313
G0 X157.068 Y130.994
G0 X154.886 Y134.93
G0 X155.086 Y135.037
G1 F3000 X154.253 Y134.203 E2097.37675
G0 F9000 X154.457 Y134.313
G0 X153.386 Y137.737
G0 X153.585 Y137.844
G1 F3000 X152.065 Y138.252 E2097.45003
G0 F9000 X152.242 Y138.398
G0 X148.987 Y142.364
G0 X148.807 Y142.215
G1 F3000 X148.099 Y144.855 E2097.5773
G1 X148.024 Y144.946
G1 X147.222 Y144.143 E2097.63015
G1 F1500 E2091.13015
G0 F9000 X147.404 Y144.293
G0 X152.943 Y138.692
G0 X157.068 Y130.994
G0 X158.341 Y131.313
G0 X158.41 Y149.036
G0 X158.18 Y149.036
G1 F1500 E2097.63015
G1 F3000 X161.82 Y148.061 E2097.80562
G0 F9000 X161.59 Y148.061
G0 X161.59 Y124.8
G0 X161.82 Y124.8
G1 F3000 X158.18 Y121.16 E2098.04532
G0 F9000 X158.41 Y121.16
G0 X158.41 Y124.19
G0 X158.18 Y124.19
G1 F3000 X161.819 Y123.215 E2098.22074
G0 F9000 X161.59 Y123.215
G0 X158.41 Y111.766
G0 X158.181 Y111.766
G1 F3000 X161.82 Y110.791 E2098.39617
G0 F9000 X161.59 Y110.791
G0 X161.59 Y107.83
G0 X161.82 Y107.83
G1 F3000 X158.18 Y104.189 E2098.6359
G0 F9000 X158.41 Y104.189
G0 X158.41 Y107.232
G0 X158.18 Y107.232
G1 F3000 X161.82 Y93.649 E2099.2907
G0 F9000 X161.59 Y93.649
G0 X161.59 Y90.859
G0 X161.82 Y90.859
G1 F3000 X158.18 Y87.219 E2099.5304
G0 F9000 X158.18 Y86.92
G1 F3000 X161.82 Y85.944 E2099.70588
G0 F9000 X161.59 Y85.944
G0 X158.341 Y88.687
G0 X157.068 Y89.006
G0 X156.188 Y87.507
G0 X156.392 Y87.399
G1 F3000 X155.268 Y87.7 E2099.76006
G0 F9000 X155.475 Y87.59
G0 X153.926 Y83.276
G0 X154.129 Y83.168
G1 F3000 X149.111 Y78.15 E2100.09051
G0 F9000 X149.29 Y78.005
G0 X148.466 Y77.001
G0 X148.287 Y77.147
G1 F3000 X149.484 Y76.827 E2100.1482
G0 F9000 X149.306 Y76.972
G0 X152.639 Y81.032
G0 X152.816 Y80.888
G1 F3000 X152.42 Y82.365 E2100.2194
G0 F9000 X152.624 Y82.257
G0 X157.068 Y89.006
G0 X158.341 Y88.687
G0 X158.41 Y74.496
G0 X158.181 Y74.496
G1 F3000 X161.82 Y73.521 E2100.39483
G0 F9000 X161.82 Y73.888
G1 F3000 X158.18 Y70.248 E2100.63453
G0 F9000 X158.41 Y70.248
G0 X158.41 Y62.111
G0 X158.039 Y62.111
G1 F3000 X161.819 Y61.098 E2100.81675
G0 F9000 X161.59 Y61.098
G0 X157.888 Y61.59
G0 X157.888 Y61.96
G1 F3000 X158.901 Y58.179 E2100.99902
G0 F9000 X158.901 Y58.41
G0 X149.751 Y61.59
G0 X149.751 Y61.82
G1 F3000 X146.112 Y58.18 E2101.23869
G0 F9000 X146.477 Y58.179
G1 F3000 X145.501 Y61.821 E2101.41426
G0 F9000 X145.501 Y61.59
G0 X131.313 Y61.659
G0 X130.994 Y62.932
G0 X138.964 Y67.358
G0 X139.109 Y67.183
G1 F3000 X137.629 Y67.58 E2101.48561
G0 F9000 X137.74 Y67.374
G0 X136.727 Y66.075
G0 X136.835 Y65.874
G1 F3000 X141.859 Y70.898 E2101.81645
G0 F9000 X142.006 Y70.72
G0 X142.998 Y71.533
G0 X142.851 Y71.711
G1 F3000 X143.171 Y70.517 E2101.87401
G0 F9000 X143.027 Y70.692
G0 X138.73 Y68.014
G0 X132.409 Y64.525
G0 X132.299 Y64.729
G1 F3000 X132.599 Y63.609 E2101.928
G0 F9000 X132.491 Y63.81
G0 X130.994 Y62.932
G0 X131.313 Y61.659
G0 X132.781 Y61.59
G0 X132.781 Y61.82
G1 F3000 X129.141 Y58.18 E2102.1677
G0 F9000 X129.141 Y58.41
G0 X126.344 Y58.41
G0 X126.344 Y58.18
G1 F3000 X112.759 Y61.82 E2102.82259
G0 F9000 X112.759 Y61.59
G0 X115.811 Y61.59
G0 X115.811 Y61.82
G1 F3000 X112.17 Y58.18 E2103.06232
G0 F9000 X112.17 Y58.41
G0 X109.207 Y58.41
G0 X109.207 Y58.179
G1 F3000 X108.232 Y61.82 E2103.23783
G0 F9000 X108.232 Y61.59
G0 X98.84 Y61.59
G0 X98.84 Y61.82
G1 F3000 X95.2 Y58.18 E2103.47753
G0 F9000 X95.2 Y58.41
G0 X96.784 Y58.41
G0 X96.784 Y58.179
G1 F3000 X95.808 Y61.82 E2103.65306
G0 F9000 X95.808 Y61.59
G0 X95.046 Y61.651
G0 X90.54 Y63.018
G0 X85.687 Y65.543
G0 X85.795 Y65.746
G1 F3000 X84.961 Y64.912 E2103.70798
G0 F9000 X85.069 Y65.115
G0 X82.263 Y66.615
G0 X82.155 Y66.412
G1 F3000 X81.745 Y67.939 E2103.7816
G0 F9000 X81.599 Y67.76
G0 X77.632 Y71.017
G0 X77.776 Y71.194
G1 F3000 X75.139 Y71.901 E2103.90873
G1 X75.052 Y71.973
G1 X75.851 Y72.773 E2103.96138
G1 F1500 E2097.46138
G0 F9000 X75.707 Y72.596
G0 X81.308 Y67.057
G0 X89.006 Y62.932
G0 X88.687 Y61.659
G0 X70.962 Y61.59
G0 X70.962 Y61.821
G1 F1500 E2103.96138
G1 F3000 X71.937 Y58.179 E2104.13694
G0 F9000 X71.937 Y58.41
G0 X78.229 Y58.41
G0 X78.229 Y58.18
G1 F3000 X81.87 Y61.82 E2104.37667
G0 F9000 X81.87 Y61.59
G0 X83.385 Y61.59
G0 X83.385 Y61.82
G1 F3000 X84.361 Y58.18 E2104.55215
G0 F9000 X84.361 Y58.41
G0 X79.979 Y58.41
G0 X79.979 Y58.18
G1 F3000 X66.396 Y61.82 E2105.20695
G0 F9000 X66.396 Y61.59
G0 X64.899 Y61.59
G0 X64.899 Y61.82
G1 F3000 X61.259 Y58.18 E2105.44665
G0 F9000 X61.259 Y58.41
G0 X59.514 Y58.41
G0 X59.514 Y58.179
G1 F3000 X58.181 Y63.155 E2105.68652
G0 F9000 X58.18 Y64.021
G1 F3000 X61.819 Y63.046 E2105.86194
G0 F9000 X61.59 Y63.046
G0 X58.41 Y72.071
G0 X58.179 Y72.071
G1 F3000 X61.82 Y75.712 E2106.10171
G0 F9000 X61.819 Y75.47
G1 F3000 X58.18 Y76.445 E2106.27713
G0 F9000 X58.41 Y76.445
G0 X61.659 Y88.687
G0 X62.932 Y89.006
G0 X67.275 Y81.136
G0 X67.099 Y80.991
G1 F3000 X67.9 Y81.792 E2106.32988
G0 F9000 X67.722 Y81.646
G0 X64.816 Y85.627
G0 X64.612 Y85.517
G1 F3000 X63.322 Y90.333 E2106.56204
G0 F9000 X63.118 Y90.223
G0 X63.8 Y87.527
G0 X63.595 Y87.417
G1 F3000 X65.093 Y87.016 E2106.63425
G0 F9000 X64.891 Y86.907
G0 X63.018 Y90.54
G0 X61.651 Y95.046
G0 X61.59 Y100.316
G0 X61.82 Y100.316
G1 F3000 X58.181 Y101.291 E2106.80967
G1 F1500 E2100.30967
G0 F9000 X58.41 Y101.291
G0 X61.651 Y124.954
G0 X63.018 Y129.46
G0 X67.717 Y138.253
G0 X73.331 Y145.188
G0 X73.509 Y145.043
G1 F1500 E2106.80967
G1 F3000 X73.15 Y146.381 E2106.87418
G0 F9000 X73.618 Y146.848
G1 F3000 X74.956 Y146.489 E2106.93869
G1 F1500 E2100.43869
G0 F9000 X74.809 Y146.667
G0 X81.308 Y152.943
G0 X89.006 Y157.068
G0 X88.687 Y158.341
G0 X69.989 Y158.41
G0 X69.989 Y158.18
G1 F1500 E2106.93869
G1 F3000 X69.013 Y161.821 E2107.11421
G0 F9000 X69.013 Y161.59
G0 X61.662 Y158.338
G0 X61.59 Y150.009
G0 X61.82 Y150.009
G1 F3000 X58.18 Y150.985 E2107.28969
G1 F1500 E2100.78969
G0 F9000 X58.41 Y150.985
G0 X61.662 Y158.338
G0 X118.707 Y161.59
G0 X118.707 Y161.82
G1 F1500 E2107.28969
G1 F3000 X119.682 Y158.179 E2107.46521
G1 F1500 E2100.96521
G0 F9000 X119.682 Y158.41
G0 X124.954 Y158.349
G0 X129.46 Y156.982
G0 X138.253 Y152.283
G0 X145.959 Y145.959
G0 X152.283 Y138.253
G0 X156.982 Y129.46
G0 X158.349 Y124.954
G0 X158.41 Y99.343
G0 X158.181 Y99.343
G1 F1500 E2107.46521
G1 F3000 X161.819 Y98.368 E2107.64059
G1 F1500 E2101.14059
G0 F9000 X161.59 Y98.368
G0 X152.283 Y81.747
G0 X145.959 Y74.041
G0 X136.309 Y65.756
G0 X130.994 Y62.932
G0 X131.313 Y61.659
G0 X133.078 Y61.59
G0 X133.078 Y61.821
G1 F1500 E2107.64059
G1 F3000 X134.054 Y58.179 E2107.81616
G0 F9000 X134.054 Y58.41
G0 X121.631 Y58.41
G0 X121.631 Y58.179
G1 F3000 X120.655 Y61.82 E2107.99168
G0 F9000 X120.655 Y61.29
G1 F1500 E2101.49168
;MESH:NONMESH
G0 F300 X120.655 Y61.29 Z3.36
G0 F9000 X95.105 Y62.051
G0 X90.693 Y63.389
G0 X81.97 Y68.051
G0 X74.326 Y74.326
G0 X62.926 Y88.316
G0 X62.606 Y88.144
;TIME_ELAPSED:2570.320946
;LAYER:11
;TYPE:WALL-INNER
;MESH:tmpek4p4esk10x10x.5Doubled.stl
G1 F1500 E2107.99168
G1 X62.299 Y88.066 E2108.00643
G1 X62.031 Y87.875 E2108.02176
G1 X61.935 Y87.704 E2108.03089
G1 X61.9 Y87.5 E2108.04052
G1 X61.9 Y62.388 E2109.20984
G1 X61.984 Y62.192 E2109.21977
G1 X62.192 Y61.984 E2109.23347
G1 X62.5 Y61.9 E2109.24834
G1 X87.5 Y61.9 E2110.41244
G1 X87.705 Y61.935 E2110.42212
G1 X87.875 Y62.031 E2110.43122
G1 X88.066 Y62.299 E2110.44654
G1 X88.144 Y62.606 E2110.46129
G1 X88.126 Y62.949 E2110.47728
G1 X87.919 Y63.238 E2110.49384
G1 X81.168 Y66.85 E2110.85036
G1 X73.303 Y73.303 E2111.32408
G1 X66.85 Y81.168 E2111.79779
G1 X63.235 Y87.922 E2112.1545
G1 X62.95 Y88.126 E2112.17082
G1 X62.606 Y88.144 E2112.18686
G1 F1500 E2105.68686
G0 F9000 X62.926 Y88.316
G0 X62.051 Y95.105
G0 X62.051 Y124.895
G0 X63.389 Y129.307
G0 X68.051 Y138.03
G0 X74.326 Y145.674
G0 X88.542 Y157.273
G0 X88.375 Y157.941
G0 X87.5 Y158.41
G0 X87.5 Y158.1
G1 F1500 E2112.18686
G1 X62.388 Y158.1 E2113.35618
G1 X62.192 Y158.016 E2113.36611
G1 X61.984 Y157.808 E2113.37981
G1 X61.9 Y157.5 E2113.39468
G1 X61.9 Y132.496 E2114.55897
G1 X61.935 Y132.291 E2114.56865
G1 X62.031 Y132.121 E2114.57774
G1 X62.299 Y131.93 E2114.59307
G1 X62.606 Y131.852 E2114.60782
G1 X62.949 Y131.87 E2114.62381
G1 X63.277 Y132.153 E2114.64398
G1 X66.85 Y138.828 E2114.99652
G1 X73.303 Y146.693 E2115.47024
G1 X81.167 Y153.151 E2115.94407
G1 X87.844 Y156.718 E2116.29657
G1 X88.125 Y157.045 E2116.31664
G1 X88.144 Y157.388 E2116.33264
G1 X88.044 Y157.787 E2116.35179
G1 X87.875 Y157.969 E2116.36336
G1 X87.705 Y158.065 E2116.37245
G1 X87.5 Y158.1 E2116.38213
G0 F9000 X87.5 Y158.41
G0 X110 Y158.41
G0 X110 Y158.1
G1 F1500 X95.079 Y158.1 E2117.07692
G1 X90.639 Y156.749 E2117.29302
G1 X81.888 Y152.077 E2117.75494
G1 X74.219 Y145.777 E2118.21709
G1 X67.927 Y138.112 E2118.67885
G1 X63.246 Y129.363 E2119.14089
G1 X61.9 Y124.898 E2119.35804
G1 X61.9 Y95.08 E2120.74649
G1 X63.247 Y90.64 E2120.96254
G1 X67.921 Y81.887 E2121.42458
G1 X74.219 Y74.219 E2121.88663
G1 X81.884 Y67.927 E2122.3484
G1 X90.633 Y63.246 E2122.81043
G1 X95.098 Y61.9 E2123.02758
G1 X124.916 Y61.9 E2124.41603
G1 X129.356 Y63.247 E2124.63208
G1 X138.112 Y67.927 E2125.09438
G1 X145.777 Y74.219 E2125.55615
G1 X152.073 Y81.884 E2126.01803
G1 X156.75 Y90.634 E2126.48002
G1 X158.1 Y95.079 E2126.69633
G1 X158.1 Y124.902 E2128.08502
G1 X156.749 Y129.357 E2128.30179
G1 X152.073 Y138.112 E2128.76396
G1 X145.777 Y145.777 E2129.22584
G1 X138.112 Y152.073 E2129.68772
G1 X129.362 Y156.75 E2130.14971
G1 X124.898 Y158.1 E2130.36687
G1 X110 Y158.1 E2131.06059
G0 F9000 X110 Y158.41
G0 X110 Y161.59
G0 X110 Y161.9
G1 F1500 X161.9 Y161.9 E2133.47727
G1 X161.9 Y58.1 E2138.31063
G1 X58.1 Y58.1 E2143.14399
G1 X58.1 Y161.9 E2147.97736
G1 X110 Y161.9 E2150.39404
G0 F9000 X110 Y161.59
G0 X132.496 Y158.41
G0 X132.496 Y158.1
G1 F1500 X132.291 Y158.065 E2150.40372
G1 X132.12 Y157.969 E2150.41285
G1 X131.931 Y157.722 E2150.42733
G1 X131.852 Y157.388 E2150.44332
G1 X131.871 Y157.045 E2150.45931
G1 X132.078 Y156.758 E2150.47579
G1 X138.828 Y153.15 E2150.83218
G1 X146.693 Y146.693 E2151.30602
G1 X153.15 Y138.828 E2151.77986
G1 X156.718 Y132.153 E2152.13229
G1 X157.045 Y131.871 E2152.1524
G1 X157.388 Y131.852 E2152.16839
G1 X157.7 Y131.93 E2152.18337
G1 X157.969 Y132.12 E2152.1987
G1 X158.065 Y132.291 E2152.20783
G1 X158.1 Y132.496 E2152.21752
G1 X158.1 Y157.612 E2153.38702
G1 X158.016 Y157.808 E2153.39695
G1 X157.808 Y158.016 E2153.41065
G1 X157.5 Y158.1 E2153.42552
G1 X132.496 Y158.1 E2154.58981
G1 F1500 E2148.08981
G0 F9000 X132.496 Y158.41
G0 X131.625 Y157.941
G0 X131.458 Y157.273
G0 X145.674 Y145.674
G0 X151.949 Y138.03
G0 X156.611 Y129.307
G0 X157.949 Y124.895
G0 X157.949 Y95.105
G0 X157.072 Y88.312
G0 X157.388 Y88.144
G1 F1500 E2154.58981
G1 X157.045 Y88.125 E2154.6058
G1 X156.758 Y87.918 E2154.62228
G1 X153.15 Y81.168 E2154.97867
G1 X146.693 Y73.303 E2155.45251
G1 X138.828 Y66.85 E2155.92623
G1 X132.152 Y63.278 E2156.27879
G1 X131.87 Y62.95 E2156.29893
G1 X131.852 Y62.606 E2156.31497
G1 X131.93 Y62.299 E2156.32972
G1 X132.121 Y62.031 E2156.34505
G1 X132.292 Y61.935 E2156.35418
G1 X132.496 Y61.9 E2156.36382
G1 X157.612 Y61.9 E2157.53332
G1 X157.808 Y61.984 E2157.54325
G1 X158.016 Y62.191 E2157.55692
G1 X158.1 Y62.5 E2157.57183
G1 X158.1 Y87.574 E2158.73938
G1 X157.969 Y87.875 E2158.75466
G1 X157.7 Y88.066 E2158.77002
G1 X157.388 Y88.144 E2158.785
G0 F9000 X157.216 Y87.775
;TYPE:WALL-OUTER
G1 F1500 X157.09 Y87.684 E2158.79224
G1 X153.484 Y80.944 E2159.14817
G1 X146.977 Y73.019 E2159.62565
G1 X139.052 Y66.516 E2160.103
G1 X132.341 Y62.925 E2160.45742
G1 X132.247 Y62.816 E2160.46412
G1 X132.241 Y62.7 E2160.46953
G1 X132.315 Y62.413 E2160.48333
G1 X132.448 Y62.3 E2160.49146
G1 X157.539 Y62.3 E2161.6598
G1 X157.7 Y62.461 E2161.6704
G1 X157.698 Y87.535 E2162.83795
G1 X157.587 Y87.681 E2162.84649
G1 X157.216 Y87.775 E2162.86431
G1 F1500 E2156.36431
G0 F9000 X156.88 Y87.954
G0 X157.949 Y95.105
G0 X157.949 Y124.895
G0 X156.611 Y129.307
G0 X151.949 Y138.03
G0 X145.674 Y145.674
G0 X131.458 Y157.273
G0 X131.625 Y157.941
G0 X132.441 Y158.01
G0 X132.441 Y157.7
G1 F1500 E2162.86431
G1 X132.314 Y157.601 E2162.87181
G1 X132.222 Y157.215 E2162.89029
G1 X132.312 Y157.09 E2162.89746
G1 X139.052 Y153.484 E2163.2534
G1 X146.977 Y146.977 E2163.73087
G1 X153.484 Y139.052 E2164.20835
G1 X157.071 Y132.341 E2164.56268
G1 X157.18 Y132.247 E2164.56938
G1 X157.295 Y132.241 E2164.57474
G1 X157.587 Y132.315 E2164.58877
G1 X157.7 Y132.447 E2164.59686
G1 X157.698 Y157.535 E2165.76506
G1 X157.642 Y157.642 E2165.77068
G1 X157.543 Y157.7 E2165.77603
G1 X132.441 Y157.7 E2166.94488
G1 F1500 E2160.44488
G0 F9000 X132.441 Y158.01
G0 X110 Y158.01
G0 X110 Y157.7
G1 F1500 E2166.94488
G1 X95.139 Y157.7 E2167.63687
G1 X90.769 Y156.369 E2167.84959
G1 X82.125 Y151.749 E2168.30597
G1 X74.502 Y145.494 E2168.76513
G1 X68.261 Y137.891 E2169.22316
G1 X63.627 Y129.227 E2169.68067
G1 X62.303 Y124.859 E2169.8932
G1 X62.3 Y95.14 E2171.27704
G1 X63.618 Y90.789 E2171.48873
G1 X68.257 Y82.108 E2171.94705
G1 X74.502 Y74.502 E2172.40531
G1 X82.105 Y68.261 E2172.86333
G1 X90.769 Y63.627 E2173.32084
G1 X95.137 Y62.303 E2173.53338
G1 X124.856 Y62.3 E2174.91722
G1 X129.207 Y63.618 E2175.12891
G1 X137.875 Y68.251 E2175.58656
G1 X145.494 Y74.502 E2176.04546
G1 X151.739 Y82.105 E2176.50361
G1 X156.384 Y90.805 E2176.96284
G1 X157.7 Y95.139 E2177.17375
G1 X157.698 Y124.859 E2178.55763
G1 X156.369 Y129.227 E2178.77023
G1 X151.749 Y137.875 E2179.22678
G1 X145.494 Y145.494 E2179.6858
G1 X137.891 Y151.739 E2180.14394
G1 X129.191 Y156.384 E2180.60317
G1 X124.857 Y157.7 E2180.81408
G1 X110 Y157.7 E2181.50588
G1 F1500 E2175.00588
G0 F9000 X110 Y158.01
G0 X110 Y161.99
G0 X110 Y162.3
G1 F1500 E2181.50588
G1 X162.3 Y162.3 E2183.94119
G1 X162.3 Y57.7 E2188.81181
G1 X57.7 Y57.7 E2193.68242
G1 X57.7 Y162.3 E2198.55303
G1 X110 Y162.3 E2200.98834
G1 F1500 E2194.48834
G0 F9000 X110 Y161.99
G0 X87.55 Y158.01
G0 X87.55 Y157.7
G1 F1500 E2200.98834
G1 X62.461 Y157.7 E2202.15659
G1 X62.3 Y157.539 E2202.16719
G1 X62.3 Y132.441 E2203.33586
G1 X62.4 Y132.314 E2203.34339
G1 X62.784 Y132.221 E2203.36178
G1 X62.925 Y132.341 E2203.37041
G1 X66.516 Y139.052 E2203.72482
G1 X73.019 Y146.977 E2204.20218
G1 X80.944 Y153.485 E2204.67968
G1 X87.655 Y157.071 E2205.03399
G1 X87.749 Y157.18 E2205.04069
G1 X87.755 Y157.295 E2205.04605
G1 X87.681 Y157.587 E2205.06008
G1 X87.55 Y157.7 E2205.06814
G1 F1500 E2198.56814
G0 F9000 X87.55 Y158.01
G0 X88.375 Y157.941
G0 X88.542 Y157.273
G0 X74.326 Y145.674
G0 X68.051 Y138.03
G0 X63.389 Y129.307
G0 X62.051 Y124.895
G0 X62.051 Y95.105
G0 X63.108 Y87.974
G0 X62.7 Y87.755
G1 F1500 E2205.06814
G1 X62.413 Y87.681 E2205.08194
G1 X62.3 Y87.548 E2205.09006
G1 X62.3 Y62.461 E2206.25822
G1 X62.461 Y62.3 E2206.26882
G1 X87.55 Y62.3 E2207.43707
G1 X87.681 Y62.413 E2207.44513
G1 X87.775 Y62.778 E2207.46268
G1 X87.684 Y62.906 E2207.46999
G1 X80.944 Y66.516 E2207.82601
G1 X73.019 Y73.019 E2208.30337
G1 X66.516 Y80.944 E2208.78073
G1 X62.906 Y87.684 E2209.13675
G1 X62.816 Y87.749 E2209.14192
G1 X62.7 Y87.755 E2209.14733
G0 F9000 X62.082 Y88.028
;TYPE:FILL
G1 F3000 X58.18 Y89.073 E2209.33543
G0 F9000 X58.179 Y88.762
G1 F3000 X62.441 Y93.023 E2209.61605
G0 F9000 X62.222 Y92.956
G0 X61.837 Y94.227
G0 X62.055 Y94.294
G1 F3000 X64.202 Y86.284 E2210.0022
G0 F9000 X64.406 Y86.394
G0 X64.763 Y87.146
G0 X64.966 Y87.255
G1 F3000 X63.467 Y87.656 E2210.07445
G0 F9000 X63.672 Y87.766
G0 X67.849 Y81.491
G0 X68.027 Y81.638
G1 F3000 X67.225 Y80.837 E2210.12723
G0 F9000 X67.402 Y80.983
G0 X62.932 Y89.006
G0 X61.659 Y88.687
G0 X61.59 Y75.674
G0 X61.819 Y75.674
G1 F3000 X58.18 Y76.65 E2210.30267
G0 F9000 X58.41 Y76.65
G0 X61.59 Y75.432
G0 X61.82 Y75.432
G1 F3000 X58.179 Y71.791 E2210.54243
G0 F9000 X58.41 Y71.791
G0 X58.41 Y64.226
G0 X58.18 Y64.226
G1 F3000 X61.819 Y63.251 E2210.71786
G0 F9000 X61.59 Y63.251
G0 X61.662 Y61.662
G0 X65.179 Y61.59
G0 X65.179 Y61.82
G1 F3000 X61.539 Y58.18 E2210.95756
G0 F9000 X61.539 Y58.41
G0 X59.309 Y58.41
G0 X59.309 Y58.179
G1 F3000 X58.181 Y62.39 E2211.16055
G0 F9000 X58.41 Y62.39
G0 X61.662 Y61.662
G0 X67.161 Y61.59
G0 X67.161 Y61.82
G1 F3000 X80.744 Y58.18 E2211.81535
G0 F9000 X80.744 Y58.41
G0 X78.509 Y58.41
G0 X78.509 Y58.18
G1 F3000 X82.15 Y61.82 E2212.05508
G0 F9000 X82.15 Y61.59
G0 X83.18 Y61.59
G0 X83.18 Y61.82
G1 F3000 X84.156 Y58.179 E2212.23061
G0 F9000 X84.156 Y58.41
G0 X88.687 Y61.659
G0 X89.006 Y62.932
G0 X85.251 Y65.018
G0 X85.143 Y64.814
G1 F3000 X85.978 Y65.649 E2212.2856
G0 F9000 X85.87 Y65.445
G0 X82.023 Y66.744
G0 X81.915 Y66.541
G1 F3000 X81.483 Y68.155 E2212.3634
G0 F9000 X81.337 Y67.976
G0 X77.261 Y71.321
G0 X77.405 Y71.498
G1 F3000 X74.767 Y72.205 E2212.49057
G0 F9000 X75.206 Y71.847
G1 F3000 X76.005 Y72.646 E2212.54318
G1 F1500 E2206.04318
G0 F9000 X75.861 Y72.469
G0 X81.308 Y67.057
G0 X89.006 Y62.932
G0 X88.687 Y61.659
G0 X70.757 Y61.59
G0 X70.757 Y61.821
G1 F1500 E2212.54318
G1 F3000 X71.732 Y58.179 E2212.71874
G0 F9000 X71.732 Y58.41
G0 X95.48 Y58.41
G0 X95.48 Y58.18
G1 F3000 X99.12 Y61.82 E2212.95844
G0 F9000 X99.12 Y61.59
G0 X95.603 Y61.59
G0 X95.603 Y61.82
G1 F3000 X96.579 Y58.179 E2213.13397
G0 F9000 X96.579 Y58.41
G0 X108.027 Y61.59
G0 X108.027 Y61.82
G1 F3000 X109.002 Y58.179 E2213.30948
G0 F9000 X109.002 Y58.41
G0 X112.45 Y58.41
G0 X112.45 Y58.18
G1 F3000 X116.091 Y61.82 E2213.54921
G0 F9000 X116.091 Y61.59
G0 X113.524 Y61.59
G0 X113.524 Y61.82
G1 F3000 X127.109 Y58.18 E2214.2041
G0 F9000 X127.109 Y58.41
G0 X129.421 Y58.41
G0 X129.421 Y58.18
G1 F3000 X133.061 Y61.82 E2214.4438
G1 X132.873 Y61.821
G1 X133.849 Y58.179 E2214.61937
G0 F9000 X133.849 Y58.41
G0 X131.313 Y61.659
G0 X130.994 Y62.932
G0 X132.312 Y63.714
G0 X132.42 Y63.513
G1 F3000 X132.12 Y64.633 E2214.67336
G0 F9000 X132.23 Y64.429
G0 X137.33 Y66.397
G0 X137.438 Y66.197
G1 F3000 X143.416 Y72.175 E2215.06702
G0 F9000 X142.683 Y71.574
G1 F3000 X143.003 Y70.38 E2215.12458
G0 F9000 X142.859 Y70.555
G0 X139.153 Y67.513
G0 X139.298 Y67.338
G1 F3000 X137.885 Y67.716 E2215.19269
G0 F9000 X137.995 Y67.511
G0 X130.994 Y62.932
G0 X131.313 Y61.659
G0 X145.296 Y61.59
G0 X145.296 Y61.821
G1 F3000 X146.272 Y58.179 E2215.36826
G1 X146.392 Y58.18
G1 X150.031 Y61.82 E2215.60793
G0 F9000 X150.031 Y61.59
G0 X157.71 Y61.59
G0 X157.71 Y61.856
G1 F3000 X158.696 Y58.179 E2215.7852
G0 F9000 X158.696 Y58.41
G0 X158.41 Y62.288
G0 X158.142 Y62.288
G1 F3000 X161.819 Y61.303 E2215.96245
G0 F9000 X161.59 Y61.303
G0 X158.41 Y69.968
G0 X158.18 Y69.968
G1 F3000 X161.82 Y73.608 E2216.20215
G1 X161.82 Y73.726
G1 X158.18 Y74.701 E2216.37762
G0 F9000 X158.41 Y74.701
G0 X158.341 Y88.687
G0 X157.068 Y89.006
G0 X152.484 Y80.843
G0 X152.661 Y80.699
G1 F3000 X152.283 Y82.11 E2216.44564
G0 F9000 X152.488 Y82.001
G0 X153.604 Y82.672
G0 X153.806 Y82.565
G1 F3000 X147.83 Y76.589 E2216.83917
G0 F9000 X148.425 Y77.315
G1 F3000 X149.621 Y76.995 E2216.89682
G0 F9000 X149.444 Y77.139
G0 X151.999 Y81.286
G0 X155.571 Y87.769
G0 X155.364 Y87.879
G1 F3000 X156.488 Y87.578 E2216.951
G0 F9000 X156.284 Y87.686
G0 X157.068 Y89.006
G0 X158.341 Y88.687
G0 X158.41 Y87.125
G0 X158.18 Y87.125
G1 F3000 X161.82 Y86.149 E2217.12648
G0 F9000 X161.59 Y86.149
G0 X158.41 Y86.939
G0 X158.18 Y86.939
G1 F3000 X161.82 Y90.579 E2217.36618
G0 F9000 X161.59 Y90.579
G0 X161.59 Y92.884
G0 X161.82 Y92.884
G1 F3000 X158.18 Y106.467 E2218.02098
G0 F9000 X158.41 Y106.467
G0 X158.41 Y103.909
G0 X158.18 Y103.909
G1 F3000 X161.82 Y107.55 E2218.26071
G0 F9000 X161.59 Y107.55
G0 X161.59 Y110.996
G0 X161.82 Y110.996
G1 F3000 X158.181 Y111.971 E2218.43614
G0 F9000 X158.41 Y111.971
G0 X158.41 Y120.88
G0 X158.18 Y120.88
G1 F3000 X161.82 Y124.52 E2218.67584
G0 F9000 X161.59 Y124.52
G0 X161.59 Y123.42
G0 X161.819 Y123.42
G1 F3000 X158.181 Y124.395 E2218.85122
G0 F9000 X158.41 Y124.395
G0 X158.349 Y124.954
G0 X156.982 Y129.46
G0 X154.554 Y134.131
G0 X154.35 Y134.021
G1 F3000 X155.184 Y134.854 E2218.9061
G0 F9000 X154.984 Y134.746
G0 X157.068 Y130.994
G0 X158.341 Y131.313
G0 X158.41 Y136.818
G0 X158.181 Y136.818
G1 F3000 X161.82 Y135.843 E2219.08153
G0 F9000 X161.59 Y135.843
G0 X161.59 Y139.249
G0 X161.82 Y139.249
G1 F3000 X158.18 Y152.831 E2219.73628
G0 F9000 X158.41 Y152.831
G0 X158.41 Y154.821
G0 X158.18 Y154.821
G1 F3000 X161.82 Y158.461 E2219.97598
G0 F9000 X161.59 Y158.461
G0 X161.59 Y160.689
G0 X161.819 Y160.689
G1 F3000 X157.6 Y161.82 E2220.17937
G0 F9000 X157.6 Y161.59
G0 X155.772 Y161.59
G0 X155.772 Y161.821
G1 F3000 X156.747 Y158.179 E2220.35493
G0 F9000 X156.747 Y158.41
G0 X158.338 Y158.338
G0 X158.41 Y149.241
G0 X158.18 Y149.241
G1 F3000 X161.82 Y148.266 E2220.5304
G0 F9000 X161.59 Y148.266
G0 X161.59 Y141.491
G0 X161.82 Y141.491
G1 F3000 X158.18 Y137.85 E2220.77013
G0 F9000 X158.41 Y137.85
G0 X158.341 Y131.313
G0 X157.068 Y130.994
G0 X153.258 Y137.975
G0 X153.458 Y138.083
G1 F3000 X151.848 Y138.515 E2220.84775
G0 F9000 X152.025 Y138.661
G0 X148.683 Y142.734
G0 X148.502 Y142.585
G1 F3000 X147.795 Y145.225 E2220.97501
G0 F9000 X148.151 Y144.792
G1 F3000 X147.348 Y143.989 E2221.02789
G0 F9000 X147.53 Y144.139
G0 X146.116 Y145.777
G0 X139.018 Y152.598
G0 X139.161 Y152.773
G1 F3000 X138.36 Y151.972 E2221.08064
G0 F9000 X138.507 Y152.152
G0 X133.596 Y155.599
G0 X133.703 Y155.8
G1 F3000 X125.697 Y157.945 E2221.46658
G0 F9000 X124.821 Y158.18
G1 F3000 X111.235 Y161.82 E2222.12151
G0 F9000 X111.235 Y161.59
G0 X114.267 Y161.59
G0 X114.267 Y161.82
G1 F3000 X110.627 Y158.18 E2222.36121
G0 F9000 X110.627 Y158.41
G0 X107.054 Y158.41
G0 X107.054 Y158.179
G1 F3000 X106.078 Y161.82 E2222.53674
G0 F9000 X106.078 Y161.59
G0 X97.296 Y161.59
G0 X97.296 Y161.82
G1 F3000 X93.039 Y157.562 E2222.8171
G0 F9000 X92.971 Y157.783
G0 X94.597 Y158.276
G0 X94.664 Y158.056
G1 F3000 X93.655 Y161.821 E2222.9986
G0 F9000 X93.655 Y161.59
G0 X88.131 Y155.764
G0 X88.242 Y155.558
G1 F3000 X86.643 Y155.986 E2223.07568
G0 F9000 X86.751 Y155.785
G0 X83.385 Y153.986
G0 X83.277 Y154.187
G1 F3000 X83.577 Y153.068 E2223.12963
G0 F9000 X83.468 Y153.271
G0 X89.006 Y157.068
G0 X88.687 Y158.341
G0 X82.207 Y158.41
G0 X82.207 Y158.18
G1 F3000 X81.232 Y161.82 E2223.30509
G0 F9000 X80.326 Y161.82
G1 F3000 X76.686 Y158.18 E2223.54479
G0 F9000 X76.686 Y158.41
G0 X78.455 Y158.41
G0 X78.455 Y158.18
G1 F3000 X64.871 Y161.82 E2224.19964
G0 F9000 X64.871 Y161.59
G0 X63.355 Y161.59
G0 X63.355 Y161.82
G1 F3000 X58.179 Y156.644 E2224.54049
G0 F9000 X58.41 Y156.644
G0 X58.41 Y155.12
G0 X58.18 Y155.12
G1 F3000 X61.82 Y141.538 E2225.19524
G0 F9000 X61.59 Y141.538
G0 X61.59 Y143.314
G0 X61.82 Y143.314
G1 F3000 X58.179 Y139.673 E2225.43501
G0 F9000 X58.18 Y138.766
G1 F3000 X61.819 Y137.791 E2225.61043
G0 F9000 X61.59 Y137.791
G0 X61.659 Y131.313
G0 X62.932 Y130.994
G0 X66.015 Y136.614
G0 X65.813 Y136.721
G1 F3000 X66.934 Y136.421 E2225.66446
G0 F9000 X66.728 Y136.53
G0 X64.216 Y133.249
G0 X64.012 Y133.357
G1 F3000 X64.441 Y131.757 E2225.7416
G0 F9000 X64.235 Y131.866
G0 X63.14 Y129.701
G0 X62.218 Y127.033
G0 X62.442 Y126.966
G1 F3000 X58.179 Y122.703 E2226.02233
G0 F9000 X58.41 Y122.703
G0 X58.41 Y126.343
G0 X58.18 Y126.343
G1 F3000 X61.949 Y125.333 E2226.20402
G0 F9000 X61.723 Y125.401
G0 X58.41 Y113.92
G0 X58.18 Y113.92
G1 F3000 X61.82 Y112.944 E2226.3795
G0 F9000 X61.59 Y112.944
G0 X61.59 Y109.373
G0 X61.82 Y109.373
G1 F3000 X58.179 Y105.732 E2226.61926
G0 F9000 X58.41 Y105.732
G0 X58.41 Y108.755
G0 X58.181 Y108.755
G1 F3000 X61.822 Y95.165 E2227.27439
G0 F9000 X61.59 Y95.165
G0 X61.59 Y100.521
G0 X61.82 Y100.521
G1 F3000 X58.18 Y101.496 E2227.44986
G1 F1500 E2220.94986
G0 F9000 X58.41 Y101.496
G0 X61.651 Y124.954
G0 X63.018 Y129.46
G0 X67.717 Y138.253
G0 X73.176 Y145
G0 X73.354 Y144.855
G1 F1500 E2227.44986
G1 F3000 X72.996 Y146.192 E2227.51431
G0 F9000 X73.172 Y146.048
G0 X73.951 Y146.827
G0 X73.806 Y147.003
G1 F3000 X75.145 Y146.644 E2227.57886
G1 F1500 E2221.07886
G0 F9000 X74.998 Y146.822
G0 X81.308 Y152.943
G0 X89.006 Y157.068
G0 X88.687 Y158.341
G0 X69.784 Y158.41
G0 X69.784 Y158.18
G1 F1500 E2227.57886
G1 F3000 X68.808 Y161.821 E2227.75439
G0 F9000 X68.808 Y161.59
G0 X61.662 Y158.338
G0 X61.59 Y150.214
G0 X61.82 Y150.214
G1 F3000 X58.18 Y151.19 E2227.92987
G1 F1500 E2221.42987
G0 F9000 X58.41 Y151.19
G0 X61.662 Y158.338
G0 X118.502 Y161.59
G0 X118.502 Y161.82
G1 F1500 E2227.92987
G1 F3000 X119.477 Y158.179 E2228.10538
G0 F9000 X119.477 Y158.41
G0 X124.954 Y158.349
G0 X127.041 Y157.779
G0 X126.974 Y157.557
G1 F3000 X131.238 Y161.82 E2228.38614
G0 F9000 X130.925 Y161.821
G1 F3000 X131.969 Y157.922 E2228.57409
G0 F9000 X131.969 Y158.41
G0 X131.313 Y158.341
G0 X130.994 Y157.068
G0 X132.236 Y156.326
G0 X132.343 Y156.527
G1 F3000 X132.745 Y155.028 E2228.64635
G0 F9000 X132.856 Y155.236
G0 X130.994 Y157.068
G0 X131.313 Y158.341
G0 X144.324 Y158.41
G0 X144.324 Y158.18
G1 F3000 X143.348 Y161.82 E2228.82183
G0 F9000 X143.348 Y161.59
G0 X144.569 Y158.41
G0 X144.569 Y158.18
G1 F3000 X148.208 Y161.82 E2229.0615
G1 F1500 E2222.5615
G0 F9000 X148.208 Y161.59
G0 X131.313 Y158.341
G0 X130.994 Y157.068
G0 X138.692 Y152.943
G0 X146.519 Y146.519
G0 X152.283 Y138.253
G0 X156.982 Y129.46
G0 X158.349 Y124.954
G0 X158.41 Y99.548
G0 X158.181 Y99.548
G1 F1500 E2229.0615
G1 F3000 X161.819 Y98.573 E2229.23688
G1 F1500 E2222.73688
G0 F9000 X161.59 Y98.573
G0 X152.283 Y81.747
G0 X145.959 Y74.041
G0 X138.253 Y67.717
G0 X129.46 Y63.018
G0 X124.954 Y61.651
G0 X120.45 Y61.59
G0 X120.45 Y61.82
G1 F1500 E2229.23688
G1 F3000 X121.426 Y58.179 E2229.41241
G0 F9000 X121.426 Y58.71
G1 F1500 E2222.91241
;MESH:NONMESH
G0 F300 X121.426 Y58.71 Z3.64
G0 F9000 X95.105 Y62.051
G0 X90.693 Y63.389
G0 X81.97 Y68.051
G0 X74.326 Y74.326
G0 X62.926 Y88.316
G0 X62.606 Y88.144
;TIME_ELAPSED:2716.153710
;LAYER:12
;TYPE:WALL-INNER
;MESH:tmpek4p4esk10x10x.5Doubled.stl
G1 F1500 E2229.41241
G1 X62.299 Y88.066 E2229.42716
G1 X62.031 Y87.875 E2229.44248
G1 X61.935 Y87.704 E2229.45161
G1 X61.9 Y87.5 E2229.46125
G1 X61.9 Y62.388 E2230.63057
G1 X61.984 Y62.192 E2230.6405
G1 X62.192 Y61.984 E2230.6542
G1 X62.5 Y61.9 E2230.66906
G1 X87.5 Y61.9 E2231.83317
G1 X87.705 Y61.935 E2231.84285
G1 X87.875 Y62.031 E2231.85194
G1 X88.066 Y62.299 E2231.86726
G1 X88.144 Y62.606 E2231.88201
G1 X88.126 Y62.949 E2231.89801
G1 X87.919 Y63.238 E2231.91456
G1 X81.168 Y66.85 E2232.27108
G1 X73.303 Y73.303 E2232.7448
G1 X66.85 Y81.168 E2233.21852
G1 X63.235 Y87.922 E2233.57523
G1 X62.95 Y88.126 E2233.59155
G1 X62.606 Y88.144 E2233.60759
G1 F1500 E2227.10759
G0 F9000 X62.926 Y88.316
G0 X62.051 Y95.105
G0 X62.051 Y124.895
G0 X63.389 Y129.307
G0 X68.051 Y138.03
G0 X74.326 Y145.674
G0 X88.542 Y157.273
G0 X88.375 Y157.941
G0 X87.5 Y158.41
G0 X87.5 Y158.1
G1 F1500 E2233.60759
G1 X62.388 Y158.1 E2234.77691
G1 X62.192 Y158.016 E2234.78684
G1 X61.984 Y157.808 E2234.80054
G1 X61.9 Y157.5 E2234.8154
G1 X61.9 Y132.496 E2235.97969
G1 X61.935 Y132.291 E2235.98938
G1 X62.031 Y132.121 E2235.99847
G1 X62.299 Y131.93 E2236.01379
G1 X62.606 Y131.852 E2236.02854
G1 X62.949 Y131.87 E2236.04453
G1 X63.277 Y132.153 E2236.06471
G1 X66.85 Y138.828 E2236.41725
G1 X73.303 Y146.693 E2236.89097
G1 X81.167 Y153.151 E2237.3648
G1 X87.844 Y156.718 E2237.71729
G1 X88.125 Y157.045 E2237.73737
G1 X88.144 Y157.388 E2237.75337
G1 X88.044 Y157.787 E2237.77252
G1 X87.875 Y157.969 E2237.78408
G1 X87.705 Y158.065 E2237.79318
G1 X87.5 Y158.1 E2237.80286
G0 F9000 X87.5 Y158.41
G0 X110 Y158.41
G0 X110 Y158.1
G1 F1500 X95.079 Y158.1 E2238.49764
G1 X90.639 Y156.749 E2238.71375
G1 X81.888 Y152.077 E2239.17567
G1 X74.219 Y145.777 E2239.63781
G1 X67.927 Y138.112 E2240.09958
G1 X63.246 Y129.363 E2240.56161
G1 X61.9 Y124.898 E2240.77876
G1 X61.9 Y95.08 E2242.16721
G1 X63.247 Y90.64 E2242.38326
G1 X67.921 Y81.887 E2242.84531
G1 X74.219 Y74.219 E2243.30736
G1 X81.884 Y67.927 E2243.76912
G1 X90.633 Y63.246 E2244.23116
G1 X95.098 Y61.9 E2244.44831
G1 X124.916 Y61.9 E2245.83676
G1 X129.356 Y63.247 E2246.05281
G1 X138.112 Y67.927 E2246.51511
G1 X145.777 Y74.219 E2246.97687
G1 X152.073 Y81.884 E2247.43876
G1 X156.75 Y90.634 E2247.90074
G1 X158.1 Y95.079 E2248.11706
G1 X158.1 Y124.902 E2249.50574
G1 X156.749 Y129.357 E2249.72251
G1 X152.073 Y138.112 E2250.18468
G1 X145.777 Y145.777 E2250.64657
G1 X138.112 Y152.073 E2251.10845
G1 X129.362 Y156.75 E2251.57044
G1 X124.898 Y158.1 E2251.7876
G1 X110 Y158.1 E2252.48131
G0 F9000 X110 Y158.41
G0 X110 Y161.59
G0 X110 Y161.9
G1 F1500 X161.9 Y161.9 E2254.89799
G1 X161.9 Y58.1 E2259.73136
G1 X58.1 Y58.1 E2264.56472
G1 X58.1 Y161.9 E2269.39808
G1 X110 Y161.9 E2271.81476
G0 F9000 X110 Y161.59
G0 X132.496 Y158.41
G0 X132.496 Y158.1
G1 F1500 X132.291 Y158.065 E2271.82445
G1 X132.12 Y157.969 E2271.83358
G1 X131.931 Y157.722 E2271.84806
G1 X131.852 Y157.388 E2271.86404
G1 X131.871 Y157.045 E2271.88004
G1 X132.078 Y156.758 E2271.89651
G1 X138.828 Y153.15 E2272.25291
G1 X146.693 Y146.693 E2272.72674
G1 X153.15 Y138.828 E2273.20058
G1 X156.718 Y132.153 E2273.55301
G1 X157.045 Y131.871 E2273.57312
G1 X157.388 Y131.852 E2273.58912
G1 X157.7 Y131.93 E2273.60409
G1 X157.969 Y132.12 E2273.61943
G1 X158.065 Y132.291 E2273.62856
G1 X158.1 Y132.496 E2273.63824
G1 X158.1 Y157.612 E2274.80775
G1 X158.016 Y157.808 E2274.81768
G1 X157.808 Y158.016 E2274.83138
G1 X157.612 Y158.1 E2274.8413
G1 X132.496 Y158.1 E2276.01081
G1 F1500 E2269.51081
G0 F9000 X132.496 Y158.41
G0 X131.625 Y157.941
G0 X131.458 Y157.273
G0 X145.674 Y145.674
G0 X151.949 Y138.03
G0 X156.611 Y129.307
G0 X157.949 Y124.895
G0 X157.949 Y95.105
G0 X157.072 Y88.312
G0 X157.388 Y88.144
G1 F1500 E2276.01081
G1 X157.045 Y88.125 E2276.02681
G1 X156.758 Y87.918 E2276.04328
G1 X153.15 Y81.168 E2276.39968
G1 X146.693 Y73.303 E2276.87351
G1 X138.828 Y66.85 E2277.34723
G1 X132.152 Y63.278 E2277.69979
G1 X131.87 Y62.95 E2277.71994
G1 X131.852 Y62.606 E2277.73598
G1 X131.93 Y62.299 E2277.75073
G1 X132.121 Y62.031 E2277.76605
G1 X132.292 Y61.935 E2277.77518
G1 X132.496 Y61.9 E2277.78482
G1 X157.612 Y61.9 E2278.95433
G1 X157.808 Y61.984 E2278.96426
G1 X158.016 Y62.191 E2278.97792
G1 X158.1 Y62.5 E2278.99283
G1 X158.1 Y87.574 E2280.16038
G1 X157.969 Y87.875 E2280.17567
G1 X157.722 Y88.065 E2280.19018
G1 X157.388 Y88.144 E2280.20616
G0 F9000 X157.215 Y87.774
;TYPE:WALL-OUTER
G1 F1500 X157.09 Y87.684 E2280.21333
G1 X153.484 Y80.944 E2280.56927
G1 X146.977 Y73.019 E2281.04674
G1 X139.052 Y66.516 E2281.5241
G1 X132.341 Y62.925 E2281.87851
G1 X132.247 Y62.816 E2281.88522
G1 X132.241 Y62.7 E2281.89062
G1 X132.315 Y62.413 E2281.90443
G1 X132.448 Y62.3 E2281.91255
G1 X157.539 Y62.3 E2283.08089
G1 X157.7 Y62.461 E2283.0915
G1 X157.698 Y87.535 E2284.25905
G1 X157.657 Y87.625 E2284.26365
G1 X157.547 Y87.695 E2284.26972
G1 X157.215 Y87.774 E2284.28561
G1 F1500 E2277.78561
G0 F9000 X156.88 Y87.952
G0 X157.949 Y95.105
G0 X157.949 Y124.895
G0 X156.611 Y129.307
G0 X151.949 Y138.03
G0 X145.674 Y145.674
G0 X131.458 Y157.273
G0 X131.625 Y157.941
G0 X132.441 Y158.01
G0 X132.441 Y157.7
G1 F1500 E2284.28561
G1 X132.314 Y157.601 E2284.29311
G1 X132.222 Y157.215 E2284.31159
G1 X132.312 Y157.09 E2284.31876
G1 X139.052 Y153.484 E2284.6747
G1 X146.977 Y146.977 E2285.15217
G1 X153.484 Y139.052 E2285.62965
G1 X157.071 Y132.341 E2285.98398
G1 X157.18 Y132.247 E2285.99068
G1 X157.295 Y132.241 E2285.99604
G1 X157.587 Y132.315 E2286.01007
G1 X157.7 Y132.447 E2286.01816
G1 X157.698 Y157.584 E2287.18864
G1 X157.539 Y157.7 E2287.19781
G1 X132.441 Y157.7 E2288.36647
G1 F1500 E2281.86647
G0 F9000 X132.441 Y158.01
G0 X110 Y158.01
G0 X110 Y157.7
G1 F1500 E2288.36647
G1 X95.139 Y157.7 E2289.05847
G1 X90.769 Y156.369 E2289.27118
G1 X82.125 Y151.749 E2289.72756
G1 X74.502 Y145.494 E2290.18672
G1 X68.261 Y137.891 E2290.64475
G1 X63.627 Y129.227 E2291.10226
G1 X62.303 Y124.859 E2291.31479
G1 X62.3 Y95.14 E2292.69863
G1 X63.618 Y90.789 E2292.91033
G1 X68.257 Y82.108 E2293.36865
G1 X74.502 Y74.502 E2293.8269
G1 X82.105 Y68.261 E2294.28493
G1 X90.769 Y63.627 E2294.74244
G1 X95.137 Y62.303 E2294.95497
G1 X124.856 Y62.3 E2296.33881
G1 X129.207 Y63.618 E2296.5505
G1 X137.875 Y68.251 E2297.00816
G1 X145.494 Y74.502 E2297.46705
G1 X151.739 Y82.105 E2297.9252
G1 X156.384 Y90.805 E2298.38443
G1 X157.7 Y95.139 E2298.59534
G1 X157.698 Y124.859 E2299.97923
G1 X156.369 Y129.227 E2300.19182
G1 X151.749 Y137.875 E2300.64837
G1 X145.494 Y145.494 E2301.10739
G1 X137.891 Y151.739 E2301.56553
G1 X129.191 Y156.384 E2302.02477
G1 X124.857 Y157.7 E2302.23567
G1 X110 Y157.7 E2302.92748
G1 F1500 E2296.42748
G0 F9000 X110 Y158.01
G0 X110 Y161.99
G0 X110 Y162.3
G1 F1500 E2302.92748
G1 X162.3 Y162.3 E2305.36278
G1 X162.3 Y57.7 E2310.2334
G1 X57.7 Y57.7 E2315.10401
G1 X57.7 Y162.3 E2319.97463
G1 X110 Y162.3 E2322.40993
G1 F1500 E2315.90993
G0 F9000 X110 Y161.99
G0 X87.55 Y158.01
G0 X87.55 Y157.7
G1 F1500 E2322.40993
G1 X62.461 Y157.7 E2323.57818
G1 X62.3 Y157.539 E2323.58879
G1 X62.3 Y132.441 E2324.75745
G1 X62.4 Y132.314 E2324.76498
G1 X62.784 Y132.221 E2324.78338
G1 X62.925 Y132.341 E2324.792
G1 X66.516 Y139.052 E2325.14642
G1 X73.019 Y146.977 E2325.62377
G1 X80.944 Y153.485 E2326.10128
G1 X87.655 Y157.071 E2326.45558
G1 X87.749 Y157.18 E2326.46228
G1 X87.755 Y157.295 E2326.46765
G1 X87.681 Y157.587 E2326.48167
G1 X87.55 Y157.7 E2326.48973
G1 F1500 E2319.98973
G0 F9000 X87.55 Y158.01
G0 X88.375 Y157.941
G0 X88.542 Y157.273
G0 X74.326 Y145.674
G0 X68.051 Y138.03
G0 X63.389 Y129.307
G0 X62.051 Y124.895
G0 X62.051 Y95.105
G0 X63.108 Y87.974
G0 X62.7 Y87.755
G1 F1500 E2326.48973
G1 X62.413 Y87.681 E2326.50353
G1 X62.3 Y87.548 E2326.51166
G1 X62.3 Y62.461 E2327.67981
G1 X62.461 Y62.3 E2327.69041
G1 X87.555 Y62.3 E2328.8589
G1 X87.682 Y62.4 E2328.86642
G1 X87.774 Y62.78 E2328.88463
G1 X87.684 Y62.906 E2328.89184
G1 X80.944 Y66.516 E2329.24786
G1 X73.019 Y73.019 E2329.72522
G1 X66.516 Y80.944 E2330.20258
G1 X62.906 Y87.684 E2330.5586
G1 X62.816 Y87.749 E2330.56377
G1 X62.7 Y87.755 E2330.56918
G0 F9000 X62.349 Y88.161
;TYPE:FILL
G1 F3000 X58.18 Y89.278 E2330.77015
G0 F9000 X58.179 Y88.482
G1 F3000 X62.507 Y92.809 E2331.05512
G0 F9000 X62.287 Y92.741
G0 X63.544 Y88.007
G0 X63.338 Y87.896
G1 F3000 X64.838 Y87.494 E2331.12744
G0 F9000 X64.635 Y87.385
G0 X63.996 Y87.161
G0 X63.791 Y87.051
G1 F3000 X58.181 Y107.99 E2332.13683
G0 F9000 X58.41 Y107.99
G0 X58.41 Y105.452
G0 X58.179 Y105.452
G1 F3000 X61.82 Y109.093 E2332.3766
G0 F9000 X61.59 Y109.093
G0 X61.59 Y113.149
G0 X61.82 Y113.149
G1 F3000 X58.18 Y114.125 E2332.55208
G0 F9000 X58.41 Y114.125
G0 X58.41 Y122.423
G0 X58.179 Y122.423
G1 F3000 X62.322 Y126.565 E2332.82487
G0 F9000 X62.097 Y126.633
G0 X61.78 Y125.59
G0 X62.007 Y125.522
G1 F3000 X58.18 Y126.548 E2333.00936
G0 F9000 X58.41 Y126.548
G0 X64.098 Y131.611
G0 X64.304 Y131.502
G1 F3000 X63.876 Y133.101 E2333.08644
G0 F9000 X64.079 Y132.993
G0 X66.11 Y136.793
G0 X65.908 Y136.9
G1 F3000 X67.03 Y136.6 E2333.14052
G0 F9000 X66.823 Y136.71
G0 X62.932 Y130.994
G0 X61.659 Y131.313
G0 X61.59 Y137.996
G0 X61.819 Y137.996
G1 F3000 X58.18 Y138.971 E2333.31594
G0 F9000 X58.179 Y139.393
G1 F3000 X61.82 Y143.034 E2333.55571
G0 F9000 X61.59 Y143.034
G0 X61.59 Y140.773
G0 X61.82 Y140.773
G1 F3000 X58.181 Y154.355 E2334.21045
G0 F9000 X58.41 Y154.355
G0 X58.41 Y156.364
G0 X58.179 Y156.364
G1 F3000 X63.635 Y161.82 E2334.56974
G0 F9000 X63.635 Y161.59
G0 X65.636 Y161.59
G0 X65.636 Y161.82
G1 F3000 X79.22 Y158.18 E2335.22458
G0 F9000 X79.22 Y158.41
G0 X76.966 Y158.41
G0 X76.966 Y158.18
G1 F3000 X80.606 Y161.82 E2335.46428
G0 F9000 X81.027 Y161.82
G1 F3000 X82.002 Y158.18 E2335.63975
G0 F9000 X82.002 Y158.41
G0 X88.687 Y158.341
G0 X89.006 Y157.068
G0 X83.207 Y153.89
G0 X83.098 Y154.092
G1 F3000 X83.398 Y152.972 E2335.69374
G0 F9000 X83.289 Y153.175
G0 X87.007 Y155.922
G0 X86.899 Y156.123
G1 F3000 X88.497 Y155.694 E2335.77079
G0 F9000 X88.386 Y155.9
G0 X90.325 Y156.874
G0 X93.374 Y157.905
G0 X93.441 Y157.685
G1 F3000 X97.576 Y161.82 E2336.04308
G0 F9000 X97.576 Y161.59
G0 X93.45 Y161.59
G0 X93.45 Y161.821
G1 F3000 X94.474 Y157.998 E2336.22737
G0 F9000 X94.406 Y158.218
G0 X105.873 Y161.59
G0 X105.873 Y161.821
G1 F3000 X106.849 Y158.179 E2336.40294
G0 F9000 X106.849 Y158.41
G0 X110.907 Y158.41
G0 X110.907 Y158.18
G1 F3000 X114.547 Y161.82 E2336.64264
G0 F9000 X114.547 Y161.59
G0 X112 Y161.59
G0 X112 Y161.82
G1 F3000 X132.935 Y156.211 E2337.65185
G0 F9000 X132.104 Y156.655
G1 F3000 X132.506 Y155.156 E2337.72411
G0 F9000 X132.616 Y155.364
G0 X131.458 Y157.273
G0 X131.503 Y157.738
G0 X131.836 Y157.656
G1 F3000 X130.72 Y161.821 E2337.92489
G0 F9000 X131.518 Y161.82
G1 F3000 X127.189 Y157.492 E2338.20993
G0 F9000 X127.256 Y157.714
G0 X124.954 Y158.349
G0 X119.272 Y158.41
G0 X119.272 Y158.18
G1 F3000 X118.297 Y161.82 E2338.3854
G0 F9000 X118.297 Y161.59
G0 X129.46 Y156.982
G0 X138.661 Y152.026
G0 X138.514 Y151.846
G1 F3000 X139.315 Y152.647 E2338.43815
G0 F9000 X139.172 Y152.471
G0 X130.994 Y157.068
G0 X131.313 Y158.341
G0 X144.119 Y158.41
G0 X144.119 Y158.18
G1 F3000 X143.143 Y161.82 E2338.61363
G0 F9000 X143.143 Y161.59
G0 X144.849 Y158.41
G0 X144.849 Y158.18
G1 F3000 X148.488 Y161.82 E2338.8533
G0 F9000 X148.488 Y161.59
G0 X155.567 Y161.59
G0 X155.567 Y161.82
G1 F3000 X156.542 Y158.179 E2339.02881
G0 F9000 X156.542 Y158.41
G0 X158.338 Y158.338
G0 X158.41 Y154.541
G0 X158.18 Y154.541
G1 F3000 X161.82 Y158.181 E2339.26851
G0 F9000 X161.59 Y158.181
G0 X161.59 Y160.894
G0 X161.819 Y160.894
G1 F3000 X158.365 Y161.82 E2339.43502
G0 F9000 X158.365 Y161.59
G0 X158.41 Y152.067
G0 X158.18 Y152.067
G1 F3000 X161.82 Y138.484 E2340.08982
G0 F9000 X161.59 Y138.484
G0 X161.59 Y136.048
G0 X161.82 Y136.048
G1 F3000 X158.181 Y137.023 E2340.26524
G0 F9000 X158.18 Y137.57
G1 F3000 X161.82 Y141.211 E2340.50498
G0 F9000 X161.59 Y141.211
G0 X161.59 Y148.471
G0 X161.819 Y148.471
G1 F3000 X158.18 Y149.446 E2340.6804
G1 F1500 E2334.1804
G0 F9000 X158.41 Y149.446
G0 X158.341 Y131.313
G0 X157.068 Y130.994
G0 X148.103 Y144.495
G0 X148.277 Y144.639
G1 F1500 E2340.6804
G1 F3000 X147.474 Y143.835 E2340.73331
G0 F9000 X147.656 Y143.985
G0 X148.379 Y143.104
G0 X148.198 Y142.955
G1 F3000 X147.491 Y145.595 E2340.86057
G0 F9000 X147.317 Y145.452
G0 X151.81 Y138.924
G0 X151.632 Y138.777
G1 F3000 X153.329 Y138.323 E2340.94237
G0 F9000 X153.13 Y138.216
G0 X155.081 Y134.565
G0 X155.281 Y134.672
G1 F3000 X154.447 Y133.838 E2340.99729
G0 F9000 X154.652 Y133.948
G0 X156.982 Y129.46
G0 X157.757 Y126.905
G0 X158.41 Y124.599
G0 X158.181 Y124.599
G1 F3000 X161.819 Y123.625 E2341.17266
G0 F9000 X161.82 Y124.24
G1 F3000 X158.18 Y120.6 E2341.41236
G0 F9000 X158.41 Y120.6
G0 X158.41 Y112.176
G0 X158.18 Y112.176
G1 F3000 X161.82 Y111.201 E2341.58783
G0 F9000 X161.59 Y111.201
G0 X161.59 Y107.27
G0 X161.82 Y107.27
G1 F3000 X158.18 Y103.629 E2341.82756
G0 F9000 X158.41 Y103.629
G0 X158.41 Y105.702
G0 X158.18 Y105.702
G1 F3000 X161.82 Y92.119 E2342.48236
G0 F9000 X161.59 Y92.119
G0 X161.59 Y90.299
G0 X161.82 Y90.299
G1 F3000 X158.18 Y86.659 E2342.72206
G0 F9000 X158.18 Y87.33
G1 F3000 X161.819 Y86.355 E2342.89748
G0 F9000 X161.59 Y86.355
G0 X158.341 Y88.687
G0 X157.068 Y89.006
G0 X156.38 Y87.865
G0 X156.584 Y87.757
G1 F3000 X155.459 Y88.059 E2342.95172
G0 F9000 X155.666 Y87.949
G0 X153.283 Y82.071
G0 X153.485 Y81.964
G1 F3000 X146.549 Y75.028 E2343.40847
G0 F9000 X146.727 Y74.883
G0 X146.292 Y74.406
G0 X145.118 Y73.274
G0 X144.972 Y73.451
G1 F3000 X138.04 Y66.519 E2343.86496
G0 F9000 X137.932 Y66.719
G0 X138.251 Y67.648
G0 X138.141 Y67.853
G1 F3000 X139.486 Y67.492 E2343.9298
G0 F9000 X139.341 Y67.667
G0 X142.691 Y70.417
G0 X142.835 Y70.242
G1 F3000 X142.515 Y71.436 E2343.98736
G0 F9000 X142.662 Y71.258
G0 X145.959 Y74.041
G0 X148.742 Y77.337
G0 X148.562 Y77.483
G1 F3000 X149.759 Y77.163 E2344.04506
G0 F9000 X149.582 Y77.307
G0 X152.33 Y80.655
G0 X152.507 Y80.511
G1 F3000 X152.147 Y81.854 E2344.1098
G0 F9000 X152.351 Y81.746
G0 X157.068 Y89.006
G0 X158.341 Y88.687
G0 X158.41 Y74.906
G0 X158.18 Y74.906
G1 F3000 X161.82 Y73.931 E2344.28527
G0 F9000 X161.82 Y73.328
G1 F3000 X158.18 Y69.688 E2344.52497
G0 F9000 X158.41 Y69.688
G0 X158.41 Y62.484
G0 X158.178 Y62.484
G1 F3000 X161.819 Y61.508 E2344.70049
G0 F9000 X161.59 Y61.508
G0 X157.514 Y61.59
G0 X157.514 Y61.824
G1 F3000 X158.491 Y58.179 E2344.87621
G0 F9000 X158.491 Y58.41
G0 X150.311 Y61.59
G0 X150.311 Y61.82
G1 F3000 X146.672 Y58.18 E2345.11588
G0 F9000 X146.067 Y58.179
G1 F3000 X145.091 Y61.821 E2345.29145
G0 F9000 X145.091 Y61.59
G0 X133.341 Y61.59
G0 X133.341 Y61.82
G1 F3000 X129.701 Y58.18 E2345.53115
G0 F9000 X129.701 Y58.41
G0 X127.874 Y58.41
G0 X127.874 Y58.18
G1 F3000 X114.29 Y61.82 E2346.18599
G0 F9000 X114.29 Y61.59
G0 X116.371 Y61.59
G0 X116.371 Y61.82
G1 F3000 X112.73 Y58.18 E2346.42573
G0 F9000 X112.73 Y58.41
G0 X108.797 Y58.41
G0 X108.797 Y58.179
G1 F3000 X107.822 Y61.82 E2346.60124
G0 F9000 X107.822 Y61.59
G0 X99.4 Y61.59
G0 X99.4 Y61.82
G1 F3000 X95.76 Y58.18 E2346.84094
G0 F9000 X96.374 Y58.179
G1 F3000 X95.398 Y61.82 E2347.01647
G0 F9000 X95.398 Y61.59
G0 X95.046 Y61.651
G0 X90.54 Y63.018
G0 X86.052 Y65.347
G0 X86.16 Y65.551
G1 F3000 X85.326 Y64.717 E2347.07139
G0 F9000 X85.434 Y64.92
G0 X89.006 Y62.932
G0 X88.687 Y61.659
G0 X82.975 Y61.59
G0 X82.975 Y61.821
G1 F3000 X83.951 Y58.179 E2347.24696
G0 F9000 X83.951 Y58.41
G0 X81.51 Y58.41
G0 X81.51 Y58.18
G1 F3000 X67.926 Y61.82 E2347.9018
G0 F9000 X67.926 Y61.59
G0 X65.459 Y61.59
G0 X65.459 Y61.82
G1 F3000 X61.819 Y58.18 E2348.1415
G0 F9000 X61.819 Y58.41
G0 X59.104 Y58.41
G0 X59.104 Y58.179
G1 F3000 X58.18 Y61.626 E2348.30767
G0 F9000 X58.41 Y61.626
G0 X58.41 Y64.431
G0 X58.18 Y64.431
G1 F3000 X61.819 Y63.456 E2348.4831
G0 F9000 X61.59 Y63.456
G0 X58.41 Y71.511
G0 X58.179 Y71.511
G1 F3000 X61.82 Y75.152 E2348.72286
G0 F9000 X61.819 Y75.879
G1 F3000 X58.18 Y76.855 E2348.8983
G0 F9000 X58.41 Y76.855
G0 X61.659 Y88.687
G0 X62.932 Y89.006
G0 X67.528 Y80.829
G0 X67.351 Y80.683
G1 F3000 X68.152 Y81.484 E2348.95105
G0 F9000 X67.975 Y81.338
G0 X74.541 Y72.688
G0 X74.396 Y72.51
G1 F3000 X77.033 Y71.803 E2349.07817
G0 F9000 X76.889 Y71.626
G0 X76.015 Y72.343
G0 X76.159 Y72.52
G1 F3000 X75.359 Y71.72 E2349.13085
G0 F9000 X75.504 Y71.898
G0 X81.074 Y68.191
G0 X81.22 Y68.37
G1 F3000 X81.676 Y66.668 E2349.2129
G0 F9000 X81.784 Y66.871
G0 X89.006 Y62.932
G0 X88.687 Y61.659
G0 X82.43 Y61.59
G0 X82.43 Y61.82
G1 F3000 X78.789 Y58.18 E2349.45263
G0 F9000 X78.789 Y58.41
G0 X71.527 Y58.41
G0 X71.527 Y58.179
G1 F3000 X70.552 Y61.821 E2349.62819
G1 F1500 E2343.12819
G0 F9000 X70.552 Y61.59
G0 X61.662 Y61.662
G0 X61.59 Y100.726
G0 X61.82 Y100.726
G1 F1500 E2349.62819
G1 F3000 X58.18 Y101.701 E2349.80366
G1 F1500 E2343.30366
G0 F9000 X58.41 Y101.701
G0 X61.651 Y124.954
G0 X63.018 Y129.46
G0 X67.717 Y138.253
G0 X73.022 Y144.812
G0 X73.2 Y144.667
G1 F1500 E2349.80366
G1 F3000 X72.841 Y146.004 E2349.86812
G0 F9000 X73.018 Y145.86
G0 X74.139 Y146.981
G0 X73.994 Y147.157
G1 F3000 X75.333 Y146.798 E2349.93267
G1 F1500 E2343.43267
G0 F9000 X75.186 Y146.976
G0 X81.308 Y152.943
G0 X89.006 Y157.068
G0 X88.687 Y158.341
G0 X69.579 Y158.41
G0 X69.579 Y158.18
G1 F1500 E2349.93267
G1 F3000 X68.603 Y161.821 E2350.1082
G0 F9000 X68.603 Y161.59
G0 X61.662 Y158.338
G0 X61.59 Y150.419
G0 X61.82 Y150.419
G1 F3000 X58.18 Y151.394 E2350.28367
G1 F1500 E2343.78367
G0 F9000 X58.41 Y151.394
G0 X61.651 Y95.046
G0 X63.018 Y90.54
G0 X67.716 Y81.748
G0 X74.041 Y74.041
G0 X81.747 Y67.717
G0 X90.54 Y63.018
G0 X95.046 Y61.651
G0 X120.245 Y61.59
G0 X120.245 Y61.82
G1 F1500 E2350.28367
G1 F3000 X121.221 Y58.179 E2350.45919
G0 F9000 X121.221 Y58.41
G0 X132.668 Y61.59
G0 X132.668 Y61.821
G1 F3000 X133.644 Y58.179 E2350.63477
G0 F9000 X133.644 Y58.41
G0 X131.313 Y61.659
G0 X130.994 Y62.932
G0 X132.132 Y63.618
G0 X132.241 Y63.416
G1 F3000 X131.94 Y64.538 E2350.68886
G1 F1500 E2344.18886
G0 F9000 X132.05 Y64.333
G0 X138.253 Y67.717
G0 X145.959 Y74.041
G0 X152.283 Y81.747
G0 X156.982 Y90.54
G0 X158.349 Y95.046
G0 X158.41 Y99.753
G0 X158.181 Y99.753
G1 F1500 E2350.68886
G1 F3000 X161.819 Y98.778 E2350.86424
G0 F9000 X161.29 Y98.778
G1 F1500 E2344.36424
;MESH:NONMESH
G0 F300 X161.29 Y98.778 Z3.92
G0 F9000 X151.949 Y81.97
G0 X145.674 Y74.326
G0 X138.03 Y68.051
G0 X129.307 Y63.389
G0 X124.895 Y62.051
G0 X95.105 Y62.051
G0 X90.693 Y63.389
G0 X81.97 Y68.051
G0 X74.326 Y74.326
G0 X62.926 Y88.316
G0 X62.606 Y88.144
;TIME_ELAPSED:2862.033932
;LAYER:13
;TYPE:WALL-INNER
;MESH:tmpek4p4esk10x10x.5Doubled.stl
G1 F1500 E2350.86424
G1 X62.299 Y88.066 E2350.87899
G1 X62.031 Y87.875 E2350.89431
G1 X61.935 Y87.704 E2350.90344
G1 X61.9 Y87.5 E2350.91308
G1 X61.9 Y62.388 E2352.0824
G1 X61.984 Y62.192 E2352.09233
G1 X62.192 Y61.984 E2352.10603
G1 X62.5 Y61.9 E2352.12089
G1 X87.5 Y61.9 E2353.285
G1 X87.705 Y61.935 E2353.29468
G1 X87.875 Y62.031 E2353.30377
G1 X88.066 Y62.299 E2353.31909
G1 X88.144 Y62.606 E2353.33384
G1 X88.126 Y62.949 E2353.34984
G1 X87.919 Y63.238 E2353.36639
G1 X81.168 Y66.85 E2353.72291
G1 X73.303 Y73.303 E2354.19663
G1 X66.85 Y81.168 E2354.67035
G1 X63.235 Y87.922 E2355.02706
G1 X62.95 Y88.126 E2355.04338
G1 X62.606 Y88.144 E2355.05942
G1 F1500 E2348.55942
G0 F9000 X62.926 Y88.316
G0 X62.051 Y95.105
G0 X62.051 Y124.895
G0 X63.389 Y129.307
G0 X68.051 Y138.03
G0 X74.326 Y145.674
G0 X88.542 Y157.273
G0 X88.375 Y157.941
G0 X87.5 Y158.41
G0 X87.5 Y158.1
G1 F1500 E2355.05942
G1 X62.388 Y158.1 E2356.22874
G1 X62.192 Y158.016 E2356.23867
G1 X61.984 Y157.808 E2356.25237
G1 X61.9 Y157.5 E2356.26723
G1 X61.9 Y132.496 E2357.43152
G1 X61.935 Y132.291 E2357.44121
G1 X62.031 Y132.121 E2357.4503
G1 X62.299 Y131.93 E2357.46562
G1 X62.606 Y131.852 E2357.48037
G1 X62.949 Y131.87 E2357.49636
G1 X63.277 Y132.153 E2357.51654
G1 X66.85 Y138.828 E2357.86908
G1 X73.303 Y146.693 E2358.3428
G1 X81.167 Y153.151 E2358.81663
G1 X87.844 Y156.718 E2359.16912
G1 X88.125 Y157.045 E2359.1892
G1 X88.144 Y157.388 E2359.2052
G1 X88.044 Y157.787 E2359.22435
G1 X87.875 Y157.969 E2359.23591
G1 X87.705 Y158.065 E2359.24501
G1 X87.5 Y158.1 E2359.25469
G0 F9000 X87.5 Y158.41
G0 X110 Y158.41
G0 X110 Y158.1
G1 F1500 X95.079 Y158.1 E2359.94947
G1 X90.639 Y156.749 E2360.16558
G1 X81.888 Y152.077 E2360.6275
G1 X74.219 Y145.777 E2361.08964
G1 X67.927 Y138.112 E2361.55141
G1 X63.246 Y129.363 E2362.01344
G1 X61.9 Y124.898 E2362.23059
G1 X61.9 Y95.08 E2363.61904
G1 X63.247 Y90.64 E2363.83509
G1 X67.921 Y81.887 E2364.29714
G1 X74.219 Y74.219 E2364.75919
G1 X81.884 Y67.927 E2365.22095
G1 X90.633 Y63.246 E2365.68299
G1 X95.098 Y61.9 E2365.90014
G1 X124.916 Y61.9 E2367.28859
G1 X129.356 Y63.247 E2367.50464
G1 X138.112 Y67.927 E2367.96694
G1 X145.777 Y74.219 E2368.4287
G1 X152.073 Y81.884 E2368.89059
G1 X156.75 Y90.634 E2369.35257
G1 X158.1 Y95.079 E2369.56889
G1 X158.1 Y124.902 E2370.95757
G1 X156.749 Y129.357 E2371.17434
G1 X152.073 Y138.112 E2371.63651
G1 X145.777 Y145.777 E2372.0984
G1 X138.112 Y152.073 E2372.56028
G1 X129.362 Y156.75 E2373.02227
G1 X124.898 Y158.1 E2373.23943
G1 X110 Y158.1 E2373.93314
G0 F9000 X110 Y158.41
G0 X110 Y161.59
G0 X110 Y161.9
G1 F1500 X161.9 Y161.9 E2376.34982
G1 X161.9 Y58.1 E2381.18319
G1 X58.1 Y58.1 E2386.01655
G1 X58.1 Y161.9 E2390.84991
G1 X110 Y161.9 E2393.26659
G0 F9000 X110 Y161.59
G0 X132.496 Y158.41
G0 X132.496 Y158.1
G1 F1500 X132.291 Y158.065 E2393.27628
G1 X132.12 Y157.969 E2393.28541
G1 X131.931 Y157.722 E2393.29989
G1 X131.852 Y157.388 E2393.31587
G1 X131.871 Y157.045 E2393.33187
G1 X132.078 Y156.758 E2393.34834
G1 X138.828 Y153.15 E2393.70474
G1 X146.693 Y146.693 E2394.17857
G1 X153.15 Y138.828 E2394.65241
G1 X156.718 Y132.153 E2395.00484
G1 X157.045 Y131.871 E2395.02495
G1 X157.388 Y131.852 E2395.04095
G1 X157.7 Y131.93 E2395.05592
G1 X157.969 Y132.12 E2395.07126
G1 X158.065 Y132.291 E2395.08039
G1 X158.1 Y132.496 E2395.09007
G1 X158.1 Y157.612 E2396.25958
G1 X158.016 Y157.808 E2396.26951
G1 X157.808 Y158.016 E2396.28321
G1 X157.612 Y158.1 E2396.29313
G1 X132.496 Y158.1 E2397.46264
G1 F1500 E2390.96264
G0 F9000 X132.496 Y158.41
G0 X131.625 Y157.941
G0 X131.458 Y157.273
G0 X145.674 Y145.674
G0 X151.949 Y138.03
G0 X156.611 Y129.307
G0 X157.949 Y124.895
G0 X157.949 Y95.105
G0 X157.072 Y88.312
G0 X157.388 Y88.144
G1 F1500 E2397.46264
G1 X157.045 Y88.125 E2397.47864
G1 X156.758 Y87.918 E2397.49511
G1 X153.15 Y81.168 E2397.85151
G1 X146.693 Y73.303 E2398.32534
G1 X138.828 Y66.85 E2398.79906
G1 X132.152 Y63.278 E2399.15162
G1 X131.87 Y62.95 E2399.17177
G1 X131.852 Y62.606 E2399.18781
G1 X131.93 Y62.299 E2399.20256
G1 X132.121 Y62.031 E2399.21788
G1 X132.292 Y61.935 E2399.22701
G1 X132.496 Y61.9 E2399.23665
G1 X157.612 Y61.9 E2400.40616
G1 X157.808 Y61.984 E2400.41609
G1 X158.016 Y62.191 E2400.42975
G1 X158.1 Y62.389 E2400.43976
G1 X158.1 Y87.574 E2401.61248
G1 X157.969 Y87.875 E2401.62777
G1 X157.722 Y88.065 E2401.64228
G1 X157.388 Y88.144 E2401.65826
G0 F9000 X157.215 Y87.774
;TYPE:WALL-OUTER
G1 F1500 X157.09 Y87.684 E2401.66543
G1 X153.484 Y80.944 E2402.02137
G1 X146.977 Y73.019 E2402.49884
G1 X139.052 Y66.516 E2402.9762
G1 X132.341 Y62.925 E2403.33062
G1 X132.247 Y62.816 E2403.33732
G1 X132.241 Y62.7 E2403.34273
G1 X132.315 Y62.413 E2403.35653
G1 X132.448 Y62.3 E2403.36466
G1 X157.539 Y62.3 E2404.533
G1 X157.7 Y62.461 E2404.5436
G1 X157.698 Y87.535 E2405.71115
G1 X157.657 Y87.625 E2405.71576
G1 X157.547 Y87.695 E2405.72183
G1 X157.215 Y87.774 E2405.73772
G1 F1500 E2399.23772
G0 F9000 X156.88 Y87.952
G0 X157.949 Y95.105
G0 X157.949 Y124.895
G0 X156.611 Y129.307
G0 X151.949 Y138.03
G0 X145.674 Y145.674
G0 X131.458 Y157.273
G0 X131.625 Y157.941
G0 X132.441 Y158.01
G0 X132.441 Y157.7
G1 F1500 E2405.73772
G1 X132.314 Y157.601 E2405.74522
G1 X132.222 Y157.215 E2405.76369
G1 X132.312 Y157.09 E2405.77087
G1 X139.052 Y153.484 E2406.1268
G1 X146.977 Y146.977 E2406.60428
G1 X153.484 Y139.052 E2407.08175
G1 X157.071 Y132.341 E2407.43608
G1 X157.18 Y132.247 E2407.44278
G1 X157.295 Y132.241 E2407.44814
G1 X157.587 Y132.315 E2407.46217
G1 X157.7 Y132.447 E2407.47026
G1 X157.698 Y157.584 E2408.64075
G1 X157.539 Y157.7 E2408.64991
G1 X132.441 Y157.7 E2409.81858
G1 F1500 E2403.31858
G0 F9000 X132.441 Y158.01
G0 X110 Y158.01
G0 X110 Y157.7
G1 F1500 E2409.81858
G1 X95.139 Y157.7 E2410.51057
G1 X90.769 Y156.369 E2410.72328
G1 X82.125 Y151.749 E2411.17967
G1 X74.502 Y145.494 E2411.63883
G1 X68.261 Y137.891 E2412.09685
G1 X63.627 Y129.227 E2412.55437
G1 X62.303 Y124.859 E2412.7669
G1 X62.3 Y95.14 E2414.15074
G1 X63.618 Y90.789 E2414.36243
G1 X68.257 Y82.108 E2414.82075
G1 X74.502 Y74.502 E2415.279
G1 X82.105 Y68.261 E2415.73703
G1 X90.769 Y63.627 E2416.19454
G1 X95.137 Y62.303 E2416.40707
G1 X124.856 Y62.3 E2417.79091
G1 X129.207 Y63.618 E2418.00261
G1 X137.875 Y68.251 E2418.46026
G1 X145.494 Y74.502 E2418.91916
G1 X151.739 Y82.105 E2419.3773
G1 X156.384 Y90.805 E2419.83653
G1 X157.7 Y95.139 E2420.04744
G1 X157.698 Y124.859 E2421.43133
G1 X156.369 Y129.227 E2421.64393
G1 X151.749 Y137.875 E2422.10048
G1 X145.494 Y145.494 E2422.55949
G1 X137.891 Y151.739 E2423.01764
G1 X129.191 Y156.384 E2423.47687
G1 X124.857 Y157.7 E2423.68778
G1 X110 Y157.7 E2424.37958
G1 F1500 E2417.87958
G0 F9000 X110 Y158.01
G0 X110 Y161.99
G0 X110 Y162.3
G1 F1500 E2424.37958
G1 X162.3 Y162.3 E2426.81489
G1 X162.3 Y57.7 E2431.6855
G1 X57.7 Y57.7 E2436.55612
G1 X57.7 Y162.3 E2441.42673
G1 X110 Y162.3 E2443.86204
G1 F1500 E2437.36204
G0 F9000 X110 Y161.99
G0 X87.55 Y158.01
G0 X87.55 Y157.7
G1 F1500 E2443.86204
G1 X62.461 Y157.7 E2445.03029
G1 X62.3 Y157.539 E2445.04089
G1 X62.3 Y132.441 E2446.20956
G1 X62.4 Y132.314 E2446.21708
G1 X62.784 Y132.221 E2446.23548
G1 X62.925 Y132.341 E2446.2441
G1 X66.516 Y139.052 E2446.59852
G1 X73.019 Y146.977 E2447.07588
G1 X80.944 Y153.485 E2447.55338
G1 X87.655 Y157.071 E2447.90769
G1 X87.749 Y157.18 E2447.91439
G1 X87.755 Y157.295 E2447.91975
G1 X87.681 Y157.587 E2447.93378
G1 X87.55 Y157.7 E2447.94183
G1 F1500 E2441.44183
G0 F9000 X87.55 Y158.01
G0 X88.375 Y157.941
G0 X88.542 Y157.273
G0 X74.326 Y145.674
G0 X68.051 Y138.03
G0 X63.389 Y129.307
G0 X62.051 Y124.895
G0 X62.051 Y95.105
G0 X63.108 Y87.974
G0 X62.7 Y87.755
G1 F1500 E2447.94183
G1 X62.413 Y87.681 E2447.95563
G1 X62.3 Y87.548 E2447.96376
G1 X62.3 Y62.461 E2449.13192
G1 X62.461 Y62.3 E2449.14252
G1 X87.555 Y62.3 E2450.311
G1 X87.682 Y62.4 E2450.31853
G1 X87.774 Y62.78 E2450.33673
G1 X87.684 Y62.906 E2450.34394
G1 X80.944 Y66.516 E2450.69997
G1 X73.019 Y73.019 E2451.17732
G1 X66.516 Y80.944 E2451.65468
G1 X62.906 Y87.684 E2452.0107
G1 X62.816 Y87.749 E2452.01587
G1 X62.7 Y87.755 E2452.02128
G0 F9000 X63.381 Y87.817
;TYPE:FILL
G1 F3000 X63.05 Y89.051 E2452.08077
G0 F9000 X63.165 Y88.621
G1 F3000 X63.774 Y89.23 E2452.12088
G0 F9000 X63.971 Y88.861
G1 F3000 X63.285 Y88.175 E2452.16605
G0 F9000 X63.416 Y88.246
G0 X64.508 Y87.624
G0 X64.71 Y87.733
G1 F3000 X61.213 Y88.67 E2452.33463
G1 X61.2 Y88.674
G1 X61.213 Y88.67 E2452.33526
G1 X63.05 Y89.051 E2452.42262
G1 X62.324 Y91.76 E2452.55322
G0 F9000 X62 Y92.024
G1 F3000 X62.572 Y92.594 E2452.59082
G0 F9000 X62 Y92.974
G1 F3000 X61.6 Y94.466 E2452.66274
G1 X61.6 Y91.624 E2452.79508
G1 X61.585 Y91.606 E2452.79617
G1 X62.324 Y91.76 E2452.83132
G1 X62 Y92.974 E2452.88983
G1 X62 Y92.024 E2452.93406
G1 X61.6 Y91.624 E2452.96041
G1 X61.585 Y91.606
G1 X61.2 Y91.224 E2452.98566
G0 F9000 X58.8 Y89.316
G1 F3000 X58.18 Y89.483 E2453.01556
G0 F9000 X58.8 Y88.822
G1 F3000 X58.179 Y88.202 E2453.05642
G0 F9000 X58.41 Y88.202
G0 X61.6 Y94.466
G1 F3000 X61.2 Y95.959 E2453.12839
G1 X61.2 Y91.224 E2453.34887
G1 X58.8 Y88.822 E2453.50698
G1 X58.8 Y76.894 E2454.0624
G1 X61.2 Y76.25 E2454.17811
G1 X61.2 Y74.253 E2454.2711
G1 X58.8 Y71.853 E2454.42914
G1 X58.8 Y71.851
G1 X58.8 Y76.894 E2454.66396
G1 X58.18 Y77.06 E2454.69385
G0 F9000 X58.8 Y76.894
G0 X61.2 Y76.25
G0 X61.82 Y76.084
G1 F3000 X61.2 Y76.25 E2454.72374
G1 X61.2 Y88.674 E2455.30225
G1 X58.8 Y89.316 E2455.41793
G1 X58.8 Y101.74 E2455.99645
G1 X58.18 Y101.906 E2456.02633
G0 F9000 X58.3 Y102.4
G1 F3000 X59.474 Y102.4 E2456.081
G0 F9000 X59.366 Y102.8
G1 F3000 X58.3 Y102.8 E2456.13064
G0 F9000 X58.3 Y103.6
G1 F3000 X59.152 Y103.6 E2456.17031
G0 F9000 X58.41 Y105.172
G0 X58.179 Y105.172
G1 F3000 X58.8 Y105.794 E2456.21124
G1 X58.8 Y114.164 E2456.60098
G1 X61.2 Y113.52 E2456.71669
G1 X61.2 Y125.162 E2457.25879
G1 X58.8 Y122.765 E2457.41673
G1 X58.8 Y122.762
G1 X58.8 Y126.587 E2457.59484
G1 X58.18 Y126.753 E2457.62473
G0 F9000 X58.8 Y126.587
G1 F3000 X58.8 Y139.011 E2458.20324
G1 X61.2 Y138.366 E2458.31896
G1 X61.2 Y138.367
G1 X61.2 Y142.133 E2458.49432
G1 X61.82 Y142.754 E2458.53518
G0 F9000 X61.2 Y142.397
G1 F3000 X61.2 Y150.79 E2458.926
G1 X61.82 Y150.624 E2458.95588
G0 F9000 X61.59 Y150.624
G0 X58.8 Y151.279
G1 F3000 X58.181 Y153.59 E2459.06729
G0 F9000 X58.41 Y153.59
G0 X58.41 Y151.599
G0 X58.18 Y151.599
G1 F3000 X58.8 Y151.433 E2459.09717
G0 F9000 X58.41 Y156.084
G0 X58.179 Y156.084
G1 F3000 X58.8 Y156.704 E2459.13803
G1 X58.8 Y151.433 E2459.38347
G1 X61.2 Y150.79 E2459.49917
G1 X61.2 Y159.104 E2459.8863
G1 X58.8 Y156.704 E2460.04435
G1 X58.8 Y156.706
G1 X58.8 Y161.7 E2460.27689
G0 F9000 X59.2 Y161.7
G1 F3000 X59.2 Y157.106 E2460.4908
G0 F9000 X60 Y157.906
G1 F3000 X60 Y161.7 E2460.66747
G0 F9000 X60.4 Y161.7
G1 F3000 X60.4 Y158.306 E2460.82551
G0 F9000 X61.2 Y159.104
G1 F3000 X63.915 Y161.82 E2461.00433
G1 X64 Y161.7
G1 X64 Y158.3 E2461.16265
G0 F9000 X64.4 Y158.3
G1 F3000 X64.4 Y161.7 E2461.32096
G0 F9000 X64.8 Y161.7
G1 F3000 X64.8 Y158.3 E2461.47928
G0 F9000 X65.6 Y158.3
G1 F3000 X65.6 Y161.7 E2461.6376
G0 F9000 X66 Y161.7
G1 F3000 X66 Y158.3 E2461.79592
G0 F9000 X66.8 Y158.3
G1 F3000 X66.8 Y161.7 E2461.95424
G0 F9000 X67.2 Y161.607
G1 F3000 X67.2 Y158.3 E2462.10823
G0 F9000 X67.6 Y158.3
G1 F3000 X67.6 Y161.499 E2462.25718
G0 F9000 X68 Y161.392
G1 F3000 X68 Y158.3 E2462.40116
G0 F9000 X68.4 Y158.3
G1 F3000 X68.4 Y161.284 E2462.54011
G0 F9000 X68.717 Y161.2
G1 F3000 X77.544 Y158.834 E2462.96564
G0 F9000 X78.026 Y158.8
G1 F3000 X81.631 Y158.8 E2463.1335
G1 X81.632 Y158.8
G1 X81.739 Y158.4 E2463.15278
G1 X94.162 Y158.4 E2463.73125
G1 X94.284 Y157.941 E2463.75337
G0 F9000 X94.036 Y158
G1 F3000 X88.117 Y158 E2464.02898
G0 F9000 X88.297 Y157.6
G1 F3000 X92.75 Y157.6 E2464.23633
G0 F9000 X92.717 Y157.705
G0 X93.776 Y158.027
G0 X93.844 Y157.807
G1 F3000 X94.838 Y158.8 E2464.30175
G1 X106.477 Y158.8 E2464.84371
G1 X106.644 Y158.179 E2464.87366
G0 F9000 X106.479 Y158.8
G0 X105.835 Y161.2
G1 F3000 X106.479 Y158.8 E2464.98937
G1 X111.806 Y158.8 E2465.23741
G1 X114.206 Y161.2 E2465.39546
G0 F9000 X114.827 Y161.82
G1 F3000 X114.206 Y161.2 E2465.43632
G1 X105.835 Y161.2 E2465.82611
G1 X97.238 Y161.2 E2466.22642
G1 X94.838 Y158.8 E2466.38446
G0 F9000 X94.054 Y158.8
G1 F3000 X93.411 Y161.2 E2466.50016
G1 X80.988 Y161.2 E2467.07863
G1 X80.822 Y161.82 E2467.10851
G1 X80.886 Y161.82
G1 X80.265 Y161.2 E2467.14937
G0 F9000 X80.988 Y161.2
G1 F3000 X81.632 Y158.8 E2467.26508
G1 X94.054 Y158.8 E2467.8435
G1 X94.162 Y158.4 E2467.86279
G0 F9000 X93.411 Y161.2
G0 X93.245 Y161.82
G1 F3000 X93.411 Y161.2 E2467.89268
G1 X97.236 Y161.2 E2468.07079
G1 X97.857 Y161.82 E2468.11165
G0 F9000 X97.238 Y161.2
G0 X91.403 Y157.307
G0 X91.436 Y157.2
G1 F3000 X88.326 Y157.2 E2468.25646
G0 F9000 X88.161 Y156.8
G1 F3000 X90.312 Y156.8 E2468.35662
G0 F9000 X89.563 Y156.4
G1 F3000 X87.672 Y156.4 E2468.44468
G0 F9000 X87.154 Y156.259
G1 F3000 X88.753 Y155.831 E2468.52175
G0 F9000 X88.642 Y156.037
G0 X83.027 Y153.794
G0 X82.919 Y153.995
G1 F3000 X83.218 Y152.877 E2468.57564
G0 F9000 X83.109 Y153.08
G0 X89.006 Y157.068
G0 X88.687 Y158.341
G0 X81.797 Y158.41
G0 X81.797 Y158.18
G1 F3000 X81.739 Y158.4 E2468.58624
G0 F9000 X81.739 Y158.41
G0 X79.985 Y158.41
G0 X79.985 Y158.18
G1 F3000 X77.544 Y158.834 E2468.70391
G1 X69.2 Y158.831 E2469.09244
G1 X69.374 Y158.18 E2469.12382
G0 F9000 X68.8 Y158.3
G1 F3000 X68.8 Y160.318 E2469.21778
G0 F9000 X69.2 Y158.831
G1 F3000 X68.398 Y161.821 E2469.36193
G0 F9000 X68.398 Y161.59
G0 X66.401 Y161.59
G0 X66.401 Y161.82
G1 F3000 X68.717 Y161.2 E2469.47357
G1 X80.265 Y161.2 E2470.0113
G1 X77.246 Y158.18 E2470.21013
G1 F1500 E2463.71013
G0 F9000 X77.246 Y158.41
G0 X88.687 Y158.341
G0 X89.006 Y157.068
G0 X86.824 Y155.898
G0 X74.328 Y147.136
G0 X74.183 Y147.312
G1 F1500 E2470.21013
G1 F3000 X75.522 Y146.953 E2470.27469
G0 F9000 X75.375 Y147.131
G0 X72.863 Y145.671
G0 X72.687 Y145.815
G1 F3000 X73.045 Y144.478 E2470.33914
G0 F9000 X72.867 Y144.623
G0 X67.717 Y138.253
G0 X66.919 Y136.888
G0 X67.125 Y136.779
G1 F3000 X66.005 Y137.08 E2470.39314
G0 F9000 X66.207 Y136.973
G0 X62.932 Y130.994
G0 X61.659 Y131.313
G0 X61.59 Y138.201
G0 X61.82 Y138.201
G1 F3000 X61.6 Y138.26 E2470.40374
G1 X61.6 Y125.835 E2470.9823
G1 X61.2 Y125.942 E2471.00158
G0 F9000 X61.6 Y125.835
G1 F3000 X62.064 Y125.712 E2471.02394
G0 F9000 X62 Y125.964
G1 F3000 X62 Y131.878 E2471.29932
G0 F9000 X62.4 Y131.699
G1 F3000 X62.4 Y127.244 E2471.50676
G0 F9000 X62.292 Y127.276
G0 X61.975 Y126.232
G0 X62.201 Y126.164
G1 F3000 X61.2 Y125.162 E2471.57271
G0 F9000 X58.8 Y126.586
G1 F3000 X61.2 Y125.942 E2471.68842
G1 X61.2 Y138.367 E2472.26698
G1 X61.6 Y138.26 E2472.28626
G0 F9000 X61.59 Y138.26
G0 X61.59 Y140.008
G0 X61.82 Y140.008
G1 F3000 X58.8 Y151.279 E2472.8296
G1 X58.8 Y139.735 E2473.36713
G1 X58.179 Y139.113 E2473.40806
G1 X58.18 Y139.176
G1 X58.8 Y139.011 E2473.43794
G0 F9000 X58.8 Y139.735
G1 F3000 X61.2 Y142.133 E2473.59591
G0 F9000 X61.659 Y131.313
G0 X62.932 Y130.994
G0 X63.942 Y132.737
G0 X63.739 Y132.845
G1 F3000 X64.168 Y131.246 E2473.673
G0 F9000 X63.6 Y130.439
G1 F3000 X63.6 Y132.333 E2473.7612
G0 F9000 X63.2 Y131.839
G1 F3000 X63.2 Y129.691 E2473.86122
G0 F9000 X63.1 Y129.744
G0 X62.694 Y128.601
G0 X62.8 Y128.569
G1 F3000 X62.8 Y131.67 E2474.00561
G0 F9000 X63.245 Y131.433
G0 X58.41 Y122.143
G0 X58.179 Y122.143
G1 F3000 X58.8 Y122.762 E2474.04644
G1 X58.8 Y114.164 E2474.4468
G1 X58.18 Y114.33 E2474.47668
G0 F9000 X58.41 Y114.33
G0 X61.2 Y113.52
G1 F3000 X61.82 Y113.354 E2474.50657
G0 F9000 X61.2 Y113.52
G1 F3000 X61.2 Y108.194 E2474.75457
G1 X58.8 Y105.794 E2474.91262
G0 F9000 X58.41 Y107.225
G0 X58.181 Y107.225
G1 F3000 X61.2 Y95.958 E2475.45576
G1 X61.2 Y101.098 E2475.6951
G1 X58.8 Y101.74 E2475.81079
G0 F9000 X61.2 Y101.098
G0 X61.82 Y100.931
G1 F3000 X61.2 Y101.097 E2475.84067
G1 X61.2 Y108.192 E2476.17105
G1 X61.82 Y108.813 E2476.21191
G0 F9000 X61.2 Y108.194
G0 X61.2 Y95.959
G0 X63.018 Y90.54
G0 X67.716 Y81.748
G0 X68.101 Y81.184
G0 X68.279 Y81.331
G1 F3000 X67.478 Y80.53 E2476.26465
G0 F9000 X67.654 Y80.675
G0 X62.932 Y89.006
G0 X61.659 Y88.687
G0 X61.59 Y74.872
G0 X61.82 Y74.872
G1 F3000 X61.2 Y74.251 E2476.30551
G1 X61.2 Y74.253
G1 X61.2 Y63.827 E2476.79099
G1 X58.8 Y64.47 E2476.90669
G1 X58.8 Y58.549 E2477.18239
G1 X58.899 Y58.18 E2477.20018
G0 F9000 X58.8 Y58.549
G1 F3000 X58.18 Y60.861 E2477.31164
G0 F9000 X58.41 Y60.861
G0 X59.6 Y58.41
G0 X59.6 Y58.3
G1 F3000 X59.6 Y64.256 E2477.58898
G0 F9000 X60 Y64.148
G1 F3000 X60 Y58.3 E2477.86129
G0 F9000 X60.4 Y58.3
G1 F3000 X60.4 Y64.041 E2478.12861
G0 F9000 X61.2 Y63.827
G1 F3000 X61.819 Y63.661 E2478.15846
G0 F9000 X61.6 Y63.719
G1 F3000 X61.6 Y58.3 E2478.41079
G0 F9000 X61.2 Y58.3
G1 F3000 X61.2 Y63.827 E2478.66815
G0 F9000 X61.662 Y61.662
G0 X62 Y61.59
G0 X62 Y61.902
G1 F3000 X62 Y58.3 E2478.83587
G1 X62.099 Y58.18
G1 X62.72 Y58.8 E2478.87673
G1 X71.155 Y58.8 E2479.2695
G1 X70.512 Y61.2 E2479.3852
G1 X65.12 Y61.2 E2479.63627
G1 X62.72 Y58.8 E2479.79431
G1 X62.8 Y58.882
G1 X62.8 Y61.7 E2479.92553
G0 F9000 X62.4 Y61.713
G1 F3000 X62.4 Y58.482 E2480.07598
G0 F9000 X63.6 Y59.682
G1 F3000 X63.6 Y61.7 E2480.16995
G0 F9000 X64 Y61.7
G1 F3000 X64 Y60.082 E2480.24529
G0 F9000 X64.4 Y60.482
G1 F3000 X64.4 Y61.7 E2480.302
G0 F9000 X65.12 Y61.2
G1 F3000 X65.739 Y61.82 E2480.3428
G0 F9000 X65.739 Y61.59
G0 X68.691 Y61.59
G0 X68.691 Y61.82
G1 F3000 X71.007 Y61.2 E2480.45444
G0 F9000 X70.512 Y61.2
G1 F3000 X70.347 Y61.821 E2480.48436
G0 F9000 X70.347 Y61.59
G0 X71.155 Y58.8
G1 F3000 X71.322 Y58.179 E2480.5143
G0 F9000 X71.157 Y58.8
G1 F3000 X79.549 Y58.8 E2480.90507
G0 F9000 X79.975 Y58.8
G1 F3000 X71.007 Y61.2 E2481.33735
G1 X82.089 Y61.2 E2481.85338
G1 X82.71 Y61.82 E2481.89424
G1 X82.77 Y61.821
G1 X82.83 Y61.6 E2481.9049
G1 X95.252 Y61.6 E2482.48332
G1 X95.36 Y61.2 E2482.50261
G1 X99.059 Y61.2 E2482.67485
G1 X99.68 Y61.82 E2482.71572
G0 F9000 X99.061 Y61.2
G0 X96.661 Y58.8
G1 F3000 X99.061 Y61.2 E2482.87376
G1 X107.782 Y61.2 E2483.27985
G1 X107.809 Y61.105 E2483.28444
G1 X107.782 Y61.2
G1 X107.617 Y61.821 E2483.31436
G0 F9000 X107.617 Y61.59
G0 X108.425 Y58.8
G1 F3000 X108.452 Y58.704 E2483.31901
G1 X113.53 Y58.7 E2483.55546
G1 X113.011 Y58.18 E2483.58967
G0 F9000 X113.53 Y58.7
G1 F3000 X113.632 Y58.8 E2483.59632
G0 F9000 X115.928 Y61.098
G1 F3000 X116.032 Y61.2 E2483.60311
G1 X117.37 Y61.2 E2483.66541
G1 X126.323 Y58.8 E2484.09702
G1 X120.85 Y58.8 E2484.35186
G1 X120.206 Y61.2 E2484.46757
G1 X120.207 Y61.2
G1 X117.37 Y61.2 E2484.59967
G1 X115.055 Y61.82 E2484.71127
G0 F9000 X115.055 Y61.59
G0 X116.032 Y61.2
G1 F3000 X116.651 Y61.82 E2484.75206
G0 F9000 X116.651 Y61.59
G0 X120.04 Y61.59
G0 X120.04 Y61.82
G1 F3000 X120.1 Y61.6 E2484.76268
G1 X132.521 Y61.6 E2485.34105
G1 X132.629 Y61.2 E2485.36035
G0 F9000 X133.002 Y61.2
G1 F3000 X133.621 Y61.82 E2485.40114
G0 F9000 X133.621 Y61.59
G0 X132.521 Y61.59
G0 X132.521 Y61.6
G1 F3000 X132.461 Y61.828 E2485.41212
G0 F9000 X131.879 Y62
G1 F3000 X125.934 Y62 E2485.68894
G0 F9000 X125.967 Y61.895
G0 X127.285 Y62.295
G0 X127.252 Y62.4
G1 F3000 X131.698 Y62.4 E2485.89597
G0 F9000 X131.671 Y62.8
G1 F3000 X128.571 Y62.8 E2486.04032
G0 F9000 X128.604 Y62.695
G0 X129.745 Y63.101
G0 X129.691 Y63.2
G1 F3000 X131.839 Y63.2 E2486.14034
G0 F9000 X132.071 Y63.286
G1 F3000 X131.761 Y64.442 E2486.19607
G0 F9000 X131.986 Y63.6
G1 F3000 X130.439 Y63.6 E2486.2681
G0 F9000 X130.493 Y63.501
G0 X130.6 Y58.8
G0 X129.981 Y58.18
G1 F3000 X130.602 Y58.8 E2486.30896
G1 X133.272 Y58.8 E2486.43329
G1 X133.439 Y58.179 E2486.46323
G0 F9000 X133.273 Y58.8
G0 X128.638 Y58.41
G0 X128.638 Y58.18
G1 F3000 X126.324 Y58.8 E2486.57478
G1 X130.6 Y58.8 E2486.77389
G1 X133.002 Y61.2 E2486.932
G1 X145.051 Y61.2 E2487.49305
G1 X149.971 Y61.2 E2487.72215
G1 X150.591 Y61.82 E2487.76298
G0 F9000 X149.972 Y61.2
G0 X147.572 Y58.8
G1 F3000 X149.972 Y61.2 E2487.92102
G1 X157.475 Y61.2 E2488.27039
G1 X158.119 Y58.8 E2488.3861
G1 X147.572 Y58.8 E2488.87721
G1 X145.697 Y58.8 E2488.96452
G1 X145.053 Y61.2 E2489.08023
G1 X145.051 Y61.2
G1 X144.886 Y61.821 E2489.11015
G0 F9000 X144.886 Y61.59
G0 X145.695 Y58.8
G0 X145.862 Y58.179
G1 F3000 X145.695 Y58.8 E2489.14009
G1 X133.273 Y58.8 E2489.71851
G1 X132.629 Y61.2 E2489.83422
G1 X120.207 Y61.2 E2490.41264
G1 X120.1 Y61.6 E2490.43192
G0 F9000 X120.1 Y61.59
G0 X120.849 Y58.8
G0 X121.016 Y58.18
G1 F3000 X120.849 Y58.8 E2490.46182
G1 X113.632 Y58.8 E2490.79787
G1 X115.928 Y61.098 E2490.94913
G1 X107.809 Y61.105 E2491.32719
G1 X108.425 Y58.8 E2491.43829
G1 X96.661 Y58.8 E2491.98607
G1 X96.04 Y58.18 E2492.02693
G1 X96.169 Y58.179
G1 X96.002 Y58.8 E2492.05687
G1 X83.581 Y58.8 E2492.63525
G1 X82.937 Y61.2 E2492.75095
G1 X82.936 Y61.2
G1 X82.83 Y61.6 E2492.77022
G0 F9000 X82.09 Y61.2
G0 X83.579 Y58.8
G0 X83.746 Y58.179
G1 F3000 X83.579 Y58.8 E2492.80017
G1 X79.975 Y58.8 E2492.96798
G1 X82.275 Y58.18 E2493.0789
G0 F9000 X82.275 Y58.41
G0 X79.069 Y58.41
G0 X79.069 Y58.18
G1 F3000 X82.09 Y61.2 E2493.27781
G1 X82.936 Y61.2 E2493.3172
G1 X95.359 Y61.2 E2493.89567
G1 X96.002 Y58.8 E2494.01136
G0 F9000 X95.36 Y61.2
G0 X95.252 Y61.6
G1 F3000 X95.193 Y61.82 E2494.02197
G0 F9000 X95.193 Y61.59
G0 X94.045 Y61.891
G0 X94.078 Y62
G1 F3000 X88.118 Y62 E2494.29949
G0 F9000 X88.297 Y62.4
G1 F3000 X92.753 Y62.4 E2494.50698
G0 F9000 X92.721 Y62.293
G0 X91.396 Y62.695
G0 X91.427 Y62.8
G1 F3000 X88.325 Y62.8 E2494.65143
G0 F9000 X88.183 Y63.2
G1 F3000 X90.305 Y63.2 E2494.75023
G0 F9000 X89.557 Y63.6
G1 F3000 X87.666 Y63.6 E2494.83829
G0 F9000 X87.718 Y63.699
G0 X86.235 Y65.25
G0 X86.343 Y65.454
G1 F3000 X85.508 Y64.619 E2494.89327
G0 F9000 X85.616 Y64.822
G0 X81.545 Y66.999
G0 X81.437 Y66.796
G1 F3000 X80.957 Y68.585 E2494.97952
G0 F9000 X80.812 Y68.407
G0 X76.518 Y71.93
G0 X76.662 Y72.107
G1 F3000 X74.025 Y72.814 E2495.10665
G0 F9000 X74.171 Y72.993
G0 X75.658 Y71.772
G0 X75.513 Y71.595
G1 F3000 X76.312 Y72.394 E2495.15926
G1 F1500 E2488.65926
G0 F9000 X76.168 Y72.217
G0 X73.481 Y73.481
G0 X67.057 Y81.308
G0 X62.932 Y89.006
G0 X61.659 Y88.687
G0 X58.41 Y71.231
G0 X58.179 Y71.231
G1 F1500 E2495.15926
G1 F3000 X58.8 Y71.851 E2495.20013
G1 X58.8 Y64.47 E2495.54382
G1 X58.181 Y64.636 E2495.57366
G0 F9000 X58.8 Y64.47
G1 F1500 E2489.07366
G0 F9000 X61.662 Y61.662
G0 X108.452 Y58.704
G1 F1500 E2495.57366
G1 F3000 X108.592 Y58.179 E2495.59896
G0 F9000 X108.592 Y58.41
G0 X126.323 Y58.8
G0 X130.994 Y62.932
G0 X138.534 Y67.041
G0 X138.642 Y66.841
G1 F3000 X153.163 Y81.362 E2496.55519
G0 F9000 X152.961 Y81.469
G0 X152.172 Y81.516
G0 X151.994 Y81.661
G1 F3000 X152.352 Y80.323 E2496.61969
G0 F9000 X152.175 Y80.467
G0 X149.72 Y77.475
G0 X149.897 Y77.331
G1 F3000 X148.701 Y77.651 E2496.67734
G0 F9000 X148.88 Y77.505
G0 X146.457 Y74.553
G0 X146.4 Y74.598
G1 F3000 X146.4 Y73.321 E2496.7368
G0 F9000 X146.331 Y73.404
G0 X142.494 Y71.12
G0 X142.347 Y71.298
G1 F3000 X142.667 Y70.104 E2496.79436
G0 F9000 X142.523 Y70.279
G0 X139.53 Y67.823
G0 X139.675 Y67.647
G1 F3000 X138.333 Y68.006 E2496.85904
G0 F9000 X138.481 Y67.827
G0 X130.994 Y62.932
G0 X131.313 Y61.659
G0 X147.571 Y58.8
G1 F3000 X146.952 Y58.18 E2496.89984
G0 F9000 X146.952 Y58.41
G0 X157.475 Y61.2
G1 F3000 X157.31 Y61.82 E2496.92971
G0 F9000 X157.31 Y61.59
G0 X158.338 Y61.662
G0 X158.41 Y62.688
G0 X158.181 Y62.688
G1 F3000 X158.8 Y62.522 E2496.95956
G1 X158.8 Y70.027 E2497.30902
G1 X158.18 Y69.408 E2497.34981
G0 F9000 X158.8 Y70.027
G1 F3000 X158.8 Y74.946 E2497.57886
G1 X158.18 Y75.111 E2497.60874
G0 F9000 X158.8 Y74.946
G1 F3000 X158.8 Y86.998 E2498.16993
G1 X158.18 Y86.379 E2498.21073
G0 F9000 X158.8 Y86.998
G1 F3000 X161.04 Y89.24 E2498.3583
G1 X161.22 Y93.594 E2498.56121
G1 X161.82 Y91.354 E2498.66919
G0 F9000 X161.59 Y91.354
G0 X161.59 Y90.019
G0 X161.82 Y90.019
G1 F3000 X161.2 Y89.398 E2498.71005
G1 X161.2 Y86.725 E2498.83452
G1 X161.819 Y86.56 E2498.86435
G0 F9000 X161.2 Y86.725
G1 F3000 X161.2 Y74.301 E2499.44286
G1 X158.8 Y74.945 E2499.55857
G0 F9000 X161.2 Y74.302
G1 F3000 X161.82 Y74.136 E2499.58846
G0 F9000 X161.2 Y74.301
G1 F3000 X161.2 Y72.429 E2499.67563
G1 X158.8 Y70.029 E2499.83367
G0 F9000 X161.2 Y72.427
G1 F3000 X161.82 Y73.048 E2499.87453
G0 F9000 X161.2 Y72.429
G1 F3000 X161.2 Y61.879 E2500.36578
G1 X158.8 Y62.522 E2500.48148
G0 F9000 X161.2 Y61.879
G1 F3000 X161.388 Y61.827 E2500.49056
G1 X158.171 Y58.61 E2500.70241
G1 X158.119 Y58.8 E2500.71158
G1 X158.171 Y58.61
G1 X158.286 Y58.179 E2500.73235
G1 X158.427 Y58.3
G1 X161.7 Y61.574 E2500.94792
G1 X161.819 Y61.713
G1 X161.388 Y61.827 E2500.96867
G0 F9000 X161.7 Y61.008
G1 F3000 X158.992 Y58.3 E2501.147
G0 F9000 X159.558 Y58.3
G1 F3000 X161.7 Y60.443 E2501.28809
G0 F9000 X161.7 Y59.877
G1 F3000 X160.124 Y58.3 E2501.3919
G0 F9000 X160.689 Y58.3
G1 F3000 X161.7 Y59.311 E2501.45848
G0 F9000 X161.59 Y59.311
G0 X161.2 Y86.726
G1 F3000 X158.562 Y87.432 E2501.58564
G1 X159.072 Y99.72 E2502.15831
G1 X158.8 Y99.792 E2502.17141
G1 X158.8 Y102.623 E2502.30324
G1 X158.18 Y104.937 E2502.41479
G0 F9000 X158.41 Y104.937
G0 X158.8 Y103.97
G0 X158.18 Y103.349
G1 F3000 X158.8 Y103.968 E2502.45558
G1 X158.8 Y102.621 E2502.5183
G1 X161.2 Y93.668 E2502.94991
G1 X161.2 Y99.149 E2503.20513
G1 X161.819 Y98.983 E2503.23497
G0 F9000 X161.59 Y98.983
G0 X159.072 Y99.72
G1 F3000 X161.2 Y99.149 E2503.33757
G1 X161.2 Y106.368 E2503.67371
G1 X158.8 Y103.97 E2503.83169
G1 X158.8 Y112.216 E2504.21566
G1 X161.2 Y111.571 E2504.33138
G1 X161.2 Y123.339 E2504.87935
G1 X158.8 Y120.941 E2505.03733
G1 X158.8 Y120.939
G1 X158.8 Y124.639 E2505.20961
G1 X158.4 Y124.746 E2505.22889
G0 F9000 X158.181 Y124.804
G1 F3000 X158.4 Y124.746 E2505.23944
G1 X158.4 Y137.17 E2505.81796
G1 X158.8 Y137.062 E2505.83725
G1 X158.8 Y137.909 E2505.87669
G1 X161.2 Y140.312 E2506.03483
G1 X161.2 Y148.842 E2506.43202
G1 X161.819 Y148.676 E2506.46187
G0 F9000 X161.59 Y148.676
G0 X158.8 Y148.987
G1 F3000 X158.18 Y151.302 E2506.57346
G0 F9000 X158.41 Y151.302
G0 X158.41 Y149.651
G0 X158.18 Y149.651
G1 F3000 X158.8 Y149.485 E2506.60335
G0 F9000 X158.41 Y154.261
G0 X158.18 Y154.261
G1 F3000 X158.8 Y154.88 E2506.64414
G1 X158.8 Y149.485 E2506.89536
G1 X161.2 Y148.842 E2507.01105
G1 X161.2 Y157.28 E2507.40396
G1 X158.8 Y154.88 E2507.562
G0 F9000 X159.237 Y155.318
G1 F3000 X158.3 Y155.32 E2507.60563
G0 F9000 X158.301 Y156.12
G1 F3000 X160.036 Y156.117 E2507.68642
G0 F9000 X160.434 Y156.516
G1 F3000 X158.3 Y156.52 E2507.78579
G0 F9000 X158.301 Y157.32
G1 F3000 X161.233 Y157.315 E2507.92232
G1 X161.2 Y157.28
G1 X161.82 Y157.901 E2507.96318
G0 F9000 X161.699 Y158.114
G1 F3000 X157.977 Y158.121 E2508.13649
G0 F9000 X158.27 Y157.72
G1 F3000 X161.632 Y157.714 E2508.29304
G0 F9000 X161.699 Y158.514
G1 F3000 X156.246 Y158.524 E2508.54696
G0 F9000 X156.17 Y158.8
G1 F3000 X156.337 Y158.179 E2508.5769
G0 F9000 X156.139 Y158.924
G1 F3000 X161.7 Y158.914 E2508.83584
G0 F9000 X161.699 Y159.314
G1 F3000 X156.031 Y159.324 E2509.09977
G0 F9000 X155.817 Y160.124
G1 F3000 X161.7 Y160.114 E2509.37371
G0 F9000 X161.699 Y160.514
G1 F3000 X155.709 Y160.525 E2509.65263
G0 F9000 X155.527 Y161.2
G1 F3000 X155.496 Y161.325 E2509.65862
G1 X161.01 Y161.315 E2509.91538
G1 X161.819 Y161.099 E2509.95437
G0 F9000 X161.01 Y161.315
G1 F3000 X159.13 Y161.82 E2510.04501
G0 F9000 X159.13 Y161.59
G0 X155.496 Y161.325
G1 F3000 X155.362 Y161.82 E2510.06889
G0 F9000 X155.362 Y161.59
G0 X148.768 Y161.59
G0 X148.768 Y161.82
G1 F3000 X148.148 Y161.2 E2510.10972
G1 X143.105 Y161.2 E2510.34454
G1 X131.179 Y161.2 E2510.89987
G1 X128.777 Y158.8 E2511.05798
G1 X124.037 Y158.8 E2511.27869
G1 X125.529 Y158.4 E2511.35062
G0 F9000 X124.037 Y158.8
G0 X127.021 Y158
G1 F3000 X125.529 Y158.4 E2511.42255
G1 X128.377 Y158.4 E2511.55516
G1 X128.435 Y158.456 E2511.55892
G1 X128.377 Y158.4
G1 X127.977 Y158 E2511.58526
G1 X127.021 Y158 E2511.62977
G1 X128.271 Y157.666 E2511.69002
G0 F9000 X127.977 Y158
G1 F3000 X127.404 Y157.427 E2511.72775
G0 F9000 X127.471 Y157.649
G0 X128.777 Y158.8
G1 F3000 X128.435 Y158.456 E2511.75034
G1 X128.271 Y157.666 E2511.78791
G1 X130.98 Y156.94 E2511.9185
G0 F9000 X131.377 Y156.833
G1 F3000 X130.767 Y156.223 E2511.95867
G0 F9000 X131.136 Y156.026
G1 F3000 X131.823 Y156.713 E2512.00391
G0 F9000 X131.802 Y157.017
G1 F3000 X132.266 Y155.284 E2512.08745
G0 F9000 X132.377 Y155.492
G0 X132.059 Y156.42
G0 X132.166 Y156.622
G1 F3000 X130.98 Y156.94 E2512.14463
G1 X131.348 Y158.714 E2512.22899
G1 X131.8 Y157.024 E2512.31045
G0 F9000 X131.607 Y156.662
G0 X130.994 Y157.068
G0 X131.348 Y158.714
G1 F3000 X131.325 Y158.8 E2512.31459
G0 F9000 X131.179 Y161.2
G1 F3000 X131.798 Y161.82 E2512.35539
G0 F9000 X131.798 Y161.59
G0 X130.681 Y161.2
G1 F3000 X130.515 Y161.821 E2512.38532
G0 F9000 X130.515 Y161.59
G0 X118.901 Y158.8
G0 X119.067 Y158.18
G1 F3000 X118.901 Y158.8 E2512.41521
G1 X111.808 Y158.8 E2512.74549
G1 X111.187 Y158.18 E2512.78635
G0 F9000 X111.806 Y158.8
G0 X112.765 Y161.59
G0 X112.765 Y161.82
G1 F3000 X124.035 Y158.8 E2513.32964
G1 X118.901 Y158.8 E2513.5687
G1 X118.259 Y161.2 E2513.68439
G0 F9000 X118.092 Y161.82
G1 F3000 X118.259 Y161.2 E2513.71428
G1 X130.681 Y161.2 E2514.2927
G1 X131.325 Y158.8 E2514.40841
G1 X143.747 Y158.8 E2514.98683
G1 X143.914 Y158.179 E2515.01678
G0 F9000 X143.749 Y158.8
G0 X145.129 Y158.41
G0 X145.129 Y158.18
G1 F3000 X145.748 Y158.8 E2515.05757
G1 X145.749 Y158.8
G1 X148.149 Y161.2 E2515.21562
G1 X155.527 Y161.2 E2515.55917
G1 X156.17 Y158.8 E2515.67486
G1 X145.749 Y158.8 E2516.16011
G1 X143.749 Y158.8 E2516.25324
G1 X143.105 Y161.2 E2516.36894
G1 X143.103 Y161.2
G1 X142.938 Y161.82 E2516.39882
G0 F9000 X142.938 Y161.59
G0 X148.148 Y161.2
G0 X131.313 Y158.341
G0 X130.994 Y157.068
G0 X139.326 Y152.345
G0 X139.468 Y152.52
G1 F3000 X138.668 Y151.72 E2516.4515
G0 F9000 X138.815 Y151.9
G0 X147.013 Y145.823
G0 X147.186 Y145.966
G1 F3000 X147.894 Y143.325 E2516.57882
G0 F9000 X147.601 Y143.682
G1 F3000 X148.403 Y144.485 E2516.63166
G0 F9000 X148.229 Y144.341
G0 X151.595 Y139.186
G0 X151.417 Y139.04
G1 F3000 X153.202 Y138.562 E2516.71771
G0 F9000 X153.002 Y138.454
G0 X155.179 Y134.382
G0 X155.379 Y134.49
G1 F3000 X154.545 Y133.655 E2516.77266
G0 F9000 X154.75 Y133.765
G0 X156.306 Y132.274
G0 X156.4 Y132.325
G1 F3000 X156.4 Y130.434 E2516.86071
G0 F9000 X156.8 Y129.684
G1 F3000 X156.8 Y131.835 E2516.96087
G0 F9000 X157.2 Y131.67
G1 F3000 X157.2 Y128.557 E2517.10583
G0 F9000 X157.309 Y128.591
G0 X157.709 Y127.271
G0 X157.6 Y127.237
G1 F3000 X157.6 Y131.699 E2517.3136
G0 F9000 X158 Y131.878
G1 F3000 X158 Y125.918 E2517.59112
G0 F9000 X158.109 Y125.952
G0 X158.8 Y124.639
G1 F3000 X158.8 Y137.063 E2518.16963
G1 X161.2 Y136.418 E2518.28535
G1 X161.2 Y140.024 E2518.45326
G1 X158.8 Y148.987 E2518.88532
G1 X158.8 Y137.912 E2519.40102
G1 X158.18 Y137.29 E2519.44191
G1 X158.181 Y137.228
G1 X158.4 Y137.17 E2519.45246
G0 F9000 X158.8 Y137.063
G0 X161.2 Y136.419
G0 X161.82 Y136.253
G1 F3000 X161.2 Y136.419 E2519.48235
G1 X161.2 Y123.995 E2520.06086
G1 X158.8 Y124.638 E2520.17656
G0 F9000 X161.2 Y123.995
G1 F3000 X161.819 Y123.829 E2520.2064
G1 X161.82 Y123.96
G1 X161.2 Y123.339 E2520.24726
G0 F9000 X158.41 Y120.32
G0 X158.18 Y120.32
G1 F3000 X158.8 Y120.939 E2520.28806
G1 X158.8 Y112.215 E2520.69428
G1 X158.18 Y112.381 E2520.72417
G0 F9000 X158.8 Y112.216
G0 X161.2 Y111.572
G0 X161.82 Y111.406
G1 F3000 X161.2 Y111.572 E2520.75406
G1 X161.2 Y106.37 E2520.99628
G1 X161.82 Y106.989 E2521.03708
G0 F9000 X161.2 Y106.37
G0 X158.8 Y99.792
G1 F3000 X158.181 Y99.958 E2521.06692
G0 F9000 X158.676 Y99.825
G1 F3000 X158.181 Y87.9 E2521.62268
G0 F9000 X158.18 Y87.535
G1 F3000 X158.562 Y87.432 E2521.6411
G0 F9000 X158.41 Y88.24
G0 X157.795 Y88.24
G1 F3000 X158.043 Y94.203 E2521.919
G0 F9000 X158.147 Y94.172
G0 X157.685 Y92.649
G0 X157.579 Y92.681
G1 F3000 X157.399 Y88.336 E2522.1215
G0 F9000 X156.998 Y88.315
G1 F3000 X157.116 Y91.158 E2522.25399
G0 F9000 X157.223 Y91.126
G0 X156.771 Y90.016
G0 X156.67 Y90.069
G1 F3000 X156.586 Y88.031 E2522.34897
G1 X156.679 Y87.937
G1 X155.555 Y88.238 E2522.40315
G0 F9000 X155.762 Y88.128
G0 X157.068 Y89.006
G0 X161.04 Y89.24
G1 F3000 X161.2 Y89.398 E2522.41362
G0 F9000 X161.22 Y93.594
G1 F3000 X161.2 Y93.668 E2522.41719
G1 F1500 E2515.91719
G0 F9000 X161.59 Y137.719
G0 X161.82 Y137.719
G1 F1500 E2522.41719
G1 F3000 X161.2 Y140.024 E2522.52834
G0 F9000 X161.2 Y140.312
G1 F3000 X161.82 Y140.931 E2522.56913
G1 F1500 E2516.06913
G0 F9000 X161.59 Y140.931
G0 X158.341 Y131.313
G0 X157.068 Y130.994
G0 X152.943 Y138.692
G0 X143.624 Y148.933
G0 X138.253 Y152.283
G0 X129.46 Y156.982
G0 X117.6 Y160.524
G1 F1500 E2522.56913
G1 F3000 X117.6 Y161.7 E2522.62389
G0 F9000 X117.2 Y161.7
G1 F3000 X117.2 Y160.631 E2522.67367
G0 F9000 X116.4 Y160.845
G1 F3000 X116.4 Y161.7 E2522.71348
G0 F9000 X116.4 Y161.59
G0 X105.833 Y161.2
G1 F3000 X105.668 Y161.821 E2522.7434
G1 F1500 E2516.2434
G0 F9000 X105.668 Y161.59
G0 X63.2 Y161.104
G1 F1500 E2522.7434
G1 F3000 X63.2 Y158.3 E2522.87397
G0 F9000 X62.8 Y158.3
G1 F3000 X62.8 Y160.704 E2522.98591
G1 X62.8 Y160.706
G1 X62.8 Y161.7 E2523.03219
G0 F9000 X62 Y161.7
G1 F3000 X62 Y159.906 E2523.11573
G0 F9000 X61.6 Y159.506
G1 F3000 X61.6 Y161.7 E2523.21789
G0 F9000 X61.2 Y161.7
G1 F3000 X61.2 Y159.106 E2523.33868
G1 F1500 E2516.83868
;MESH:NONMESH
G0 F300 X61.2 Y159.106 Z4.2
G0 F9000 X62.051 Y95.105
G0 X62.926 Y88.316
G0 X62.606 Y88.144
;TIME_ELAPSED:3052.814396
;LAYER:14
;TYPE:WALL-INNER
;MESH:tmpek4p4esk10x10x.5Doubled.stl
G1 F1500 E2523.33868
G1 X62.299 Y88.066 E2523.35343
G1 X62.031 Y87.875 E2523.36875
G1 X61.935 Y87.704 E2523.37788
G1 X61.9 Y87.5 E2523.38752
G1 X61.9 Y62.388 E2524.55684
G1 X61.984 Y62.192 E2524.56677
G1 X62.192 Y61.984 E2524.58047
G1 X62.388 Y61.9 E2524.5904
G1 X87.5 Y61.9 E2525.75972
G1 X87.705 Y61.935 E2525.7694
G1 X87.875 Y62.031 E2525.77849
G1 X88.066 Y62.299 E2525.79382
G1 X88.144 Y62.606 E2525.80857
G1 X88.126 Y62.949 E2525.82456
G1 X87.919 Y63.238 E2525.84111
G1 X81.168 Y66.85 E2526.19763
G1 X73.303 Y73.303 E2526.67135
G1 X66.85 Y81.168 E2527.14507
G1 X63.235 Y87.922 E2527.50178
G1 X62.95 Y88.126 E2527.5181
G1 X62.606 Y88.144 E2527.53414
G1 F1500 E2521.03414
G0 F9000 X62.925 Y88.316
G0 X64.574 Y85.104
G0 X63.011 Y157.93
G0 X87.5 Y158.1
G1 F1500 E2527.53414
G1 X62.388 Y158.1 E2528.70346
G1 X62.192 Y158.016 E2528.71339
G1 X61.984 Y157.808 E2528.72709
G1 X61.9 Y157.5 E2528.74195
G1 X61.9 Y132.496 E2529.90624
G1 X61.935 Y132.291 E2529.91593
G1 X62.031 Y132.121 E2529.92502
G1 X62.299 Y131.93 E2529.94034
G1 X62.606 Y131.852 E2529.95509
G1 X62.949 Y131.87 E2529.97109
G1 X63.277 Y132.153 E2529.99126
G1 X66.85 Y138.828 E2530.3438
G1 X73.303 Y146.693 E2530.81752
G1 X81.167 Y153.151 E2531.29135
G1 X87.844 Y156.718 E2531.64384
G1 X88.125 Y157.045 E2531.66392
G1 X88.144 Y157.388 E2531.67992
G1 X88.066 Y157.7 E2531.69489
G1 X87.875 Y157.969 E2531.71025
G1 X87.705 Y158.065 E2531.71934
G1 X87.5 Y158.1 E2531.72903
G1 F1500 E2525.22903
G0 F9000 X84.134 Y157.95
G0 X90.572 Y156.917
G0 X110 Y158.1
G1 F1500 E2531.72903
G1 X95.079 Y158.1 E2532.42381
G1 X90.639 Y156.749 E2532.63992
G1 X81.888 Y152.077 E2533.10184
G1 X74.219 Y145.777 E2533.56398
G1 X67.927 Y138.112 E2534.02575
G1 X63.246 Y129.363 E2534.48778
G1 X61.9 Y124.898 E2534.70493
G1 X61.9 Y95.08 E2536.09338
G1 X63.247 Y90.64 E2536.30943
G1 X67.921 Y81.887 E2536.77148
G1 X74.219 Y74.219 E2537.23353
G1 X81.884 Y67.927 E2537.69529
G1 X90.633 Y63.246 E2538.15733
G1 X95.098 Y61.9 E2538.37448
G1 X124.916 Y61.9 E2539.76293
G1 X129.356 Y63.247 E2539.97898
G1 X138.112 Y67.927 E2540.44128
G1 X145.777 Y74.219 E2540.90304
G1 X152.073 Y81.884 E2541.36493
G1 X156.75 Y90.634 E2541.82691
G1 X158.1 Y95.079 E2542.04323
G1 X158.1 Y124.902 E2543.43191
G1 X156.749 Y129.357 E2543.64868
G1 X152.073 Y138.112 E2544.11085
G1 X145.777 Y145.777 E2544.57274
G1 X138.112 Y152.073 E2545.03462
G1 X129.362 Y156.75 E2545.49661
G1 X124.898 Y158.1 E2545.71377
G1 X110 Y158.1 E2546.40748
G1 F1500 E2539.90748
G0 F9000 X110 Y161.7
G0 X110 Y161.9
G1 F1500 E2546.40748
G1 X161.9 Y161.9 E2548.82416
G1 X161.9 Y58.1 E2553.65753
G1 X58.1 Y58.1 E2558.49089
G1 X58.1 Y161.9 E2563.32425
G1 X110 Y161.9 E2565.74093
G1 F1500 E2559.24093
G0 F9000 X132.496 Y161.7
G0 X135.488 Y157.95
G0 X132.496 Y158.1
G1 F1500 E2565.74093
G1 X132.291 Y158.065 E2565.75062
G1 X132.12 Y157.969 E2565.75975
G1 X131.931 Y157.722 E2565.77423
G1 X131.852 Y157.388 E2565.79021
G1 X131.871 Y157.045 E2565.80621
G1 X132.078 Y156.758 E2565.82268
G1 X138.828 Y153.15 E2566.17908
G1 X146.693 Y146.693 E2566.65291
G1 X153.15 Y138.828 E2567.12675
G1 X156.718 Y132.153 E2567.47918
G1 X157.045 Y131.871 E2567.49929
G1 X157.388 Y131.852 E2567.51529
G1 X157.7 Y131.93 E2567.53026
G1 X157.969 Y132.12 E2567.5456
G1 X158.065 Y132.291 E2567.55473
G1 X158.1 Y132.496 E2567.56441
G1 X158.1 Y157.612 E2568.73392
G1 X158.016 Y157.808 E2568.74385
G1 X157.808 Y158.016 E2568.75755
G1 X157.612 Y158.1 E2568.76747
G1 X132.496 Y158.1 E2569.93698
G1 F1500 E2563.43698
G0 F9000 X157.072 Y157.93
G0 X155.871 Y85.939
G0 X157.388 Y88.144
G1 F1500 E2569.93698
G1 X157.045 Y88.125 E2569.95298
G1 X156.758 Y87.918 E2569.96945
G1 X153.15 Y81.168 E2570.32585
G1 X146.693 Y73.303 E2570.79968
G1 X138.828 Y66.85 E2571.2734
G1 X132.152 Y63.278 E2571.62596
G1 X131.87 Y62.95 E2571.64611
G1 X131.852 Y62.606 E2571.66215
G1 X131.93 Y62.299 E2571.6769
G1 X132.121 Y62.031 E2571.69222
G1 X132.292 Y61.935 E2571.70135
G1 X132.496 Y61.9 E2571.71099
G1 X157.612 Y61.9 E2572.8805
G1 X157.808 Y61.984 E2572.89042
G1 X158.016 Y62.191 E2572.90409
G1 X158.1 Y62.5 E2572.919
G1 X158.1 Y87.574 E2574.08655
G1 X157.969 Y87.875 E2574.10184
G1 X157.7 Y88.066 E2574.1172
G1 X157.388 Y88.144 E2574.13217
G0 F9000 X157.216 Y87.775
;TYPE:WALL-OUTER
G1 F1500 X157.09 Y87.684 E2574.13941
G1 X153.484 Y80.944 E2574.49535
G1 X146.977 Y73.019 E2574.97282
G1 X139.052 Y66.516 E2575.45018
G1 X132.341 Y62.925 E2575.80459
G1 X132.247 Y62.816 E2575.8113
G1 X132.241 Y62.7 E2575.8167
G1 X132.315 Y62.413 E2575.83051
G1 X132.448 Y62.3 E2575.83863
G1 X157.539 Y62.3 E2577.00697
G1 X157.7 Y62.461 E2577.01758
G1 X157.698 Y87.535 E2578.18513
G1 X157.587 Y87.681 E2578.19367
G1 X157.216 Y87.775 E2578.21149
G1 F1500 E2571.71149
G0 F9000 X156.88 Y87.954
G0 X155.871 Y85.939
G0 X156.984 Y157.93
G0 X132.441 Y157.7
G1 F1500 E2578.21149
G1 X132.314 Y157.601 E2578.21899
G1 X132.222 Y157.215 E2578.23746
G1 X132.312 Y157.09 E2578.24464
G1 X139.052 Y153.484 E2578.60057
G1 X146.977 Y146.977 E2579.07805
G1 X153.484 Y139.052 E2579.55552
G1 X157.071 Y132.341 E2579.90985
G1 X157.18 Y132.247 E2579.91655
G1 X157.295 Y132.241 E2579.92191
G1 X157.587 Y132.315 E2579.93594
G1 X157.7 Y132.447 E2579.94403
G1 X157.698 Y157.584 E2581.11452
G1 X157.539 Y157.7 E2581.12368
G1 X132.441 Y157.7 E2582.29235
G1 F1500 E2575.79235
G0 F9000 X132.441 Y158.01
G0 X135.488 Y157.95
G0 X129.424 Y156.917
G0 X110 Y157.7
G1 F1500 E2582.29235
G1 X95.139 Y157.7 E2582.98434
G1 X90.769 Y156.369 E2583.19705
G1 X82.125 Y151.749 E2583.65344
G1 X74.502 Y145.494 E2584.1126
G1 X68.261 Y137.891 E2584.57062
G1 X63.627 Y129.227 E2585.02814
G1 X62.303 Y124.859 E2585.24067
G1 X62.3 Y95.14 E2586.62451
G1 X63.618 Y90.789 E2586.8362
G1 X68.257 Y82.108 E2587.29452
G1 X74.502 Y74.502 E2587.75277
G1 X82.105 Y68.261 E2588.2108
G1 X90.769 Y63.627 E2588.66831
G1 X95.137 Y62.303 E2588.88084
G1 X124.856 Y62.3 E2590.26468
G1 X129.207 Y63.618 E2590.47638
G1 X137.875 Y68.251 E2590.93403
G1 X145.494 Y74.502 E2591.39293
G1 X151.739 Y82.105 E2591.85107
G1 X156.384 Y90.805 E2592.31031
G1 X157.7 Y95.139 E2592.52121
G1 X157.698 Y124.859 E2593.9051
G1 X156.369 Y129.227 E2594.1177
G1 X151.749 Y137.875 E2594.57425
G1 X145.494 Y145.494 E2595.03326
G1 X137.891 Y151.739 E2595.49141
G1 X129.191 Y156.384 E2595.95064
G1 X124.857 Y157.7 E2596.16155
G1 X110 Y157.7 E2596.85335
G1 F1500 E2590.35335
G0 F9000 X110 Y158.01
G0 X110 Y158.28
G0 X110 Y161.7
G0 X110 Y162.3
G1 F1500 E2596.85335
G1 X162.3 Y162.3 E2599.28866
G1 X162.3 Y57.7 E2604.15927
G1 X57.7 Y57.7 E2609.02989
G1 X57.7 Y162.3 E2613.9005
G1 X110 Y162.3 E2616.33581
G1 F1500 E2609.83581
G0 F9000 X110 Y161.99
G0 X87.55 Y161.7
G0 X84.134 Y157.95
G0 X87.55 Y157.7
G1 F1500 E2616.33581
G1 X62.461 Y157.7 E2617.50406
G1 X62.3 Y157.539 E2617.51466
G1 X62.3 Y132.441 E2618.68333
G1 X62.4 Y132.314 E2618.69085
G1 X62.784 Y132.221 E2618.70925
G1 X62.925 Y132.341 E2618.71787
G1 X66.516 Y139.052 E2619.07229
G1 X73.019 Y146.977 E2619.54965
G1 X80.944 Y153.485 E2620.02715
G1 X87.655 Y157.071 E2620.38146
G1 X87.749 Y157.18 E2620.38816
G1 X87.755 Y157.295 E2620.39352
G1 X87.681 Y157.587 E2620.40755
G1 X87.55 Y157.7 E2620.4156
G1 F1500 E2613.9156
G0 F9000 X87.55 Y158.01
G0 X63.108 Y157.93
G0 X64.574 Y85.104
G0 X62.7 Y87.755
G1 F1500 E2620.4156
G1 X62.413 Y87.681 E2620.4294
G1 X62.3 Y87.548 E2620.43753
G1 X62.3 Y62.461 E2621.60569
G1 X62.461 Y62.3 E2621.61629
G1 X87.555 Y62.3 E2622.78477
G1 X87.682 Y62.4 E2622.7923
G1 X87.774 Y62.78 E2622.8105
G1 X87.684 Y62.906 E2622.81771
G1 X80.944 Y66.516 E2623.17374
G1 X73.019 Y73.019 E2623.65109
G1 X66.516 Y80.944 E2624.12845
G1 X62.906 Y87.684 E2624.48447
G1 X62.816 Y87.749 E2624.48964
G1 X62.7 Y87.755 E2624.49505
G1 F1500 E2617.99505
G0 F9000 X63.108 Y87.974
G0 X67.001 Y81.269
G0 X152.999 Y81.268
G0 X157.449 Y88.498
;TYPE:SKIN
G1 F1500 E2624.49505
G1 X157.827 Y88.402 E2624.51321
G1 X158.042 Y88.289 E2624.52452
G1 X158.262 Y88.075 E2624.53881
G1 X158.458 Y87.729 E2624.55733
G1 X158.459 Y62.473 E2625.73336
G1 X158.431 Y62.261 E2625.74331
G1 X158.322 Y61.994 E2625.75674
G1 X158.034 Y61.706 E2625.77571
G1 X157.786 Y61.581 E2625.78864
G1 X157.519 Y61.541 E2625.80121
G1 X132.462 Y61.542 E2626.96797
G1 X132.167 Y61.592 E2626.9819
G1 X131.917 Y61.733 E2626.99527
G1 X131.702 Y61.951 E2627.00952
G1 X131.594 Y62.168 E2627.02081
G1 X131.494 Y62.542 E2627.03884
G1 X131.52 Y63.011 E2627.06071
G1 X131.568 Y63.131 E2627.06673
G1 F1357.5 X131.965 Y63.634 E2627.0997
G1 F1237.1 X138.592 Y67.179 E2627.52402
G1 F1239.7 X146.404 Y73.588 E2628.09334
G1 F1237.1 X152.813 Y81.392 E2628.66349
G1 F1229.5 X156.431 Y88.159 E2629.0994
G1 F1287.6 X156.926 Y88.469 E2629.13109
G1 F1421.8 X157.449 Y88.498 E2629.15682
G1 F1500 E2622.65682
G0 F9000 X157.108 Y88.272
G0 X155.871 Y85.939
G0 X156.984 Y157.93
G0 X132.462 Y158.458
G1 F1500 E2629.15682
G1 X157.523 Y158.459 E2630.32377
G1 X157.731 Y158.431 E2630.33354
G1 X158.006 Y158.318 E2630.34738
G1 X158.317 Y158.007 E2630.36786
G1 X158.43 Y157.739 E2630.3814
G1 X158.459 Y157.523 E2630.39155
G1 X158.458 Y132.457 E2631.55873
G1 X158.408 Y132.172 E2631.5722
G1 X158.262 Y131.916 E2631.58593
G1 X158.042 Y131.703 E2631.60019
G1 X157.845 Y131.598 E2631.61058
G1 X157.45 Y131.494 E2631.6296
G1 X156.981 Y131.52 E2631.65147
G1 X156.861 Y131.568 E2631.65749
G1 F1357.5 X156.358 Y131.969 E2631.69059
G1 F1239.7 X152.814 Y138.601 E2632.11426
G1 X146.403 Y146.403 E2632.68322
G1 F1237.1 X138.6 Y152.813 E2633.25335
G1 F1232 X131.833 Y156.431 E2633.68838
G1 F1287.6 X131.523 Y156.926 E2633.72006
G1 F1421.8 X131.494 Y157.449 E2633.74579
G1 F1500 X131.59 Y157.827 E2633.76395
G1 X131.703 Y158.042 E2633.77526
G1 X131.89 Y158.247 E2633.78818
G1 X132.172 Y158.408 E2633.8033
G1 X132.462 Y158.458 E2633.81701
G1 F1500 E2627.31701
G0 F9000 X132.506 Y158.201
G0 X135.488 Y157.95
G0 X131.831 Y161.7
G0 X110 Y161.54
G1 F1500 E2633.81701
G1 X58.46 Y161.54 E2636.21693
G1 X58.461 Y58.461 E2641.01672
G1 X161.54 Y58.46 E2645.81651
G1 X161.54 Y161.54 E2650.61634
G1 X110 Y161.54 E2653.01626
G1 F1500 E2646.51626
G0 F9000 X110 Y161.8
G0 X110 Y158.28
G0 X110 Y158.458
G1 F1500 E2653.01626
G1 X124.971 Y158.458 E2653.71337
G1 X129.511 Y157.073 E2653.93439
G1 X131.029 Y156.261 E2654.01455
G1 F1351.4 X131.568 Y156.023 E2654.04501
G1 F1232 X138.333 Y152.408 E2654.47985
G1 F1237.1 X146.058 Y146.062 E2655.04429
G1 F1239.7 X152.412 Y138.329 E2655.60821
G1 X155.931 Y131.74 E2656.02908
G1 F1287.6 X155.998 Y131.573 E2656.03884
G1 F1418.4 X156.24 Y131.072 E2656.06624
G1 F1500 X157.073 Y129.511 E2656.14862
G1 X158.458 Y124.955 E2656.37036
G1 X158.458 Y95.14 E2657.75867
G1 X158.416 Y94.889 E2657.77052
G1 X157.073 Y90.481 E2657.98509
G1 X156.261 Y88.963 E2658.06525
G1 F1351.4 X156.023 Y88.424 E2658.0957
G1 F1229.5 X152.407 Y81.662 E2658.53132
G1 F1237.1 X146.062 Y73.932 E2659.09594
G1 F1239.7 X138.329 Y67.586 E2659.65957
G1 F1237.1 X131.736 Y64.062 E2660.08164
G1 F1287.6 X131.566 Y63.994 E2660.09157
G1 F1418.4 X131.067 Y63.753 E2660.11886
G1 F1500 X129.507 Y62.919 E2660.20123
G1 X125.103 Y61.58 E2660.41557
G1 X124.82 Y61.54 E2660.42887
G1 X95.041 Y61.542 E2661.81551
G1 X90.485 Y62.919 E2662.03713
G1 X88.974 Y63.727 E2662.11692
G1 F1351.4 X88.428 Y63.969 E2662.14779
G1 F1232 X81.663 Y67.586 E2662.58269
G1 F1239.7 X73.929 Y73.929 E2663.14625
G1 X67.586 Y81.663 E2663.70981
G1 F1234.6 X64.007 Y88.357 E2664.13926
G1 F1298.7 X63.923 Y88.567 E2664.15142
G1 F1435.4 X63.73 Y88.968 E2664.17308
G1 F1500 X62.919 Y90.485 E2664.25318
G1 X61.58 Y94.889 E2664.46752
G1 X61.54 Y95.172 E2664.48082
G1 X61.542 Y124.951 E2665.86746
G1 X62.914 Y129.497 E2666.08857
G1 X63.754 Y131.068 E2666.17152
G1 F1348.3 X64.022 Y131.664 E2666.20537
G1 F1229.5 X67.586 Y138.329 E2666.63474
G1 F1239.7 X73.929 Y146.063 E2667.1983
G1 F1242.2 X81.659 Y152.41 E2667.76067
G1 F1239.7 X88.254 Y155.932 E2668.18191
G1 F1293.1 X88.424 Y156 E2668.1918
G1 F1421.8 X88.923 Y156.241 E2668.21903
G1 F1500 X90.497 Y157.081 E2668.3021
G1 X94.889 Y158.416 E2668.51585
G1 X95.14 Y158.458 E2668.5277
G1 X110 Y158.458 E2669.21965
G1 F1500 E2662.71965
G0 F9000 X110 Y158.2
G0 X95.105 Y157.949
G0 X90.572 Y156.917
G0 X84.134 Y157.95
G0 X87.5 Y158.46
G1 F1500 E2669.21965
G1 X87.822 Y158.407 E2669.23484
G1 X88.103 Y158.247 E2669.2499
G1 X88.29 Y158.045 E2669.26272
G1 X88.402 Y157.828 E2669.27409
G1 X88.498 Y157.449 E2669.29229
G1 X88.472 Y156.981 E2669.31412
G1 X88.424 Y156.861 E2669.32014
G1 F1357.5 X88.026 Y156.358 E2669.35314
G1 F1239.7 X81.391 Y152.814 E2669.77696
G1 F1242.2 X73.588 Y146.404 E2670.34475
G1 F1239.7 X67.179 Y138.592 E2670.91406
G1 F1229.5 X63.613 Y131.929 E2671.34338
G1 F1348.3 X63.131 Y131.568 E2671.37457
G1 F1500 X63.011 Y131.52 E2671.38059
G1 X62.54 Y131.494 E2671.40256
G1 X62.196 Y131.586 E2671.41914
G1 X61.951 Y131.702 E2671.43176
G1 X61.744 Y131.891 E2671.44481
G1 X61.591 Y132.171 E2671.45967
G1 X61.542 Y132.462 E2671.47341
G1 X61.541 Y157.677 E2672.64753
G1 X61.679 Y158.007 E2672.66418
G1 X61.962 Y158.29 E2672.68282
G1 X62.21 Y158.415 E2672.69575
G1 X62.473 Y158.459 E2672.70817
G1 X87.5 Y158.46 E2673.87353
G1 F1500 E2667.37353
G0 F9000 X87.492 Y158.201
G0 X62.891 Y157.93
G0 X64.574 Y85.104
G0 X62.537 Y88.498
G1 F1500 E2673.87353
G1 F1421.8 X63.069 Y88.469 E2673.8997
G1 F1290.3 X63.579 Y88.127 E2673.93294
G1 F1234.6 X67.179 Y81.4 E2674.3646
G1 F1239.7 X73.588 Y73.588 E2674.93392
G1 X81.4 Y67.179 E2675.50324
G1 F1232 X88.163 Y63.561 E2675.93806
G1 F1287.6 X88.469 Y63.062 E2675.96981
G1 F1421.8 X88.498 Y62.538 E2675.99559
G1 F1500 X88.362 Y62.026 E2676.02026
G1 X88.102 Y61.745 E2676.03809
G1 X87.822 Y61.591 E2676.05297
G1 X87.534 Y61.542 E2676.06657
G1 X62.319 Y61.541 E2677.24069
G1 X61.989 Y61.679 E2677.25734
G1 X61.706 Y61.962 E2677.27598
G1 X61.581 Y62.21 E2677.28891
G1 X61.541 Y62.477 E2677.30148
G1 X61.542 Y87.534 E2678.46824
G1 X61.593 Y87.827 E2678.48209
G1 X61.733 Y88.075 E2678.49535
G1 X61.951 Y88.29 E2678.50961
G1 X62.168 Y88.398 E2678.52089
G1 X62.537 Y88.498 E2678.5387
G1 F1500 E2672.0387
G0 F9000 X62.891 Y88.273
G0 X64.574 Y85.104
G0 X58.3 Y88.316
G0 X58.659 Y161.049
G1 F1500 E2678.5387
G1 X58.951 Y161.34 E2678.55789
G0 F9000 X59.516 Y161.34
G1 F1500 X58.659 Y160.483 E2678.61433
G0 F9000 X58.659 Y159.917
G1 F1500 X60.082 Y161.34 E2678.70803
G0 F9000 X60.648 Y161.34
G1 F1500 X58.659 Y159.351 E2678.83901
G0 F9000 X58.659 Y158.786
G1 F1500 X61.214 Y161.34 E2679.00723
G0 F9000 X61.779 Y161.34
G1 F1500 X58.659 Y158.22 E2679.21269
G0 F9000 X58.659 Y157.654
G1 F1500 X62.345 Y161.34 E2679.45542
G0 F9000 X62.911 Y161.34
G1 F1500 X58.659 Y157.089 E2679.73539
G0 F9000 X58.659 Y156.523
G1 F1500 X63.476 Y161.34 E2680.05259
G0 F9000 X64.042 Y161.34
G1 F1500 X58.659 Y155.957 E2680.40707
G0 F9000 X58.659 Y155.392
G1 F1500 X64.608 Y161.34 E2680.79879
G0 F9000 X65.173 Y161.34
G1 F1500 X62.491 Y158.657 E2680.97544
G0 F9000 X63.056 Y158.657
G1 F1500 X65.739 Y161.34 E2681.15212
G0 F9000 X66.305 Y161.34
G1 F1500 X63.622 Y158.657 E2681.3288
G0 F9000 X64.188 Y158.657
G1 F1500 X66.87 Y161.34 E2681.50545
G0 F9000 X67.436 Y161.34
G1 F1500 X64.753 Y158.657 E2681.68213
G0 F9000 X65.319 Y158.657
G1 F1500 X68.002 Y161.34 E2681.85881
G0 F9000 X68.567 Y161.34
G1 F1500 X65.885 Y158.657 E2682.03546
G0 F9000 X66.45 Y158.657
G1 F1500 X69.133 Y161.34 E2682.21214
G0 F9000 X69.699 Y161.34
G1 F1500 X67.017 Y158.658 E2682.38875
G0 F9000 X67.582 Y158.658
G1 F1500 X70.264 Y161.34 E2682.56536
G0 F9000 X70.83 Y161.34
G1 F1500 X68.148 Y158.658 E2682.74198
G0 F9000 X68.714 Y158.658
G1 F1500 X71.396 Y161.34 E2682.91859
G0 F9000 X71.962 Y161.34
G1 F1500 X69.279 Y158.658 E2683.09524
G0 F9000 X69.845 Y158.658
G1 F1500 X72.527 Y161.34 E2683.27185
G0 F9000 X73.093 Y161.34
G1 F1500 X70.411 Y158.658 E2683.44847
G0 F9000 X70.977 Y158.658
G1 F1500 X73.659 Y161.34 E2683.62508
G0 F9000 X74.224 Y161.34
G1 F1500 X71.543 Y158.658 E2683.80166
G0 F9000 X72.109 Y158.658
G1 F1500 X74.79 Y161.34 E2683.97825
G0 F9000 X75.356 Y161.34
G1 F1500 X72.674 Y158.658 E2684.15486
G0 F9000 X73.24 Y158.658
G1 F1500 X75.921 Y161.34 E2684.33144
G0 F9000 X76.487 Y161.34
G1 F1500 X73.806 Y158.658 E2684.50802
G0 F9000 X74.371 Y158.658
G1 F1500 X77.053 Y161.34 E2684.68464
G0 F9000 X77.618 Y161.34
G1 F1500 X74.937 Y158.658 E2684.86122
G0 F9000 X75.503 Y158.659
G1 F1500 X78.184 Y161.34 E2685.03777
G0 F9000 X78.75 Y161.34
G1 F1500 X76.069 Y158.659 E2685.21431
G0 F9000 X76.635 Y158.659
G1 F1500 X79.315 Y161.34 E2685.39083
G0 F9000 X79.881 Y161.34
G1 F1500 X77.201 Y158.659 E2685.56735
G0 F9000 X77.766 Y158.659
G1 F1500 X80.447 Y161.34 E2685.74389
G0 F9000 X81.013 Y161.34
G1 F1500 X78.332 Y158.659 E2685.92044
G0 F9000 X78.898 Y158.659
G1 F1500 X81.578 Y161.34 E2686.09696
G0 F9000 X82.144 Y161.34
G1 F1500 X79.464 Y158.66 E2686.27344
G0 F9000 X80.03 Y158.66
G1 F1500 X82.71 Y161.34 E2686.44992
G0 F9000 X83.275 Y161.34
G1 F1500 X80.595 Y158.66 E2686.62641
G0 F9000 X81.161 Y158.66
G1 F1500 X83.841 Y161.34 E2686.80289
G0 F9000 X84.407 Y161.34
G1 F1500 X81.727 Y158.66 E2686.97937
G0 F9000 X82.292 Y158.66
G1 F1500 X84.972 Y161.34 E2687.15585
G0 F9000 X85.538 Y161.34
G1 F1500 X82.858 Y158.66 E2687.33234
G0 F9000 X83.424 Y158.66
G1 F1500 X86.104 Y161.34 E2687.50882
G0 F9000 X86.669 Y161.34
G1 F1500 X83.989 Y158.66 E2687.6853
G0 F9000 X84.555 Y158.66
G1 F1500 X87.235 Y161.34 E2687.86178
G0 F9000 X87.801 Y161.34
G1 F1500 X85.121 Y158.66 E2688.03827
G0 F9000 X85.686 Y158.66
G1 F1500 X88.366 Y161.34 E2688.21475
G0 F9000 X88.932 Y161.34
G1 F1500 X86.252 Y158.66 E2688.39123
G0 F9000 X86.818 Y158.66
G1 F1500 X89.498 Y161.34 E2688.56771
G0 F9000 X90.063 Y161.34
G1 F1500 X87.384 Y158.66 E2688.74416
G0 F9000 X87.888 Y158.599
G1 F1500 X90.629 Y161.34 E2688.92466
G0 F9000 X91.195 Y161.34
G1 F1500 X88.244 Y158.389 E2689.11899
G0 F9000 X88.497 Y158.077
G1 F1500 X91.761 Y161.34 E2689.3339
G0 F9000 X92.326 Y161.34
G1 F1500 X88.649 Y157.662 E2689.57607
G0 F9000 X88.68 Y157.128
G1 F1500 X92.892 Y161.34 E2689.85344
G0 F9000 X93.458 Y161.34
G1 F1500 X88.313 Y156.196 E2690.19221
G0 F9000 X88.553 Y155.748
G0 X89.628 Y156.322
G0 X89.411 Y156.727
G1 F1500 X94.023 Y161.34 E2690.49595
G0 F9000 X94.589 Y161.34
G1 F1500 X90.556 Y157.307 E2690.76153
G0 F9000 X91.367 Y157.553
G1 F1500 X95.155 Y161.34 E2691.01094
G0 F9000 X95.72 Y161.34
G1 F1500 X92.18 Y157.799 E2691.24409
G0 F9000 X92.992 Y158.045
G1 F1500 X96.286 Y161.34 E2691.46104
G0 F9000 X96.852 Y161.34
G1 F1500 X93.804 Y158.292 E2691.66176
G0 F9000 X94.616 Y158.538
G1 F1500 X97.417 Y161.34 E2691.84624
G0 F9000 X97.983 Y161.34
G1 F1500 X95.303 Y158.66 E2692.02272
G0 F9000 X95.869 Y158.66
G1 F1500 X98.549 Y161.34 E2692.19921
G0 F9000 X99.114 Y161.34
G1 F1500 X96.435 Y158.66 E2692.37565
G0 F9000 X97 Y158.66
G1 F1500 X99.68 Y161.34 E2692.55214
G0 F9000 X100.246 Y161.34
G1 F1500 X97.566 Y158.66 E2692.72862
G0 F9000 X98.132 Y158.66
G1 F1500 X100.812 Y161.34 E2692.9051
G0 F9000 X101.377 Y161.34
G1 F1500 X98.697 Y158.66 E2693.08159
G0 F9000 X99.263 Y158.66
G1 F1500 X101.943 Y161.34 E2693.25807
G0 F9000 X102.509 Y161.34
G1 F1500 X99.828 Y158.659 E2693.43462
G0 F9000 X100.394 Y158.659
G1 F1500 X103.074 Y161.34 E2693.61113
G0 F9000 X103.64 Y161.34
G1 F1500 X100.959 Y158.659 E2693.78768
G0 F9000 X101.525 Y158.659
G1 F1500 X104.206 Y161.34 E2693.96423
G0 F9000 X104.771 Y161.34
G1 F1500 X102.091 Y158.659 E2694.14074
G0 F9000 X102.656 Y158.659
G1 F1500 X105.337 Y161.34 E2694.31729
G0 F9000 X105.903 Y161.34
G1 F1500 X103.222 Y158.659 E2694.49384
G0 F9000 X103.787 Y158.658
G1 F1500 X106.468 Y161.34 E2694.67042
G0 F9000 X107.034 Y161.34
G1 F1500 X104.353 Y158.658 E2694.847
G0 F9000 X104.918 Y158.658
G1 F1500 X107.6 Y161.34 E2695.02362
G0 F9000 X108.165 Y161.34
G1 F1500 X105.484 Y158.658 E2695.2002
G0 F9000 X106.05 Y158.658
G1 F1500 X108.731 Y161.34 E2695.37678
G0 F9000 X109.297 Y161.34
G1 F1500 X106.615 Y158.658 E2695.55339
G0 F9000 X107.181 Y158.658
G1 F1500 X109.862 Y161.34 E2695.72998
G0 F9000 X110.428 Y161.34
G1 F1500 X107.747 Y158.658 E2695.90656
G0 F9000 X108.312 Y158.658
G1 F1500 X110.994 Y161.34 E2696.08317
G0 F9000 X111.56 Y161.34
G1 F1500 X108.877 Y158.658 E2696.25982
G0 F9000 X109.443 Y158.658
G1 F1500 X112.125 Y161.34 E2696.43643
G0 F9000 X112.691 Y161.34
G1 F1500 X110.009 Y158.658 E2696.61305
G0 F9000 X110.575 Y158.658
G1 F1500 X113.257 Y161.34 E2696.78966
G0 F9000 X113.822 Y161.34
G1 F1500 X111.14 Y158.658 E2696.96628
G0 F9000 X111.706 Y158.658
G1 F1500 X114.388 Y161.34 E2697.14289
G0 F9000 X114.954 Y161.34
G1 F1500 X112.271 Y158.657 E2697.31957
G0 F9000 X112.837 Y158.657
G1 F1500 X115.519 Y161.34 E2697.49622
G0 F9000 X116.085 Y161.34
G1 F1500 X113.402 Y158.657 E2697.6729
G0 F9000 X113.968 Y158.657
G1 F1500 X116.651 Y161.34 E2697.84958
G0 F9000 X117.216 Y161.34
G1 F1500 X114.534 Y158.657 E2698.02623
G0 F9000 X115.099 Y158.657
G1 F1500 X117.782 Y161.34 E2698.20291
G0 F9000 X118.348 Y161.34
G1 F1500 X115.665 Y158.657 E2698.37959
G0 F9000 X116.231 Y158.657
G1 F1500 X118.913 Y161.34 E2698.55623
G0 F9000 X119.479 Y161.34
G1 F1500 X116.796 Y158.656 E2698.73295
G0 F9000 X117.361 Y158.656
G1 F1500 X120.045 Y161.34 E2698.90969
G0 F9000 X120.61 Y161.34
G1 F1500 X117.927 Y158.656 E2699.0864
G0 F9000 X118.493 Y158.656
G1 F1500 X121.176 Y161.34 E2699.26312
G0 F9000 X121.742 Y161.34
G1 F1500 X119.058 Y158.656 E2699.43986
G0 F9000 X119.624 Y158.656
G1 F1500 X122.308 Y161.34 E2699.61661
G0 F9000 X122.873 Y161.34
G1 F1500 X120.19 Y158.656 E2699.79332
G0 F9000 X120.755 Y158.656
G1 F1500 X123.439 Y161.34 E2699.97007
G0 F9000 X124.005 Y161.34
G1 F1500 X121.32 Y158.656 E2700.14685
G0 F9000 X121.886 Y158.656
G1 F1500 X124.57 Y161.34 E2700.32359
G0 F9000 X125.136 Y161.34
G1 F1500 X122.452 Y158.656 E2700.50034
G0 F9000 X123.017 Y158.656
G1 F1500 X125.702 Y161.34 E2700.67712
G0 F9000 X126.267 Y161.34
G1 F1500 X123.583 Y158.656 E2700.85386
G0 F9000 X124.149 Y158.656
G1 F1500 X126.833 Y161.34 E2701.03061
G0 F9000 X127.399 Y161.34
G1 F1500 X124.715 Y158.656 E2701.20736
G0 F9000 X125.216 Y158.591
G1 F1500 X127.964 Y161.34 E2701.38835
G0 F9000 X128.53 Y161.34
G1 F1500 X125.649 Y158.459 E2701.57807
G0 F9000 X126.084 Y158.328
G1 F1500 X129.096 Y161.34 E2701.77641
G0 F9000 X129.661 Y161.34
G1 F1500 X126.517 Y158.195 E2701.98348
G0 F9000 X126.951 Y158.064
G1 F1500 X130.227 Y161.34 E2702.19922
G0 F9000 X130.793 Y161.34
G1 F1500 X127.385 Y157.932 E2702.42364
G0 F9000 X127.818 Y157.799
G1 F1500 X131.359 Y161.34 E2702.65682
G0 F9000 X131.924 Y161.34
G1 F1500 X128.252 Y157.668 E2702.89863
G0 F9000 X128.686 Y157.536
G1 F1500 X132.49 Y161.34 E2703.14913
G0 F9000 X133.056 Y161.34
G1 F1500 X129.12 Y157.404 E2703.40832
G0 F9000 X129.553 Y157.272
G1 F1500 X133.621 Y161.34 E2703.6762
G0 F9000 X134.187 Y161.34
G1 F1500 X129.925 Y157.077 E2703.9569
G0 F9000 X130.294 Y156.881
G1 F1500 X131.506 Y158.093 E2704.03671
G0 F9000 X131.892 Y158.479
G1 F1500 X134.753 Y161.34 E2704.22511
G0 F9000 X135.318 Y161.34
G1 F1500 X132.634 Y158.656 E2704.40186
G0 F9000 X133.2 Y158.656
G1 F1500 X135.884 Y161.34 E2704.5786
G0 F9000 X136.45 Y161.34
G1 F1500 X133.766 Y158.656 E2704.75535
G0 F9000 X134.331 Y158.656
G1 F1500 X137.015 Y161.34 E2704.93209
G0 F9000 X137.581 Y161.34
G1 F1500 X134.897 Y158.656 E2705.10884
G0 F9000 X135.463 Y158.656
G1 F1500 X138.147 Y161.34 E2705.28559
G0 F9000 X138.712 Y161.34
G1 F1500 X136.028 Y158.656 E2705.46233
G0 F9000 X136.594 Y158.656
G1 F1500 X139.278 Y161.34 E2705.63908
G0 F9000 X139.844 Y161.34
G1 F1500 X137.16 Y158.656 E2705.81582
G0 F9000 X137.725 Y158.656
G1 F1500 X140.409 Y161.34 E2705.99257
G0 F9000 X140.975 Y161.34
G1 F1500 X138.291 Y158.656 E2706.16932
G0 F9000 X138.857 Y158.656
G1 F1500 X141.541 Y161.34 E2706.34606
G0 F9000 X142.107 Y161.34
G1 F1500 X139.422 Y158.656 E2706.52284
G0 F9000 X139.988 Y158.656
G1 F1500 X142.672 Y161.34 E2706.69959
G0 F9000 X143.238 Y161.34
G1 F1500 X140.554 Y158.656 E2706.87633
G0 F9000 X141.12 Y158.656
G1 F1500 X143.804 Y161.34 E2707.05308
G0 F9000 X144.369 Y161.34
G1 F1500 X141.686 Y158.656 E2707.22979
G0 F9000 X142.251 Y158.656
G1 F1500 X144.935 Y161.34 E2707.40654
G0 F9000 X145.501 Y161.34
G1 F1500 X142.817 Y158.656 E2707.58328
G0 F9000 X143.383 Y158.656
G1 F1500 X146.066 Y161.34 E2707.76
G0 F9000 X146.632 Y161.34
G1 F1500 X143.949 Y158.656 E2707.93671
G0 F9000 X144.514 Y158.656
G1 F1500 X147.198 Y161.34 E2708.11346
G0 F9000 X147.763 Y161.34
G1 F1500 X145.08 Y158.656 E2708.29017
G0 F9000 X145.646 Y158.656
G1 F1500 X148.329 Y161.34 E2708.46688
G0 F9000 X148.895 Y161.34
G1 F1500 X146.211 Y158.656 E2708.64363
G0 F9000 X146.777 Y158.656
G1 F1500 X149.46 Y161.34 E2708.82034
G0 F9000 X150.026 Y161.34
G1 F1500 X147.343 Y158.656 E2708.99705
G0 F9000 X147.908 Y158.656
G1 F1500 X150.592 Y161.34 E2709.1738
G0 F9000 X151.158 Y161.34
G1 F1500 X148.474 Y158.656 E2709.35055
G0 F9000 X149.04 Y158.656
G1 F1500 X151.723 Y161.34 E2709.52726
G0 F9000 X152.289 Y161.34
G1 F1500 X149.606 Y158.657 E2709.70394
G0 F9000 X150.172 Y158.657
G1 F1500 X152.855 Y161.34 E2709.88062
G0 F9000 X153.42 Y161.34
G1 F1500 X150.737 Y158.657 E2710.0573
G0 F9000 X151.303 Y158.657
G1 F1500 X153.986 Y161.34 E2710.23398
G0 F9000 X154.552 Y161.34
G1 F1500 X151.869 Y158.657 E2710.41066
G0 F9000 X152.435 Y158.657
G1 F1500 X155.117 Y161.34 E2710.58731
G0 F9000 X155.683 Y161.34
G1 F1500 X153 Y158.657 E2710.76399
G0 F9000 X153.566 Y158.657
G1 F1500 X156.249 Y161.34 E2710.94067
G0 F9000 X156.814 Y161.34
G1 F1500 X154.132 Y158.657 E2711.11731
G0 F9000 X154.697 Y158.657
G1 F1500 X157.38 Y161.34 E2711.29399
G0 F9000 X157.946 Y161.34
G1 F1500 X155.263 Y158.657 E2711.47067
G0 F9000 X155.829 Y158.657
G1 F1500 X158.511 Y161.34 E2711.64732
G0 F9000 X159.077 Y161.34
G1 F1500 X156.394 Y158.657 E2711.824
G0 F9000 X156.96 Y158.657
G1 F1500 X159.643 Y161.34 E2712.00068
G0 F9000 X160.208 Y161.34
G1 F1500 X157.526 Y158.657 E2712.17733
G0 F9000 X157.979 Y158.545
G1 F1500 X160.774 Y161.34 E2712.36138
G0 F9000 X161.34 Y161.34
G1 F1500 X158.303 Y158.303 E2712.56138
G0 F9000 X158.544 Y157.978
G1 F1500 X161.34 Y160.774 E2712.7455
G0 F9000 X161.34 Y160.208
G1 F1500 X158.656 Y157.525 E2712.92221
G0 F9000 X158.656 Y156.959
G1 F1500 X161.34 Y159.643 E2713.09896
G0 F9000 X161.34 Y159.077
G1 F1500 X158.656 Y156.394 E2713.27567
G0 F9000 X158.656 Y155.828
G1 F1500 X161.34 Y158.511 E2713.45238
G0 F9000 X161.34 Y157.946
G1 F1500 X158.656 Y155.262 E2713.62913
G0 F9000 X158.656 Y154.697
G1 F1500 X161.34 Y157.38 E2713.80584
G0 F9000 X161.34 Y156.814
G1 F1500 X158.656 Y154.131 E2713.98256
G0 F9000 X158.656 Y153.565
G1 F1500 X161.34 Y156.249 E2714.1593
G0 F9000 X161.34 Y155.683
G1 F1500 X158.656 Y153 E2714.33601
G0 F9000 X158.656 Y152.434
G1 F1500 X161.34 Y155.117 E2714.51273
G0 F9000 X161.34 Y154.552
G1 F1500 X158.656 Y151.868 E2714.68947
G0 F9000 X158.656 Y151.302
G1 F1500 X161.34 Y153.986 E2714.86622
G0 F9000 X161.34 Y153.42
G1 F1500 X158.656 Y150.737 E2715.04293
G0 F9000 X158.656 Y150.171
G1 F1500 X161.34 Y152.855 E2715.21968
G0 F9000 X161.34 Y152.289
G1 F1500 X158.656 Y149.605 E2715.39642
G0 F9000 X158.656 Y149.039
G1 F1500 X161.34 Y151.723 E2715.57317
G0 F9000 X161.34 Y151.158
G1 F1500 X158.656 Y148.473 E2715.74995
G0 F9000 X158.656 Y147.908
G1 F1500 X161.34 Y150.592 E2715.9267
G0 F9000 X161.34 Y150.026
G1 F1500 X158.656 Y147.342 E2716.10344
G0 F9000 X158.656 Y146.776
G1 F1500 X161.34 Y149.46 E2716.28019
G0 F9000 X161.34 Y148.895
G1 F1500 X158.656 Y146.211 E2716.45693
G0 F9000 X158.656 Y145.645
G1 F1500 X161.34 Y148.329 E2716.63368
G0 F9000 X161.34 Y147.763
G1 F1500 X158.656 Y145.079 E2716.81043
G0 F9000 X158.656 Y144.514
G1 F1500 X161.34 Y147.198 E2716.98717
G0 F9000 X161.34 Y146.632
G1 F1500 X158.656 Y143.948 E2717.16392
G0 F9000 X158.656 Y143.382
G1 F1500 X161.34 Y146.066 E2717.34066
G0 F9000 X161.34 Y145.501
G1 F1500 X158.656 Y142.816 E2717.51744
G0 F9000 X158.656 Y142.251
G1 F1500 X161.34 Y144.935 E2717.69419
G0 F9000 X161.34 Y144.369
G1 F1500 X158.656 Y141.685 E2717.87093
G0 F9000 X158.656 Y141.119
G1 F1500 X161.34 Y143.804 E2718.04771
G0 F9000 X161.34 Y143.238
G1 F1500 X158.655 Y140.553 E2718.22452
G0 F9000 X158.655 Y139.987
G1 F1500 X161.34 Y142.672 E2718.40134
G0 F9000 X161.34 Y142.107
G1 F1500 X158.655 Y139.422 E2718.57815
G0 F9000 X158.655 Y138.856
G1 F1500 X161.34 Y141.541 E2718.75496
G0 F9000 X161.34 Y140.975
G1 F1500 X158.655 Y138.29 E2718.93177
G0 F9000 X158.655 Y137.725
G1 F1500 X161.34 Y140.409 E2719.10855
G0 F9000 X161.34 Y139.844
G1 F1500 X158.655 Y137.159 E2719.28536
G0 F9000 X158.655 Y136.593
G1 F1500 X161.34 Y139.278 E2719.46217
G0 F9000 X161.34 Y138.712
G1 F1500 X158.655 Y136.028 E2719.63895
G0 F9000 X158.655 Y135.462
G1 F1500 X161.34 Y138.147 E2719.81577
G0 F9000 X161.34 Y137.581
G1 F1500 X158.655 Y134.896 E2719.99258
G0 F9000 X158.655 Y134.33
G1 F1500 X161.34 Y137.015 E2720.16939
G0 F9000 X161.34 Y136.45
G1 F1500 X158.655 Y133.765 E2720.3462
G0 F9000 X158.655 Y133.199
G1 F1500 X161.34 Y135.884 E2720.52301
G0 F9000 X161.34 Y135.318
G1 F1500 X158.655 Y132.633 E2720.69982
G0 F9000 X158.478 Y131.891
G1 F1500 X161.34 Y134.753 E2720.88829
G0 F9000 X161.34 Y134.187
G1 F1500 X157.077 Y129.925 E2721.16898
G0 F9000 X156.881 Y130.294
G1 F1500 X158.091 Y131.503 E2721.24863
G0 F9000 X157.322 Y131.301
G1 F1500 X156.684 Y130.663 E2721.29065
G0 F9000 X156.488 Y131.032
G1 F1500 X156.831 Y131.375 E2721.31323
G0 F9000 X156.488 Y131.598
G1 F1500 X156.307 Y131.417 E2721.32515
G0 F9000 X155.884 Y131.19
G0 X156.843 Y129.393
G0 X157.271 Y129.553
G1 F1500 X161.34 Y133.621 E2721.59307
G0 F9000 X161.34 Y133.056
G1 F1500 X157.403 Y129.118 E2721.85236
G0 F9000 X157.534 Y128.684
G1 F1500 X161.34 Y132.49 E2722.10299
G0 F9000 X161.34 Y131.924
G1 F1500 X157.666 Y128.25 E2722.34493
G0 F9000 X157.797 Y127.816
G1 F1500 X161.34 Y131.359 E2722.57824
G0 F9000 X161.34 Y130.793
G1 F1500 X157.929 Y127.382 E2722.80286
G0 F9000 X158.061 Y126.948
G1 F1500 X161.34 Y130.227 E2723.01879
G0 F9000 X161.34 Y129.661
G1 F1500 X158.193 Y126.514 E2723.22603
G0 F9000 X158.324 Y126.08
G1 F1500 X161.34 Y129.096 E2723.42464
G0 F9000 X161.34 Y128.53
G1 F1500 X158.456 Y125.646 E2723.61455
G0 F9000 X158.587 Y125.212
G1 F1500 X161.34 Y127.964 E2723.79581
G0 F9000 X161.34 Y127.399
G1 F1500 X158.655 Y124.714 E2723.97262
G0 F9000 X158.655 Y124.148
G1 F1500 X161.34 Y126.833 E2724.14943
G0 F9000 X161.34 Y126.267
G1 F1500 X158.655 Y123.582 E2724.32625
G0 F9000 X158.655 Y123.017
G1 F1500 X161.34 Y125.702 E2724.50306
G0 F9000 X161.34 Y125.136
G1 F1500 X158.655 Y122.451 E2724.67987
G0 F9000 X158.655 Y121.885
G1 F1500 X161.34 Y124.57 E2724.85668
G0 F9000 X161.34 Y124.005
G1 F1500 X158.655 Y121.32 E2725.03349
G0 F9000 X158.655 Y120.754
G1 F1500 X161.34 Y123.439 E2725.2103
G0 F9000 X161.34 Y122.873
G1 F1500 X158.656 Y120.189 E2725.38705
G0 F9000 X158.656 Y119.623
G1 F1500 X161.34 Y122.308 E2725.56383
G0 F9000 X161.34 Y121.742
G1 F1500 X158.656 Y119.058 E2725.74058
G0 F9000 X158.656 Y118.492
G1 F1500 X161.34 Y121.176 E2725.91732
G0 F9000 X161.34 Y120.61
G1 F1500 X158.656 Y117.926 E2726.09407
G0 F9000 X158.656 Y117.361
G1 F1500 X161.34 Y120.045 E2726.27081
G0 F9000 X161.34 Y119.479
G1 F1500 X158.656 Y116.795 E2726.44756
G0 F9000 X158.656 Y116.23
G1 F1500 X161.34 Y118.913 E2726.62427
G0 F9000 X161.34 Y118.348
G1 F1500 X158.656 Y115.664 E2726.80102
G0 F9000 X158.656 Y115.099
G1 F1500 X161.34 Y117.782 E2726.97773
G0 F9000 X161.34 Y117.216
G1 F1500 X158.656 Y114.533 E2727.15444
G0 F9000 X158.656 Y113.967
G1 F1500 X161.34 Y116.651 E2727.33119
G0 F9000 X161.34 Y116.085
G1 F1500 X158.656 Y113.402 E2727.5079
G0 F9000 X158.656 Y112.836
G1 F1500 X161.34 Y115.519 E2727.68462
G0 F9000 X161.34 Y114.954
G1 F1500 X158.656 Y112.27 E2727.86136
G0 F9000 X158.657 Y111.705
G1 F1500 X161.34 Y114.388 E2728.03804
G0 F9000 X161.34 Y113.822
G1 F1500 X158.657 Y111.14 E2728.21469
G0 F9000 X158.657 Y110.574
G1 F1500 X161.34 Y113.257 E2728.39137
G0 F9000 X161.34 Y112.691
G1 F1500 X158.657 Y110.008 E2728.56805
G0 F9000 X158.657 Y109.442
G1 F1500 X161.34 Y112.125 E2728.74473
G0 F9000 X161.34 Y111.56
G1 F1500 X158.657 Y108.877 E2728.92141
G0 F9000 X158.657 Y108.311
G1 F1500 X161.34 Y110.994 E2729.09809
G0 F9000 X161.34 Y110.428
G1 F1500 X158.658 Y107.746 E2729.2747
G0 F9000 X158.658 Y107.18
G1 F1500 X161.34 Y109.862 E2729.45132
G0 F9000 X161.34 Y109.297
G1 F1500 X158.658 Y106.615 E2729.62793
G0 F9000 X158.658 Y106.049
G1 F1500 X161.34 Y108.731 E2729.80455
G0 F9000 X161.34 Y108.165
G1 F1500 X158.658 Y105.483 E2729.98116
G0 F9000 X158.658 Y104.918
G1 F1500 X161.34 Y107.6 E2730.15778
G0 F9000 X161.34 Y107.034
G1 F1500 X158.658 Y104.352 E2730.33439
G0 F9000 X158.658 Y103.786
G1 F1500 X161.34 Y106.468 E2730.511
G0 F9000 X161.34 Y105.903
G1 F1500 X158.658 Y103.221 E2730.68762
G0 F9000 X158.658 Y102.656
G1 F1500 X161.34 Y105.337 E2730.8642
G0 F9000 X161.34 Y104.771
G1 F1500 X158.658 Y102.09 E2731.04078
G0 F9000 X158.658 Y101.524
G1 F1500 X161.34 Y104.206 E2731.2174
G0 F9000 X161.34 Y103.64
G1 F1500 X158.658 Y100.959 E2731.39398
G0 F9000 X158.658 Y100.393
G1 F1500 X161.34 Y103.074 E2731.57056
G0 F9000 X161.34 Y102.509
G1 F1500 X158.658 Y99.827 E2731.74717
G0 F9000 X158.659 Y99.262
G1 F1500 X161.34 Y101.943 E2731.92372
G0 F9000 X161.34 Y101.377
G1 F1500 X158.659 Y98.697 E2732.10024
G0 F9000 X158.659 Y98.131
G1 F1500 X161.34 Y100.812 E2732.27679
G0 F9000 X161.34 Y100.246
G1 F1500 X158.659 Y97.565 E2732.45333
G0 F9000 X158.659 Y96.999
G1 F1500 X161.34 Y99.68 E2732.62988
G0 F9000 X161.34 Y99.114
G1 F1500 X158.659 Y96.434 E2732.8064
G0 F9000 X158.659 Y95.868
G1 F1500 X161.34 Y98.549 E2732.98295
G0 F9000 X161.34 Y97.983
G1 F1500 X158.659 Y95.302 E2733.15949
G0 F9000 X158.538 Y94.616
G1 F1500 X161.34 Y97.417 E2733.34398
G0 F9000 X161.34 Y96.852
G1 F1500 X158.292 Y93.803 E2733.54473
G0 F9000 X158.045 Y92.992
G1 F1500 X161.34 Y96.286 E2733.76168
G0 F9000 X161.34 Y95.72
G1 F1500 X157.799 Y92.18 E2733.99482
G0 F9000 X157.553 Y91.367
G1 F1500 X161.34 Y95.155 E2734.24424
G0 F9000 X161.34 Y94.589
G1 F1500 X157.307 Y90.556 E2734.50982
G0 F9000 X156.869 Y90.689
G0 X156.32 Y89.625
G0 X156.725 Y89.409
G1 F1500 X161.34 Y94.023 E2734.81369
G0 F9000 X161.34 Y93.458
G1 F1500 X156.256 Y88.373 E2735.14851
G0 F9000 X157.13 Y88.682
G1 F1500 X161.34 Y92.892 E2735.42575
G0 F9000 X161.34 Y92.326
G1 F1500 X157.663 Y88.649 E2735.66788
G0 F9000 X158.076 Y88.497
G1 F1500 X161.34 Y91.761 E2735.88282
G0 F9000 X161.34 Y91.195
G1 F1500 X158.389 Y88.244 E2736.07715
G0 F9000 X158.598 Y87.887
G1 F1500 X161.34 Y90.629 E2736.25772
G0 F9000 X161.34 Y90.063
G1 F1500 X158.655 Y87.379 E2736.4345
G0 F9000 X158.655 Y86.813
G1 F1500 X161.34 Y89.498 E2736.61131
G0 F9000 X161.34 Y88.932
G1 F1500 X158.655 Y86.247 E2736.78812
G0 F9000 X158.655 Y85.682
G1 F1500 X161.34 Y88.366 E2736.9649
G0 F9000 X161.34 Y87.801
G1 F1500 X158.655 Y85.116 E2737.14171
G0 F9000 X158.655 Y84.55
G1 F1500 X161.34 Y87.235 E2737.31852
G0 F9000 X161.34 Y86.669
G1 F1500 X158.655 Y83.984 E2737.49534
G0 F9000 X158.655 Y83.419
G1 F1500 X161.34 Y86.104 E2737.67215
G0 F9000 X161.34 Y85.538
G1 F1500 X158.655 Y82.853 E2737.84896
G0 F9000 X158.655 Y82.287
G1 F1500 X161.34 Y84.972 E2738.02577
G0 F9000 X161.34 Y84.407
G1 F1500 X158.655 Y81.722 E2738.20258
G0 F9000 X158.655 Y81.156
G1 F1500 X161.34 Y83.841 E2738.37939
G0 F9000 X161.34 Y83.275
G1 F1500 X158.655 Y80.59 E2738.55621
G0 F9000 X158.655 Y80.025
G1 F1500 X161.34 Y82.71 E2738.73302
G0 F9000 X161.34 Y82.144
G1 F1500 X158.655 Y79.459 E2738.90983
G0 F9000 X158.656 Y78.894
G1 F1500 X161.34 Y81.578 E2739.08658
G0 F9000 X161.34 Y81.013
G1 F1500 X158.656 Y78.328 E2739.26336
G0 F9000 X158.656 Y77.763
G1 F1500 X161.34 Y80.447 E2739.4401
G0 F9000 X161.34 Y79.881
G1 F1500 X158.656 Y77.197 E2739.61685
G0 F9000 X158.656 Y76.631
G1 F1500 X161.34 Y79.315 E2739.79359
G0 F9000 X161.34 Y78.75
G1 F1500 X158.656 Y76.066 E2739.97034
G0 F9000 X158.656 Y75.5
G1 F1500 X161.34 Y78.184 E2740.14708
G0 F9000 X161.34 Y77.618
G1 F1500 X158.656 Y74.934 E2740.32383
G0 F9000 X158.656 Y74.369
G1 F1500 X161.34 Y77.053 E2740.50058
G0 F9000 X161.34 Y76.487
G1 F1500 X158.656 Y73.803 E2740.67732
G0 F9000 X158.656 Y73.237
G1 F1500 X161.34 Y75.921 E2740.85407
G0 F9000 X161.34 Y75.356
G1 F1500 X158.656 Y72.671 E2741.03085
G0 F9000 X158.656 Y72.106
G1 F1500 X161.34 Y74.79 E2741.20759
G0 F9000 X161.34 Y74.224
G1 F1500 X158.656 Y71.54 E2741.38434
G0 F9000 X158.656 Y70.974
G1 F1500 X161.34 Y73.659 E2741.56112
G0 F9000 X161.34 Y73.093
G1 F1500 X158.656 Y70.409 E2741.73786
G0 F9000 X158.656 Y69.844
G1 F1500 X161.34 Y72.527 E2741.91458
G0 F9000 X161.34 Y71.962
G1 F1500 X158.656 Y69.278 E2742.09132
G0 F9000 X158.656 Y68.712
G1 F1500 X161.34 Y71.396 E2742.26807
G0 F9000 X161.34 Y70.83
G1 F1500 X158.656 Y68.147 E2742.44478
G0 F9000 X158.656 Y67.581
G1 F1500 X161.34 Y70.264 E2742.6215
G0 F9000 X161.34 Y69.699
G1 F1500 X158.656 Y67.015 E2742.79824
G0 F9000 X158.656 Y66.45
G1 F1500 X161.34 Y69.133 E2742.97495
G0 F9000 X161.34 Y68.567
G1 F1500 X158.656 Y65.884 E2743.15167
G0 F9000 X158.656 Y65.318
G1 F1500 X161.34 Y68.002 E2743.32841
G0 F9000 X161.34 Y67.436
G1 F1500 X158.656 Y64.753 E2743.50513
G0 F9000 X158.656 Y64.187
G1 F1500 X161.34 Y66.87 E2743.68184
G0 F9000 X161.34 Y66.305
G1 F1500 X158.656 Y63.621 E2743.85859
G0 F9000 X158.656 Y63.056
G1 F1500 X161.34 Y65.739 E2744.0353
G0 F9000 X161.34 Y65.173
G1 F1500 X158.656 Y62.49 E2744.21201
G0 F9000 X158.201 Y62.506
G0 X157.494 Y61.799
G0 X157.507 Y61.341
G1 F1500 X154.827 Y58.66 E2744.38853
G0 F9000 X155.392 Y58.66
G1 F1500 X161.34 Y64.608 E2744.78021
G0 F9000 X161.34 Y64.042
G1 F1500 X155.958 Y58.66 E2745.13463
G0 F9000 X156.524 Y58.66
G1 F1500 X161.34 Y63.476 E2745.45177
G0 F9000 X161.34 Y62.911
G1 F1500 X157.089 Y58.66 E2745.7317
G0 F9000 X157.655 Y58.66
G1 F1500 X161.34 Y62.345 E2745.97437
G0 F9000 X161.34 Y61.779
G1 F1500 X158.221 Y58.66 E2746.17976
G0 F9000 X158.786 Y58.66
G1 F1500 X161.34 Y61.214 E2746.34795
G0 F9000 X161.34 Y60.648
G1 F1500 X159.352 Y58.66 E2746.47886
G0 F9000 X159.918 Y58.66
G1 F1500 X161.34 Y60.082 E2746.5725
G0 F9000 X161.34 Y59.516
G1 F1500 X160.484 Y58.66 E2746.62887
G0 F9000 X161.049 Y58.66
G1 F1500 X161.34 Y58.951 E2746.64803
G1 F1500 E2740.14803
G0 F9000 X161.8 Y58.951
G0 X161.7 Y61.8
G0 X158.252 Y62.287
G0 X156.942 Y61.341
G1 F1500 E2746.64803
G1 X154.261 Y58.66 E2746.82458
G0 F9000 X153.695 Y58.66
G1 F1500 X156.376 Y61.341 E2747.00113
G0 F9000 X155.81 Y61.341
G1 F1500 X153.13 Y58.66 E2747.17764
G0 F9000 X152.564 Y58.66
G1 F1500 X155.245 Y61.341 E2747.35419
G0 F9000 X154.679 Y61.341
G1 F1500 X151.998 Y58.66 E2747.53074
G0 F9000 X151.433 Y58.66
G1 F1500 X154.113 Y61.341 E2747.70726
G0 F9000 X153.548 Y61.341
G1 F1500 X150.867 Y58.66 E2747.8838
G0 F9000 X150.301 Y58.66
G1 F1500 X152.982 Y61.341 E2748.06035
G0 F9000 X152.416 Y61.341
G1 F1500 X149.736 Y58.66 E2748.23687
G0 F9000 X149.17 Y58.66
G1 F1500 X151.85 Y61.341 E2748.41338
G0 F9000 X151.285 Y61.341
G1 F1500 X148.604 Y58.66 E2748.58993
G0 F9000 X148.038 Y58.66
G1 F1500 X150.719 Y61.341 E2748.76648
G0 F9000 X150.153 Y61.341
G1 F1500 X147.473 Y58.66 E2748.943
G0 F9000 X146.907 Y58.66
G1 F1500 X149.588 Y61.341 E2749.11954
G0 F9000 X149.022 Y61.341
G1 F1500 X146.341 Y58.66 E2749.29609
G0 F9000 X145.776 Y58.66
G1 F1500 X148.456 Y61.341 E2749.47261
G0 F9000 X147.891 Y61.341
G1 F1500 X145.21 Y58.66 E2749.64916
G0 F9000 X144.644 Y58.66
G1 F1500 X147.325 Y61.341 E2749.82571
G0 F9000 X146.759 Y61.341
G1 F1500 X144.079 Y58.66 E2750.00222
G0 F9000 X143.513 Y58.66
G1 F1500 X146.194 Y61.341 E2750.17877
G0 F9000 X145.628 Y61.341
G1 F1500 X142.947 Y58.66 E2750.35532
G0 F9000 X142.382 Y58.66
G1 F1500 X145.062 Y61.341 E2750.53183
G0 F9000 X144.496 Y61.34
G1 F1500 X141.816 Y58.66 E2750.70832
G0 F9000 X141.25 Y58.66
G1 F1500 X143.93 Y61.34 E2750.8848
G0 F9000 X143.364 Y61.34
G1 F1500 X140.685 Y58.66 E2751.06125
G0 F9000 X140.119 Y58.66
G1 F1500 X142.799 Y61.34 E2751.23773
G0 F9000 X142.233 Y61.34
G1 F1500 X139.553 Y58.66 E2751.41421
G0 F9000 X138.987 Y58.66
G1 F1500 X141.667 Y61.34 E2751.5907
G0 F9000 X141.102 Y61.34
G1 F1500 X138.422 Y58.66 E2751.76718
G0 F9000 X137.856 Y58.66
G1 F1500 X140.536 Y61.34 E2751.94366
G0 F9000 X139.97 Y61.34
G1 F1500 X137.29 Y58.66 E2752.12014
G0 F9000 X136.725 Y58.66
G1 F1500 X139.405 Y61.34 E2752.29663
G0 F9000 X138.839 Y61.34
G1 F1500 X136.159 Y58.66 E2752.47311
G0 F9000 X135.593 Y58.66
G1 F1500 X138.273 Y61.34 E2752.64959
G0 F9000 X137.708 Y61.34
G1 F1500 X135.028 Y58.66 E2752.82607
G0 F9000 X134.462 Y58.66
G1 F1500 X137.142 Y61.34 E2753.00256
G0 F9000 X136.576 Y61.34
G1 F1500 X133.896 Y58.66 E2753.17904
G0 F9000 X133.331 Y58.66
G1 F1500 X136.011 Y61.34 E2753.35552
G0 F9000 X135.445 Y61.34
G1 F1500 X132.765 Y58.66 E2753.532
G0 F9000 X132.199 Y58.66
G1 F1500 X134.879 Y61.34 E2753.70849
G0 F9000 X134.314 Y61.34
G1 F1500 X131.634 Y58.66 E2753.88497
G0 F9000 X131.068 Y58.66
G1 F1500 X133.748 Y61.34 E2754.06145
G0 F9000 X133.182 Y61.34
G1 F1500 X130.502 Y58.66 E2754.23793
G0 F9000 X129.937 Y58.66
G1 F1500 X132.616 Y61.34 E2754.41438
G0 F9000 X132.109 Y61.398
G1 F1500 X129.371 Y58.66 E2754.59469
G0 F9000 X128.805 Y58.66
G1 F1500 X131.75 Y61.605 E2754.78862
G0 F9000 X131.498 Y61.919
G1 F1500 X128.239 Y58.66 E2755.00323
G0 F9000 X127.674 Y58.66
G1 F1500 X131.345 Y62.331 E2755.24497
G0 F9000 X131.312 Y62.864
G1 F1500 X127.108 Y58.66 E2755.52181
G0 F9000 X126.542 Y58.66
G1 F1500 X131.684 Y63.802 E2755.86042
G0 F9000 X131.444 Y64.25
G0 X130.368 Y63.675
G0 X130.586 Y63.269
G1 F1500 X125.977 Y58.66 E2756.16393
G0 F9000 X125.411 Y58.66
G1 F1500 X129.439 Y62.689 E2756.42922
G0 F9000 X128.627 Y62.442
G1 F1500 X124.845 Y58.66 E2756.67827
G0 F9000 X124.28 Y58.66
G1 F1500 X127.815 Y62.195 E2756.91105
G0 F9000 X127.002 Y61.948
G1 F1500 X123.714 Y58.66 E2757.12757
G0 F9000 X123.148 Y58.66
G1 F1500 X126.189 Y61.701 E2757.32783
G0 F9000 X125.376 Y61.454
G1 F1500 X122.583 Y58.66 E2757.51179
G0 F9000 X122.017 Y58.66
G1 F1500 X124.7 Y61.344 E2757.6885
G0 F9000 X124.135 Y61.344
G1 F1500 X121.451 Y58.66 E2757.86524
G0 F9000 X120.886 Y58.66
G1 F1500 X123.569 Y61.344 E2758.04196
G0 F9000 X123.003 Y61.344
G1 F1500 X120.32 Y58.66 E2758.21867
G0 F9000 X119.754 Y58.66
G1 F1500 X122.438 Y61.344 E2758.39542
G0 F9000 X121.872 Y61.344
G1 F1500 X119.189 Y58.66 E2758.57213
G0 F9000 X118.623 Y58.66
G1 F1500 X121.306 Y61.344 E2758.74884
G0 F9000 X120.741 Y61.344
G1 F1500 X118.057 Y58.66 E2758.92559
G0 F9000 X117.491 Y58.66
G1 F1500 X120.175 Y61.344 E2759.10233
G0 F9000 X119.609 Y61.344
G1 F1500 X116.926 Y58.66 E2759.27905
G0 F9000 X116.36 Y58.66
G1 F1500 X119.044 Y61.344 E2759.45579
G0 F9000 X118.478 Y61.344
G1 F1500 X115.794 Y58.66 E2759.63254
G0 F9000 X115.229 Y58.66
G1 F1500 X117.912 Y61.344 E2759.80925
G0 F9000 X117.346 Y61.344
G1 F1500 X114.663 Y58.66 E2759.98597
G0 F9000 X114.097 Y58.66
G1 F1500 X116.781 Y61.344 E2760.16271
G0 F9000 X116.215 Y61.344
G1 F1500 X113.532 Y58.66 E2760.33942
G0 F9000 X112.966 Y58.66
G1 F1500 X115.649 Y61.344 E2760.51614
G0 F9000 X115.084 Y61.344
G1 F1500 X112.4 Y58.66 E2760.69288
G0 F9000 X111.835 Y58.66
G1 F1500 X114.518 Y61.344 E2760.8696
G0 F9000 X113.952 Y61.344
G1 F1500 X111.269 Y58.66 E2761.04631
G0 F9000 X110.703 Y58.66
G1 F1500 X113.387 Y61.344 E2761.22306
G0 F9000 X112.821 Y61.344
G1 F1500 X110.138 Y58.66 E2761.39977
G0 F9000 X109.573 Y58.661
G1 F1500 X112.255 Y61.344 E2761.57642
G0 F9000 X111.69 Y61.344
G1 F1500 X109.007 Y58.661 E2761.7531
G0 F9000 X108.441 Y58.661
G1 F1500 X111.124 Y61.344 E2761.92978
G0 F9000 X110.558 Y61.344
G1 F1500 X107.876 Y58.661 E2762.10642
G0 F9000 X107.31 Y58.661
G1 F1500 X109.993 Y61.344 E2762.2831
G0 F9000 X109.428 Y61.344
G1 F1500 X106.744 Y58.661 E2762.45982
G0 F9000 X106.178 Y58.661
G1 F1500 X108.862 Y61.344 E2762.63653
G0 F9000 X108.296 Y61.344
G1 F1500 X105.613 Y58.661 E2762.81321
G0 F9000 X105.047 Y58.661
G1 F1500 X107.731 Y61.344 E2762.98992
G0 F9000 X107.165 Y61.344
G1 F1500 X104.481 Y58.661 E2763.16664
G0 F9000 X103.916 Y58.661
G1 F1500 X106.599 Y61.344 E2763.34332
G0 F9000 X106.033 Y61.344
G1 F1500 X103.35 Y58.661 E2763.52
G0 F9000 X102.784 Y58.661
G1 F1500 X105.468 Y61.344 E2763.69671
G0 F9000 X104.902 Y61.344
G1 F1500 X102.219 Y58.661 E2763.87339
G0 F9000 X101.653 Y58.661
G1 F1500 X104.336 Y61.344 E2764.05007
G0 F9000 X103.771 Y61.344
G1 F1500 X101.087 Y58.661 E2764.22678
G0 F9000 X100.522 Y58.661
G1 F1500 X103.205 Y61.344 E2764.40346
G0 F9000 X102.639 Y61.344
G1 F1500 X99.956 Y58.661 E2764.58014
G0 F9000 X99.39 Y58.661
G1 F1500 X102.074 Y61.344 E2764.75686
G0 F9000 X101.508 Y61.344
G1 F1500 X98.825 Y58.661 E2764.93354
G0 F9000 X98.259 Y58.661
G1 F1500 X100.942 Y61.344 E2765.11022
G0 F9000 X100.377 Y61.344
G1 F1500 X97.693 Y58.661 E2765.28693
G0 F9000 X97.127 Y58.661
G1 F1500 X99.811 Y61.344 E2765.46364
G0 F9000 X99.245 Y61.344
G1 F1500 X96.562 Y58.661 E2765.64032
G0 F9000 X95.996 Y58.661
G1 F1500 X98.68 Y61.344 E2765.81704
G0 F9000 X98.114 Y61.344
G1 F1500 X95.43 Y58.661 E2765.99375
G0 F9000 X94.865 Y58.661
G1 F1500 X97.548 Y61.344 E2766.17043
G0 F9000 X96.983 Y61.344
G1 F1500 X94.299 Y58.661 E2766.34714
G0 F9000 X93.733 Y58.661
G1 F1500 X96.417 Y61.344 E2766.52385
G0 F9000 X95.851 Y61.344
G1 F1500 X93.168 Y58.661 E2766.70054
G0 F9000 X92.602 Y58.661
G1 F1500 X95.285 Y61.344 E2766.87722
G0 F9000 X94.786 Y61.411
G1 F1500 X92.036 Y58.661 E2767.05831
G0 F9000 X91.471 Y58.661
G1 F1500 X94.352 Y61.542 E2767.24803
G0 F9000 X93.917 Y61.673
G1 F1500 X90.905 Y58.661 E2767.44637
G0 F9000 X90.339 Y58.661
G1 F1500 X93.482 Y61.804 E2767.65334
G0 F9000 X93.047 Y61.935
G1 F1500 X89.774 Y58.661 E2767.86891
G0 F9000 X89.208 Y58.661
G1 F1500 X92.613 Y62.066 E2768.09313
G0 F9000 X92.178 Y62.197
G1 F1500 X88.642 Y58.661 E2768.32599
G0 F9000 X88.077 Y58.661
G1 F1500 X91.744 Y62.328 E2768.56746
G0 F9000 X91.309 Y62.459
G1 F1500 X87.511 Y58.661 E2768.81757
G0 F9000 X86.945 Y58.661
G1 F1500 X90.874 Y62.59 E2769.0763
G0 F9000 X90.439 Y62.72
G1 F1500 X86.379 Y58.661 E2769.34363
G0 F9000 X85.814 Y58.661
G1 F1500 X90.068 Y62.916 E2769.62379
G0 F9000 X89.699 Y63.112
G1 F1500 X88.549 Y61.962 E2769.69952
G0 F9000 X88.106 Y61.518
G1 F1500 X85.248 Y58.661 E2769.88769
G0 F9000 X84.682 Y58.661
G1 F1500 X87.366 Y61.344 E2770.0644
G0 F9000 X86.8 Y61.344
G1 F1500 X84.117 Y58.661 E2770.24109
G0 F9000 X83.551 Y58.661
G1 F1500 X86.235 Y61.344 E2770.4178
G0 F9000 X85.669 Y61.344
G1 F1500 X82.985 Y58.661 E2770.59451
G0 F9000 X82.42 Y58.661
G1 F1500 X85.103 Y61.344 E2770.77119
G0 F9000 X84.537 Y61.344
G1 F1500 X81.854 Y58.661 E2770.94787
G0 F9000 X81.288 Y58.661
G1 F1500 X83.972 Y61.344 E2771.12458
G0 F9000 X83.406 Y61.344
G1 F1500 X80.723 Y58.661 E2771.30126
G0 F9000 X80.157 Y58.661
G1 F1500 X82.84 Y61.344 E2771.47794
G0 F9000 X82.275 Y61.344
G1 F1500 X79.591 Y58.661 E2771.65466
G0 F9000 X79.026 Y58.661
G1 F1500 X81.708 Y61.344 E2771.83131
G0 F9000 X81.143 Y61.344
G1 F1500 X78.46 Y58.661 E2772.00799
G0 F9000 X77.894 Y58.661
G1 F1500 X80.577 Y61.344 E2772.18467
G0 F9000 X80.011 Y61.344
G1 F1500 X77.328 Y58.661 E2772.36135
G0 F9000 X76.763 Y58.661
G1 F1500 X79.446 Y61.344 E2772.53803
G0 F9000 X78.88 Y61.344
G1 F1500 X76.197 Y58.661 E2772.71471
G0 F9000 X75.631 Y58.661
G1 F1500 X78.314 Y61.344 E2772.89139
G0 F9000 X77.749 Y61.344
G1 F1500 X75.066 Y58.661 E2773.06807
G0 F9000 X74.5 Y58.661
G1 F1500 X77.183 Y61.344 E2773.24475
G0 F9000 X76.617 Y61.344
G1 F1500 X73.934 Y58.661 E2773.42143
G0 F9000 X73.369 Y58.661
G1 F1500 X76.051 Y61.343 E2773.59804
G0 F9000 X75.485 Y61.343
G1 F1500 X72.803 Y58.661 E2773.77465
G0 F9000 X72.237 Y58.661
G1 F1500 X74.919 Y61.343 E2773.95127
G0 F9000 X74.354 Y61.343
G1 F1500 X71.672 Y58.661 E2774.12788
G0 F9000 X71.106 Y58.661
G1 F1500 X73.788 Y61.343 E2774.3045
G0 F9000 X73.222 Y61.343
G1 F1500 X70.54 Y58.661 E2774.48111
G0 F9000 X69.975 Y58.661
G1 F1500 X72.657 Y61.343 E2774.65773
G0 F9000 X72.091 Y61.343
G1 F1500 X69.409 Y58.661 E2774.83434
G0 F9000 X68.843 Y58.661
G1 F1500 X71.525 Y61.343 E2775.01095
G0 F9000 X70.96 Y61.343
G1 F1500 X68.278 Y58.661 E2775.18757
G0 F9000 X67.712 Y58.661
G1 F1500 X70.394 Y61.343 E2775.36418
G0 F9000 X69.828 Y61.343
G1 F1500 X67.146 Y58.661 E2775.5408
G0 F9000 X66.58 Y58.661
G1 F1500 X69.263 Y61.343 E2775.71744
G0 F9000 X68.696 Y61.342
G1 F1500 X66.015 Y58.661 E2775.89399
G0 F9000 X65.449 Y58.661
G1 F1500 X68.13 Y61.342 E2776.07054
G0 F9000 X67.565 Y61.342
G1 F1500 X64.883 Y58.661 E2776.24712
G0 F9000 X64.318 Y58.661
G1 F1500 X66.999 Y61.342 E2776.42367
G0 F9000 X66.433 Y61.342
G1 F1500 X63.752 Y58.661 E2776.60022
G0 F9000 X63.186 Y58.661
G1 F1500 X65.868 Y61.342 E2776.7768
G0 F9000 X65.302 Y61.342
G1 F1500 X62.621 Y58.661 E2776.95335
G0 F9000 X62.055 Y58.661
G1 F1500 X64.736 Y61.342 E2777.1299
G0 F9000 X64.171 Y61.342
G1 F1500 X61.489 Y58.661 E2777.30648
G0 F9000 X60.924 Y58.661
G1 F1500 X63.605 Y61.342 E2777.48303
G0 F9000 X63.039 Y61.342
G1 F1500 X60.358 Y58.661 E2777.65958
G0 F9000 X59.792 Y58.661
G1 F1500 X62.474 Y61.342 E2777.83616
G0 F9000 X62.017 Y61.451
G1 F1500 X59.227 Y58.661 E2778.01988
G0 F9000 X58.661 Y58.661
G1 F1500 X61.693 Y61.693 E2778.21955
G0 F9000 X61.456 Y62.022
G1 F1500 X58.66 Y59.226 E2778.40367
G0 F9000 X58.66 Y59.792
G1 F1500 X61.343 Y62.474 E2778.58031
G0 F9000 X61.343 Y63.04
G1 F1500 X58.66 Y60.357 E2778.757
G0 F9000 X58.66 Y60.923
G1 F1500 X61.343 Y63.606 E2778.93368
G0 F9000 X61.343 Y64.171
G1 F1500 X58.66 Y61.489 E2779.11032
G0 F9000 X58.66 Y62.054
G1 F1500 X61.343 Y64.737 E2779.287
G0 F9000 X61.343 Y65.303
G1 F1500 X58.66 Y62.62 E2779.46368
G0 F9000 X58.66 Y63.186
G1 F1500 X61.343 Y65.868 E2779.64033
G0 F9000 X61.343 Y66.434
G1 F1500 X58.66 Y63.751 E2779.81701
G0 F9000 X58.66 Y64.317
G1 F1500 X61.343 Y67 E2779.99369
G0 F9000 X61.343 Y67.565
G1 F1500 X58.66 Y64.883 E2780.17034
G0 F9000 X58.66 Y65.448
G1 F1500 X61.343 Y68.131 E2780.34702
G0 F9000 X61.343 Y68.697
G1 F1500 X58.66 Y66.014 E2780.5237
G0 F9000 X58.66 Y66.58
G1 F1500 X61.344 Y69.263 E2780.70041
G0 F9000 X61.344 Y69.829
G1 F1500 X58.66 Y67.145 E2780.87716
G0 F9000 X58.66 Y67.711
G1 F1500 X61.344 Y70.395 E2781.0539
G0 F9000 X61.344 Y70.96
G1 F1500 X58.66 Y68.277 E2781.23062
G0 F9000 X58.66 Y68.843
G1 F1500 X61.344 Y71.526 E2781.40733
G0 F9000 X61.344 Y72.092
G1 F1500 X58.66 Y69.408 E2781.58407
G0 F9000 X58.66 Y69.974
G1 F1500 X61.344 Y72.657 E2781.76079
G0 F9000 X61.344 Y73.223
G1 F1500 X58.66 Y70.54 E2781.9375
G0 F9000 X58.66 Y71.105
G1 F1500 X61.344 Y73.789 E2782.11425
G0 F9000 X61.344 Y74.354
G1 F1500 X58.66 Y71.671 E2782.29096
G0 F9000 X58.66 Y72.237
G1 F1500 X61.344 Y74.92 E2782.46767
G0 F9000 X61.344 Y75.486
G1 F1500 X58.66 Y72.802 E2782.64442
G0 F9000 X58.66 Y73.368
G1 F1500 X61.344 Y76.052 E2782.82116
G0 F9000 X61.344 Y76.618
G1 F1500 X58.66 Y73.934 E2782.99791
G0 F9000 X58.66 Y74.499
G1 F1500 X61.344 Y77.184 E2783.17469
G0 F9000 X61.344 Y77.749
G1 F1500 X58.66 Y75.065 E2783.35144
G0 F9000 X58.66 Y75.631
G1 F1500 X61.344 Y78.315 E2783.52818
G0 F9000 X61.344 Y78.881
G1 F1500 X58.66 Y76.196 E2783.70496
G0 F9000 X58.66 Y76.762
G1 F1500 X61.344 Y79.446 E2783.88171
G0 F9000 X61.344 Y80.012
G1 F1500 X58.66 Y77.328 E2784.05845
G0 F9000 X58.66 Y77.893
G1 F1500 X61.344 Y80.578 E2784.23523
G0 F9000 X61.344 Y81.143
G1 F1500 X58.66 Y78.459 E2784.41198
G0 F9000 X58.66 Y79.025
G1 F1500 X61.345 Y81.71 E2784.58879
G0 F9000 X61.345 Y82.275
G1 F1500 X58.66 Y79.591 E2784.76557
G0 F9000 X58.66 Y80.156
G1 F1500 X61.345 Y82.841 E2784.94238
G0 F9000 X61.345 Y83.407
G1 F1500 X58.66 Y80.722 E2785.11919
G0 F9000 X58.66 Y81.288
G1 F1500 X61.345 Y83.972 E2785.29597
G0 F9000 X61.345 Y84.538
G1 F1500 X58.66 Y81.853 E2785.47278
G0 F9000 X58.66 Y82.419
G1 F1500 X61.345 Y85.104 E2785.64959
G0 F9000 X61.345 Y85.67
G1 F1500 X58.66 Y82.985 E2785.82641
G0 F9000 X58.66 Y83.55
G1 F1500 X61.345 Y86.235 E2786.00322
G0 F9000 X61.345 Y86.801
G1 F1500 X58.66 Y84.116 E2786.18003
G0 F9000 X58.66 Y84.682
G1 F1500 X61.345 Y87.367 E2786.35684
G0 F9000 X61.525 Y88.113
G1 F1500 X58.66 Y85.247 E2786.54554
G0 F9000 X58.66 Y85.813
G1 F1500 X62.916 Y90.069 E2786.8258
G0 F9000 X63.113 Y89.7
G1 F1500 X61.898 Y88.485 E2786.90581
G0 F9000 X62.671 Y88.692
G1 F1500 X63.31 Y89.332 E2786.94793
G0 F9000 X63.507 Y88.963
G1 F1500 X63.167 Y88.622 E2786.97035
G0 F9000 X63.531 Y88.421
G1 F1500 X63.683 Y88.573 E2786.98036
G0 F9000 X64.115 Y88.804
G0 X63.153 Y90.603
G0 X62.723 Y90.442
G1 F1500 X58.66 Y86.379 E2787.24791
G0 F9000 X58.66 Y86.944
G1 F1500 X62.591 Y90.875 E2787.50678
G0 F9000 X62.459 Y91.309
G1 F1500 X58.66 Y87.51 E2787.75695
G0 F9000 X58.66 Y88.076
G1 F1500 X62.327 Y91.743 E2787.99843
G0 F9000 X62.196 Y92.177
G1 F1500 X58.66 Y88.641 E2788.23128
G0 F9000 X58.66 Y89.207
G1 F1500 X62.064 Y92.611 E2788.45544
G0 F9000 X61.932 Y93.045
G1 F1500 X58.66 Y89.773 E2788.6709
G0 F9000 X58.66 Y90.339
G1 F1500 X61.8 Y93.479 E2788.87768
G0 F9000 X61.668 Y93.912
G1 F1500 X58.66 Y90.904 E2789.07576
G0 F9000 X58.66 Y91.47
G1 F1500 X61.537 Y94.346 E2789.26518
G0 F9000 X61.404 Y94.78
G1 F1500 X58.66 Y92.036 E2789.44588
G0 F9000 X58.66 Y92.601
G1 F1500 X61.344 Y95.285 E2789.62263
G0 F9000 X61.344 Y95.851
G1 F1500 X58.66 Y93.167 E2789.79937
G0 F9000 X58.66 Y93.733
G1 F1500 X61.344 Y96.417 E2789.97612
G0 F9000 X61.344 Y96.983
G1 F1500 X58.66 Y94.298 E2790.1529
G0 F9000 X58.66 Y94.864
G1 F1500 X61.344 Y97.548 E2790.32964
G0 F9000 X61.344 Y98.114
G1 F1500 X58.66 Y95.43 E2790.50639
G0 F9000 X58.66 Y95.995
G1 F1500 X61.344 Y98.68 E2790.68317
G0 F9000 X61.344 Y99.245
G1 F1500 X58.66 Y96.561 E2790.85991
G0 F9000 X58.66 Y97.127
G1 F1500 X61.344 Y99.811 E2791.03666
G0 F9000 X61.344 Y100.377
G1 F1500 X58.66 Y97.692 E2791.21344
G0 F9000 X58.66 Y98.258
G1 F1500 X61.344 Y100.942 E2791.39018
G0 F9000 X61.344 Y101.508
G1 F1500 X58.66 Y98.824 E2791.56693
G0 F9000 X58.66 Y99.39
G1 F1500 X61.344 Y102.074 E2791.74368
G0 F9000 X61.344 Y102.639
G1 F1500 X58.66 Y99.955 E2791.92042
G0 F9000 X58.66 Y100.521
G1 F1500 X61.344 Y103.205 E2792.09717
G0 F9000 X61.344 Y103.771
G1 F1500 X58.66 Y101.087 E2792.27391
G0 F9000 X58.66 Y101.652
G1 F1500 X61.344 Y104.336 E2792.45066
G0 F9000 X61.344 Y104.902
G1 F1500 X58.66 Y102.218 E2792.62741
G0 F9000 X58.66 Y102.784
G1 F1500 X61.344 Y105.468 E2792.80415
G0 F9000 X61.344 Y106.033
G1 F1500 X58.66 Y103.349 E2792.9809
G0 F9000 X58.66 Y103.915
G1 F1500 X61.344 Y106.599 E2793.15764
G0 F9000 X61.344 Y107.165
G1 F1500 X58.66 Y104.481 E2793.33439
G0 F9000 X58.66 Y105.046
G1 F1500 X61.344 Y107.731 E2793.51117
G0 F9000 X61.344 Y108.296
G1 F1500 X58.66 Y105.612 E2793.68792
G0 F9000 X58.66 Y106.178
G1 F1500 X61.344 Y108.862 E2793.86466
G0 F9000 X61.344 Y109.428
G1 F1500 X58.66 Y106.743 E2794.04144
G0 F9000 X58.66 Y107.309
G1 F1500 X61.344 Y109.993 E2794.21819
G0 F9000 X61.345 Y110.56
G1 F1500 X58.66 Y107.875 E2794.395
G0 F9000 X58.66 Y108.44
G1 F1500 X61.345 Y111.125 E2794.57181
G0 F9000 X61.345 Y111.691
G1 F1500 X58.66 Y109.006 E2794.74862
G0 F9000 X58.66 Y109.572
G1 F1500 X61.345 Y112.257 E2794.92543
G0 F9000 X61.345 Y112.822
G1 F1500 X58.659 Y110.137 E2795.10228
G0 F9000 X58.659 Y110.703
G1 F1500 X61.345 Y113.388 E2795.27912
G0 F9000 X61.345 Y113.954
G1 F1500 X58.659 Y111.268 E2795.456
G0 F9000 X58.659 Y111.834
G1 F1500 X61.345 Y114.519 E2795.63285
G0 F9000 X61.345 Y115.085
G1 F1500 X58.659 Y112.4 E2795.80969
G0 F9000 X58.659 Y112.965
G1 F1500 X61.345 Y115.651 E2795.98657
G0 F9000 X61.345 Y116.217
G1 F1500 X58.659 Y113.531 E2796.16345
G0 F9000 X58.659 Y114.097
G1 F1500 X61.345 Y116.782 E2796.34029
G0 F9000 X61.345 Y117.348
G1 F1500 X58.659 Y114.662 E2796.51717
G0 F9000 X58.659 Y115.228
G1 F1500 X61.345 Y117.914 E2796.69405
G0 F9000 X61.345 Y118.479
G1 F1500 X58.659 Y115.794 E2796.87089
G0 F9000 X58.659 Y116.359
G1 F1500 X61.345 Y119.045 E2797.04777
G0 F9000 X61.345 Y119.611
G1 F1500 X58.659 Y116.925 E2797.22465
G0 F9000 X58.659 Y117.491
G1 F1500 X61.345 Y120.176 E2797.40149
G0 F9000 X61.345 Y120.742
G1 F1500 X58.659 Y118.056 E2797.57837
G0 F9000 X58.659 Y118.622
G1 F1500 X61.345 Y121.308 E2797.75525
G0 F9000 X61.345 Y121.873
G1 F1500 X58.659 Y119.188 E2797.93209
G0 F9000 X58.659 Y119.753
G1 F1500 X61.345 Y122.439 E2798.10897
G0 F9000 X61.345 Y123.005
G1 F1500 X58.659 Y120.319 E2798.28585
G0 F9000 X58.659 Y120.885
G1 F1500 X61.345 Y123.57 E2798.46269
G0 F9000 X61.345 Y124.136
G1 F1500 X58.659 Y121.451 E2798.63954
G0 F9000 X58.659 Y122.016
G1 F1500 X61.345 Y124.702 E2798.81641
G0 F9000 X61.468 Y125.391
G1 F1500 X58.659 Y122.582 E2799.00139
G0 F9000 X58.659 Y123.148
G1 F1500 X61.713 Y126.201 E2799.20247
G0 F9000 X61.957 Y127.011
G1 F1500 X58.659 Y123.713 E2799.41965
G0 F9000 X58.659 Y124.279
G1 F1500 X62.202 Y127.822 E2799.65296
G0 F9000 X62.447 Y128.632
G1 F1500 X58.659 Y124.845 E2799.90237
G0 F9000 X58.659 Y125.41
G1 F1500 X62.691 Y129.442 E2800.16789
G0 F9000 X63.129 Y129.311
G0 X63.676 Y130.369
G0 X63.269 Y130.586
G1 F1500 X58.659 Y125.976 E2800.47146
G0 F9000 X58.659 Y126.542
G1 F1500 X63.765 Y131.647 E2800.80767
G0 F9000 X62.864 Y131.312
G1 F1500 X58.659 Y127.107 E2801.08458
G0 F9000 X58.659 Y127.673
G1 F1500 X62.33 Y131.344 E2801.32632
G0 F9000 X61.918 Y131.497
G1 F1500 X58.659 Y128.239 E2801.5409
G0 F9000 X58.659 Y128.804
G1 F1500 X61.602 Y131.747 E2801.7347
G0 F9000 X61.399 Y132.11
G1 F1500 X58.659 Y129.37 E2801.91513
G0 F9000 X58.659 Y129.936
G1 F1500 X61.345 Y132.621 E2802.09198
G0 F9000 X61.345 Y133.187
G1 F1500 X58.659 Y130.502 E2802.26882
G0 F9000 X58.659 Y131.067
G1 F1500 X61.345 Y133.753 E2802.4457
G0 F9000 X61.345 Y134.318
G1 F1500 X58.659 Y131.633 E2802.62254
G0 F9000 X58.659 Y132.199
G1 F1500 X61.345 Y134.884 E2802.79939
G0 F9000 X61.345 Y135.45
G1 F1500 X58.659 Y132.764 E2802.97627
G0 F9000 X58.659 Y133.33
G1 F1500 X61.345 Y136.016 E2803.15314
G0 F9000 X61.345 Y136.581
G1 F1500 X58.659 Y133.896 E2803.32999
G0 F9000 X58.659 Y134.461
G1 F1500 X61.345 Y137.147 E2803.50687
G0 F9000 X61.344 Y137.712
G1 F1500 X58.659 Y135.027 E2803.68368
G0 F9000 X58.659 Y135.593
G1 F1500 X61.344 Y138.278 E2803.86049
G0 F9000 X61.344 Y138.843
G1 F1500 X58.659 Y136.158 E2804.0373
G0 F9000 X58.659 Y136.724
G1 F1500 X61.344 Y139.409 E2804.21411
G0 F9000 X61.344 Y139.975
G1 F1500 X58.659 Y137.29 E2804.39092
G0 F9000 X58.659 Y137.855
G1 F1500 X61.344 Y140.54 E2804.56774
G0 F9000 X61.344 Y141.106
G1 F1500 X58.659 Y138.421 E2804.74455
G0 F9000 X58.659 Y138.987
G1 F1500 X61.344 Y141.672 E2804.92136
G0 F9000 X61.344 Y142.237
G1 F1500 X58.659 Y139.552 E2805.09817
G0 F9000 X58.659 Y140.118
G1 F1500 X61.344 Y142.802 E2805.27495
G0 F9000 X61.344 Y143.368
G1 F1500 X58.659 Y140.684 E2805.45173
G0 F9000 X58.659 Y141.25
G1 F1500 X61.344 Y143.934 E2805.62851
G0 F9000 X61.344 Y144.499
G1 F1500 X58.659 Y141.815 E2805.80529
G0 F9000 X58.659 Y142.381
G1 F1500 X61.344 Y145.065 E2805.98207
G0 F9000 X61.344 Y145.631
G1 F1500 X58.659 Y142.947 E2806.15885
G0 F9000 X58.659 Y143.512
G1 F1500 X61.344 Y146.196 E2806.33562
G0 F9000 X61.344 Y146.762
G1 F1500 X58.659 Y144.078 E2806.5124
G0 F9000 X58.659 Y144.644
G1 F1500 X61.344 Y147.328 E2806.68918
G0 F9000 X61.343 Y147.893
G1 F1500 X58.659 Y145.209 E2806.86593
G0 F9000 X58.659 Y145.775
G1 F1500 X61.343 Y148.458 E2807.04264
G0 F9000 X61.343 Y149.024
G1 F1500 X58.659 Y146.341 E2807.21935
G0 F9000 X58.659 Y146.906
G1 F1500 X61.343 Y149.59 E2807.3961
G0 F9000 X61.343 Y150.156
G1 F1500 X58.659 Y147.472 E2807.57285
G0 F9000 X58.659 Y148.038
G1 F1500 X61.343 Y150.721 E2807.74956
G0 F9000 X61.343 Y151.287
G1 F1500 X58.659 Y148.603 E2807.92631
G0 F9000 X58.659 Y149.169
G1 F1500 X61.343 Y151.853 E2808.10305
G0 F9000 X61.343 Y152.418
G1 F1500 X58.659 Y149.735 E2808.27976
G0 F9000 X58.659 Y150.3
G1 F1500 X61.342 Y152.983 E2808.45644
G0 F9000 X61.342 Y153.549
G1 F1500 X58.659 Y150.866 E2808.63312
G0 F9000 X58.659 Y151.432
G1 F1500 X61.342 Y154.115 E2808.8098
G0 F9000 X61.342 Y154.68
G1 F1500 X58.659 Y151.998 E2808.98645
G0 F9000 X58.659 Y152.563
G1 F1500 X61.342 Y155.246 E2809.16313
G0 F9000 X61.342 Y155.812
G1 F1500 X58.659 Y153.129 E2809.33981
G0 F9000 X58.659 Y153.695
G1 F1500 X61.342 Y156.377 E2809.51646
G0 F9000 X61.342 Y156.943
G1 F1500 X58.659 Y154.26 E2809.69314
G0 F9000 X58.659 Y154.826
G1 F1500 X61.342 Y157.509 E2809.86982
G1 F1500 E2803.36982
G0 F9000 X61.799 Y157.494
G0 X62.07 Y156.279
G0 X81.783 Y152.224
G0 X130.662 Y156.684
G1 F1500 E2809.86982
G1 X131.301 Y157.323 E2809.9119
G0 F9000 X131.37 Y156.826
G1 F1500 X131.031 Y156.487 E2809.93422
G0 F9000 X131.431 Y156.322
G1 F1500 X131.563 Y156.453 E2809.94288
G1 F1500 E2803.44288
G0 F9000 X131.971 Y156.748
G0 X137.219 Y153.784
G0 X136.617 Y152.66
G0 X88.962 Y63.506
G1 F1500 E2809.94288
G1 X88.622 Y63.166 E2809.96527
G0 F9000 X88.43 Y63.54
G1 F1500 X88.562 Y63.672 E2809.97396
G0 F9000 X89.331 Y63.309
G1 F1500 X88.691 Y62.669 E2810.01611
G1 F1500 E2803.51611
;MESH:NONMESH
G0 F300 X88.691 Y62.669 Z4.48
G0 F9000 X88.272 Y62.892
G0 X81.257 Y66.984
G0 X73.417 Y73.417
G0 X66.984 Y81.258
G0 X62.925 Y88.316
G0 X62.606 Y88.144
;TIME_ELAPSED:3389.306035
;LAYER:15
;TYPE:WALL-INNER
;MESH:tmpek4p4esk10x10x.5Doubled.stl
G1 F1500 E2810.01611
G1 X62.299 Y88.066 E2810.03086
G1 X62.031 Y87.875 E2810.04618
G1 X61.935 Y87.704 E2810.05531
G1 X61.9 Y87.5 E2810.06495
G1 X61.9 Y62.388 E2811.23427
G1 X61.984 Y62.192 E2811.2442
G1 X62.192 Y61.984 E2811.2579
G1 X62.5 Y61.9 E2811.27276
G1 X87.5 Y61.9 E2812.43687
G1 X87.705 Y61.935 E2812.44655
G1 X87.875 Y62.031 E2812.45564
G1 X88.066 Y62.299 E2812.47097
G1 X88.144 Y62.606 E2812.48572
G1 X88.126 Y62.949 E2812.50171
G1 X87.919 Y63.238 E2812.51826
G1 X81.168 Y66.85 E2812.87478
G1 X73.303 Y73.303 E2813.3485
G1 X66.85 Y81.168 E2813.82222
G1 X63.235 Y87.922 E2814.17893
G1 X62.95 Y88.126 E2814.19525
G1 X62.606 Y88.144 E2814.21129
G1 F1500 E2807.71129
G0 F9000 X62.925 Y88.316
G0 X64.574 Y85.104
G0 X63.011 Y157.93
G0 X87.5 Y158.1
G1 F1500 E2814.21129
G1 X62.388 Y158.1 E2815.38061
G1 X62.192 Y158.016 E2815.39054
G1 X61.984 Y157.808 E2815.40424
G1 X61.9 Y157.5 E2815.4191
G1 X61.9 Y132.496 E2816.5834
G1 X61.935 Y132.291 E2816.59308
G1 X62.031 Y132.121 E2816.60217
G1 X62.299 Y131.93 E2816.61749
G1 X62.606 Y131.852 E2816.63224
G1 X62.949 Y131.87 E2816.64824
G1 X63.277 Y132.153 E2816.66841
G1 X66.85 Y138.828 E2817.02095
G1 X73.303 Y146.693 E2817.49467
G1 X81.167 Y153.151 E2817.9685
G1 X87.844 Y156.718 E2818.321
G1 X88.125 Y157.045 E2818.34107
G1 X88.144 Y157.388 E2818.35707
G1 X88.044 Y157.787 E2818.37622
G1 X87.875 Y157.969 E2818.38779
G1 X87.705 Y158.065 E2818.39688
G1 X87.5 Y158.1 E2818.40656
G1 F1500 E2811.90656
G0 F9000 X84.134 Y157.95
G0 X90.572 Y156.917
G0 X110 Y158.1
G1 F1500 E2818.40656
G1 X95.079 Y158.1 E2819.10135
G1 X90.639 Y156.749 E2819.31745
G1 X81.888 Y152.077 E2819.77937
G1 X74.219 Y145.777 E2820.24151
G1 X67.927 Y138.112 E2820.70328
G1 X63.246 Y129.363 E2821.16531
G1 X61.9 Y124.898 E2821.38246
G1 X61.9 Y95.08 E2822.77092
G1 X63.247 Y90.64 E2822.98697
G1 X67.921 Y81.887 E2823.44901
G1 X74.219 Y74.219 E2823.91106
G1 X81.884 Y67.927 E2824.37282
G1 X90.633 Y63.246 E2824.83486
G1 X95.098 Y61.9 E2825.05201
G1 X124.916 Y61.9 E2826.44046
G1 X129.356 Y63.247 E2826.65651
G1 X138.112 Y67.927 E2827.11881
G1 X145.777 Y74.219 E2827.58058
G1 X152.073 Y81.884 E2828.04246
G1 X156.75 Y90.634 E2828.50445
G1 X158.1 Y95.079 E2828.72076
G1 X158.1 Y124.902 E2830.10944
G1 X156.749 Y129.357 E2830.32622
G1 X152.073 Y138.112 E2830.78839
G1 X145.777 Y145.777 E2831.25027
G1 X138.112 Y152.073 E2831.71215
G1 X129.362 Y156.75 E2832.17414
G1 X124.898 Y158.1 E2832.3913
G1 X110 Y158.1 E2833.08501
G1 F1500 E2826.58501
G0 F9000 X110 Y161.7
G0 X110 Y161.9
G1 F1500 E2833.08501
G1 X161.9 Y161.9 E2835.5017
G1 X161.9 Y58.1 E2840.33506
G1 X58.1 Y58.1 E2845.16842
G1 X58.1 Y161.9 E2850.00178
G1 X110 Y161.9 E2852.41847
G1 F1500 E2845.91847
G0 F9000 X132.496 Y161.7
G0 X135.488 Y157.95
G0 X132.496 Y158.1
G1 F1500 E2852.41847
G1 X132.291 Y158.065 E2852.42815
G1 X132.12 Y157.969 E2852.43728
G1 X131.931 Y157.722 E2852.45176
G1 X131.852 Y157.388 E2852.46774
G1 X131.871 Y157.045 E2852.48374
G1 X132.078 Y156.758 E2852.50022
G1 X138.828 Y153.15 E2852.85661
G1 X146.693 Y146.693 E2853.33045
G1 X153.15 Y138.828 E2853.80428
G1 X156.718 Y132.153 E2854.15672
G1 X157.045 Y131.871 E2854.17682
G1 X157.388 Y131.852 E2854.19282
G1 X157.7 Y131.93 E2854.2078
G1 X157.969 Y132.12 E2854.22313
G1 X158.065 Y132.291 E2854.23226
G1 X158.1 Y132.496 E2854.24195
G1 X158.1 Y157.612 E2855.41145
G1 X158.016 Y157.808 E2855.42138
G1 X157.808 Y158.016 E2855.43508
G1 X157.612 Y158.1 E2855.44501
G1 X132.496 Y158.1 E2856.61451
G1 F1500 E2850.11451
G0 F9000 X157.072 Y157.93
G0 X155.871 Y85.939
G0 X157.388 Y88.144
G1 F1500 E2856.61451
G1 X157.045 Y88.125 E2856.63051
G1 X156.758 Y87.918 E2856.64699
G1 X153.15 Y81.168 E2857.00338
G1 X146.693 Y73.303 E2857.47722
G1 X138.828 Y66.85 E2857.95094
G1 X132.152 Y63.278 E2858.3035
G1 X131.87 Y62.95 E2858.32364
G1 X131.852 Y62.606 E2858.33968
G1 X131.93 Y62.299 E2858.35443
G1 X132.121 Y62.031 E2858.36975
G1 X132.292 Y61.935 E2858.37888
G1 X132.496 Y61.9 E2858.38852
G1 X157.612 Y61.9 E2859.55803
G1 X157.808 Y61.984 E2859.56796
G1 X158.016 Y62.191 E2859.58162
G1 X158.1 Y62.5 E2859.59653
G1 X158.1 Y87.574 E2860.76408
G1 X157.969 Y87.875 E2860.77937
G1 X157.7 Y88.066 E2860.79473
G1 X157.388 Y88.144 E2860.80971
G0 F9000 X157.216 Y87.775
;TYPE:WALL-OUTER
G1 F1500 X157.09 Y87.684 E2860.81694
G1 X153.484 Y80.944 E2861.17288
G1 X146.977 Y73.019 E2861.65035
G1 X139.052 Y66.516 E2862.12771
G1 X132.341 Y62.925 E2862.48213
G1 X132.247 Y62.816 E2862.48883
G1 X132.241 Y62.7 E2862.49424
G1 X132.315 Y62.413 E2862.50804
G1 X132.448 Y62.3 E2862.51617
G1 X157.539 Y62.3 E2863.68451
G1 X157.7 Y62.461 E2863.69511
G1 X157.698 Y87.535 E2864.86266
G1 X157.587 Y87.681 E2864.8712
G1 X157.216 Y87.775 E2864.88902
G1 F1500 E2858.38902
G0 F9000 X156.88 Y87.954
G0 X155.871 Y85.939
G0 X156.984 Y157.93
G0 X132.441 Y157.7
G1 F1500 E2864.88902
G1 X132.314 Y157.601 E2864.89652
G1 X132.222 Y157.215 E2864.915
G1 X132.312 Y157.09 E2864.92217
G1 X139.052 Y153.484 E2865.27811
G1 X146.977 Y146.977 E2865.75558
G1 X153.484 Y139.052 E2866.23305
G1 X157.071 Y132.341 E2866.58738
G1 X157.18 Y132.247 E2866.59409
G1 X157.295 Y132.241 E2866.59945
G1 X157.587 Y132.315 E2866.61347
G1 X157.7 Y132.447 E2866.62157
G1 X157.698 Y157.584 E2867.79205
G1 X157.539 Y157.7 E2867.80121
G1 X132.441 Y157.7 E2868.96988
G1 F1500 E2862.46988
G0 F9000 X132.441 Y158.01
G0 X135.488 Y157.95
G0 X129.424 Y156.917
G0 X110 Y157.7
G1 F1500 E2868.96988
G1 X95.139 Y157.7 E2869.66187
G1 X90.769 Y156.369 E2869.87459
G1 X82.125 Y151.749 E2870.33097
G1 X74.502 Y145.494 E2870.79013
G1 X68.261 Y137.891 E2871.24816
G1 X63.627 Y129.227 E2871.70567
G1 X62.303 Y124.859 E2871.9182
G1 X62.3 Y95.14 E2873.30204
G1 X63.618 Y90.789 E2873.51373
G1 X68.257 Y82.108 E2873.97205
G1 X74.502 Y74.502 E2874.43031
G1 X82.105 Y68.261 E2874.88833
G1 X90.769 Y63.627 E2875.34585
G1 X95.137 Y62.303 E2875.55838
G1 X124.856 Y62.3 E2876.94222
G1 X129.207 Y63.618 E2877.15391
G1 X137.875 Y68.251 E2877.61156
G1 X145.494 Y74.502 E2878.07046
G1 X151.739 Y82.105 E2878.52861
G1 X156.384 Y90.805 E2878.98784
G1 X157.7 Y95.139 E2879.19875
G1 X157.698 Y124.859 E2880.58263
G1 X156.369 Y129.227 E2880.79523
G1 X151.749 Y137.875 E2881.25178
G1 X145.494 Y145.494 E2881.7108
G1 X137.891 Y151.739 E2882.16894
G1 X129.191 Y156.384 E2882.62817
G1 X124.857 Y157.7 E2882.83908
G1 X110 Y157.7 E2883.53088
G1 F1500 E2877.03088
G0 F9000 X110 Y158.01
G0 X110 Y158.28
G0 X110 Y161.7
G0 X110 Y162.3
G1 F1500 E2883.53088
G1 X162.3 Y162.3 E2885.96619
G1 X162.3 Y57.7 E2890.83681
G1 X57.7 Y57.7 E2895.70742
G1 X57.7 Y162.3 E2900.57803
G1 X110 Y162.3 E2903.01334
G1 F1500 E2896.51334
G0 F9000 X110 Y161.99
G0 X87.55 Y161.7
G0 X84.134 Y157.95
G0 X87.55 Y157.7
G1 F1500 E2903.01334
G1 X62.461 Y157.7 E2904.18159
G1 X62.3 Y157.539 E2904.19219
G1 X62.3 Y132.441 E2905.36086
G1 X62.4 Y132.314 E2905.36839
G1 X62.784 Y132.221 E2905.38678
G1 X62.925 Y132.341 E2905.39541
G1 X66.516 Y139.052 E2905.74982
G1 X73.019 Y146.977 E2906.22718
G1 X80.944 Y153.485 E2906.70468
G1 X87.655 Y157.071 E2907.05899
G1 X87.749 Y157.18 E2907.06569
G1 X87.755 Y157.295 E2907.07105
G1 X87.681 Y157.587 E2907.08508
G1 X87.55 Y157.7 E2907.09314
G1 F1500 E2900.59314
G0 F9000 X87.55 Y158.01
G0 X63.108 Y157.93
G0 X64.574 Y85.104
G0 X62.7 Y87.755
G1 F1500 E2907.09314
G1 X62.413 Y87.681 E2907.10694
G1 X62.3 Y87.548 E2907.11506
G1 X62.3 Y62.461 E2908.28322
G1 X62.461 Y62.3 E2908.29382
G1 X87.555 Y62.3 E2909.4623
G1 X87.682 Y62.4 E2909.46983
G1 X87.774 Y62.78 E2909.48804
G1 X87.684 Y62.906 E2909.49525
G1 X80.944 Y66.516 E2909.85127
G1 X73.019 Y73.019 E2910.32863
G1 X66.516 Y80.944 E2910.80598
G1 X62.906 Y87.684 E2911.16201
G1 X62.816 Y87.749 E2911.16718
G1 X62.7 Y87.755 E2911.17259
G1 F1500 E2904.67259
G0 F9000 X63.108 Y87.974
G0 X67.001 Y81.269
G0 X152.999 Y81.268
G0 X157.449 Y88.498
;TYPE:SKIN
G1 F1500 E2911.17259
G1 X157.827 Y88.402 E2911.19075
G1 X158.042 Y88.289 E2911.20206
G1 X158.262 Y88.075 E2911.21635
G1 X158.458 Y87.729 E2911.23486
G1 X158.459 Y62.473 E2912.41089
G1 X158.431 Y62.261 E2912.42085
G1 X158.322 Y61.994 E2912.43427
G1 X158.034 Y61.706 E2912.45324
G1 X157.786 Y61.581 E2912.46617
G1 X157.519 Y61.541 E2912.47874
G1 X132.462 Y61.542 E2913.6455
G1 X132.167 Y61.592 E2913.65943
G1 X131.917 Y61.733 E2913.6728
G1 X131.702 Y61.951 E2913.68706
G1 X131.594 Y62.168 E2913.69834
G1 X131.494 Y62.542 E2913.71637
G1 X131.52 Y63.011 E2913.73824
G1 X131.568 Y63.131 E2913.74426
G1 F1357.5 X131.965 Y63.634 E2913.77723
G1 F1237.1 X138.592 Y67.179 E2914.20155
G1 F1239.7 X146.404 Y73.588 E2914.77087
G1 F1237.1 X152.813 Y81.392 E2915.34102
G1 F1229.5 X156.431 Y88.159 E2915.77694
G1 F1287.6 X156.926 Y88.469 E2915.80862
G1 F1421.8 X157.449 Y88.498 E2915.83435
G1 F1500 E2909.33435
G0 F9000 X157.108 Y88.272
G0 X155.871 Y85.939
G0 X156.984 Y157.93
G0 X132.462 Y158.458
G1 F1500 E2915.83435
G1 X157.523 Y158.459 E2917.0013
G1 X157.731 Y158.431 E2917.01107
G1 X158.006 Y158.318 E2917.02492
G1 X158.317 Y158.007 E2917.0454
G1 X158.43 Y157.739 E2917.05894
G1 X158.459 Y157.523 E2917.06909
G1 X158.458 Y132.457 E2918.23626
G1 X158.408 Y132.172 E2918.24974
G1 X158.262 Y131.916 E2918.26346
G1 X158.042 Y131.703 E2918.27772
G1 X157.845 Y131.598 E2918.28811
G1 X157.45 Y131.494 E2918.30713
G1 X156.981 Y131.52 E2918.32901
G1 X156.861 Y131.568 E2918.33502
G1 F1357.5 X156.358 Y131.969 E2918.36812
G1 F1239.7 X152.814 Y138.601 E2918.79179
G1 X146.403 Y146.403 E2919.36075
G1 F1237.1 X138.6 Y152.813 E2919.93089
G1 F1232 X131.833 Y156.431 E2920.36591
G1 F1287.6 X131.523 Y156.926 E2920.39759
G1 F1421.8 X131.494 Y157.449 E2920.42333
G1 F1500 X131.59 Y157.827 E2920.44149
G1 X131.703 Y158.042 E2920.4528
G1 X131.89 Y158.247 E2920.46572
G1 X132.172 Y158.408 E2920.48084
G1 X132.462 Y158.458 E2920.49454
G1 F1500 E2913.99454
G0 F9000 X132.506 Y158.201
G0 X135.488 Y157.95
G0 X131.831 Y161.7
G0 X110 Y161.54
G1 F1500 E2920.49454
G1 X58.46 Y161.54 E2922.89446
G1 X58.461 Y58.461 E2927.69425
G1 X161.54 Y58.46 E2932.49404
G1 X161.54 Y161.54 E2937.29388
G1 X110 Y161.54 E2939.69379
G1 F1500 E2933.19379
G0 F9000 X110 Y161.8
G0 X110 Y158.28
G0 X110 Y158.458
G1 F1500 E2939.69379
G1 X124.971 Y158.458 E2940.39091
G1 X129.511 Y157.073 E2940.61193
G1 X131.029 Y156.261 E2940.69209
G1 F1351.4 X131.568 Y156.023 E2940.72254
G1 F1232 X138.333 Y152.408 E2941.15739
G1 F1237.1 X146.058 Y146.062 E2941.72183
G1 F1239.7 X152.412 Y138.329 E2942.28574
G1 X155.931 Y131.74 E2942.70661
G1 F1287.6 X155.998 Y131.573 E2942.71637
G1 F1418.4 X156.24 Y131.072 E2942.74377
G1 F1500 X157.088 Y129.475 E2942.82796
G1 X158.458 Y124.955 E2943.04789
G1 X158.458 Y95.14 E2944.4362
G1 X158.416 Y94.889 E2944.44805
G1 X157.073 Y90.481 E2944.66262
G1 X156.261 Y88.963 E2944.74278
G1 F1351.4 X156.023 Y88.424 E2944.77324
G1 F1229.5 X152.407 Y81.662 E2945.20885
G1 F1237.1 X146.062 Y73.932 E2945.77347
G1 F1239.7 X138.329 Y67.586 E2946.3371
G1 F1237.1 X131.736 Y64.062 E2946.75917
G1 F1287.6 X131.566 Y63.994 E2946.76911
G1 F1418.4 X131.067 Y63.753 E2946.79639
G1 F1500 X129.507 Y62.919 E2946.87876
G1 X125.103 Y61.58 E2947.0931
G1 X124.82 Y61.54 E2947.10641
G1 X95.041 Y61.542 E2948.49304
G1 X90.485 Y62.919 E2948.71467
G1 X88.974 Y63.727 E2948.79445
G1 F1351.4 X88.428 Y63.969 E2948.82532
G1 F1232 X81.663 Y67.586 E2949.26022
G1 F1239.7 X73.929 Y73.929 E2949.82378
G1 X67.586 Y81.663 E2950.38735
G1 F1234.6 X64.007 Y88.357 E2950.81679
G1 F1298.7 X63.923 Y88.567 E2950.82896
G1 F1435.4 X63.73 Y88.968 E2950.85061
G1 F1500 X62.919 Y90.485 E2950.93071
G1 X61.58 Y94.889 E2951.14505
G1 X61.54 Y95.172 E2951.15836
G1 X61.542 Y124.951 E2952.54499
G1 X62.914 Y129.497 E2952.7661
G1 X63.754 Y131.068 E2952.84906
G1 F1348.3 X64.022 Y131.664 E2952.88291
G1 F1229.5 X67.586 Y138.329 E2953.31227
G1 F1239.7 X73.929 Y146.063 E2953.87583
G1 F1242.2 X81.659 Y152.41 E2954.4382
G1 F1239.7 X88.254 Y155.932 E2954.85945
G1 F1293.1 X88.424 Y156 E2954.86934
G1 F1421.8 X88.923 Y156.241 E2954.89656
G1 F1500 X90.497 Y157.081 E2954.97964
G1 X94.889 Y158.416 E2955.19339
G1 X95.14 Y158.458 E2955.20524
G1 X110 Y158.458 E2955.89718
G1 F1500 E2949.39718
G0 F9000 X110 Y158.2
G0 X95.105 Y157.949
G0 X90.572 Y156.917
G0 X84.134 Y157.95
G0 X87.5 Y158.46
G1 F1500 E2955.89718
G1 X87.822 Y158.407 E2955.91238
G1 X88.103 Y158.247 E2955.92743
G1 X88.29 Y158.045 E2955.94025
G1 X88.402 Y157.828 E2955.95162
G1 X88.498 Y157.449 E2955.96983
G1 X88.472 Y156.981 E2955.99165
G1 X88.424 Y156.861 E2955.99767
G1 F1357.5 X88.026 Y156.358 E2956.03067
G1 F1239.7 X81.391 Y152.814 E2956.45449
G1 F1242.2 X73.588 Y146.404 E2957.02228
G1 F1239.7 X67.179 Y138.592 E2957.5916
G1 F1229.5 X63.613 Y131.929 E2958.02091
G1 F1348.3 X63.131 Y131.568 E2958.05211
G1 F1500 X63.011 Y131.52 E2958.05813
G1 X62.54 Y131.494 E2958.08009
G1 X62.196 Y131.586 E2958.09667
G1 X61.951 Y131.702 E2958.1093
G1 X61.744 Y131.891 E2958.12235
G1 X61.591 Y132.171 E2958.1372
G1 X61.542 Y132.462 E2958.15095
G1 X61.541 Y157.677 E2959.32506
G1 X61.679 Y158.007 E2959.34172
G1 X61.962 Y158.29 E2959.36035
G1 X62.21 Y158.415 E2959.37329
G1 X62.473 Y158.459 E2959.3857
G1 X87.5 Y158.46 E2960.55106
G1 F1500 E2954.05106
G0 F9000 X87.492 Y158.201
G0 X62.891 Y157.93
G0 X64.574 Y85.104
G0 X62.537 Y88.498
G1 F1500 E2960.55106
G1 F1421.8 X63.069 Y88.469 E2960.57724
G1 F1290.3 X63.579 Y88.127 E2960.61048
G1 F1234.6 X67.179 Y81.4 E2961.04213
G1 F1239.7 X73.588 Y73.588 E2961.61145
G1 X81.4 Y67.179 E2962.18077
G1 F1232 X88.163 Y63.561 E2962.61559
G1 F1287.6 X88.469 Y63.062 E2962.64735
G1 F1421.8 X88.498 Y62.538 E2962.67313
G1 F1500 X88.362 Y62.026 E2962.6978
G1 X88.102 Y61.745 E2962.71562
G1 X87.822 Y61.591 E2962.7305
G1 X87.534 Y61.542 E2962.74411
G1 X62.319 Y61.541 E2963.91822
G1 X61.989 Y61.679 E2963.93488
G1 X61.706 Y61.962 E2963.95351
G1 X61.581 Y62.21 E2963.96645
G1 X61.541 Y62.477 E2963.97902
G1 X61.542 Y87.534 E2965.14578
G1 X61.593 Y87.827 E2965.15962
G1 X61.733 Y88.075 E2965.17288
G1 X61.951 Y88.29 E2965.18714
G1 X62.168 Y88.398 E2965.19843
G1 X62.537 Y88.498 E2965.21623
G1 F1500 E2958.71623
G0 F9000 X62.891 Y88.273
G0 X66.707 Y81.072
G0 X66.707 Y58.3
G0 X59.002 Y58.66
G1 F1500 E2965.21623
G1 X58.661 Y59.002 E2965.23872
G0 F9000 X58.661 Y59.567
G1 F1500 X59.568 Y58.66 E2965.29845
G0 F9000 X60.134 Y58.66
G1 F1500 X58.661 Y60.133 E2965.39545
G0 F9000 X58.661 Y60.699
G1 F1500 X60.699 Y58.66 E2965.52968
G0 F9000 X61.265 Y58.66
G1 F1500 X58.661 Y61.264 E2965.70116
G0 F9000 X58.661 Y61.83
G1 F1500 X61.831 Y58.66 E2965.90991
G0 F9000 X62.397 Y58.66
G1 F1500 X58.661 Y62.396 E2966.15593
G0 F9000 X58.661 Y62.961
G1 F1500 X62.962 Y58.66 E2966.43916
G0 F9000 X63.528 Y58.66
G1 F1500 X58.661 Y63.527 E2966.75966
G0 F9000 X58.661 Y64.093
G1 F1500 X64.094 Y58.66 E2967.11744
G0 F9000 X64.659 Y58.66
G1 F1500 X58.661 Y64.659 E2967.51245
G0 F9000 X58.661 Y65.224
G1 F1500 X61.342 Y62.543 E2967.689
G0 F9000 X61.342 Y63.109
G1 F1500 X58.661 Y65.79 E2967.86554
G0 F9000 X58.661 Y66.356
G1 F1500 X61.342 Y63.674 E2968.04213
G0 F9000 X61.342 Y64.24
G1 F1500 X58.661 Y66.921 E2968.21867
G0 F9000 X58.661 Y67.487
G1 F1500 X61.342 Y64.806 E2968.39522
G0 F9000 X61.342 Y65.371
G1 F1500 X58.661 Y68.053 E2968.5718
G0 F9000 X58.661 Y68.618
G1 F1500 X61.342 Y65.937 E2968.74835
G0 F9000 X61.342 Y66.503
G1 F1500 X58.661 Y69.184 E2968.9249
G0 F9000 X58.661 Y69.75
G1 F1500 X61.342 Y67.068 E2969.10148
G0 F9000 X61.342 Y67.634
G1 F1500 X58.661 Y70.315 E2969.27803
G0 F9000 X58.661 Y70.881
G1 F1500 X61.342 Y68.2 E2969.45458
G0 F9000 X61.343 Y68.765
G1 F1500 X58.661 Y71.447 E2969.63119
G0 F9000 X58.661 Y72.012
G1 F1500 X61.343 Y69.33 E2969.80781
G0 F9000 X61.343 Y69.896
G1 F1500 X58.661 Y72.578 E2969.98442
G0 F9000 X58.661 Y73.144
G1 F1500 X61.343 Y70.462 E2970.16104
G0 F9000 X61.343 Y71.027
G1 F1500 X58.661 Y73.71 E2970.33768
G0 F9000 X58.661 Y74.275
G1 F1500 X61.343 Y71.593 E2970.5143
G0 F9000 X61.343 Y72.159
G1 F1500 X58.661 Y74.841 E2970.69091
G0 F9000 X58.661 Y75.407
G1 F1500 X61.343 Y72.725 E2970.86753
G0 F9000 X61.343 Y73.29
G1 F1500 X58.661 Y75.972 E2971.04414
G0 F9000 X58.661 Y76.538
G1 F1500 X61.343 Y73.856 E2971.22075
G0 F9000 X61.343 Y74.422
G1 F1500 X58.661 Y77.104 E2971.39737
G0 F9000 X58.661 Y77.669
G1 F1500 X61.343 Y74.987 E2971.57398
G0 F9000 X61.344 Y75.552
G1 F1500 X58.661 Y78.235 E2971.75066
G0 F9000 X58.661 Y78.801
G1 F1500 X61.344 Y76.118 E2971.92734
G0 F9000 X61.344 Y76.684
G1 F1500 X58.661 Y79.366 E2972.10399
G0 F9000 X58.661 Y79.932
G1 F1500 X61.344 Y77.249 E2972.28067
G0 F9000 X61.344 Y77.815
G1 F1500 X58.661 Y80.498 E2972.45735
G0 F9000 X58.661 Y81.063
G1 F1500 X61.344 Y78.381 E2972.634
G0 F9000 X61.344 Y78.946
G1 F1500 X58.661 Y81.629 E2972.81068
G0 F9000 X58.661 Y82.195
G1 F1500 X61.344 Y79.512 E2972.98736
G0 F9000 X61.344 Y80.078
G1 F1500 X58.661 Y82.76 E2973.16401
G0 F9000 X58.661 Y83.326
G1 F1500 X61.344 Y80.643 E2973.34069
G0 F9000 X61.344 Y81.209
G1 F1500 X58.661 Y83.892 E2973.51737
G0 F9000 X58.661 Y84.458
G1 F1500 X61.344 Y81.774 E2973.69408
G0 F9000 X61.344 Y82.34
G1 F1500 X58.661 Y85.023 E2973.87076
G0 F9000 X58.661 Y85.589
G1 F1500 X61.344 Y82.905 E2974.04747
G0 F9000 X61.344 Y83.471
G1 F1500 X58.661 Y86.155 E2974.22418
G0 F9000 X58.661 Y86.72
G1 F1500 X61.344 Y84.037 E2974.40086
G0 F9000 X61.344 Y84.602
G1 F1500 X58.661 Y87.286 E2974.57758
G0 F9000 X58.661 Y87.852
G1 F1500 X61.344 Y85.168 E2974.75429
G0 F9000 X61.344 Y85.734
G1 F1500 X58.661 Y88.417 E2974.93097
G0 F9000 X58.661 Y88.983
G1 F1500 X61.344 Y86.3 E2975.10765
G0 F9000 X61.344 Y86.865
G1 F1500 X58.661 Y89.549 E2975.28436
G0 F9000 X58.661 Y90.114
G1 F1500 X61.344 Y87.431 E2975.46104
G0 F9000 X61.418 Y87.923
G1 F1500 X58.661 Y90.68 E2975.6426
G0 F9000 X58.661 Y91.246
G1 F1500 X61.636 Y88.27 E2975.83854
G0 F9000 X61.957 Y88.515
G1 F1500 X58.661 Y91.811 E2976.05559
G0 F9000 X58.661 Y92.377
G1 F1500 X62.377 Y88.661 E2976.30029
G0 F9000 X62.927 Y88.677
G1 F1500 X58.661 Y92.943 E2976.58121
G0 F9000 X58.661 Y93.509
G1 F1500 X63.739 Y88.431 E2976.91561
G0 F9000 X64.186 Y88.671
G0 X63.608 Y89.754
G0 X63.2 Y89.535
G1 F1500 X58.661 Y94.074 E2977.21451
G0 F9000 X58.661 Y94.64
G1 F1500 X62.662 Y90.638 E2977.47802
G0 F9000 X62.416 Y91.451
G1 F1500 X58.661 Y95.206 E2977.72529
G0 F9000 X58.661 Y95.771
G1 F1500 X62.169 Y92.263 E2977.9563
G0 F9000 X61.922 Y93.076
G1 F1500 X58.661 Y96.337 E2978.17104
G0 F9000 X58.661 Y96.903
G1 F1500 X61.675 Y93.889 E2978.36952
G0 F9000 X61.428 Y94.701
G1 F1500 X58.661 Y97.468 E2978.55173
G0 F9000 X58.661 Y98.034
G1 F1500 X61.344 Y95.351 E2978.72841
G0 F9000 X61.344 Y95.917
G1 F1500 X58.661 Y98.6 E2978.90509
G0 F9000 X58.661 Y99.165
G1 F1500 X61.344 Y96.483 E2979.08174
G0 F9000 X61.344 Y97.048
G1 F1500 X58.661 Y99.731 E2979.25842
G0 F9000 X58.661 Y100.297
G1 F1500 X61.344 Y97.614 E2979.4351
G0 F9000 X61.344 Y98.18
G1 F1500 X58.661 Y100.862 E2979.61174
G0 F9000 X58.661 Y101.428
G1 F1500 X61.344 Y98.745 E2979.78842
G0 F9000 X61.344 Y99.311
G1 F1500 X58.661 Y101.994 E2979.9651
G0 F9000 X58.661 Y102.559
G1 F1500 X61.344 Y99.877 E2980.14175
G0 F9000 X61.344 Y100.442
G1 F1500 X58.661 Y103.125 E2980.31843
G0 F9000 X58.661 Y103.691
G1 F1500 X61.344 Y101.008 E2980.49511
G0 F9000 X61.344 Y101.574
G1 F1500 X58.661 Y104.257 E2980.67179
G0 F9000 X58.661 Y104.822
G1 F1500 X61.344 Y102.139 E2980.84847
G0 F9000 X61.344 Y102.705
G1 F1500 X58.661 Y105.388 E2981.02515
G0 F9000 X58.661 Y105.954
G1 F1500 X61.344 Y103.271 E2981.20183
G0 F9000 X61.344 Y103.837
G1 F1500 X58.661 Y106.519 E2981.37848
G0 F9000 X58.661 Y107.085
G1 F1500 X61.344 Y104.402 E2981.55516
G0 F9000 X61.344 Y104.968
G1 F1500 X58.661 Y107.651 E2981.73184
G0 F9000 X58.661 Y108.216
G1 F1500 X61.344 Y105.534 E2981.90849
G0 F9000 X61.344 Y106.099
G1 F1500 X58.661 Y108.782 E2982.08517
G0 F9000 X58.661 Y109.348
G1 F1500 X61.344 Y106.665 E2982.26185
G0 F9000 X61.344 Y107.231
G1 F1500 X58.661 Y109.913 E2982.43849
G0 F9000 X58.66 Y110.48
G1 F1500 X61.344 Y107.796 E2982.61524
G0 F9000 X61.344 Y108.362
G1 F1500 X58.66 Y111.045 E2982.79195
G0 F9000 X58.66 Y111.611
G1 F1500 X61.344 Y108.928 E2982.96867
G0 F9000 X61.344 Y109.493
G1 F1500 X58.66 Y112.177 E2983.14541
G0 F9000 X58.66 Y112.743
G1 F1500 X61.344 Y110.058 E2983.32219
G0 F9000 X61.344 Y110.624
G1 F1500 X58.66 Y113.308 E2983.49894
G0 F9000 X58.66 Y113.874
G1 F1500 X61.344 Y111.19 E2983.67568
G0 F9000 X61.344 Y111.755
G1 F1500 X58.66 Y114.44 E2983.85246
G0 F9000 X58.66 Y115.005
G1 F1500 X61.344 Y112.321 E2984.02921
G0 F9000 X61.344 Y112.887
G1 F1500 X58.66 Y115.571 E2984.20595
G0 F9000 X58.66 Y116.137
G1 F1500 X61.344 Y113.452 E2984.38273
G0 F9000 X61.344 Y114.018
G1 F1500 X58.66 Y116.702 E2984.55948
G0 F9000 X58.66 Y117.268
G1 F1500 X61.344 Y114.584 E2984.73622
G0 F9000 X61.344 Y115.15
G1 F1500 X58.66 Y117.834 E2984.91297
G0 F9000 X58.66 Y118.399
G1 F1500 X61.344 Y115.715 E2985.08972
G0 F9000 X61.344 Y116.281
G1 F1500 X58.66 Y118.965 E2985.26646
G0 F9000 X58.66 Y119.531
G1 F1500 X61.344 Y116.847 E2985.44321
G0 F9000 X61.344 Y117.412
G1 F1500 X58.66 Y120.096 E2985.61995
G0 F9000 X58.66 Y120.662
G1 F1500 X61.344 Y117.978 E2985.7967
G0 F9000 X61.344 Y118.544
G1 F1500 X58.66 Y121.228 E2985.97345
G0 F9000 X58.66 Y121.793
G1 F1500 X61.344 Y119.109 E2986.15019
G0 F9000 X61.344 Y119.675
G1 F1500 X58.66 Y122.359 E2986.32694
G0 F9000 X58.66 Y122.925
G1 F1500 X61.344 Y120.241 E2986.50368
G0 F9000 X61.344 Y120.806
G1 F1500 X58.66 Y123.491 E2986.68046
G0 F9000 X58.66 Y124.056
G1 F1500 X61.344 Y121.372 E2986.85721
G0 F9000 X61.344 Y121.938
G1 F1500 X58.66 Y124.622 E2987.03396
G0 F9000 X58.66 Y125.188
G1 F1500 X61.344 Y122.503 E2987.21073
G0 F9000 X61.344 Y123.069
G1 F1500 X58.66 Y125.753 E2987.38748
G0 F9000 X58.66 Y126.319
G1 F1500 X61.344 Y123.635 E2987.56423
G0 F9000 X61.344 Y124.2
G1 F1500 X58.66 Y126.885 E2987.74101
G0 F9000 X58.66 Y127.45
G1 F1500 X61.344 Y124.766 E2987.91775
G0 F9000 X61.425 Y125.251
G1 F1500 X58.66 Y128.016 E2988.09983
G0 F9000 X58.66 Y128.582
G1 F1500 X61.556 Y125.685 E2988.29057
G0 F9000 X61.687 Y126.12
G1 F1500 X58.66 Y129.147 E2988.4899
G0 F9000 X58.66 Y129.713
G1 F1500 X61.819 Y126.554 E2988.69793
G0 F9000 X61.95 Y126.989
G1 F1500 X58.66 Y130.279 E2988.91458
G0 F9000 X58.66 Y130.844
G1 F1500 X62.081 Y127.423 E2989.13986
G0 F9000 X62.212 Y127.858
G1 F1500 X58.66 Y131.41 E2989.37377
G0 F9000 X58.66 Y131.976
G1 F1500 X62.343 Y128.293 E2989.6163
G0 F9000 X62.475 Y128.727
G1 F1500 X58.66 Y132.542 E2989.86752
G0 F9000 X58.66 Y133.107
G1 F1500 X62.606 Y129.162 E2990.12734
G0 F9000 X62.739 Y129.594
G1 F1500 X58.66 Y133.673 E2990.39595
G0 F9000 X58.66 Y134.239
G1 F1500 X62.936 Y129.963 E2990.67753
G0 F9000 X63.133 Y130.332
G1 F1500 X62.014 Y131.45 E2990.75119
G0 F9000 X62.726 Y131.304
G1 F1500 X63.33 Y130.7 E2990.79096
G0 F9000 X63.526 Y131.069
G1 F1500 X63.203 Y131.393 E2990.81226
G0 F9000 X63.552 Y131.61
G1 F1500 X63.695 Y131.467 E2990.82168
G1 F1500 E2984.32168
G0 F9000 X64.137 Y131.232
G0 X62.08 Y131.831
G0 X61.445 Y132.019
G1 F1500 E2990.82168
G1 X58.66 Y134.804 E2991.00508
G0 F9000 X58.66 Y135.37
G1 F1500 X61.344 Y132.686 E2991.18182
G0 F9000 X61.344 Y133.251
G1 F1500 X58.66 Y135.936 E2991.3586
G0 F9000 X58.66 Y136.501
G1 F1500 X61.344 Y133.817 E2991.53535
G0 F9000 X61.344 Y134.383
G1 F1500 X58.66 Y137.067 E2991.71209
G0 F9000 X58.66 Y137.633
G1 F1500 X61.344 Y134.949 E2991.88884
G0 F9000 X61.344 Y135.514
G1 F1500 X58.66 Y138.198 E2992.06559
G0 F9000 X58.66 Y138.764
G1 F1500 X61.344 Y136.08 E2992.24233
G0 F9000 X61.344 Y136.646
G1 F1500 X58.66 Y139.33 E2992.41908
G0 F9000 X58.66 Y139.895
G1 F1500 X61.344 Y137.211 E2992.59582
G0 F9000 X61.344 Y137.778
G1 F1500 X58.66 Y140.461 E2992.77254
G0 F9000 X58.66 Y141.027
G1 F1500 X61.344 Y138.343 E2992.94928
G0 F9000 X61.344 Y138.909
G1 F1500 X58.66 Y141.592 E2993.126
G0 F9000 X58.66 Y142.158
G1 F1500 X61.344 Y139.475 E2993.30271
G0 F9000 X61.344 Y140.04
G1 F1500 X58.66 Y142.724 E2993.47945
G0 F9000 X58.66 Y143.29
G1 F1500 X61.344 Y140.606 E2993.6562
G0 F9000 X61.344 Y141.172
G1 F1500 X58.66 Y143.855 E2993.83291
G0 F9000 X58.66 Y144.421
G1 F1500 X61.344 Y141.737 E2994.00966
G0 F9000 X61.344 Y142.303
G1 F1500 X58.66 Y144.987 E2994.18641
G0 F9000 X58.66 Y145.552
G1 F1500 X61.343 Y142.87 E2994.36305
G0 F9000 X61.343 Y143.435
G1 F1500 X58.66 Y146.118 E2994.53973
G0 F9000 X58.66 Y146.684
G1 F1500 X61.343 Y144.001 E2994.71641
G0 F9000 X61.343 Y144.567
G1 F1500 X58.66 Y147.249 E2994.89306
G0 F9000 X58.66 Y147.815
G1 F1500 X61.343 Y145.132 E2995.06974
G0 F9000 X61.343 Y145.698
G1 F1500 X58.66 Y148.381 E2995.24642
G0 F9000 X58.66 Y148.946
G1 F1500 X61.343 Y146.264 E2995.42307
G0 F9000 X61.343 Y146.829
G1 F1500 X58.66 Y149.512 E2995.59975
G0 F9000 X58.66 Y150.078
G1 F1500 X61.343 Y147.395 E2995.77643
G0 F9000 X61.342 Y147.961
G1 F1500 X58.66 Y150.643 E2995.95304
G0 F9000 X58.66 Y151.209
G1 F1500 X61.342 Y148.527 E2996.12966
G0 F9000 X61.342 Y149.093
G1 F1500 X58.66 Y151.775 E2996.30627
G0 F9000 X58.66 Y152.34
G1 F1500 X61.342 Y149.658 E2996.48289
G0 F9000 X61.342 Y150.224
G1 F1500 X58.66 Y152.906 E2996.6595
G0 F9000 X58.66 Y153.472
G1 F1500 X61.342 Y150.79 E2996.83611
G0 F9000 X61.342 Y151.355
G1 F1500 X58.66 Y154.038 E2997.01276
G0 F9000 X58.66 Y154.603
G1 F1500 X61.342 Y151.921 E2997.18938
G0 F9000 X61.342 Y152.487
G1 F1500 X58.66 Y155.169 E2997.36599
G0 F9000 X58.66 Y155.735
G1 F1500 X61.342 Y153.053 E2997.5426
G0 F9000 X61.342 Y153.619
G1 F1500 X58.66 Y156.3 E2997.71919
G0 F9000 X58.66 Y156.866
G1 F1500 X61.342 Y154.185 E2997.89577
G0 F9000 X61.342 Y154.75
G1 F1500 X58.66 Y157.432 E2998.07238
G0 F9000 X58.66 Y157.997
G1 F1500 X61.342 Y155.316 E2998.24896
G0 F9000 X61.342 Y155.882
G1 F1500 X58.66 Y158.563 E2998.42554
G0 F9000 X58.66 Y159.129
G1 F1500 X61.342 Y156.447 E2998.60216
G0 F9000 X61.342 Y157.013
G1 F1500 X58.66 Y159.694 E2998.77874
G0 F9000 X58.66 Y160.26
G1 F1500 X61.345 Y157.575 E2998.95555
G0 F9000 X61.467 Y158.019
G1 F1500 X58.66 Y160.826 E2999.1404
G0 F9000 X58.712 Y161.34
G1 F1500 X61.721 Y158.331 E2999.33854
G0 F9000 X62.058 Y158.56
G1 F1500 X59.277 Y161.34 E2999.52165
G0 F9000 X59.843 Y161.34
G1 F1500 X62.527 Y158.656 E2999.69839
G0 F9000 X63.092 Y158.656
G1 F1500 X60.409 Y161.34 E2999.8751
G0 F9000 X60.975 Y161.34
G1 F1500 X63.658 Y158.656 E3000.05182
G0 F9000 X64.224 Y158.656
G1 F1500 X61.54 Y161.34 E3000.22856
G0 F9000 X62.106 Y161.34
G1 F1500 X64.789 Y158.656 E3000.40528
G0 F9000 X65.355 Y158.656
G1 F1500 X62.672 Y161.34 E3000.58199
G0 F9000 X63.237 Y161.34
G1 F1500 X65.921 Y158.656 E3000.75874
G0 F9000 X66.486 Y158.656
G1 F1500 X63.803 Y161.34 E3000.93545
G0 F9000 X64.369 Y161.34
G1 F1500 X67.051 Y158.657 E3001.1121
G0 F9000 X67.617 Y158.657
G1 F1500 X64.934 Y161.34 E3001.28878
G0 F9000 X65.5 Y161.34
G1 F1500 X68.183 Y158.657 E3001.46546
G0 F9000 X68.748 Y158.657
G1 F1500 X66.066 Y161.34 E3001.6421
G0 F9000 X66.631 Y161.34
G1 F1500 X69.314 Y158.657 E3001.81878
G0 F9000 X69.88 Y158.657
G1 F1500 X67.197 Y161.34 E3001.99546
G0 F9000 X67.763 Y161.34
G1 F1500 X70.446 Y158.657 E3002.17214
G0 F9000 X71.01 Y158.658
G1 F1500 X68.328 Y161.34 E3002.34876
G0 F9000 X68.894 Y161.34
G1 F1500 X71.576 Y158.658 E3002.52537
G0 F9000 X72.142 Y158.658
G1 F1500 X69.46 Y161.34 E3002.70199
G0 F9000 X70.025 Y161.34
G1 F1500 X72.708 Y158.658 E3002.87863
G0 F9000 X73.273 Y158.658
G1 F1500 X70.591 Y161.34 E3003.05525
G0 F9000 X71.157 Y161.34
G1 F1500 X73.839 Y158.658 E3003.23186
G0 F9000 X74.405 Y158.658
G1 F1500 X71.723 Y161.34 E3003.40848
G0 F9000 X72.288 Y161.34
G1 F1500 X74.97 Y158.658 E3003.58509
G0 F9000 X75.535 Y158.658
G1 F1500 X72.854 Y161.34 E3003.76167
G0 F9000 X73.42 Y161.34
G1 F1500 X76.101 Y158.658 E3003.93825
G0 F9000 X76.667 Y158.658
G1 F1500 X73.985 Y161.34 E3004.11487
G0 F9000 X74.551 Y161.34
G1 F1500 X77.232 Y158.658 E3004.29145
G0 F9000 X77.798 Y158.658
G1 F1500 X75.117 Y161.34 E3004.46803
G0 F9000 X75.682 Y161.34
G1 F1500 X78.364 Y158.658 E3004.64464
G0 F9000 X78.929 Y158.658
G1 F1500 X76.248 Y161.34 E3004.82123
G0 F9000 X76.814 Y161.34
G1 F1500 X79.494 Y158.659 E3004.99774
G0 F9000 X80.06 Y158.659
G1 F1500 X77.379 Y161.34 E3005.17429
G0 F9000 X77.945 Y161.34
G1 F1500 X80.626 Y158.659 E3005.35084
G0 F9000 X81.191 Y158.659
G1 F1500 X78.511 Y161.34 E3005.52735
G0 F9000 X79.076 Y161.34
G1 F1500 X81.757 Y158.659 E3005.7039
G0 F9000 X82.323 Y158.659
G1 F1500 X79.642 Y161.34 E3005.88045
G0 F9000 X80.208 Y161.34
G1 F1500 X82.888 Y158.659 E3006.05697
G0 F9000 X83.454 Y158.659
G1 F1500 X80.774 Y161.34 E3006.23348
G0 F9000 X81.339 Y161.34
G1 F1500 X84.02 Y158.659 E3006.41003
G0 F9000 X84.586 Y158.659
G1 F1500 X81.905 Y161.34 E3006.58658
G0 F9000 X82.471 Y161.34
G1 F1500 X85.151 Y158.659 E3006.76309
G0 F9000 X85.717 Y158.659
G1 F1500 X83.036 Y161.34 E3006.93964
G0 F9000 X83.602 Y161.34
G1 F1500 X86.283 Y158.659 E3007.11619
G0 F9000 X86.848 Y158.659
G1 F1500 X84.168 Y161.34 E3007.29271
G0 F9000 X84.733 Y161.34
G1 F1500 X87.414 Y158.659 E3007.46925
G1 F1500 E3000.96925
G0 F9000 X87.414 Y158.2
G0 X88.165 Y157.92
G0 X88.316 Y157.177
G0 X88.695 Y157.379
G1 F1500 E3007.46925
G1 X89.369 Y156.704 E3007.51367
G0 F9000 X89.738 Y156.901
G1 F1500 X85.299 Y161.34 E3007.80599
G0 F9000 X85.865 Y161.34
G1 F1500 X90.107 Y157.098 E3008.08533
G0 F9000 X90.486 Y157.285
G1 F1500 X86.43 Y161.34 E3008.35239
G0 F9000 X86.996 Y161.34
G1 F1500 X90.92 Y157.416 E3008.61079
G0 F9000 X91.354 Y157.548
G1 F1500 X87.562 Y161.34 E3008.8605
G0 F9000 X88.127 Y161.34
G1 F1500 X91.787 Y157.68 E3009.10152
G0 F9000 X92.222 Y157.811
G1 F1500 X88.693 Y161.34 E3009.33391
G0 F9000 X89.259 Y161.34
G1 F1500 X92.656 Y157.943 E3009.55761
G0 F9000 X93.09 Y158.074
G1 F1500 X89.824 Y161.34 E3009.77268
G0 F9000 X90.39 Y161.34
G1 F1500 X93.523 Y158.207 E3009.979
G0 F9000 X93.958 Y158.338
G1 F1500 X90.956 Y161.34 E3010.17668
G0 F9000 X91.522 Y161.34
G1 F1500 X94.392 Y158.47 E3010.36568
G0 F9000 X94.826 Y158.601
G1 F1500 X92.087 Y161.34 E3010.54604
G0 F9000 X92.653 Y161.34
G1 F1500 X95.334 Y158.659 E3010.72259
G0 F9000 X95.899 Y158.659
G1 F1500 X93.219 Y161.34 E3010.89911
G0 F9000 X93.784 Y161.34
G1 F1500 X96.465 Y158.659 E3011.07566
G0 F9000 X97.031 Y158.659
G1 F1500 X94.35 Y161.34 E3011.2522
G0 F9000 X94.916 Y161.34
G1 F1500 X97.596 Y158.659 E3011.42872
G0 F9000 X98.162 Y158.659
G1 F1500 X95.481 Y161.34 E3011.60527
G0 F9000 X96.047 Y161.34
G1 F1500 X98.728 Y158.659 E3011.78182
G0 F9000 X99.293 Y158.659
G1 F1500 X96.613 Y161.34 E3011.95833
G0 F9000 X97.178 Y161.34
G1 F1500 X99.86 Y158.658 E3012.13495
G0 F9000 X100.425 Y158.658
G1 F1500 X97.744 Y161.34 E3012.31153
G0 F9000 X98.31 Y161.34
G1 F1500 X100.991 Y158.658 E3012.48811
G0 F9000 X101.557 Y158.658
G1 F1500 X98.875 Y161.34 E3012.66472
G0 F9000 X99.441 Y161.34
G1 F1500 X102.122 Y158.658 E3012.84131
G0 F9000 X102.688 Y158.658
G1 F1500 X100.007 Y161.34 E3013.01789
G0 F9000 X100.573 Y161.34
G1 F1500 X103.254 Y158.658 E3013.19447
G0 F9000 X103.82 Y158.658
G1 F1500 X101.138 Y161.34 E3013.37108
G0 F9000 X101.704 Y161.34
G1 F1500 X104.386 Y158.658 E3013.5477
G0 F9000 X104.952 Y158.658
G1 F1500 X102.27 Y161.34 E3013.72431
G0 F9000 X102.835 Y161.34
G1 F1500 X105.517 Y158.658 E3013.90093
G0 F9000 X106.083 Y158.658
G1 F1500 X103.401 Y161.34 E3014.07754
G0 F9000 X103.967 Y161.34
G1 F1500 X106.649 Y158.658 E3014.25415
G0 F9000 X107.214 Y158.658
G1 F1500 X104.532 Y161.34 E3014.43077
G0 F9000 X105.098 Y161.34
G1 F1500 X107.78 Y158.658 E3014.60738
G0 F9000 X108.346 Y158.657
G1 F1500 X105.664 Y161.34 E3014.78403
G0 F9000 X106.229 Y161.34
G1 F1500 X108.912 Y158.657 E3014.96071
G0 F9000 X109.478 Y158.657
G1 F1500 X106.795 Y161.34 E3015.13739
G0 F9000 X107.361 Y161.34
G1 F1500 X110.043 Y158.657 E3015.31404
G0 F9000 X110.609 Y158.657
G1 F1500 X107.926 Y161.34 E3015.49072
G0 F9000 X108.492 Y161.34
G1 F1500 X111.175 Y158.657 E3015.6674
G0 F9000 X111.741 Y158.657
G1 F1500 X109.058 Y161.34 E3015.84408
G0 F9000 X109.623 Y161.34
G1 F1500 X112.307 Y158.656 E3016.02082
G0 F9000 X112.873 Y158.656
G1 F1500 X110.189 Y161.34 E3016.19757
G0 F9000 X110.755 Y161.34
G1 F1500 X113.438 Y158.656 E3016.37428
G0 F9000 X114.004 Y158.656
G1 F1500 X111.321 Y161.34 E3016.551
G0 F9000 X111.886 Y161.34
G1 F1500 X114.57 Y158.656 E3016.72774
G0 F9000 X115.135 Y158.656
G1 F1500 X112.452 Y161.34 E3016.90445
G0 F9000 X113.018 Y161.34
G1 F1500 X115.701 Y158.656 E3017.08117
G0 F9000 X116.267 Y158.656
G1 F1500 X113.583 Y161.34 E3017.25791
G0 F9000 X114.149 Y161.34
G1 F1500 X116.833 Y158.656 E3017.43466
G0 F9000 X117.399 Y158.656
G1 F1500 X114.715 Y161.34 E3017.61141
G0 F9000 X115.28 Y161.34
G1 F1500 X117.965 Y158.656 E3017.78818
G0 F9000 X118.53 Y158.656
G1 F1500 X115.846 Y161.34 E3017.96493
G0 F9000 X116.412 Y161.34
G1 F1500 X119.096 Y158.656 E3018.14168
G0 F9000 X119.662 Y158.656
G1 F1500 X116.977 Y161.34 E3018.31846
G0 F9000 X117.543 Y161.34
G1 F1500 X120.227 Y158.656 E3018.4952
G0 F9000 X120.794 Y158.655
G1 F1500 X118.109 Y161.34 E3018.67201
G0 F9000 X118.674 Y161.34
G1 F1500 X121.359 Y158.655 E3018.84883
G0 F9000 X121.925 Y158.655
G1 F1500 X119.24 Y161.34 E3019.02564
G0 F9000 X119.806 Y161.34
G1 F1500 X122.491 Y158.655 E3019.20245
G0 F9000 X123.056 Y158.655
G1 F1500 X120.371 Y161.34 E3019.37926
G0 F9000 X120.937 Y161.34
G1 F1500 X123.622 Y158.655 E3019.55607
G0 F9000 X124.188 Y158.655
G1 F1500 X121.503 Y161.34 E3019.73288
G0 F9000 X122.069 Y161.34
G1 F1500 X124.753 Y158.655 E3019.90966
G0 F9000 X125.457 Y158.517
G1 F1500 X122.634 Y161.34 E3020.09556
G0 F9000 X123.2 Y161.34
G1 F1500 X126.269 Y158.27 E3020.29769
G0 F9000 X127.083 Y158.023
G1 F1500 X123.766 Y161.34 E3020.51612
G0 F9000 X124.331 Y161.34
G1 F1500 X127.896 Y157.775 E3020.75089
G0 F9000 X128.709 Y157.528
G1 F1500 X124.897 Y161.34 E3021.00191
G0 F9000 X125.463 Y161.34
G1 F1500 X129.522 Y157.28 E3021.26924
G0 F9000 X129.393 Y156.843
G0 X130.496 Y156.253
G0 X130.711 Y156.657
G1 F1500 X126.028 Y161.34 E3021.57762
G0 F9000 X126.594 Y161.34
G1 F1500 X131.666 Y156.268 E3021.91162
G0 F9000 X131.308 Y157.192
G1 F1500 X127.16 Y161.34 E3022.18477
G0 F9000 X127.725 Y161.34
G1 F1500 X131.355 Y157.71 E3022.42382
G0 F9000 X131.516 Y158.115
G1 F1500 X128.291 Y161.34 E3022.63619
G0 F9000 X128.857 Y161.34
G1 F1500 X131.781 Y158.415 E3022.82877
G0 F9000 X132.155 Y158.608
G1 F1500 X129.422 Y161.34 E3023.00871
G0 F9000 X129.988 Y161.34
G1 F1500 X132.673 Y158.655 E3023.18552
G0 F9000 X133.239 Y158.655
G1 F1500 X130.554 Y161.34 E3023.36233
G0 F9000 X131.12 Y161.34
G1 F1500 X133.804 Y158.655 E3023.53911
G0 F9000 X134.37 Y158.655
G1 F1500 X131.685 Y161.34 E3023.71592
G0 F9000 X132.251 Y161.34
G1 F1500 X134.936 Y158.655 E3023.89274
G0 F9000 X135.501 Y158.655
G1 F1500 X132.817 Y161.34 E3024.06952
G0 F9000 X133.382 Y161.34
G1 F1500 X136.067 Y158.655 E3024.24633
G0 F9000 X136.633 Y158.655
G1 F1500 X133.948 Y161.34 E3024.42314
G0 F9000 X134.514 Y161.34
G1 F1500 X137.199 Y158.655 E3024.59995
G0 F9000 X137.764 Y158.655
G1 F1500 X135.079 Y161.34 E3024.77676
G0 F9000 X135.645 Y161.34
G1 F1500 X138.33 Y158.655 E3024.95357
G0 F9000 X138.896 Y158.655
G1 F1500 X136.211 Y161.34 E3025.13039
G0 F9000 X136.776 Y161.34
G1 F1500 X139.461 Y158.655 E3025.3072
G0 F9000 X140.027 Y158.655
G1 F1500 X137.342 Y161.34 E3025.48401
G0 F9000 X137.908 Y161.34
G1 F1500 X140.593 Y158.655 E3025.66082
G0 F9000 X141.158 Y158.656
G1 F1500 X138.473 Y161.34 E3025.8376
G0 F9000 X139.039 Y161.34
G1 F1500 X141.723 Y158.656 E3026.01435
G0 F9000 X142.289 Y158.656
G1 F1500 X139.605 Y161.34 E3026.19109
G0 F9000 X140.17 Y161.34
G1 F1500 X142.855 Y158.656 E3026.36787
G0 F9000 X143.42 Y158.656
G1 F1500 X140.736 Y161.34 E3026.54462
G0 F9000 X141.302 Y161.34
G1 F1500 X143.986 Y158.656 E3026.72136
G0 F9000 X144.552 Y158.656
G1 F1500 X141.868 Y161.34 E3026.89811
G0 F9000 X142.433 Y161.34
G1 F1500 X145.117 Y158.656 E3027.07486
G0 F9000 X145.683 Y158.656
G1 F1500 X142.999 Y161.34 E3027.2516
G0 F9000 X143.565 Y161.34
G1 F1500 X146.249 Y158.656 E3027.42835
G0 F9000 X146.814 Y158.656
G1 F1500 X144.13 Y161.34 E3027.60509
G0 F9000 X144.696 Y161.34
G1 F1500 X147.38 Y158.656 E3027.78184
G0 F9000 X147.946 Y158.656
G1 F1500 X145.262 Y161.34 E3027.95859
G0 F9000 X145.827 Y161.34
G1 F1500 X148.512 Y158.656 E3028.13536
G0 F9000 X149.077 Y158.656
G1 F1500 X146.393 Y161.34 E3028.31211
G0 F9000 X146.959 Y161.34
G1 F1500 X149.642 Y158.656 E3028.48882
G0 F9000 X150.208 Y158.656
G1 F1500 X147.524 Y161.34 E3028.66557
G0 F9000 X148.09 Y161.34
G1 F1500 X150.774 Y158.656 E3028.84232
G0 F9000 X151.339 Y158.656
G1 F1500 X148.656 Y161.34 E3029.01903
G0 F9000 X149.221 Y161.34
G1 F1500 X151.905 Y158.656 E3029.19577
G0 F9000 X152.471 Y158.656
G1 F1500 X149.787 Y161.34 E3029.37252
G0 F9000 X150.353 Y161.34
G1 F1500 X153.036 Y158.656 E3029.54923
G0 F9000 X153.602 Y158.656
G1 F1500 X150.919 Y161.34 E3029.72595
G0 F9000 X151.484 Y161.34
G1 F1500 X154.168 Y158.656 E3029.90269
G0 F9000 X154.733 Y158.656
G1 F1500 X152.05 Y161.34 E3030.07941
G0 F9000 X152.616 Y161.34
G1 F1500 X155.299 Y158.656 E3030.25612
G0 F9000 X155.865 Y158.656
G1 F1500 X153.181 Y161.34 E3030.43286
G0 F9000 X153.747 Y161.34
G1 F1500 X156.43 Y158.656 E3030.60958
G0 F9000 X156.996 Y158.656
G1 F1500 X154.313 Y161.34 E3030.78629
G0 F9000 X154.878 Y161.34
G1 F1500 X157.563 Y158.655 E3030.9631
G0 F9000 X157.494 Y158.201
G0 X158.2 Y157.501
G0 X158.656 Y157.562
G1 F1500 X161.34 Y154.878 E3031.13985
G0 F9000 X161.34 Y154.313
G1 F1500 X158.657 Y156.995 E3031.3165
G0 F9000 X158.657 Y156.43
G1 F1500 X161.34 Y153.747 E3031.49318
G0 F9000 X161.34 Y153.181
G1 F1500 X158.657 Y155.864 E3031.66986
G0 F9000 X158.657 Y155.298
G1 F1500 X161.34 Y152.616 E3031.8465
G0 F9000 X161.34 Y152.05
G1 F1500 X158.657 Y154.733 E3032.02318
G0 F9000 X158.657 Y154.167
G1 F1500 X161.34 Y151.484 E3032.19986
G0 F9000 X161.34 Y150.919
G1 F1500 X158.657 Y153.601 E3032.37651
G0 F9000 X158.657 Y153.036
G1 F1500 X161.34 Y150.353 E3032.55319
G0 F9000 X161.34 Y149.787
G1 F1500 X158.657 Y152.47 E3032.72987
G0 F9000 X158.657 Y151.904
G1 F1500 X161.34 Y149.221 E3032.90655
G0 F9000 X161.34 Y148.656
G1 F1500 X158.657 Y151.339 E3033.08323
G0 F9000 X158.657 Y150.773
G1 F1500 X161.34 Y148.09 E3033.25991
G0 F9000 X161.34 Y147.524
G1 F1500 X158.657 Y150.207 E3033.43659
G0 F9000 X158.657 Y149.641
G1 F1500 X161.34 Y146.959 E3033.61324
G0 F9000 X161.34 Y146.393
G1 F1500 X158.656 Y149.076 E3033.78995
G0 F9000 X158.656 Y148.511
G1 F1500 X161.34 Y145.827 E3033.9667
G0 F9000 X161.34 Y145.262
G1 F1500 X158.656 Y147.945 E3034.14341
G0 F9000 X158.656 Y147.379
G1 F1500 X161.34 Y144.696 E3034.32012
G0 F9000 X161.34 Y144.13
G1 F1500 X158.656 Y146.814 E3034.49687
G0 F9000 X158.656 Y146.248
G1 F1500 X161.34 Y143.565 E3034.67358
G0 F9000 X161.34 Y142.999
G1 F1500 X158.656 Y145.682 E3034.8503
G0 F9000 X158.656 Y145.117
G1 F1500 X161.34 Y142.433 E3035.02704
G0 F9000 X161.34 Y141.868
G1 F1500 X158.656 Y144.551 E3035.20376
G0 F9000 X158.656 Y143.985
G1 F1500 X161.34 Y141.302 E3035.38047
G0 F9000 X161.34 Y140.736
G1 F1500 X158.656 Y143.42 E3035.55721
G0 F9000 X158.656 Y142.854
G1 F1500 X161.34 Y140.17 E3035.73396
G0 F9000 X161.34 Y139.605
G1 F1500 X158.656 Y142.288 E3035.91067
G0 F9000 X158.656 Y141.723
G1 F1500 X161.34 Y139.039 E3036.08742
G0 F9000 X161.34 Y138.473
G1 F1500 X158.656 Y141.157 E3036.26417
G0 F9000 X158.656 Y140.592
G1 F1500 X161.34 Y137.908 E3036.44091
G0 F9000 X161.34 Y137.342
G1 F1500 X158.656 Y140.026 E3036.61766
G0 F9000 X158.656 Y139.461
G1 F1500 X161.34 Y136.776 E3036.79444
G0 F9000 X161.34 Y136.211
G1 F1500 X158.656 Y138.895 E3036.97118
G0 F9000 X158.656 Y138.329
G1 F1500 X161.34 Y135.645 E3037.14793
G0 F9000 X161.34 Y135.079
G1 F1500 X158.656 Y137.763 E3037.32467
G0 F9000 X158.656 Y137.198
G1 F1500 X161.34 Y134.514 E3037.50142
G0 F9000 X161.34 Y133.948
G1 F1500 X158.656 Y136.632 E3037.67817
G0 F9000 X158.656 Y136.066
G1 F1500 X161.34 Y133.382 E3037.85491
G0 F9000 X161.34 Y132.817
G1 F1500 X158.656 Y135.501 E3038.03166
G0 F9000 X158.656 Y134.935
G1 F1500 X161.34 Y132.251 E3038.2084
G0 F9000 X161.34 Y131.685
G1 F1500 X158.656 Y134.369 E3038.38515
G0 F9000 X158.656 Y133.804
G1 F1500 X161.34 Y131.12 E3038.5619
G0 F9000 X161.34 Y130.554
G1 F1500 X158.656 Y133.238 E3038.73864
G0 F9000 X158.656 Y132.672
G1 F1500 X161.34 Y129.988 E3038.91539
G0 F9000 X161.34 Y129.422
G1 F1500 X158.608 Y132.154 E3039.09529
G0 F9000 X158.416 Y131.781
G1 F1500 X161.34 Y128.857 E3039.28785
G0 F9000 X161.34 Y128.291
G1 F1500 X158.114 Y131.517 E3039.50028
G0 F9000 X157.712 Y131.354
G1 F1500 X161.34 Y127.725 E3039.73923
G0 F9000 X161.34 Y127.16
G1 F1500 X157.191 Y131.308 E3040.01241
G0 F9000 X156.66 Y130.708
G1 F1500 X161.34 Y126.028 E3040.3206
G0 F9000 X161.34 Y125.463
G1 F1500 X157.281 Y129.521 E3040.58786
G0 F9000 X157.527 Y128.71
G1 F1500 X161.34 Y124.897 E3040.83895
G0 F9000 X161.34 Y124.331
G1 F1500 X157.774 Y127.897 E3041.07378
G0 F9000 X158.02 Y127.085
G1 F1500 X161.34 Y123.766 E3041.29237
G0 F9000 X161.34 Y123.2
G1 F1500 X158.266 Y126.274 E3041.4948
G0 F9000 X158.512 Y125.462
G1 F1500 X161.34 Y122.634 E3041.68103
G0 F9000 X161.34 Y122.069
G1 F1500 X158.656 Y124.753 E3041.85777
G0 F9000 X158.656 Y124.187
G1 F1500 X161.34 Y121.503 E3042.03452
G0 F9000 X161.34 Y120.937
G1 F1500 X158.656 Y123.621 E3042.21127
G0 F9000 X158.656 Y123.056
G1 F1500 X161.34 Y120.371 E3042.38804
G0 F9000 X161.34 Y119.806
G1 F1500 X158.656 Y122.49 E3042.56479
G0 F9000 X158.656 Y121.924
G1 F1500 X161.34 Y119.24 E3042.74154
G0 F9000 X161.34 Y118.674
G1 F1500 X158.656 Y121.359 E3042.91832
G0 F9000 X158.656 Y120.793
G1 F1500 X161.34 Y118.109 E3043.09506
G0 F9000 X161.34 Y117.543
G1 F1500 X158.656 Y120.227 E3043.27181
G0 F9000 X158.656 Y119.661
G1 F1500 X161.34 Y116.977 E3043.44855
G0 F9000 X161.34 Y116.412
G1 F1500 X158.656 Y119.095 E3043.62527
G0 F9000 X158.656 Y118.529
G1 F1500 X161.34 Y115.846 E3043.80198
G0 F9000 X161.34 Y115.28
G1 F1500 X158.656 Y117.964 E3043.97873
G0 F9000 X158.656 Y117.398
G1 F1500 X161.34 Y114.715 E3044.15544
G0 F9000 X161.34 Y114.149
G1 F1500 X158.656 Y116.832 E3044.33215
G0 F9000 X158.657 Y116.266
G1 F1500 X161.34 Y113.583 E3044.50883
G0 F9000 X161.34 Y113.018
G1 F1500 X158.657 Y115.7 E3044.68548
G0 F9000 X158.657 Y115.135
G1 F1500 X161.34 Y112.452 E3044.86216
G0 F9000 X161.34 Y111.886
G1 F1500 X158.657 Y114.569 E3045.03884
G0 F9000 X158.657 Y114.003
G1 F1500 X161.34 Y111.321 E3045.21549
G0 F9000 X161.34 Y110.755
G1 F1500 X158.657 Y113.438 E3045.39217
G0 F9000 X158.657 Y112.872
G1 F1500 X161.34 Y110.189 E3045.56885
G0 F9000 X161.34 Y109.623
G1 F1500 X158.657 Y112.306 E3045.74553
G0 F9000 X158.658 Y111.74
G1 F1500 X161.34 Y109.058 E3045.92214
G0 F9000 X161.34 Y108.492
G1 F1500 X158.658 Y111.174 E3046.09876
G0 F9000 X158.658 Y110.608
G1 F1500 X161.34 Y107.926 E3046.27537
G0 F9000 X161.34 Y107.361
G1 F1500 X158.658 Y110.043 E3046.45198
G0 F9000 X158.658 Y109.477
G1 F1500 X161.34 Y106.795 E3046.6286
G0 F9000 X161.34 Y106.229
G1 F1500 X158.658 Y108.911 E3046.80521
G0 F9000 X158.658 Y108.346
G1 F1500 X161.34 Y105.664 E3046.98183
G0 F9000 X161.34 Y105.098
G1 F1500 X158.658 Y107.779 E3047.15841
G0 F9000 X158.658 Y107.214
G1 F1500 X161.34 Y104.532 E3047.33502
G0 F9000 X161.34 Y103.967
G1 F1500 X158.658 Y106.648 E3047.5116
G0 F9000 X158.658 Y106.082
G1 F1500 X161.34 Y103.401 E3047.68819
G0 F9000 X161.34 Y102.835
G1 F1500 X158.658 Y105.517 E3047.8648
G0 F9000 X158.658 Y104.951
G1 F1500 X161.34 Y102.27 E3048.04138
G0 F9000 X161.34 Y101.704
G1 F1500 X158.658 Y104.385 E3048.21796
G0 F9000 X158.658 Y103.82
G1 F1500 X161.34 Y101.138 E3048.39458
G0 F9000 X161.34 Y100.573
G1 F1500 X158.659 Y103.253 E3048.57109
G0 F9000 X158.659 Y102.687
G1 F1500 X161.34 Y100.007 E3048.74761
G0 F9000 X161.34 Y99.441
G1 F1500 X158.659 Y102.122 E3048.92416
G0 F9000 X158.659 Y101.556
G1 F1500 X161.34 Y98.875 E3049.1007
G0 F9000 X161.34 Y98.31
G1 F1500 X158.659 Y100.99 E3049.27722
G0 F9000 X158.659 Y100.425
G1 F1500 X161.34 Y97.744 E3049.45377
G0 F9000 X161.34 Y97.178
G1 F1500 X158.659 Y99.859 E3049.63032
G0 F9000 X158.66 Y99.293
G1 F1500 X161.34 Y96.613 E3049.8068
G0 F9000 X161.34 Y96.047
G1 F1500 X158.66 Y98.727 E3049.98328
G0 F9000 X158.66 Y98.161
G1 F1500 X161.34 Y95.481 E3050.15976
G0 F9000 X161.34 Y94.916
G1 F1500 X158.66 Y97.596 E3050.33625
G0 F9000 X158.66 Y97.03
G1 F1500 X161.34 Y94.35 E3050.51273
G0 F9000 X161.34 Y93.784
G1 F1500 X158.66 Y96.464 E3050.68921
G0 F9000 X158.66 Y95.899
G1 F1500 X161.34 Y93.219 E3050.8657
G0 F9000 X161.34 Y92.653
G1 F1500 X158.66 Y95.333 E3051.04218
G0 F9000 X158.602 Y94.825
G1 F1500 X161.34 Y92.087 E3051.22248
G0 F9000 X161.34 Y91.522
G1 F1500 X158.47 Y94.391 E3051.41144
G0 F9000 X158.339 Y93.957
G1 F1500 X161.34 Y90.956 E3051.60906
G0 F9000 X161.34 Y90.39
G1 F1500 X158.207 Y93.523 E3051.81538
G0 F9000 X158.076 Y93.088
G1 F1500 X161.34 Y89.824 E3052.03032
G0 F9000 X161.34 Y89.259
G1 F1500 X157.944 Y92.655 E3052.25395
G0 F9000 X157.812 Y92.221
G1 F1500 X161.34 Y88.693 E3052.48627
G0 F9000 X161.34 Y88.127
G1 F1500 X157.681 Y91.787 E3052.72726
G0 F9000 X157.549 Y91.353
G1 F1500 X161.34 Y87.562 E3052.9769
G0 F9000 X161.34 Y86.996
G1 F1500 X157.418 Y90.918 E3053.23517
G0 F9000 X157.285 Y90.485
G1 F1500 X161.34 Y86.43 E3053.5022
G0 F9000 X161.34 Y85.865
G1 F1500 X157.098 Y90.107 E3053.78154
G0 F9000 X156.901 Y89.738
G1 F1500 X161.34 Y85.299 E3054.07386
G0 F9000 X161.34 Y84.733
G1 F1500 X158.656 Y87.417 E3054.2506
G0 F9000 X158.656 Y86.852
G1 F1500 X161.34 Y84.168 E3054.42735
G0 F9000 X161.34 Y83.602
G1 F1500 X158.656 Y86.286 E3054.6041
G0 F9000 X158.656 Y85.72
G1 F1500 X161.34 Y83.036 E3054.78084
G0 F9000 X161.34 Y82.471
G1 F1500 X158.656 Y85.155 E3054.95759
G0 F9000 X158.656 Y84.589
G1 F1500 X161.34 Y81.905 E3055.13433
G0 F9000 X161.34 Y81.339
G1 F1500 X158.656 Y84.023 E3055.31108
G0 F9000 X158.656 Y83.458
G1 F1500 X161.34 Y80.774 E3055.48783
G0 F9000 X161.34 Y80.208
G1 F1500 X158.656 Y82.892 E3055.66457
G0 F9000 X158.656 Y82.326
G1 F1500 X161.34 Y79.642 E3055.84132
G0 F9000 X161.34 Y79.076
G1 F1500 X158.656 Y81.761 E3056.0181
G0 F9000 X158.656 Y81.195
G1 F1500 X161.34 Y78.511 E3056.19484
G0 F9000 X161.34 Y77.945
G1 F1500 X158.656 Y80.629 E3056.37159
G0 F9000 X158.656 Y80.064
G1 F1500 X161.34 Y77.379 E3056.54837
G0 F9000 X161.34 Y76.814
G1 F1500 X158.656 Y79.498 E3056.72511
G0 F9000 X158.656 Y78.932
G1 F1500 X161.34 Y76.248 E3056.90186
G0 F9000 X161.34 Y75.682
G1 F1500 X158.656 Y78.366 E3057.07861
G0 F9000 X158.656 Y77.8
G1 F1500 X161.34 Y75.117 E3057.25532
G0 F9000 X161.34 Y74.551
G1 F1500 X158.656 Y77.234 E3057.43203
G0 F9000 X158.656 Y76.669
G1 F1500 X161.34 Y73.985 E3057.60878
G0 F9000 X161.34 Y73.42
G1 F1500 X158.656 Y76.103 E3057.78549
G0 F9000 X158.656 Y75.537
G1 F1500 X161.34 Y72.854 E3057.9622
G0 F9000 X161.34 Y72.288
G1 F1500 X158.656 Y74.972 E3058.13895
G0 F9000 X158.656 Y74.406
G1 F1500 X161.34 Y71.723 E3058.31566
G0 F9000 X161.34 Y71.157
G1 F1500 X158.656 Y73.84 E3058.49238
G0 F9000 X158.656 Y73.275
G1 F1500 X161.34 Y70.591 E3058.66912
G0 F9000 X161.34 Y70.025
G1 F1500 X158.656 Y72.709 E3058.84587
G0 F9000 X158.656 Y72.143
G1 F1500 X161.34 Y69.46 E3059.02258
G0 F9000 X161.34 Y68.894
G1 F1500 X158.656 Y71.578 E3059.19933
G0 F9000 X158.656 Y71.012
G1 F1500 X161.34 Y68.328 E3059.37607
G0 F9000 X161.34 Y67.763
G1 F1500 X158.657 Y70.446 E3059.55275
G0 F9000 X158.657 Y69.88
G1 F1500 X161.34 Y67.197 E3059.72943
G0 F9000 X161.34 Y66.631
G1 F1500 X158.657 Y69.314 E3059.90611
G0 F9000 X158.657 Y68.748
G1 F1500 X161.34 Y66.066 E3060.08276
G0 F9000 X161.34 Y65.5
G1 F1500 X158.657 Y68.183 E3060.25944
G0 F9000 X158.657 Y67.617
G1 F1500 X161.34 Y64.934 E3060.43612
G0 F9000 X161.34 Y64.369
G1 F1500 X158.657 Y67.051 E3060.61277
G0 F9000 X158.657 Y66.486
G1 F1500 X161.34 Y63.803 E3060.78945
G0 F9000 X161.34 Y63.237
G1 F1500 X158.657 Y65.92 E3060.96613
G0 F9000 X158.657 Y65.354
G1 F1500 X161.34 Y62.672 E3061.14278
G0 F9000 X161.34 Y62.106
G1 F1500 X158.657 Y64.789 E3061.31946
G0 F9000 X158.657 Y64.223
G1 F1500 X161.34 Y61.54 E3061.49614
G0 F9000 X161.34 Y60.975
G1 F1500 X158.657 Y63.657 E3061.67278
G0 F9000 X158.657 Y63.092
G1 F1500 X161.34 Y60.409 E3061.84946
G0 F9000 X161.34 Y59.843
G1 F1500 X158.657 Y62.526 E3062.02614
G0 F9000 X158.561 Y62.056
G1 F1500 X161.34 Y59.277 E3062.20915
G0 F9000 X161.34 Y58.712
G1 F1500 X158.331 Y61.721 E3062.40729
G0 F9000 X158.01 Y61.476
G1 F1500 X160.826 Y58.659 E3062.59276
G0 F9000 X160.261 Y58.659
G1 F1500 X157.573 Y61.347 E3062.76977
G0 F9000 X157.013 Y61.342
G1 F1500 X159.695 Y58.659 E3062.94642
G0 F9000 X159.129 Y58.659
G1 F1500 X156.447 Y61.342 E3063.12307
G0 F9000 X155.882 Y61.342
G1 F1500 X158.564 Y58.659 E3063.29972
G0 F9000 X157.998 Y58.659
G1 F1500 X155.316 Y61.342 E3063.47636
G0 F9000 X154.75 Y61.342
G1 F1500 X157.432 Y58.659 E3063.65301
G0 F9000 X156.867 Y58.659
G1 F1500 X154.185 Y61.342 E3063.82966
G0 F9000 X153.619 Y61.342
G1 F1500 X156.301 Y58.659 E3064.0063
G0 F9000 X155.735 Y58.659
G1 F1500 X153.053 Y61.342 E3064.18295
G0 F9000 X152.488 Y61.342
G1 F1500 X155.17 Y58.659 E3064.3596
G0 F9000 X154.604 Y58.659
G1 F1500 X151.922 Y61.342 E3064.53625
G0 F9000 X151.356 Y61.342
G1 F1500 X154.038 Y58.659 E3064.71289
G0 F9000 X153.473 Y58.659
G1 F1500 X150.791 Y61.342 E3064.88954
G0 F9000 X150.225 Y61.342
G1 F1500 X152.907 Y58.659 E3065.06619
G0 F9000 X152.341 Y58.659
G1 F1500 X149.659 Y61.342 E3065.24284
G0 F9000 X149.093 Y61.342
G1 F1500 X151.776 Y58.659 E3065.41952
G0 F9000 X151.21 Y58.659
G1 F1500 X148.528 Y61.342 E3065.59616
G0 F9000 X147.962 Y61.342
G1 F1500 X150.644 Y58.659 E3065.77281
G0 F9000 X150.078 Y58.659
G1 F1500 X147.396 Y61.342 E3065.94946
G0 F9000 X146.831 Y61.342
G1 F1500 X149.513 Y58.659 E3066.1261
G0 F9000 X148.947 Y58.659
G1 F1500 X146.265 Y61.342 E3066.30275
G0 F9000 X145.699 Y61.342
G1 F1500 X148.381 Y58.659 E3066.4794
G0 F9000 X147.816 Y58.659
G1 F1500 X145.134 Y61.342 E3066.65605
G0 F9000 X144.569 Y61.341
G1 F1500 X147.25 Y58.659 E3066.83263
G0 F9000 X146.684 Y58.659
G1 F1500 X144.003 Y61.341 E3067.00921
G0 F9000 X143.437 Y61.341
G1 F1500 X146.119 Y58.659 E3067.18582
G0 F9000 X145.553 Y58.659
G1 F1500 X142.872 Y61.341 E3067.3624
G0 F9000 X142.306 Y61.341
G1 F1500 X144.987 Y58.659 E3067.53899
G0 F9000 X144.422 Y58.659
G1 F1500 X141.74 Y61.341 E3067.7156
G0 F9000 X141.175 Y61.341
G1 F1500 X143.856 Y58.659 E3067.89218
G0 F9000 X143.29 Y58.659
G1 F1500 X140.609 Y61.341 E3068.06876
G0 F9000 X140.043 Y61.341
G1 F1500 X142.725 Y58.659 E3068.24538
G0 F9000 X142.159 Y58.659
G1 F1500 X139.478 Y61.341 E3068.42196
G0 F9000 X138.912 Y61.341
G1 F1500 X141.593 Y58.659 E3068.59854
G0 F9000 X141.027 Y58.659
G1 F1500 X138.346 Y61.341 E3068.77512
G0 F9000 X137.78 Y61.341
G1 F1500 X140.462 Y58.659 E3068.95174
G0 F9000 X139.896 Y58.659
G1 F1500 X137.215 Y61.341 E3069.12832
G0 F9000 X136.649 Y61.341
G1 F1500 X139.33 Y58.659 E3069.3049
G0 F9000 X138.765 Y58.659
G1 F1500 X136.083 Y61.341 E3069.48151
G0 F9000 X135.518 Y61.341
G1 F1500 X138.199 Y58.659 E3069.65809
G0 F9000 X137.633 Y58.659
G1 F1500 X134.952 Y61.341 E3069.83467
G0 F9000 X134.386 Y61.341
G1 F1500 X137.068 Y58.659 E3070.01129
G0 F9000 X136.502 Y58.659
G1 F1500 X133.821 Y61.341 E3070.18787
G0 F9000 X133.255 Y61.341
G1 F1500 X135.936 Y58.659 E3070.36445
G0 F9000 X135.371 Y58.659
G1 F1500 X132.689 Y61.341 E3070.54107
G0 F9000 X132.015 Y61.449
G1 F1500 X134.805 Y58.659 E3070.72479
G0 F9000 X134.239 Y58.659
G1 F1500 X129.962 Y62.937 E3071.00647
G0 F9000 X130.331 Y63.133
G1 F1500 X131.446 Y62.018 E3071.0799
G0 F9000 X131.303 Y62.727
G1 F1500 X130.699 Y63.331 E3071.11967
G0 F9000 X131.069 Y63.527
G1 F1500 X131.392 Y63.203 E3071.14098
G0 F9000 X131.622 Y63.54
G1 F1500 X131.456 Y63.705 E3071.15187
G0 F9000 X131.226 Y64.133
G0 X129.393 Y63.153
G0 X129.594 Y62.739
G1 F1500 X133.674 Y58.659 E3071.42055
G0 F9000 X133.108 Y58.659
G1 F1500 X129.162 Y62.605 E3071.6804
G0 F9000 X128.728 Y62.474
G1 F1500 X132.542 Y58.659 E3071.93159
G0 F9000 X131.977 Y58.659
G1 F1500 X128.295 Y62.341 E3072.17406
G0 F9000 X127.86 Y62.21
G1 F1500 X131.411 Y58.659 E3072.4079
G0 F9000 X130.845 Y58.659
G1 F1500 X127.427 Y62.078 E3072.63301
G0 F9000 X126.993 Y61.946
G1 F1500 X130.279 Y58.659 E3072.84943
G0 F9000 X129.714 Y58.659
G1 F1500 X126.559 Y61.814 E3073.05719
G0 F9000 X126.125 Y61.682
G1 F1500 X129.148 Y58.659 E3073.25626
G0 F9000 X128.582 Y58.659
G1 F1500 X125.692 Y61.55 E3073.44661
G0 F9000 X125.258 Y61.419
G1 F1500 X128.017 Y58.659 E3073.62833
G0 F9000 X127.451 Y58.659
G1 F1500 X124.766 Y61.344 E3073.80514
G0 F9000 X124.2 Y61.344
G1 F1500 X126.885 Y58.659 E3073.98195
G0 F9000 X126.32 Y58.659
G1 F1500 X123.635 Y61.344 E3074.15876
G0 F9000 X123.069 Y61.344
G1 F1500 X125.754 Y58.659 E3074.33557
G0 F9000 X125.188 Y58.659
G1 F1500 X122.503 Y61.344 E3074.51239
G0 F9000 X121.938 Y61.344
G1 F1500 X124.623 Y58.659 E3074.6892
G0 F9000 X124.057 Y58.659
G1 F1500 X121.372 Y61.344 E3074.86601
G0 F9000 X120.806 Y61.344
G1 F1500 X123.491 Y58.659 E3075.04282
G0 F9000 X122.926 Y58.659
G1 F1500 X120.241 Y61.344 E3075.21963
G0 F9000 X119.675 Y61.344
G1 F1500 X122.36 Y58.659 E3075.39644
G0 F9000 X121.794 Y58.659
G1 F1500 X119.109 Y61.344 E3075.57326
G0 F9000 X118.544 Y61.344
G1 F1500 X121.229 Y58.659 E3075.75007
G0 F9000 X120.663 Y58.659
G1 F1500 X117.978 Y61.344 E3075.92688
G0 F9000 X117.412 Y61.344
G1 F1500 X120.097 Y58.659 E3076.10369
G0 F9000 X119.531 Y58.659
G1 F1500 X116.847 Y61.344 E3076.28047
G0 F9000 X116.281 Y61.344
G1 F1500 X118.966 Y58.659 E3076.45728
G0 F9000 X118.4 Y58.659
G1 F1500 X115.715 Y61.344 E3076.63409
G0 F9000 X115.15 Y61.344
G1 F1500 X117.834 Y58.659 E3076.81087
G0 F9000 X117.269 Y58.659
G1 F1500 X114.584 Y61.344 E3076.98768
G0 F9000 X114.018 Y61.344
G1 F1500 X116.703 Y58.659 E3077.1645
G0 F9000 X116.137 Y58.659
G1 F1500 X113.452 Y61.344 E3077.34131
G0 F9000 X112.887 Y61.344
G1 F1500 X115.572 Y58.659 E3077.51812
G0 F9000 X115.006 Y58.659
G1 F1500 X112.321 Y61.344 E3077.69493
G0 F9000 X111.755 Y61.344
G1 F1500 X114.44 Y58.659 E3077.87174
G0 F9000 X113.875 Y58.659
G1 F1500 X111.19 Y61.344 E3078.04856
G0 F9000 X110.624 Y61.344
G1 F1500 X113.309 Y58.659 E3078.22537
G0 F9000 X112.743 Y58.659
G1 F1500 X110.058 Y61.344 E3078.40218
G0 F9000 X109.492 Y61.345
G1 F1500 X112.178 Y58.659 E3078.57906
G0 F9000 X111.612 Y58.659
G1 F1500 X108.926 Y61.345 E3078.75593
G0 F9000 X108.361 Y61.345
G1 F1500 X111.046 Y58.659 E3078.93278
G0 F9000 X110.48 Y58.659
G1 F1500 X107.795 Y61.345 E3079.10962
G0 F9000 X107.229 Y61.345
G1 F1500 X109.914 Y58.66 E3079.28644
G0 F9000 X109.348 Y58.66
G1 F1500 X106.664 Y61.345 E3079.46322
G0 F9000 X106.098 Y61.345
G1 F1500 X108.783 Y58.66 E3079.64003
G0 F9000 X108.217 Y58.66
G1 F1500 X105.532 Y61.345 E3079.81684
G0 F9000 X104.966 Y61.345
G1 F1500 X107.651 Y58.66 E3079.99365
G0 F9000 X107.086 Y58.66
G1 F1500 X104.401 Y61.345 E3080.17046
G0 F9000 X103.835 Y61.345
G1 F1500 X106.52 Y58.66 E3080.34727
G0 F9000 X105.954 Y58.66
G1 F1500 X103.269 Y61.345 E3080.52409
G0 F9000 X102.704 Y61.345
G1 F1500 X105.389 Y58.66 E3080.7009
G0 F9000 X104.823 Y58.66
G1 F1500 X102.138 Y61.345 E3080.87771
G0 F9000 X101.572 Y61.345
G1 F1500 X104.257 Y58.66 E3081.05452
G0 F9000 X103.692 Y58.66
G1 F1500 X101.007 Y61.345 E3081.23133
G0 F9000 X100.441 Y61.345
G1 F1500 X103.126 Y58.66 E3081.40815
G0 F9000 X102.56 Y58.66
G1 F1500 X99.875 Y61.345 E3081.58496
G0 F9000 X99.31 Y61.345
G1 F1500 X101.994 Y58.66 E3081.76174
G0 F9000 X101.429 Y58.66
G1 F1500 X98.744 Y61.345 E3081.93855
G0 F9000 X98.178 Y61.345
G1 F1500 X100.863 Y58.66 E3082.11536
G0 F9000 X100.297 Y58.66
G1 F1500 X97.613 Y61.345 E3082.29214
G0 F9000 X97.047 Y61.345
G1 F1500 X99.732 Y58.66 E3082.46895
G0 F9000 X99.166 Y58.66
G1 F1500 X96.481 Y61.345 E3082.64576
G0 F9000 X95.915 Y61.345
G1 F1500 X98.6 Y58.66 E3082.82257
G0 F9000 X98.035 Y58.66
G1 F1500 X95.35 Y61.345 E3082.99939
G0 F9000 X94.687 Y61.442
G1 F1500 X97.469 Y58.66 E3083.18259
G0 F9000 X96.903 Y58.66
G1 F1500 X93.878 Y61.686 E3083.38182
G0 F9000 X93.069 Y61.929
G1 F1500 X96.338 Y58.66 E3083.59709
G0 F9000 X95.772 Y58.66
G1 F1500 X92.259 Y62.173 E3083.82843
G0 F9000 X91.449 Y62.417
G1 F1500 X95.206 Y58.66 E3084.07583
G0 F9000 X94.641 Y58.66
G1 F1500 X90.64 Y62.661 E3084.3393
G0 F9000 X90.772 Y63.102
G0 X89.75 Y63.61
G0 X89.533 Y63.202
G1 F1500 X94.075 Y58.66 E3084.6384
G0 F9000 X93.509 Y58.66
G1 F1500 X88.456 Y63.714 E3084.97118
G0 F9000 X88.678 Y62.926
G1 F1500 X92.944 Y58.66 E3085.25211
G0 F9000 X92.378 Y58.66
G1 F1500 X88.661 Y62.377 E3085.49688
G0 F9000 X88.541 Y61.931
G1 F1500 X91.812 Y58.66 E3085.71228
G0 F9000 X91.246 Y58.66
G1 F1500 X88.273 Y61.634 E3085.90809
G0 F9000 X87.922 Y61.419
G1 F1500 X90.681 Y58.66 E3086.08977
G0 F9000 X90.115 Y58.66
G1 F1500 X87.431 Y61.344 E3086.26652
G0 F9000 X86.865 Y61.344
G1 F1500 X89.549 Y58.66 E3086.44327
G0 F9000 X88.984 Y58.66
G1 F1500 X86.3 Y61.344 E3086.62001
G0 F9000 X85.734 Y61.344
G1 F1500 X88.418 Y58.66 E3086.79676
G0 F9000 X87.852 Y58.66
G1 F1500 X85.168 Y61.344 E3086.9735
G0 F9000 X84.602 Y61.344
G1 F1500 X87.287 Y58.66 E3087.15028
G0 F9000 X86.721 Y58.66
G1 F1500 X84.037 Y61.344 E3087.32703
G0 F9000 X83.471 Y61.344
G1 F1500 X86.155 Y58.66 E3087.50377
G0 F9000 X85.59 Y58.66
G1 F1500 X82.905 Y61.344 E3087.68055
G0 F9000 X82.34 Y61.344
G1 F1500 X85.024 Y58.66 E3087.8573
G0 F9000 X84.458 Y58.66
G1 F1500 X81.775 Y61.344 E3088.03401
G0 F9000 X81.209 Y61.344
G1 F1500 X83.893 Y58.66 E3088.21076
G0 F9000 X83.327 Y58.66
G1 F1500 X80.643 Y61.344 E3088.3875
G0 F9000 X80.078 Y61.344
G1 F1500 X82.761 Y58.66 E3088.56422
G0 F9000 X82.196 Y58.66
G1 F1500 X79.512 Y61.344 E3088.74096
G0 F9000 X78.946 Y61.344
G1 F1500 X81.63 Y58.66 E3088.91771
G0 F9000 X81.064 Y58.66
G1 F1500 X78.381 Y61.344 E3089.09442
G0 F9000 X77.815 Y61.344
G1 F1500 X80.498 Y58.66 E3089.27114
G0 F9000 X79.933 Y58.66
G1 F1500 X77.249 Y61.344 E3089.44788
G0 F9000 X76.684 Y61.344
G1 F1500 X79.367 Y58.66 E3089.62459
G0 F9000 X78.801 Y58.66
G1 F1500 X76.119 Y61.343 E3089.80124
G0 F9000 X75.553 Y61.343
G1 F1500 X78.236 Y58.66 E3089.97792
G0 F9000 X77.67 Y58.66
G1 F1500 X74.987 Y61.343 E3090.1546
G0 F9000 X74.422 Y61.343
G1 F1500 X77.104 Y58.66 E3090.33125
G0 F9000 X76.539 Y58.66
G1 F1500 X73.856 Y61.343 E3090.50793
G0 F9000 X73.29 Y61.343
G1 F1500 X75.973 Y58.66 E3090.68461
G0 F9000 X75.407 Y58.66
G1 F1500 X72.725 Y61.343 E3090.86126
G0 F9000 X72.159 Y61.343
G1 F1500 X74.842 Y58.66 E3091.03794
G0 F9000 X74.276 Y58.66
G1 F1500 X71.593 Y61.343 E3091.21462
G0 F9000 X71.027 Y61.343
G1 F1500 X73.71 Y58.66 E3091.3913
G0 F9000 X73.145 Y58.66
G1 F1500 X70.461 Y61.344 E3091.56804
G0 F9000 X69.895 Y61.344
G1 F1500 X72.579 Y58.66 E3091.74479
G0 F9000 X72.013 Y58.66
G1 F1500 X69.33 Y61.344 E3091.9215
G0 F9000 X68.764 Y61.344
G1 F1500 X71.447 Y58.66 E3092.09822
G0 F9000 X70.882 Y58.66
G1 F1500 X68.199 Y61.343 E3092.2749
G0 F9000 X67.633 Y61.343
G1 F1500 X70.316 Y58.66 E3092.45158
G0 F9000 X69.75 Y58.66
G1 F1500 X67.068 Y61.343 E3092.62822
G0 F9000 X66.502 Y61.343
G1 F1500 X69.185 Y58.66 E3092.8049
G0 F9000 X68.619 Y58.66
G1 F1500 X65.936 Y61.343 E3092.98158
G0 F9000 X65.371 Y61.343
G1 F1500 X68.053 Y58.66 E3093.15823
G0 F9000 X67.488 Y58.66
G1 F1500 X64.805 Y61.343 E3093.33491
G0 F9000 X64.239 Y61.343
G1 F1500 X66.922 Y58.66 E3093.51159
G0 F9000 X66.356 Y58.66
G1 F1500 X63.674 Y61.343 E3093.68824
G0 F9000 X63.108 Y61.343
G1 F1500 X65.791 Y58.66 E3093.86492
G0 F9000 X65.225 Y58.66
G1 F1500 X62.542 Y61.343 E3094.0416
G1 F1500 E3087.5416
G0 F9000 X62.542 Y61.8
G0 X84.508 Y62.05
G0 X90.708 Y63.425
G0 X156.336 Y88.605
G1 F1500 E3094.0416
G1 X156.492 Y88.45 E3094.05184
G0 F9000 X156.87 Y88.637
G1 F1500 X156.507 Y89 E3094.07574
G0 F9000 X156.705 Y89.368
G1 F1500 X157.378 Y88.695 E3094.12006
G1 F1500 E3087.62006
G0 F9000 X157.108 Y88.272
G0 X155.871 Y85.939
G0 X161.7 Y88.315
G0 X161.34 Y126.594
G1 F1500 E3094.12006
G1 X156.17 Y131.764 E3094.46051
G1 F1500 E3087.96051
G0 F9000 X155.709 Y131.517
G0 X152.23 Y138.209
G0 X161.7 Y138.209
G0 X161.34 Y155.444
G1 F1500 E3094.46051
G1 X155.444 Y161.34 E3094.84878
G0 F9000 X156.01 Y161.34
G1 F1500 X161.34 Y156.01 E3095.19976
G0 F9000 X161.34 Y156.575
G1 F1500 X156.575 Y161.34 E3095.51355
G0 F9000 X157.141 Y161.34
G1 F1500 X161.34 Y157.141 E3095.79006
G0 F9000 X161.34 Y157.707
G1 F1500 X157.707 Y161.34 E3096.0293
G0 F9000 X158.272 Y161.34
G1 F1500 X161.34 Y158.272 E3096.23133
G0 F9000 X161.34 Y158.838
G1 F1500 X158.838 Y161.34 E3096.39609
G0 F9000 X159.404 Y161.34
G1 F1500 X161.34 Y159.404 E3096.52358
G0 F9000 X161.34 Y159.969
G1 F1500 X159.969 Y161.34 E3096.61386
G0 F9000 X160.535 Y161.34
G1 F1500 X161.34 Y160.535 E3096.66688
G0 F9000 X161.34 Y161.101
G1 F1500 X161.101 Y161.34 E3096.68261
G1 F1500 E3090.18261
G0 F9000 X161.101 Y161.8
G0 X89.217 Y161.7
G0 X90.572 Y156.917
G0 X89 Y156.507
G1 F1500 E3096.68261
G1 X88.634 Y156.874 E3096.70675
G0 F9000 X88.423 Y156.519
G1 F1500 X88.617 Y156.325 E3096.71952
G1 F1500 E3090.21952
;MESH:NONMESH
G0 F300 X88.617 Y156.325 Z4.76
G0 F9000 X88.843 Y155.903
G0 X81.971 Y151.95
G0 X74.326 Y145.674
G0 X68.051 Y138.03
G0 X63.389 Y129.307
G0 X62.051 Y124.895
G0 X62.051 Y95.105
G0 X63.079 Y90.574
G0 X62.961 Y88.317
G0 X62.606 Y88.144
;TIME_ELAPSED:3729.010733
;LAYER:16
;TYPE:WALL-INNER
;MESH:tmpek4p4esk10x10x.5Doubled.stl
G1 F1500 E3096.71952
G1 X62.299 Y88.066 E3096.73427
G1 X62.031 Y87.875 E3096.7496
G1 X61.935 Y87.704 E3096.75873
G1 X61.9 Y87.5 E3096.76837
G1 X61.9 Y62.388 E3097.93769
G1 X61.984 Y62.192 E3097.94762
G1 X62.192 Y61.984 E3097.96131
G1 X62.5 Y61.9 E3097.97618
G1 X87.5 Y61.9 E3099.14028
G1 X87.705 Y61.935 E3099.14997
G1 X87.875 Y62.031 E3099.15906
G1 X88.066 Y62.299 E3099.17438
G1 X88.144 Y62.606 E3099.18913
G1 X88.126 Y62.949 E3099.20512
G1 X87.919 Y63.238 E3099.22168
G1 X81.168 Y66.85 E3099.5782
G1 X73.303 Y73.303 E3100.05192
G1 X66.85 Y81.168 E3100.52564
G1 X63.235 Y87.922 E3100.88235
G1 X62.95 Y88.126 E3100.89867
G1 X62.606 Y88.144 E3100.91471
G1 F1500 E3094.41471
G0 F9000 X62.925 Y88.316
G0 X64.574 Y85.104
G0 X63.011 Y157.93
G0 X87.569 Y158.1
G1 F1500 E3100.91471
G1 X62.388 Y158.1 E3102.08724
G1 X62.192 Y158.016 E3102.09717
G1 X61.984 Y157.808 E3102.11087
G1 X61.9 Y157.5 E3102.12573
G1 X61.9 Y132.496 E3103.29002
G1 X61.935 Y132.291 E3103.29971
G1 X62.031 Y132.121 E3103.3088
G1 X62.299 Y131.93 E3103.32412
G1 X62.606 Y131.852 E3103.33887
G1 X62.949 Y131.87 E3103.35486
G1 X63.277 Y132.153 E3103.37504
G1 X66.85 Y138.828 E3103.72758
G1 X73.303 Y146.693 E3104.2013
G1 X81.167 Y153.151 E3104.67513
G1 X87.844 Y156.718 E3105.02762
G1 X88.125 Y157.045 E3105.0477
G1 X88.144 Y157.388 E3105.0637
G1 X88.044 Y157.787 E3105.08285
G1 X87.875 Y157.969 E3105.09441
G1 X87.569 Y158.1 E3105.10991
G1 F1500 E3098.60991
G0 F9000 X84.134 Y157.95
G0 X90.572 Y156.917
G0 X110 Y158.1
G1 F1500 E3105.10991
G1 X95.079 Y158.1 E3105.8047
G1 X90.639 Y156.749 E3106.0208
G1 X81.888 Y152.077 E3106.48272
G1 X74.219 Y145.777 E3106.94487
G1 X67.927 Y138.112 E3107.40663
G1 X63.246 Y129.363 E3107.86867
G1 X61.9 Y124.898 E3108.08582
G1 X61.9 Y95.08 E3109.47427
G1 X63.247 Y90.64 E3109.69032
G1 X67.921 Y81.887 E3110.15236
G1 X74.219 Y74.219 E3110.61441
G1 X81.884 Y67.927 E3111.07618
G1 X90.633 Y63.246 E3111.53821
G1 X95.098 Y61.9 E3111.75536
G1 X124.916 Y61.9 E3113.14381
G1 X129.356 Y63.247 E3113.35986
G1 X138.112 Y67.927 E3113.82216
G1 X145.777 Y74.219 E3114.28393
G1 X152.073 Y81.884 E3114.74581
G1 X156.75 Y90.634 E3115.2078
G1 X158.1 Y95.079 E3115.42411
G1 X158.1 Y124.902 E3116.8128
G1 X156.749 Y129.357 E3117.02957
G1 X152.073 Y138.112 E3117.49174
G1 X145.777 Y145.777 E3117.95362
G1 X138.112 Y152.073 E3118.4155
G1 X129.362 Y156.75 E3118.87749
G1 X124.898 Y158.1 E3119.09465
G1 X110 Y158.1 E3119.78837
G1 F1500 E3113.28837
G0 F9000 X110 Y161.7
G0 X110 Y161.9
G1 F1500 E3119.78837
G1 X161.9 Y161.9 E3122.20505
G1 X161.9 Y58.1 E3127.03841
G1 X58.1 Y58.1 E3131.87177
G1 X58.1 Y161.9 E3136.70514
G1 X110 Y161.9 E3139.12182
G1 F1500 E3132.62182
G0 F9000 X132.496 Y161.7
G0 X135.488 Y157.95
G0 X132.496 Y158.1
G1 F1500 E3139.12182
G1 X132.291 Y158.065 E3139.1315
G1 X132.12 Y157.969 E3139.14063
G1 X131.931 Y157.722 E3139.15511
G1 X131.852 Y157.388 E3139.1711
G1 X131.871 Y157.045 E3139.18709
G1 X132.078 Y156.758 E3139.20357
G1 X138.828 Y153.15 E3139.55996
G1 X146.693 Y146.693 E3140.0338
G1 X153.15 Y138.828 E3140.50764
G1 X156.718 Y132.153 E3140.86007
G1 X157.045 Y131.871 E3140.88018
G1 X157.388 Y131.852 E3140.89617
G1 X157.722 Y131.931 E3140.91215
G1 X157.969 Y132.12 E3140.92664
G1 X158.065 Y132.291 E3140.93577
G1 X158.1 Y132.496 E3140.94545
G1 X158.1 Y157.612 E3142.11496
G1 X158.016 Y157.808 E3142.12489
G1 X157.808 Y158.016 E3142.13858
G1 X157.5 Y158.1 E3142.15345
G1 X132.496 Y158.1 E3143.31774
G1 F1500 E3136.81774
G0 F9000 X157.072 Y157.93
G0 X155.871 Y85.939
G0 X157.388 Y88.144
G1 F1500 E3143.31774
G1 X157.045 Y88.125 E3143.33374
G1 X156.758 Y87.918 E3143.35021
G1 X153.15 Y81.168 E3143.7066
G1 X146.693 Y73.303 E3144.18044
G1 X138.828 Y66.85 E3144.65416
G1 X132.152 Y63.278 E3145.00672
G1 X131.87 Y62.95 E3145.02687
G1 X131.852 Y62.606 E3145.04291
G1 X131.93 Y62.299 E3145.05766
G1 X132.121 Y62.031 E3145.07298
G1 X132.292 Y61.935 E3145.08211
G1 X132.496 Y61.9 E3145.09175
G1 X157.612 Y61.9 E3146.26125
G1 X157.808 Y61.984 E3146.27118
G1 X158.016 Y62.191 E3146.28485
G1 X158.1 Y62.5 E3146.29976
G1 X158.1 Y87.574 E3147.46731
G1 X157.969 Y87.875 E3147.4826
G1 X157.7 Y88.066 E3147.49796
G1 X157.388 Y88.144 E3147.51293
G0 F9000 X157.216 Y87.775
;TYPE:WALL-OUTER
G1 F1500 X157.09 Y87.684 E3147.52017
G1 X153.484 Y80.944 E3147.87611
G1 X146.977 Y73.019 E3148.35358
G1 X139.052 Y66.516 E3148.83094
G1 X132.341 Y62.925 E3149.18535
G1 X132.247 Y62.816 E3149.19206
G1 X132.241 Y62.7 E3149.19746
G1 X132.315 Y62.413 E3149.21127
G1 X132.448 Y62.3 E3149.21939
G1 X157.539 Y62.3 E3150.38773
G1 X157.7 Y62.461 E3150.39834
G1 X157.698 Y87.535 E3151.56589
G1 X157.587 Y87.681 E3151.57443
G1 X157.216 Y87.775 E3151.59225
G1 F1500 E3145.09225
G0 F9000 X156.88 Y87.954
G0 X155.871 Y85.939
G0 X156.984 Y157.93
G0 X132.441 Y157.7
G1 F1500 E3151.59225
G1 X132.314 Y157.601 E3151.59975
G1 X132.222 Y157.215 E3151.61822
G1 X132.312 Y157.09 E3151.6254
G1 X139.052 Y153.484 E3151.98133
G1 X146.977 Y146.977 E3152.45881
G1 X153.484 Y139.052 E3152.93628
G1 X157.071 Y132.341 E3153.29061
G1 X157.18 Y132.247 E3153.29731
G1 X157.295 Y132.241 E3153.30267
G1 X157.601 Y132.314 E3153.31732
G1 X157.7 Y132.441 E3153.32482
G1 X157.698 Y157.584 E3154.49558
G1 X157.539 Y157.7 E3154.50475
G1 X132.441 Y157.7 E3155.67342
G1 F1500 E3149.17342
G0 F9000 X132.441 Y158.01
G0 X135.488 Y157.95
G0 X129.424 Y156.917
G0 X110 Y157.7
G1 F1500 E3155.67342
G1 X95.139 Y157.7 E3156.36541
G1 X90.769 Y156.369 E3156.57812
G1 X82.125 Y151.749 E3157.03451
G1 X74.502 Y145.494 E3157.49367
G1 X68.261 Y137.891 E3157.95169
G1 X63.627 Y129.227 E3158.4092
G1 X62.303 Y124.859 E3158.62173
G1 X62.3 Y95.14 E3160.00558
G1 X63.618 Y90.789 E3160.21727
G1 X68.257 Y82.108 E3160.67559
G1 X74.502 Y74.502 E3161.13384
G1 X82.105 Y68.261 E3161.59187
G1 X90.769 Y63.627 E3162.04938
G1 X95.137 Y62.303 E3162.26191
G1 X124.856 Y62.3 E3163.64575
G1 X129.207 Y63.618 E3163.85744
G1 X137.875 Y68.251 E3164.3151
G1 X145.494 Y74.502 E3164.774
G1 X151.739 Y82.105 E3165.23214
G1 X156.369 Y90.769 E3165.68957
G1 X157.7 Y95.139 E3165.90228
G1 X157.698 Y124.859 E3167.28617
G1 X156.369 Y129.227 E3167.49877
G1 X151.749 Y137.875 E3167.95531
G1 X145.494 Y145.494 E3168.41433
G1 X137.891 Y151.739 E3168.87247
G1 X129.191 Y156.384 E3169.33171
G1 X124.857 Y157.7 E3169.54261
G1 X110 Y157.7 E3170.23442
G1 F1500 E3163.73442
G0 F9000 X110 Y158.01
G0 X110 Y158.28
G0 X110 Y161.7
G0 X110 Y162.3
G1 F1500 E3170.23442
G1 X162.3 Y162.3 E3172.66973
G1 X162.3 Y57.7 E3177.54034
G1 X57.7 Y57.7 E3182.41095
G1 X57.7 Y162.3 E3187.28157
G1 X110 Y162.3 E3189.71688
G1 F1500 E3183.21688
G0 F9000 X110 Y161.99
G0 X87.535 Y161.7
G0 X84.134 Y157.95
G0 X87.535 Y157.697
G1 F1500 E3189.71688
G1 X62.461 Y157.7 E3190.88443
G1 X62.3 Y157.539 E3190.89503
G1 X62.3 Y132.441 E3192.0637
G1 X62.4 Y132.314 E3192.07122
G1 X62.784 Y132.221 E3192.08962
G1 X62.925 Y132.341 E3192.09824
G1 X66.516 Y139.052 E3192.45266
G1 X73.019 Y146.977 E3192.93001
G1 X80.944 Y153.485 E3193.40752
G1 X87.655 Y157.071 E3193.76183
G1 X87.749 Y157.18 E3193.76853
G1 X87.755 Y157.295 E3193.77389
G1 X87.681 Y157.587 E3193.78792
G1 X87.535 Y157.697 E3193.79643
G1 F1500 E3187.29643
G0 F9000 X87.535 Y158.01
G0 X63.108 Y157.93
G0 X64.574 Y85.104
G0 X62.7 Y87.755
G1 F1500 E3193.79643
G1 X62.413 Y87.681 E3193.81023
G1 X62.3 Y87.548 E3193.81836
G1 X62.3 Y62.461 E3194.98651
G1 X62.461 Y62.3 E3194.99711
G1 X87.555 Y62.3 E3196.1656
G1 X87.682 Y62.4 E3196.17312
G1 X87.774 Y62.78 E3196.19133
G1 X87.684 Y62.906 E3196.19854
G1 X80.944 Y66.516 E3196.55456
G1 X73.019 Y73.019 E3197.03192
G1 X66.516 Y80.944 E3197.50927
G1 X62.906 Y87.684 E3197.8653
G1 X62.816 Y87.749 E3197.87047
G1 X62.7 Y87.755 E3197.87588
G1 F1500 E3191.37588
G0 F9000 X63.108 Y87.974
G0 X67.001 Y81.269
G0 X152.999 Y81.268
G0 X157.449 Y88.498
;TYPE:SKIN
G1 F1500 E3197.87588
G1 X157.827 Y88.402 E3197.89404
G1 X158.042 Y88.289 E3197.90535
G1 X158.262 Y88.075 E3197.91964
G1 X158.458 Y87.729 E3197.93816
G1 X158.459 Y62.473 E3199.11418
G1 X158.431 Y62.261 E3199.12414
G1 X158.322 Y61.994 E3199.13757
G1 X158.034 Y61.706 E3199.15653
G1 X157.786 Y61.581 E3199.16946
G1 X157.519 Y61.541 E3199.18203
G1 X132.462 Y61.542 E3200.34879
G1 X132.167 Y61.592 E3200.36273
G1 X131.917 Y61.733 E3200.37609
G1 X131.702 Y61.951 E3200.39035
G1 X131.594 Y62.168 E3200.40163
G1 X131.494 Y62.542 E3200.41966
G1 X131.52 Y63.011 E3200.44153
G1 X131.568 Y63.131 E3200.44755
G1 F1357.5 X131.965 Y63.634 E3200.48052
G1 F1237.1 X138.592 Y67.179 E3200.90485
G1 F1239.7 X146.404 Y73.588 E3201.47417
G1 F1237.1 X152.813 Y81.392 E3202.04431
G1 F1229.5 X156.431 Y88.159 E3202.48023
G1 F1287.6 X156.926 Y88.469 E3202.51191
G1 F1421.8 X157.449 Y88.498 E3202.53764
G1 F1500 E3196.03764
G0 F9000 X157.108 Y88.272
G0 X155.871 Y85.939
G0 X156.984 Y157.93
G0 X132.462 Y158.458
G1 F1500 E3202.53764
G1 X157.523 Y158.459 E3203.70459
G1 X157.731 Y158.431 E3203.71436
G1 X158.006 Y158.318 E3203.72821
G1 X158.317 Y158.007 E3203.74869
G1 X158.43 Y157.739 E3203.76223
G1 X158.459 Y157.523 E3203.77238
G1 X158.458 Y132.457 E3204.93956
G1 X158.408 Y132.172 E3204.95303
G1 X158.262 Y131.916 E3204.96675
G1 X158.042 Y131.703 E3204.98101
G1 X157.845 Y131.598 E3204.99141
G1 X157.45 Y131.494 E3205.01043
G1 X156.981 Y131.52 E3205.0323
G1 X156.861 Y131.568 E3205.03832
G1 F1357.5 X156.358 Y131.969 E3205.07141
G1 F1239.7 X152.814 Y138.601 E3205.49509
G1 X146.403 Y146.403 E3206.06404
G1 F1237.1 X138.6 Y152.813 E3206.63418
G1 F1232 X131.833 Y156.431 E3207.0692
G1 F1287.6 X131.523 Y156.926 E3207.10089
G1 F1421.8 X131.494 Y157.449 E3207.12662
G1 F1500 X131.59 Y157.827 E3207.14478
G1 X131.703 Y158.042 E3207.15609
G1 X131.89 Y158.247 E3207.16901
G1 X132.172 Y158.408 E3207.18413
G1 X132.462 Y158.458 E3207.19783
G1 F1500 E3200.69783
G0 F9000 X132.506 Y158.201
G0 X135.488 Y157.95
G0 X131.831 Y161.7
G0 X110 Y161.54
G1 F1500 E3207.19783
G1 X58.46 Y161.54 E3209.59775
G1 X58.461 Y58.461 E3214.39754
G1 X161.54 Y58.46 E3219.19733
G1 X161.54 Y161.54 E3223.99717
G1 X110 Y161.54 E3226.39709
G1 F1500 E3219.89709
G0 F9000 X110 Y161.8
G0 X110 Y158.28
G0 X110 Y158.458
G1 F1500 E3226.39709
G1 X124.971 Y158.458 E3227.0942
G1 X129.511 Y157.073 E3227.31522
G1 X131.029 Y156.261 E3227.39538
G1 F1351.4 X131.568 Y156.023 E3227.42583
G1 F1232 X138.333 Y152.408 E3227.86068
G1 F1237.1 X146.058 Y146.062 E3228.42512
G1 F1239.7 X152.412 Y138.329 E3228.98903
G1 X155.931 Y131.74 E3229.4099
G1 F1287.6 X155.998 Y131.573 E3229.41966
G1 F1418.4 X156.24 Y131.072 E3229.44706
G1 F1500 X157.073 Y129.511 E3229.52945
G1 X158.458 Y124.955 E3229.75118
G1 X158.458 Y95.14 E3231.13949
G1 X158.416 Y94.889 E3231.15134
G1 X157.073 Y90.481 E3231.36591
G1 X156.261 Y88.963 E3231.44607
G1 F1351.4 X156.023 Y88.424 E3231.47653
G1 F1229.5 X152.407 Y81.662 E3231.91214
G1 F1237.1 X146.062 Y73.932 E3232.47677
G1 F1239.7 X138.329 Y67.586 E3233.04039
G1 F1237.1 X131.736 Y64.062 E3233.46246
G1 F1287.6 X131.566 Y63.994 E3233.4724
G1 F1418.4 X131.067 Y63.753 E3233.49968
G1 F1500 X129.507 Y62.919 E3233.58205
G1 X125.103 Y61.58 E3233.79639
G1 X124.82 Y61.54 E3233.8097
G1 X95.041 Y61.542 E3235.19633
G1 X90.485 Y62.919 E3235.41796
G1 X88.974 Y63.727 E3235.49775
G1 F1351.4 X88.428 Y63.969 E3235.52861
G1 F1232 X81.663 Y67.586 E3235.96351
G1 F1239.7 X73.929 Y73.929 E3236.52707
G1 X67.586 Y81.663 E3237.09064
G1 F1234.6 X64.007 Y88.357 E3237.52008
G1 F1298.7 X63.923 Y88.567 E3237.53225
G1 F1435.4 X63.73 Y88.968 E3237.5539
G1 F1500 X62.919 Y90.485 E3237.634
G1 X61.58 Y94.889 E3237.84834
G1 X61.542 Y95.143 E3237.8603
G1 X61.542 Y124.951 E3239.24828
G1 X62.914 Y129.497 E3239.4694
G1 X63.754 Y131.068 E3239.55235
G1 F1348.3 X64.022 Y131.664 E3239.5862
G1 F1229.5 X67.586 Y138.329 E3240.01556
G1 F1239.7 X73.929 Y146.063 E3240.57912
G1 F1242.2 X81.659 Y152.41 E3241.14149
G1 F1239.7 X88.254 Y155.932 E3241.56274
G1 F1293.1 X88.424 Y156 E3241.57263
G1 F1421.8 X88.923 Y156.241 E3241.59985
G1 F1500 X90.497 Y157.081 E3241.68293
G1 X94.889 Y158.416 E3241.89668
G1 X95.14 Y158.458 E3241.90853
G1 X110 Y158.458 E3242.60047
G1 F1500 E3236.10047
G0 F9000 X110 Y158.2
G0 X95.105 Y157.949
G0 X90.572 Y156.917
G0 X84.134 Y157.95
G0 X87.73 Y158.458
G1 F1500 E3242.60047
G1 X88.102 Y158.248 E3242.62036
G1 X88.29 Y158.045 E3242.63325
G1 X88.402 Y157.828 E3242.64462
G1 X88.498 Y157.449 E3242.66282
G1 X88.472 Y156.981 E3242.68465
G1 X88.424 Y156.861 E3242.69067
G1 F1357.5 X88.026 Y156.358 E3242.72367
G1 F1239.7 X81.391 Y152.814 E3243.14749
G1 F1242.2 X73.588 Y146.404 E3243.71528
G1 F1239.7 X67.179 Y138.592 E3244.28459
G1 F1229.5 X63.613 Y131.929 E3244.71391
G1 F1348.3 X63.131 Y131.568 E3244.7451
G1 F1500 X63.011 Y131.52 E3244.75112
G1 X62.54 Y131.494 E3244.77309
G1 X62.196 Y131.586 E3244.78967
G1 X61.951 Y131.702 E3244.80229
G1 X61.744 Y131.891 E3244.81534
G1 X61.591 Y132.171 E3244.8302
G1 X61.542 Y132.462 E3244.84394
G1 X61.541 Y157.677 E3246.01806
G1 X61.679 Y158.007 E3246.03471
G1 X61.962 Y158.29 E3246.05335
G1 X62.21 Y158.415 E3246.06628
G1 X62.473 Y158.459 E3246.0787
G1 X87.73 Y158.458 E3247.25477
G1 F1500 E3240.75477
G0 F9000 X87.658 Y158.18
G0 X62.891 Y157.93
G0 X64.574 Y85.104
G0 X62.537 Y88.498
G1 F1500 E3247.25477
G1 F1421.8 X63.069 Y88.469 E3247.28094
G1 F1290.3 X63.579 Y88.127 E3247.31418
G1 F1234.6 X67.179 Y81.4 E3247.74584
G1 F1239.7 X73.588 Y73.588 E3248.31516
G1 X81.4 Y67.179 E3248.88448
G1 F1232 X88.163 Y63.561 E3249.3193
G1 F1287.6 X88.469 Y63.062 E3249.35105
G1 F1421.8 X88.498 Y62.538 E3249.37683
G1 F1500 X88.362 Y62.026 E3249.4015
G1 X88.102 Y61.745 E3249.41933
G1 X87.822 Y61.591 E3249.43421
G1 X87.534 Y61.542 E3249.44781
G1 X62.319 Y61.541 E3250.62193
G1 X61.989 Y61.679 E3250.63858
G1 X61.706 Y61.962 E3250.65722
G1 X61.581 Y62.21 E3250.67015
G1 X61.541 Y62.477 E3250.68272
G1 X61.542 Y87.534 E3251.84948
G1 X61.593 Y87.827 E3251.86333
G1 X61.733 Y88.075 E3251.87659
G1 X61.951 Y88.29 E3251.89085
G1 X62.168 Y88.398 E3251.90213
G1 X62.537 Y88.498 E3251.91994
G1 F1500 E3245.41994
G0 F9000 X62.891 Y88.273
G0 X64.574 Y85.104
G0 X58.3 Y88.316
G0 X58.659 Y161.049
G1 F1500 E3251.91994
G1 X58.951 Y161.34 E3251.93913
G0 F9000 X59.516 Y161.34
G1 F1500 X58.659 Y160.483 E3251.99557
G0 F9000 X58.659 Y159.917
G1 F1500 X60.082 Y161.34 E3252.08927
G0 F9000 X60.648 Y161.34
G1 F1500 X58.659 Y159.351 E3252.22025
G0 F9000 X58.659 Y158.786
G1 F1500 X61.214 Y161.34 E3252.38847
G0 F9000 X61.779 Y161.34
G1 F1500 X58.659 Y158.22 E3252.59393
G0 F9000 X58.659 Y157.654
G1 F1500 X62.345 Y161.34 E3252.83666
G0 F9000 X62.911 Y161.34
G1 F1500 X58.659 Y157.089 E3253.11663
G0 F9000 X58.659 Y156.523
G1 F1500 X63.476 Y161.34 E3253.43383
G0 F9000 X64.042 Y161.34
G1 F1500 X58.659 Y155.957 E3253.78831
G0 F9000 X58.659 Y155.392
G1 F1500 X64.608 Y161.34 E3254.18003
G0 F9000 X65.173 Y161.34
G1 F1500 X62.49 Y158.656 E3254.35675
G0 F9000 X63.056 Y158.656
G1 F1500 X65.739 Y161.34 E3254.53346
G0 F9000 X66.305 Y161.34
G1 F1500 X63.621 Y158.656 E3254.71021
G0 F9000 X64.187 Y158.656
G1 F1500 X66.87 Y161.34 E3254.88692
G0 F9000 X67.436 Y161.34
G1 F1500 X64.753 Y158.656 E3255.06363
G0 F9000 X65.318 Y158.656
G1 F1500 X68.002 Y161.34 E3255.24038
G0 F9000 X68.567 Y161.34
G1 F1500 X65.884 Y158.656 E3255.41709
G0 F9000 X66.45 Y158.656
G1 F1500 X69.133 Y161.34 E3255.5938
G0 F9000 X69.699 Y161.34
G1 F1500 X67.015 Y158.656 E3255.77055
G0 F9000 X67.581 Y158.656
G1 F1500 X70.264 Y161.34 E3255.94726
G0 F9000 X70.83 Y161.34
G1 F1500 X68.147 Y158.656 E3256.12398
G0 F9000 X68.712 Y158.656
G1 F1500 X71.396 Y161.34 E3256.30072
G0 F9000 X71.962 Y161.34
G1 F1500 X69.278 Y158.656 E3256.47747
G0 F9000 X69.844 Y158.656
G1 F1500 X72.527 Y161.34 E3256.65418
G0 F9000 X73.093 Y161.34
G1 F1500 X70.409 Y158.656 E3256.83093
G0 F9000 X70.975 Y158.656
G1 F1500 X73.659 Y161.34 E3257.00767
G0 F9000 X74.224 Y161.34
G1 F1500 X71.541 Y158.656 E3257.18439
G0 F9000 X72.107 Y158.656
G1 F1500 X74.79 Y161.34 E3257.3611
G0 F9000 X75.356 Y161.34
G1 F1500 X72.672 Y158.656 E3257.53784
G0 F9000 X73.238 Y158.656
G1 F1500 X75.921 Y161.34 E3257.71456
G0 F9000 X76.487 Y161.34
G1 F1500 X73.804 Y158.656 E3257.89127
G0 F9000 X74.369 Y158.656
G1 F1500 X77.053 Y161.34 E3258.06802
G0 F9000 X77.618 Y161.34
G1 F1500 X74.935 Y158.656 E3258.24473
G0 F9000 X75.501 Y158.656
G1 F1500 X78.184 Y161.34 E3258.42144
G0 F9000 X78.75 Y161.34
G1 F1500 X76.066 Y158.656 E3258.59819
G0 F9000 X76.632 Y158.656
G1 F1500 X79.315 Y161.34 E3258.7749
G0 F9000 X79.881 Y161.34
G1 F1500 X77.198 Y158.656 E3258.95161
G0 F9000 X77.763 Y158.656
G1 F1500 X80.447 Y161.34 E3259.12836
G0 F9000 X81.013 Y161.34
G1 F1500 X78.329 Y158.656 E3259.30511
G0 F9000 X78.895 Y158.656
G1 F1500 X81.578 Y161.34 E3259.48182
G0 F9000 X82.144 Y161.34
G1 F1500 X79.46 Y158.656 E3259.65857
G0 F9000 X80.026 Y158.656
G1 F1500 X82.71 Y161.34 E3259.83531
G0 F9000 X83.275 Y161.34
G1 F1500 X80.592 Y158.656 E3260.01202
G0 F9000 X81.157 Y158.656
G1 F1500 X83.841 Y161.34 E3260.18877
G0 F9000 X84.407 Y161.34
G1 F1500 X81.723 Y158.656 E3260.36552
G0 F9000 X82.289 Y158.656
G1 F1500 X84.972 Y161.34 E3260.54223
G0 F9000 X85.538 Y161.34
G1 F1500 X82.855 Y158.656 E3260.71894
G0 F9000 X83.42 Y158.656
G1 F1500 X86.104 Y161.34 E3260.89569
G0 F9000 X86.669 Y161.34
G1 F1500 X83.986 Y158.656 E3261.0724
G0 F9000 X84.552 Y158.656
G1 F1500 X87.235 Y161.34 E3261.24912
G0 F9000 X87.801 Y161.34
G1 F1500 X85.117 Y158.656 E3261.42586
G0 F9000 X85.683 Y158.656
G1 F1500 X88.366 Y161.34 E3261.60257
G0 F9000 X88.932 Y161.34
G1 F1500 X86.249 Y158.656 E3261.77929
G0 F9000 X86.814 Y158.656
G1 F1500 X89.498 Y161.34 E3261.95603
G0 F9000 X90.063 Y161.34
G1 F1500 X87.38 Y158.656 E3262.13275
G0 F9000 X87.888 Y158.599
G1 F1500 X90.629 Y161.34 E3262.31325
G0 F9000 X91.195 Y161.34
G1 F1500 X88.243 Y158.388 E3262.50764
G0 F9000 X88.497 Y158.077
G1 F1500 X91.761 Y161.34 E3262.72255
G0 F9000 X92.326 Y161.34
G1 F1500 X88.649 Y157.662 E3262.96472
G0 F9000 X88.68 Y157.128
G1 F1500 X92.892 Y161.34 E3263.24208
G0 F9000 X93.458 Y161.34
G1 F1500 X88.313 Y156.196 E3263.58086
G0 F9000 X88.553 Y155.748
G0 X89.628 Y156.322
G0 X89.411 Y156.727
G1 F1500 X94.023 Y161.34 E3263.8846
G0 F9000 X94.589 Y161.34
G1 F1500 X90.556 Y157.307 E3264.15018
G0 F9000 X91.367 Y157.553
G1 F1500 X95.155 Y161.34 E3264.39959
G0 F9000 X95.72 Y161.34
G1 F1500 X92.18 Y157.799 E3264.63274
G0 F9000 X92.992 Y158.045
G1 F1500 X96.286 Y161.34 E3264.84969
G0 F9000 X96.852 Y161.34
G1 F1500 X93.804 Y158.292 E3265.05041
G0 F9000 X94.616 Y158.538
G1 F1500 X97.417 Y161.34 E3265.23489
G0 F9000 X97.983 Y161.34
G1 F1500 X95.303 Y158.66 E3265.41137
G0 F9000 X95.869 Y158.66
G1 F1500 X98.549 Y161.34 E3265.58785
G0 F9000 X99.114 Y161.34
G1 F1500 X96.435 Y158.66 E3265.7643
G0 F9000 X97 Y158.66
G1 F1500 X99.68 Y161.34 E3265.94079
G0 F9000 X100.246 Y161.34
G1 F1500 X97.566 Y158.66 E3266.11727
G0 F9000 X98.132 Y158.66
G1 F1500 X100.812 Y161.34 E3266.29375
G0 F9000 X101.377 Y161.34
G1 F1500 X98.697 Y158.66 E3266.47023
G0 F9000 X99.263 Y158.66
G1 F1500 X101.943 Y161.34 E3266.64672
G0 F9000 X102.509 Y161.34
G1 F1500 X99.828 Y158.659 E3266.82326
G0 F9000 X100.394 Y158.659
G1 F1500 X103.074 Y161.34 E3266.99978
G0 F9000 X103.64 Y161.34
G1 F1500 X100.959 Y158.659 E3267.17633
G0 F9000 X101.525 Y158.659
G1 F1500 X104.206 Y161.34 E3267.35288
G0 F9000 X104.771 Y161.34
G1 F1500 X102.091 Y158.659 E3267.52939
G0 F9000 X102.656 Y158.659
G1 F1500 X105.337 Y161.34 E3267.70594
G0 F9000 X105.903 Y161.34
G1 F1500 X103.222 Y158.659 E3267.88249
G0 F9000 X103.787 Y158.658
G1 F1500 X106.468 Y161.34 E3268.05907
G0 F9000 X107.034 Y161.34
G1 F1500 X104.353 Y158.658 E3268.23565
G0 F9000 X104.918 Y158.658
G1 F1500 X107.6 Y161.34 E3268.41227
G0 F9000 X108.165 Y161.34
G1 F1500 X105.484 Y158.658 E3268.58885
G0 F9000 X106.05 Y158.658
G1 F1500 X108.731 Y161.34 E3268.76543
G0 F9000 X109.297 Y161.34
G1 F1500 X106.615 Y158.658 E3268.94204
G0 F9000 X107.181 Y158.658
G1 F1500 X109.862 Y161.34 E3269.11862
G0 F9000 X110.428 Y161.34
G1 F1500 X107.747 Y158.658 E3269.29521
G0 F9000 X108.312 Y158.658
G1 F1500 X110.994 Y161.34 E3269.47182
G0 F9000 X111.56 Y161.34
G1 F1500 X108.877 Y158.658 E3269.64847
G0 F9000 X109.443 Y158.658
G1 F1500 X112.125 Y161.34 E3269.82508
G0 F9000 X112.691 Y161.34
G1 F1500 X110.009 Y158.658 E3270.0017
G0 F9000 X110.575 Y158.658
G1 F1500 X113.257 Y161.34 E3270.17831
G0 F9000 X113.822 Y161.34
G1 F1500 X111.14 Y158.658 E3270.35492
G0 F9000 X111.706 Y158.658
G1 F1500 X114.388 Y161.34 E3270.53154
G0 F9000 X114.954 Y161.34
G1 F1500 X112.271 Y158.657 E3270.70822
G0 F9000 X112.837 Y158.657
G1 F1500 X115.519 Y161.34 E3270.88487
G0 F9000 X116.085 Y161.34
G1 F1500 X113.402 Y158.657 E3271.06155
G0 F9000 X113.968 Y158.657
G1 F1500 X116.651 Y161.34 E3271.23823
G0 F9000 X117.216 Y161.34
G1 F1500 X114.534 Y158.657 E3271.41487
G0 F9000 X115.099 Y158.657
G1 F1500 X117.782 Y161.34 E3271.59155
G0 F9000 X118.348 Y161.34
G1 F1500 X115.665 Y158.657 E3271.76823
G0 F9000 X116.231 Y158.657
G1 F1500 X118.913 Y161.34 E3271.94488
G0 F9000 X119.479 Y161.34
G1 F1500 X116.796 Y158.656 E3272.12159
G0 F9000 X117.361 Y158.656
G1 F1500 X120.045 Y161.34 E3272.29834
G0 F9000 X120.61 Y161.34
G1 F1500 X117.927 Y158.656 E3272.47505
G0 F9000 X118.493 Y158.656
G1 F1500 X121.176 Y161.34 E3272.65177
G0 F9000 X121.742 Y161.34
G1 F1500 X119.058 Y158.656 E3272.82851
G0 F9000 X119.624 Y158.656
G1 F1500 X122.308 Y161.34 E3273.00526
G0 F9000 X122.873 Y161.34
G1 F1500 X120.19 Y158.656 E3273.18197
G0 F9000 X120.755 Y158.656
G1 F1500 X123.439 Y161.34 E3273.35872
G0 F9000 X124.005 Y161.34
G1 F1500 X121.32 Y158.656 E3273.5355
G0 F9000 X121.886 Y158.656
G1 F1500 X124.57 Y161.34 E3273.71224
G0 F9000 X125.136 Y161.34
G1 F1500 X122.452 Y158.656 E3273.88899
G0 F9000 X123.017 Y158.656
G1 F1500 X125.702 Y161.34 E3274.06577
G0 F9000 X126.267 Y161.34
G1 F1500 X123.583 Y158.656 E3274.24251
G0 F9000 X124.149 Y158.656
G1 F1500 X126.833 Y161.34 E3274.41926
G0 F9000 X127.399 Y161.34
G1 F1500 X124.715 Y158.656 E3274.59601
G0 F9000 X125.216 Y158.591
G1 F1500 X127.964 Y161.34 E3274.777
G0 F9000 X128.53 Y161.34
G1 F1500 X125.649 Y158.459 E3274.96672
G0 F9000 X126.084 Y158.328
G1 F1500 X129.096 Y161.34 E3275.16506
G0 F9000 X129.661 Y161.34
G1 F1500 X126.517 Y158.195 E3275.37213
G0 F9000 X126.951 Y158.064
G1 F1500 X130.227 Y161.34 E3275.58786
G0 F9000 X130.793 Y161.34
G1 F1500 X127.385 Y157.932 E3275.81229
G0 F9000 X127.818 Y157.799
G1 F1500 X131.359 Y161.34 E3276.04547
G0 F9000 X131.924 Y161.34
G1 F1500 X128.252 Y157.668 E3276.28727
G0 F9000 X128.686 Y157.536
G1 F1500 X132.49 Y161.34 E3276.53777
G0 F9000 X133.056 Y161.34
G1 F1500 X129.12 Y157.404 E3276.79697
G0 F9000 X129.553 Y157.272
G1 F1500 X133.621 Y161.34 E3277.06485
G0 F9000 X134.187 Y161.34
G1 F1500 X129.925 Y157.077 E3277.34554
G0 F9000 X130.294 Y156.881
G1 F1500 X131.506 Y158.093 E3277.42536
G0 F9000 X131.892 Y158.479
G1 F1500 X134.753 Y161.34 E3277.61376
G0 F9000 X135.318 Y161.34
G1 F1500 X132.634 Y158.656 E3277.7905
G0 F9000 X133.2 Y158.656
G1 F1500 X135.884 Y161.34 E3277.96725
G0 F9000 X136.45 Y161.34
G1 F1500 X133.766 Y158.656 E3278.144
G0 F9000 X134.331 Y158.656
G1 F1500 X137.015 Y161.34 E3278.32074
G0 F9000 X137.581 Y161.34
G1 F1500 X134.897 Y158.656 E3278.49749
G0 F9000 X135.463 Y158.656
G1 F1500 X138.147 Y161.34 E3278.67423
G0 F9000 X138.712 Y161.34
G1 F1500 X136.028 Y158.656 E3278.85098
G0 F9000 X136.594 Y158.656
G1 F1500 X139.278 Y161.34 E3279.02773
G0 F9000 X139.844 Y161.34
G1 F1500 X137.16 Y158.656 E3279.20447
G0 F9000 X137.725 Y158.656
G1 F1500 X140.409 Y161.34 E3279.38122
G0 F9000 X140.975 Y161.34
G1 F1500 X138.291 Y158.656 E3279.55796
G0 F9000 X138.857 Y158.656
G1 F1500 X141.541 Y161.34 E3279.73471
G0 F9000 X142.107 Y161.34
G1 F1500 X139.422 Y158.656 E3279.91149
G0 F9000 X139.988 Y158.656
G1 F1500 X142.672 Y161.34 E3280.08824
G0 F9000 X143.238 Y161.34
G1 F1500 X140.554 Y158.656 E3280.26498
G0 F9000 X141.12 Y158.656
G1 F1500 X143.804 Y161.34 E3280.44173
G0 F9000 X144.369 Y161.34
G1 F1500 X141.686 Y158.656 E3280.61844
G0 F9000 X142.251 Y158.656
G1 F1500 X144.935 Y161.34 E3280.79519
G0 F9000 X145.501 Y161.34
G1 F1500 X142.817 Y158.656 E3280.97193
G0 F9000 X143.383 Y158.656
G1 F1500 X146.066 Y161.34 E3281.14865
G0 F9000 X146.632 Y161.34
G1 F1500 X143.949 Y158.656 E3281.32536
G0 F9000 X144.514 Y158.656
G1 F1500 X147.198 Y161.34 E3281.5021
G0 F9000 X147.763 Y161.34
G1 F1500 X145.08 Y158.656 E3281.67882
G0 F9000 X145.646 Y158.656
G1 F1500 X148.329 Y161.34 E3281.85553
G0 F9000 X148.895 Y161.34
G1 F1500 X146.211 Y158.656 E3282.03228
G0 F9000 X146.777 Y158.656
G1 F1500 X149.46 Y161.34 E3282.20899
G0 F9000 X150.026 Y161.34
G1 F1500 X147.343 Y158.656 E3282.3857
G0 F9000 X147.908 Y158.656
G1 F1500 X150.592 Y161.34 E3282.56245
G0 F9000 X151.158 Y161.34
G1 F1500 X148.474 Y158.656 E3282.73919
G0 F9000 X149.04 Y158.656
G1 F1500 X151.723 Y161.34 E3282.91591
G0 F9000 X152.289 Y161.34
G1 F1500 X149.606 Y158.657 E3283.09259
G0 F9000 X150.172 Y158.657
G1 F1500 X152.855 Y161.34 E3283.26927
G0 F9000 X153.42 Y161.34
G1 F1500 X150.737 Y158.657 E3283.44595
G0 F9000 X151.303 Y158.657
G1 F1500 X153.986 Y161.34 E3283.62263
G0 F9000 X154.552 Y161.34
G1 F1500 X151.869 Y158.657 E3283.79931
G0 F9000 X152.435 Y158.657
G1 F1500 X155.117 Y161.34 E3283.97596
G0 F9000 X155.683 Y161.34
G1 F1500 X153 Y158.657 E3284.15264
G0 F9000 X153.566 Y158.657
G1 F1500 X156.249 Y161.34 E3284.32932
G0 F9000 X156.814 Y161.34
G1 F1500 X154.132 Y158.657 E3284.50596
G0 F9000 X154.697 Y158.657
G1 F1500 X157.38 Y161.34 E3284.68264
G0 F9000 X157.946 Y161.34
G1 F1500 X155.263 Y158.657 E3284.85932
G0 F9000 X155.829 Y158.657
G1 F1500 X158.511 Y161.34 E3285.03597
G0 F9000 X159.077 Y161.34
G1 F1500 X156.394 Y158.657 E3285.21265
G0 F9000 X156.96 Y158.657
G1 F1500 X159.643 Y161.34 E3285.38933
G0 F9000 X160.208 Y161.34
G1 F1500 X157.526 Y158.657 E3285.56598
G0 F9000 X157.979 Y158.545
G1 F1500 X160.774 Y161.34 E3285.75003
G0 F9000 X161.34 Y161.34
G1 F1500 X158.303 Y158.303 E3285.95003
G0 F9000 X158.544 Y157.978
G1 F1500 X161.34 Y160.774 E3286.13415
G0 F9000 X161.34 Y160.208
G1 F1500 X158.656 Y157.525 E3286.31086
G0 F9000 X158.656 Y156.959
G1 F1500 X161.34 Y159.643 E3286.48761
G0 F9000 X161.34 Y159.077
G1 F1500 X158.656 Y156.394 E3286.66432
G0 F9000 X158.656 Y155.828
G1 F1500 X161.34 Y158.511 E3286.84103
G0 F9000 X161.34 Y157.946
G1 F1500 X158.656 Y155.262 E3287.01778
G0 F9000 X158.656 Y154.697
G1 F1500 X161.34 Y157.38 E3287.19449
G0 F9000 X161.34 Y156.814
G1 F1500 X158.656 Y154.131 E3287.3712
G0 F9000 X158.656 Y153.565
G1 F1500 X161.34 Y156.249 E3287.54795
G0 F9000 X161.34 Y155.683
G1 F1500 X158.656 Y153 E3287.72466
G0 F9000 X158.656 Y152.434
G1 F1500 X161.34 Y155.117 E3287.90138
G0 F9000 X161.34 Y154.552
G1 F1500 X158.656 Y151.868 E3288.07812
G0 F9000 X158.656 Y151.302
G1 F1500 X161.34 Y153.986 E3288.25487
G0 F9000 X161.34 Y153.42
G1 F1500 X158.656 Y150.737 E3288.43158
G0 F9000 X158.656 Y150.171
G1 F1500 X161.34 Y152.855 E3288.60833
G0 F9000 X161.34 Y152.289
G1 F1500 X158.656 Y149.605 E3288.78507
G0 F9000 X158.656 Y149.039
G1 F1500 X161.34 Y151.723 E3288.96182
G0 F9000 X161.34 Y151.158
G1 F1500 X158.656 Y148.473 E3289.1386
G0 F9000 X158.656 Y147.908
G1 F1500 X161.34 Y150.592 E3289.31534
G0 F9000 X161.34 Y150.026
G1 F1500 X158.656 Y147.342 E3289.49209
G0 F9000 X158.656 Y146.776
G1 F1500 X161.34 Y149.46 E3289.66884
G0 F9000 X161.34 Y148.895
G1 F1500 X158.656 Y146.211 E3289.84558
G0 F9000 X158.656 Y145.645
G1 F1500 X161.34 Y148.329 E3290.02233
G0 F9000 X161.34 Y147.763
G1 F1500 X158.656 Y145.079 E3290.19907
G0 F9000 X158.656 Y144.514
G1 F1500 X161.34 Y147.198 E3290.37582
G0 F9000 X161.34 Y146.632
G1 F1500 X158.656 Y143.948 E3290.55257
G0 F9000 X158.656 Y143.382
G1 F1500 X161.34 Y146.066 E3290.72931
G0 F9000 X161.34 Y145.501
G1 F1500 X158.656 Y142.816 E3290.90609
G0 F9000 X158.656 Y142.251
G1 F1500 X161.34 Y144.935 E3291.08284
G0 F9000 X161.34 Y144.369
G1 F1500 X158.656 Y141.685 E3291.25958
G0 F9000 X158.656 Y141.119
G1 F1500 X161.34 Y143.804 E3291.43636
G0 F9000 X161.34 Y143.238
G1 F1500 X158.655 Y140.553 E3291.61317
G0 F9000 X158.655 Y139.987
G1 F1500 X161.34 Y142.672 E3291.78998
G0 F9000 X161.34 Y142.107
G1 F1500 X158.655 Y139.422 E3291.9668
G0 F9000 X158.655 Y138.856
G1 F1500 X161.34 Y141.541 E3292.14361
G0 F9000 X161.34 Y140.975
G1 F1500 X158.655 Y138.29 E3292.32042
G0 F9000 X158.655 Y137.725
G1 F1500 X161.34 Y140.409 E3292.4972
G0 F9000 X161.34 Y139.844
G1 F1500 X158.655 Y137.159 E3292.67401
G0 F9000 X158.655 Y136.593
G1 F1500 X161.34 Y139.278 E3292.85082
G0 F9000 X161.34 Y138.712
G1 F1500 X158.655 Y136.028 E3293.0276
G0 F9000 X158.655 Y135.462
G1 F1500 X161.34 Y138.147 E3293.20441
G0 F9000 X161.34 Y137.581
G1 F1500 X158.655 Y134.896 E3293.38123
G0 F9000 X158.655 Y134.33
G1 F1500 X161.34 Y137.015 E3293.55804
G0 F9000 X161.34 Y136.45
G1 F1500 X158.655 Y133.765 E3293.73485
G0 F9000 X158.655 Y133.199
G1 F1500 X161.34 Y135.884 E3293.91166
G0 F9000 X161.34 Y135.318
G1 F1500 X158.655 Y132.633 E3294.08847
G0 F9000 X158.478 Y131.891
G1 F1500 X161.34 Y134.753 E3294.27694
G0 F9000 X161.34 Y134.187
G1 F1500 X157.077 Y129.925 E3294.55763
G0 F9000 X156.881 Y130.294
G1 F1500 X158.091 Y131.503 E3294.63728
G0 F9000 X157.322 Y131.301
G1 F1500 X156.684 Y130.663 E3294.67929
G0 F9000 X156.488 Y131.032
G1 F1500 X156.831 Y131.375 E3294.70188
G0 F9000 X156.488 Y131.598
G1 F1500 X156.307 Y131.417 E3294.7138
G0 F9000 X155.884 Y131.19
G0 X156.843 Y129.393
G0 X157.271 Y129.553
G1 F1500 X161.34 Y133.621 E3294.98172
G0 F9000 X161.34 Y133.056
G1 F1500 X157.403 Y129.118 E3295.24101
G0 F9000 X157.534 Y128.684
G1 F1500 X161.34 Y132.49 E3295.49164
G0 F9000 X161.34 Y131.924
G1 F1500 X157.666 Y128.25 E3295.73358
G0 F9000 X157.797 Y127.816
G1 F1500 X161.34 Y131.359 E3295.96689
G0 F9000 X161.34 Y130.793
G1 F1500 X157.929 Y127.382 E3296.19151
G0 F9000 X158.061 Y126.948
G1 F1500 X161.34 Y130.227 E3296.40744
G0 F9000 X161.34 Y129.661
G1 F1500 X158.193 Y126.514 E3296.61468
G0 F9000 X158.324 Y126.08
G1 F1500 X161.34 Y129.096 E3296.81328
G0 F9000 X161.34 Y128.53
G1 F1500 X158.456 Y125.646 E3297.0032
G0 F9000 X158.587 Y125.212
G1 F1500 X161.34 Y127.964 E3297.18446
G0 F9000 X161.34 Y127.399
G1 F1500 X158.655 Y124.714 E3297.36127
G0 F9000 X158.655 Y124.148
G1 F1500 X161.34 Y126.833 E3297.53808
G0 F9000 X161.34 Y126.267
G1 F1500 X158.655 Y123.582 E3297.71489
G0 F9000 X158.655 Y123.017
G1 F1500 X161.34 Y125.702 E3297.89171
G0 F9000 X161.34 Y125.136
G1 F1500 X158.655 Y122.451 E3298.06852
G0 F9000 X158.655 Y121.885
G1 F1500 X161.34 Y124.57 E3298.24533
G0 F9000 X161.34 Y124.005
G1 F1500 X158.655 Y121.32 E3298.42214
G0 F9000 X158.655 Y120.754
G1 F1500 X161.34 Y123.439 E3298.59895
G0 F9000 X161.34 Y122.873
G1 F1500 X158.656 Y120.189 E3298.7757
G0 F9000 X158.656 Y119.623
G1 F1500 X161.34 Y122.308 E3298.95248
G0 F9000 X161.34 Y121.742
G1 F1500 X158.656 Y119.058 E3299.12922
G0 F9000 X158.656 Y118.492
G1 F1500 X161.34 Y121.176 E3299.30597
G0 F9000 X161.34 Y120.61
G1 F1500 X158.656 Y117.926 E3299.48272
G0 F9000 X158.656 Y117.361
G1 F1500 X161.34 Y120.045 E3299.65946
G0 F9000 X161.34 Y119.479
G1 F1500 X158.656 Y116.795 E3299.83621
G0 F9000 X158.656 Y116.23
G1 F1500 X161.34 Y118.913 E3300.01292
G0 F9000 X161.34 Y118.348
G1 F1500 X158.656 Y115.664 E3300.18967
G0 F9000 X158.656 Y115.099
G1 F1500 X161.34 Y117.782 E3300.36638
G0 F9000 X161.34 Y117.216
G1 F1500 X158.656 Y114.533 E3300.54309
G0 F9000 X158.656 Y113.967
G1 F1500 X161.34 Y116.651 E3300.71984
G0 F9000 X161.34 Y116.085
G1 F1500 X158.656 Y113.402 E3300.89655
G0 F9000 X158.656 Y112.836
G1 F1500 X161.34 Y115.519 E3301.07326
G0 F9000 X161.34 Y114.954
G1 F1500 X158.656 Y112.27 E3301.25001
G0 F9000 X158.657 Y111.705
G1 F1500 X161.34 Y114.388 E3301.42669
G0 F9000 X161.34 Y113.822
G1 F1500 X158.657 Y111.14 E3301.60334
G0 F9000 X158.657 Y110.574
G1 F1500 X161.34 Y113.257 E3301.78002
G0 F9000 X161.34 Y112.691
G1 F1500 X158.657 Y110.008 E3301.9567
G0 F9000 X158.657 Y109.442
G1 F1500 X161.34 Y112.125 E3302.13338
G0 F9000 X161.34 Y111.56
G1 F1500 X158.657 Y108.877 E3302.31006
G0 F9000 X158.657 Y108.311
G1 F1500 X161.34 Y110.994 E3302.48674
G0 F9000 X161.34 Y110.428
G1 F1500 X158.658 Y107.746 E3302.66335
G0 F9000 X158.658 Y107.18
G1 F1500 X161.34 Y109.862 E3302.83997
G0 F9000 X161.34 Y109.297
G1 F1500 X158.658 Y106.615 E3303.01658
G0 F9000 X158.658 Y106.049
G1 F1500 X161.34 Y108.731 E3303.1932
G0 F9000 X161.34 Y108.165
G1 F1500 X158.658 Y105.483 E3303.36981
G0 F9000 X158.658 Y104.918
G1 F1500 X161.34 Y107.6 E3303.54642
G0 F9000 X161.34 Y107.034
G1 F1500 X158.658 Y104.352 E3303.72304
G0 F9000 X158.658 Y103.786
G1 F1500 X161.34 Y106.468 E3303.89965
G0 F9000 X161.34 Y105.903
G1 F1500 X158.658 Y103.221 E3304.07627
G0 F9000 X158.658 Y102.656
G1 F1500 X161.34 Y105.337 E3304.25285
G0 F9000 X161.34 Y104.771
G1 F1500 X158.658 Y102.09 E3304.42943
G0 F9000 X158.658 Y101.524
G1 F1500 X161.34 Y104.206 E3304.60604
G0 F9000 X161.34 Y103.64
G1 F1500 X158.658 Y100.959 E3304.78263
G0 F9000 X158.658 Y100.393
G1 F1500 X161.34 Y103.074 E3304.95921
G0 F9000 X161.34 Y102.509
G1 F1500 X158.658 Y99.827 E3305.13582
G0 F9000 X158.659 Y99.262
G1 F1500 X161.34 Y101.943 E3305.31237
G0 F9000 X161.34 Y101.377
G1 F1500 X158.659 Y98.697 E3305.48889
G0 F9000 X158.659 Y98.131
G1 F1500 X161.34 Y100.812 E3305.66543
G0 F9000 X161.34 Y100.246
G1 F1500 X158.659 Y97.565 E3305.84198
G0 F9000 X158.659 Y96.999
G1 F1500 X161.34 Y99.68 E3306.01853
G0 F9000 X161.34 Y99.114
G1 F1500 X158.659 Y96.434 E3306.19505
G0 F9000 X158.659 Y95.868
G1 F1500 X161.34 Y98.549 E3306.37159
G0 F9000 X161.34 Y97.983
G1 F1500 X158.659 Y95.302 E3306.54814
G0 F9000 X158.538 Y94.616
G1 F1500 X161.34 Y97.417 E3306.73263
G0 F9000 X161.34 Y96.852
G1 F1500 X158.292 Y93.803 E3306.93338
G0 F9000 X158.045 Y92.992
G1 F1500 X161.34 Y96.286 E3307.15032
G0 F9000 X161.34 Y95.72
G1 F1500 X157.799 Y92.18 E3307.38347
G0 F9000 X157.553 Y91.367
G1 F1500 X161.34 Y95.155 E3307.63289
G0 F9000 X161.34 Y94.589
G1 F1500 X157.307 Y90.556 E3307.89847
G0 F9000 X156.869 Y90.689
G0 X156.32 Y89.625
G0 X156.725 Y89.409
G1 F1500 X161.34 Y94.023 E3308.20234
G0 F9000 X161.34 Y93.458
G1 F1500 X156.256 Y88.373 E3308.53716
G0 F9000 X157.13 Y88.682
G1 F1500 X161.34 Y92.892 E3308.8144
G0 F9000 X161.34 Y92.326
G1 F1500 X157.663 Y88.649 E3309.05653
G0 F9000 X158.076 Y88.497
G1 F1500 X161.34 Y91.761 E3309.27147
G0 F9000 X161.34 Y91.195
G1 F1500 X158.389 Y88.244 E3309.4658
G0 F9000 X158.598 Y87.887
G1 F1500 X161.34 Y90.629 E3309.64637
G0 F9000 X161.34 Y90.063
G1 F1500 X158.655 Y87.379 E3309.82315
G0 F9000 X158.655 Y86.813
G1 F1500 X161.34 Y89.498 E3309.99996
G0 F9000 X161.34 Y88.932
G1 F1500 X158.655 Y86.247 E3310.17677
G0 F9000 X158.655 Y85.682
G1 F1500 X161.34 Y88.366 E3310.35355
G0 F9000 X161.34 Y87.801
G1 F1500 X158.655 Y85.116 E3310.53036
G0 F9000 X158.655 Y84.55
G1 F1500 X161.34 Y87.235 E3310.70717
G0 F9000 X161.34 Y86.669
G1 F1500 X158.655 Y83.984 E3310.88398
G0 F9000 X158.655 Y83.419
G1 F1500 X161.34 Y86.104 E3311.0608
G0 F9000 X161.34 Y85.538
G1 F1500 X158.655 Y82.853 E3311.23761
G0 F9000 X158.655 Y82.287
G1 F1500 X161.34 Y84.972 E3311.41442
G0 F9000 X161.34 Y84.407
G1 F1500 X158.655 Y81.722 E3311.59123
G0 F9000 X158.655 Y81.156
G1 F1500 X161.34 Y83.841 E3311.76804
G0 F9000 X161.34 Y83.275
G1 F1500 X158.655 Y80.59 E3311.94486
G0 F9000 X158.655 Y80.025
G1 F1500 X161.34 Y82.71 E3312.12167
G0 F9000 X161.34 Y82.144
G1 F1500 X158.655 Y79.459 E3312.29848
G0 F9000 X158.656 Y78.894
G1 F1500 X161.34 Y81.578 E3312.47522
G0 F9000 X161.34 Y81.013
G1 F1500 X158.656 Y78.328 E3312.652
G0 F9000 X158.656 Y77.763
G1 F1500 X161.34 Y80.447 E3312.82875
G0 F9000 X161.34 Y79.881
G1 F1500 X158.656 Y77.197 E3313.0055
G0 F9000 X158.656 Y76.631
G1 F1500 X161.34 Y79.315 E3313.18224
G0 F9000 X161.34 Y78.75
G1 F1500 X158.656 Y76.066 E3313.35899
G0 F9000 X158.656 Y75.5
G1 F1500 X161.34 Y78.184 E3313.53573
G0 F9000 X161.34 Y77.618
G1 F1500 X158.656 Y74.934 E3313.71248
G0 F9000 X158.656 Y74.369
G1 F1500 X161.34 Y77.053 E3313.88923
G0 F9000 X161.34 Y76.487
G1 F1500 X158.656 Y73.803 E3314.06597
G0 F9000 X158.656 Y73.237
G1 F1500 X161.34 Y75.921 E3314.24272
G0 F9000 X161.34 Y75.356
G1 F1500 X158.656 Y72.671 E3314.4195
G0 F9000 X158.656 Y72.106
G1 F1500 X161.34 Y74.79 E3314.59624
G0 F9000 X161.34 Y74.224
G1 F1500 X158.656 Y71.54 E3314.77299
G0 F9000 X158.656 Y70.974
G1 F1500 X161.34 Y73.659 E3314.94977
G0 F9000 X161.34 Y73.093
G1 F1500 X158.656 Y70.409 E3315.12651
G0 F9000 X158.656 Y69.844
G1 F1500 X161.34 Y72.527 E3315.30323
G0 F9000 X161.34 Y71.962
G1 F1500 X158.656 Y69.278 E3315.47997
G0 F9000 X158.656 Y68.712
G1 F1500 X161.34 Y71.396 E3315.65672
G0 F9000 X161.34 Y70.83
G1 F1500 X158.656 Y68.147 E3315.83343
G0 F9000 X158.656 Y67.581
G1 F1500 X161.34 Y70.264 E3316.01014
G0 F9000 X161.34 Y69.699
G1 F1500 X158.656 Y67.015 E3316.18689
G0 F9000 X158.656 Y66.45
G1 F1500 X161.34 Y69.133 E3316.3636
G0 F9000 X161.34 Y68.567
G1 F1500 X158.656 Y65.884 E3316.54032
G0 F9000 X158.656 Y65.318
G1 F1500 X161.34 Y68.002 E3316.71706
G0 F9000 X161.34 Y67.436
G1 F1500 X158.656 Y64.753 E3316.89378
G0 F9000 X158.656 Y64.187
G1 F1500 X161.34 Y66.87 E3317.07049
G0 F9000 X161.34 Y66.305
G1 F1500 X158.656 Y63.621 E3317.24723
G0 F9000 X158.656 Y63.056
G1 F1500 X161.34 Y65.739 E3317.42395
G0 F9000 X161.34 Y65.173
G1 F1500 X158.656 Y62.49 E3317.60066
G0 F9000 X158.201 Y62.506
G0 X157.494 Y61.799
G0 X157.507 Y61.341
G1 F1500 X154.827 Y58.66 E3317.77718
G0 F9000 X155.392 Y58.66
G1 F1500 X161.34 Y64.608 E3318.16886
G0 F9000 X161.34 Y64.042
G1 F1500 X155.958 Y58.66 E3318.52328
G0 F9000 X156.524 Y58.66
G1 F1500 X161.34 Y63.476 E3318.84042
G0 F9000 X161.34 Y62.911
G1 F1500 X157.089 Y58.66 E3319.12035
G0 F9000 X157.655 Y58.66
G1 F1500 X161.34 Y62.345 E3319.36302
G0 F9000 X161.34 Y61.779
G1 F1500 X158.221 Y58.66 E3319.56841
G0 F9000 X158.786 Y58.66
G1 F1500 X161.34 Y61.214 E3319.73659
G0 F9000 X161.34 Y60.648
G1 F1500 X159.352 Y58.66 E3319.86751
G0 F9000 X159.918 Y58.66
G1 F1500 X161.34 Y60.082 E3319.96115
G0 F9000 X161.34 Y59.516
G1 F1500 X160.484 Y58.66 E3320.01752
G0 F9000 X161.049 Y58.66
G1 F1500 X161.34 Y58.951 E3320.03668
G1 F1500 E3313.53668
G0 F9000 X161.8 Y58.951
G0 X161.7 Y61.8
G0 X158.252 Y62.287
G0 X156.942 Y61.341
G1 F1500 E3320.03668
G1 X154.261 Y58.66 E3320.21323
G0 F9000 X153.695 Y58.66
G1 F1500 X156.376 Y61.341 E3320.38978
G0 F9000 X155.81 Y61.341
G1 F1500 X153.13 Y58.66 E3320.56629
G0 F9000 X152.564 Y58.66
G1 F1500 X155.245 Y61.341 E3320.74284
G0 F9000 X154.679 Y61.341
G1 F1500 X151.998 Y58.66 E3320.91939
G0 F9000 X151.433 Y58.66
G1 F1500 X154.113 Y61.341 E3321.0959
G0 F9000 X153.548 Y61.341
G1 F1500 X150.867 Y58.66 E3321.27245
G0 F9000 X150.301 Y58.66
G1 F1500 X152.982 Y61.341 E3321.449
G0 F9000 X152.416 Y61.341
G1 F1500 X149.736 Y58.66 E3321.62552
G0 F9000 X149.17 Y58.66
G1 F1500 X151.85 Y61.341 E3321.80203
G0 F9000 X151.285 Y61.341
G1 F1500 X148.604 Y58.66 E3321.97858
G0 F9000 X148.038 Y58.66
G1 F1500 X150.719 Y61.341 E3322.15513
G0 F9000 X150.153 Y61.341
G1 F1500 X147.473 Y58.66 E3322.33164
G0 F9000 X146.907 Y58.66
G1 F1500 X149.588 Y61.341 E3322.50819
G0 F9000 X149.022 Y61.341
G1 F1500 X146.341 Y58.66 E3322.68474
G0 F9000 X145.776 Y58.66
G1 F1500 X148.456 Y61.341 E3322.86126
G0 F9000 X147.891 Y61.341
G1 F1500 X145.21 Y58.66 E3323.03781
G0 F9000 X144.644 Y58.66
G1 F1500 X147.325 Y61.341 E3323.21435
G0 F9000 X146.759 Y61.341
G1 F1500 X144.079 Y58.66 E3323.39087
G0 F9000 X143.513 Y58.66
G1 F1500 X146.194 Y61.341 E3323.56742
G0 F9000 X145.628 Y61.341
G1 F1500 X142.947 Y58.66 E3323.74397
G0 F9000 X142.382 Y58.66
G1 F1500 X145.062 Y61.341 E3323.92048
G0 F9000 X144.496 Y61.34
G1 F1500 X141.816 Y58.66 E3324.09696
G0 F9000 X141.25 Y58.66
G1 F1500 X143.93 Y61.34 E3324.27345
G0 F9000 X143.364 Y61.34
G1 F1500 X140.685 Y58.66 E3324.4499
G0 F9000 X140.119 Y58.66
G1 F1500 X142.799 Y61.34 E3324.62638
G0 F9000 X142.233 Y61.34
G1 F1500 X139.553 Y58.66 E3324.80286
G0 F9000 X138.987 Y58.66
G1 F1500 X141.667 Y61.34 E3324.97934
G0 F9000 X141.102 Y61.34
G1 F1500 X138.422 Y58.66 E3325.15583
G0 F9000 X137.856 Y58.66
G1 F1500 X140.536 Y61.34 E3325.33231
G0 F9000 X139.97 Y61.34
G1 F1500 X137.29 Y58.66 E3325.50879
G0 F9000 X136.725 Y58.66
G1 F1500 X139.405 Y61.34 E3325.68527
G0 F9000 X138.839 Y61.34
G1 F1500 X136.159 Y58.66 E3325.86176
G0 F9000 X135.593 Y58.66
G1 F1500 X138.273 Y61.34 E3326.03824
G0 F9000 X137.708 Y61.34
G1 F1500 X135.028 Y58.66 E3326.21472
G0 F9000 X134.462 Y58.66
G1 F1500 X137.142 Y61.34 E3326.39121
G0 F9000 X136.576 Y61.34
G1 F1500 X133.896 Y58.66 E3326.56769
G0 F9000 X133.331 Y58.66
G1 F1500 X136.011 Y61.34 E3326.74417
G0 F9000 X135.445 Y61.34
G1 F1500 X132.765 Y58.66 E3326.92065
G0 F9000 X132.199 Y58.66
G1 F1500 X134.879 Y61.34 E3327.09714
G0 F9000 X134.314 Y61.34
G1 F1500 X131.634 Y58.66 E3327.27362
G0 F9000 X131.068 Y58.66
G1 F1500 X133.748 Y61.34 E3327.4501
G0 F9000 X133.182 Y61.34
G1 F1500 X130.502 Y58.66 E3327.62658
G0 F9000 X129.937 Y58.66
G1 F1500 X132.616 Y61.34 E3327.80303
G0 F9000 X132.109 Y61.398
G1 F1500 X129.371 Y58.66 E3327.98333
G0 F9000 X128.805 Y58.66
G1 F1500 X131.75 Y61.605 E3328.17727
G0 F9000 X131.498 Y61.919
G1 F1500 X128.239 Y58.66 E3328.39188
G0 F9000 X127.674 Y58.66
G1 F1500 X131.345 Y62.331 E3328.63362
G0 F9000 X131.312 Y62.864
G1 F1500 X127.108 Y58.66 E3328.91046
G0 F9000 X126.542 Y58.66
G1 F1500 X131.684 Y63.802 E3329.24907
G0 F9000 X131.444 Y64.25
G0 X130.368 Y63.675
G0 X130.586 Y63.269
G1 F1500 X125.977 Y58.66 E3329.55258
G0 F9000 X125.411 Y58.66
G1 F1500 X129.439 Y62.689 E3329.81786
G0 F9000 X128.627 Y62.442
G1 F1500 X124.845 Y58.66 E3330.06692
G0 F9000 X124.28 Y58.66
G1 F1500 X127.815 Y62.195 E3330.2997
G0 F9000 X127.002 Y61.948
G1 F1500 X123.714 Y58.66 E3330.51622
G0 F9000 X123.148 Y58.66
G1 F1500 X126.189 Y61.701 E3330.71648
G0 F9000 X125.376 Y61.454
G1 F1500 X122.583 Y58.66 E3330.90043
G0 F9000 X122.017 Y58.66
G1 F1500 X124.7 Y61.344 E3331.07715
G0 F9000 X124.135 Y61.344
G1 F1500 X121.451 Y58.66 E3331.25389
G0 F9000 X120.886 Y58.66
G1 F1500 X123.569 Y61.344 E3331.43061
G0 F9000 X123.003 Y61.344
G1 F1500 X120.32 Y58.66 E3331.60732
G0 F9000 X119.754 Y58.66
G1 F1500 X122.438 Y61.344 E3331.78406
G0 F9000 X121.872 Y61.344
G1 F1500 X119.189 Y58.66 E3331.96078
G0 F9000 X118.623 Y58.66
G1 F1500 X121.306 Y61.344 E3332.13749
G0 F9000 X120.741 Y61.344
G1 F1500 X118.057 Y58.66 E3332.31424
G0 F9000 X117.491 Y58.66
G1 F1500 X120.175 Y61.344 E3332.49098
G0 F9000 X119.609 Y61.344
G1 F1500 X116.926 Y58.66 E3332.6677
G0 F9000 X116.36 Y58.66
G1 F1500 X119.044 Y61.344 E3332.84444
G0 F9000 X118.478 Y61.344
G1 F1500 X115.794 Y58.66 E3333.02119
G0 F9000 X115.229 Y58.66
G1 F1500 X117.912 Y61.344 E3333.1979
G0 F9000 X117.346 Y61.344
G1 F1500 X114.663 Y58.66 E3333.37461
G0 F9000 X114.097 Y58.66
G1 F1500 X116.781 Y61.344 E3333.55136
G0 F9000 X116.215 Y61.344
G1 F1500 X113.532 Y58.66 E3333.72807
G0 F9000 X112.966 Y58.66
G1 F1500 X115.649 Y61.344 E3333.90479
G0 F9000 X115.084 Y61.344
G1 F1500 X112.4 Y58.66 E3334.08153
G0 F9000 X111.835 Y58.66
G1 F1500 X114.518 Y61.344 E3334.25825
G0 F9000 X113.952 Y61.344
G1 F1500 X111.269 Y58.66 E3334.43496
G0 F9000 X110.703 Y58.66
G1 F1500 X113.387 Y61.344 E3334.6117
G0 F9000 X112.821 Y61.344
G1 F1500 X110.138 Y58.66 E3334.78842
G0 F9000 X109.573 Y58.661
G1 F1500 X112.255 Y61.344 E3334.96506
G0 F9000 X111.69 Y61.344
G1 F1500 X109.007 Y58.661 E3335.14174
G0 F9000 X108.441 Y58.661
G1 F1500 X111.124 Y61.344 E3335.31842
G0 F9000 X110.558 Y61.344
G1 F1500 X107.876 Y58.661 E3335.49507
G0 F9000 X107.31 Y58.661
G1 F1500 X109.993 Y61.344 E3335.67175
G0 F9000 X109.428 Y61.344
G1 F1500 X106.744 Y58.661 E3335.84847
G0 F9000 X106.178 Y58.661
G1 F1500 X108.862 Y61.344 E3336.02518
G0 F9000 X108.296 Y61.344
G1 F1500 X105.613 Y58.661 E3336.20186
G0 F9000 X105.047 Y58.661
G1 F1500 X107.731 Y61.344 E3336.37857
G0 F9000 X107.165 Y61.344
G1 F1500 X104.481 Y58.661 E3336.55528
G0 F9000 X103.916 Y58.661
G1 F1500 X106.599 Y61.344 E3336.73196
G0 F9000 X106.033 Y61.344
G1 F1500 X103.35 Y58.661 E3336.90864
G0 F9000 X102.784 Y58.661
G1 F1500 X105.468 Y61.344 E3337.08536
G0 F9000 X104.902 Y61.344
G1 F1500 X102.219 Y58.661 E3337.26204
G0 F9000 X101.653 Y58.661
G1 F1500 X104.336 Y61.344 E3337.43872
G0 F9000 X103.771 Y61.344
G1 F1500 X101.087 Y58.661 E3337.61543
G0 F9000 X100.522 Y58.661
G1 F1500 X103.205 Y61.344 E3337.79211
G0 F9000 X102.639 Y61.344
G1 F1500 X99.956 Y58.661 E3337.96879
G0 F9000 X99.39 Y58.661
G1 F1500 X102.074 Y61.344 E3338.1455
G0 F9000 X101.508 Y61.344
G1 F1500 X98.825 Y58.661 E3338.32218
G0 F9000 X98.259 Y58.661
G1 F1500 X100.942 Y61.344 E3338.49886
G0 F9000 X100.377 Y61.344
G1 F1500 X97.693 Y58.661 E3338.67558
G0 F9000 X97.127 Y58.661
G1 F1500 X99.811 Y61.344 E3338.85229
G0 F9000 X99.245 Y61.344
G1 F1500 X96.562 Y58.661 E3339.02897
G0 F9000 X95.996 Y58.661
G1 F1500 X98.68 Y61.344 E3339.20568
G0 F9000 X98.114 Y61.344
G1 F1500 X95.43 Y58.661 E3339.3824
G0 F9000 X94.865 Y58.661
G1 F1500 X97.548 Y61.344 E3339.55908
G0 F9000 X96.983 Y61.344
G1 F1500 X94.299 Y58.661 E3339.73579
G0 F9000 X93.733 Y58.661
G1 F1500 X96.417 Y61.344 E3339.9125
G0 F9000 X95.851 Y61.344
G1 F1500 X93.168 Y58.661 E3340.08918
G0 F9000 X92.602 Y58.661
G1 F1500 X95.285 Y61.344 E3340.26586
G0 F9000 X94.786 Y61.411
G1 F1500 X92.036 Y58.661 E3340.44696
G0 F9000 X91.471 Y58.661
G1 F1500 X94.352 Y61.542 E3340.63667
G0 F9000 X93.917 Y61.673
G1 F1500 X90.905 Y58.661 E3340.83502
G0 F9000 X90.339 Y58.661
G1 F1500 X93.482 Y61.804 E3341.04199
G0 F9000 X93.047 Y61.935
G1 F1500 X89.774 Y58.661 E3341.25756
G0 F9000 X89.208 Y58.661
G1 F1500 X92.613 Y62.066 E3341.48178
G0 F9000 X92.178 Y62.197
G1 F1500 X88.642 Y58.661 E3341.71463
G0 F9000 X88.077 Y58.661
G1 F1500 X91.744 Y62.328 E3341.95611
G0 F9000 X91.309 Y62.459
G1 F1500 X87.511 Y58.661 E3342.20622
G0 F9000 X86.945 Y58.661
G1 F1500 X90.874 Y62.59 E3342.46495
G0 F9000 X90.439 Y62.72
G1 F1500 X86.379 Y58.661 E3342.73227
G0 F9000 X85.814 Y58.661
G1 F1500 X90.068 Y62.916 E3343.01244
G0 F9000 X89.699 Y63.112
G1 F1500 X88.549 Y61.962 E3343.08817
G0 F9000 X88.106 Y61.518
G1 F1500 X85.248 Y58.661 E3343.27634
G0 F9000 X84.682 Y58.661
G1 F1500 X87.366 Y61.344 E3343.45305
G0 F9000 X86.8 Y61.344
G1 F1500 X84.117 Y58.661 E3343.62973
G0 F9000 X83.551 Y58.661
G1 F1500 X86.235 Y61.344 E3343.80645
G0 F9000 X85.669 Y61.344
G1 F1500 X82.985 Y58.661 E3343.98316
G0 F9000 X82.42 Y58.661
G1 F1500 X85.103 Y61.344 E3344.15984
G0 F9000 X84.537 Y61.344
G1 F1500 X81.854 Y58.661 E3344.33652
G0 F9000 X81.288 Y58.661
G1 F1500 X83.972 Y61.344 E3344.51323
G0 F9000 X83.406 Y61.344
G1 F1500 X80.723 Y58.661 E3344.68991
G0 F9000 X80.157 Y58.661
G1 F1500 X82.84 Y61.344 E3344.86659
G0 F9000 X82.275 Y61.344
G1 F1500 X79.591 Y58.661 E3345.04331
G0 F9000 X79.026 Y58.661
G1 F1500 X81.708 Y61.344 E3345.21995
G0 F9000 X81.143 Y61.344
G1 F1500 X78.46 Y58.661 E3345.39663
G0 F9000 X77.894 Y58.661
G1 F1500 X80.577 Y61.344 E3345.57331
G0 F9000 X80.011 Y61.344
G1 F1500 X77.328 Y58.661 E3345.74999
G0 F9000 X76.763 Y58.661
G1 F1500 X79.446 Y61.344 E3345.92667
G0 F9000 X78.88 Y61.344
G1 F1500 X76.197 Y58.661 E3346.10335
G0 F9000 X75.631 Y58.661
G1 F1500 X78.314 Y61.344 E3346.28003
G0 F9000 X77.749 Y61.344
G1 F1500 X75.066 Y58.661 E3346.45671
G0 F9000 X74.5 Y58.661
G1 F1500 X77.183 Y61.344 E3346.63339
G0 F9000 X76.617 Y61.344
G1 F1500 X73.934 Y58.661 E3346.81007
G0 F9000 X73.369 Y58.661
G1 F1500 X76.051 Y61.343 E3346.98669
G0 F9000 X75.485 Y61.343
G1 F1500 X72.803 Y58.661 E3347.1633
G0 F9000 X72.237 Y58.661
G1 F1500 X74.919 Y61.343 E3347.33992
G0 F9000 X74.354 Y61.343
G1 F1500 X71.672 Y58.661 E3347.51653
G0 F9000 X71.106 Y58.661
G1 F1500 X73.788 Y61.343 E3347.69315
G0 F9000 X73.222 Y61.343
G1 F1500 X70.54 Y58.661 E3347.86976
G0 F9000 X69.975 Y58.661
G1 F1500 X72.657 Y61.343 E3348.04637
G0 F9000 X72.091 Y61.343
G1 F1500 X69.409 Y58.661 E3348.22299
G0 F9000 X68.843 Y58.661
G1 F1500 X71.525 Y61.343 E3348.3996
G0 F9000 X70.96 Y61.343
G1 F1500 X68.278 Y58.661 E3348.57622
G0 F9000 X67.712 Y58.661
G1 F1500 X70.394 Y61.343 E3348.75283
G0 F9000 X69.828 Y61.343
G1 F1500 X67.146 Y58.661 E3348.92945
G0 F9000 X66.58 Y58.661
G1 F1500 X69.263 Y61.343 E3349.10609
G0 F9000 X68.696 Y61.342
G1 F1500 X66.015 Y58.661 E3349.28264
G0 F9000 X65.449 Y58.661
G1 F1500 X68.13 Y61.342 E3349.45919
G0 F9000 X67.565 Y61.342
G1 F1500 X64.883 Y58.661 E3349.63577
G0 F9000 X64.318 Y58.661
G1 F1500 X66.999 Y61.342 E3349.81232
G0 F9000 X66.433 Y61.342
G1 F1500 X63.752 Y58.661 E3349.98887
G0 F9000 X63.186 Y58.661
G1 F1500 X65.868 Y61.342 E3350.16545
G0 F9000 X65.302 Y61.342
G1 F1500 X62.621 Y58.661 E3350.342
G0 F9000 X62.055 Y58.661
G1 F1500 X64.736 Y61.342 E3350.51855
G0 F9000 X64.171 Y61.342
G1 F1500 X61.489 Y58.661 E3350.69513
G0 F9000 X60.924 Y58.661
G1 F1500 X63.605 Y61.342 E3350.87168
G0 F9000 X63.039 Y61.342
G1 F1500 X60.358 Y58.661 E3351.04822
G0 F9000 X59.792 Y58.661
G1 F1500 X62.474 Y61.342 E3351.22481
G0 F9000 X62.017 Y61.451
G1 F1500 X59.227 Y58.661 E3351.40853
G0 F9000 X58.661 Y58.661
G1 F1500 X61.693 Y61.693 E3351.60819
G0 F9000 X61.456 Y62.022
G1 F1500 X58.66 Y59.226 E3351.79232
G0 F9000 X58.66 Y59.792
G1 F1500 X61.343 Y62.474 E3351.96896
G0 F9000 X61.343 Y63.04
G1 F1500 X58.66 Y60.357 E3352.14564
G0 F9000 X58.66 Y60.923
G1 F1500 X61.343 Y63.606 E3352.32232
G0 F9000 X61.343 Y64.171
G1 F1500 X58.66 Y61.489 E3352.49897
G0 F9000 X58.66 Y62.054
G1 F1500 X61.343 Y64.737 E3352.67565
G0 F9000 X61.343 Y65.303
G1 F1500 X58.66 Y62.62 E3352.85233
G0 F9000 X58.66 Y63.186
G1 F1500 X61.343 Y65.868 E3353.02898
G0 F9000 X61.343 Y66.434
G1 F1500 X58.66 Y63.751 E3353.20566
G0 F9000 X58.66 Y64.317
G1 F1500 X61.343 Y67 E3353.38234
G0 F9000 X61.343 Y67.565
G1 F1500 X58.66 Y64.883 E3353.55899
G0 F9000 X58.66 Y65.448
G1 F1500 X61.343 Y68.131 E3353.73567
G0 F9000 X61.343 Y68.697
G1 F1500 X58.66 Y66.014 E3353.91235
G0 F9000 X58.66 Y66.58
G1 F1500 X61.344 Y69.263 E3354.08906
G0 F9000 X61.344 Y69.829
G1 F1500 X58.66 Y67.145 E3354.26581
G0 F9000 X58.66 Y67.711
G1 F1500 X61.344 Y70.395 E3354.44255
G0 F9000 X61.344 Y70.96
G1 F1500 X58.66 Y68.277 E3354.61926
G0 F9000 X58.66 Y68.843
G1 F1500 X61.344 Y71.526 E3354.79598
G0 F9000 X61.344 Y72.092
G1 F1500 X58.66 Y69.408 E3354.97272
G0 F9000 X58.66 Y69.974
G1 F1500 X61.344 Y72.657 E3355.14944
G0 F9000 X61.344 Y73.223
G1 F1500 X58.66 Y70.54 E3355.32615
G0 F9000 X58.66 Y71.105
G1 F1500 X61.344 Y73.789 E3355.5029
G0 F9000 X61.344 Y74.354
G1 F1500 X58.66 Y71.671 E3355.67961
G0 F9000 X58.66 Y72.237
G1 F1500 X61.344 Y74.92 E3355.85632
G0 F9000 X61.344 Y75.486
G1 F1500 X58.66 Y72.802 E3356.03307
G0 F9000 X58.66 Y73.368
G1 F1500 X61.344 Y76.052 E3356.20981
G0 F9000 X61.344 Y76.618
G1 F1500 X58.66 Y73.934 E3356.38656
G0 F9000 X58.66 Y74.499
G1 F1500 X61.344 Y77.184 E3356.56334
G0 F9000 X61.344 Y77.749
G1 F1500 X58.66 Y75.065 E3356.74008
G0 F9000 X58.66 Y75.631
G1 F1500 X61.344 Y78.315 E3356.91683
G0 F9000 X61.344 Y78.881
G1 F1500 X58.66 Y76.196 E3357.09361
G0 F9000 X58.66 Y76.762
G1 F1500 X61.344 Y79.446 E3357.27036
G0 F9000 X61.344 Y80.012
G1 F1500 X58.66 Y77.328 E3357.4471
G0 F9000 X58.66 Y77.893
G1 F1500 X61.344 Y80.578 E3357.62388
G0 F9000 X61.344 Y81.143
G1 F1500 X58.66 Y78.459 E3357.80063
G0 F9000 X58.66 Y79.025
G1 F1500 X61.345 Y81.71 E3357.97744
G0 F9000 X61.345 Y82.275
G1 F1500 X58.66 Y79.591 E3358.15422
G0 F9000 X58.66 Y80.156
G1 F1500 X61.345 Y82.841 E3358.33103
G0 F9000 X61.345 Y83.407
G1 F1500 X58.66 Y80.722 E3358.50784
G0 F9000 X58.66 Y81.288
G1 F1500 X61.345 Y83.972 E3358.68462
G0 F9000 X61.345 Y84.538
G1 F1500 X58.66 Y81.853 E3358.86143
G0 F9000 X58.66 Y82.419
G1 F1500 X61.345 Y85.104 E3359.03824
G0 F9000 X61.345 Y85.67
G1 F1500 X58.66 Y82.985 E3359.21505
G0 F9000 X58.66 Y83.55
G1 F1500 X61.345 Y86.235 E3359.39187
G0 F9000 X61.345 Y86.801
G1 F1500 X58.66 Y84.116 E3359.56868
G0 F9000 X58.66 Y84.682
G1 F1500 X61.345 Y87.367 E3359.74549
G0 F9000 X61.525 Y88.113
G1 F1500 X58.66 Y85.247 E3359.93419
G0 F9000 X58.66 Y85.813
G1 F1500 X62.916 Y90.069 E3360.21445
G0 F9000 X63.113 Y89.7
G1 F1500 X61.898 Y88.485 E3360.29446
G0 F9000 X62.671 Y88.692
G1 F1500 X63.31 Y89.332 E3360.33658
G0 F9000 X63.507 Y88.963
G1 F1500 X63.167 Y88.622 E3360.359
G0 F9000 X63.531 Y88.421
G1 F1500 X63.683 Y88.573 E3360.36901
G0 F9000 X64.115 Y88.804
G0 X63.153 Y90.603
G0 X62.723 Y90.442
G1 F1500 X58.66 Y86.379 E3360.63656
G0 F9000 X58.66 Y86.944
G1 F1500 X62.591 Y90.875 E3360.89543
G0 F9000 X62.459 Y91.309
G1 F1500 X58.66 Y87.51 E3361.1456
G0 F9000 X58.66 Y88.076
G1 F1500 X62.327 Y91.743 E3361.38707
G0 F9000 X62.196 Y92.177
G1 F1500 X58.66 Y88.641 E3361.61993
G0 F9000 X58.66 Y89.207
G1 F1500 X62.064 Y92.611 E3361.84409
G0 F9000 X61.932 Y93.045
G1 F1500 X58.66 Y89.773 E3362.05955
G0 F9000 X58.66 Y90.339
G1 F1500 X61.8 Y93.479 E3362.26633
G0 F9000 X61.668 Y93.912
G1 F1500 X58.66 Y90.904 E3362.46441
G0 F9000 X58.66 Y91.47
G1 F1500 X61.537 Y94.346 E3362.65383
G0 F9000 X61.404 Y94.78
G1 F1500 X58.66 Y92.036 E3362.83453
G0 F9000 X58.66 Y92.601
G1 F1500 X61.344 Y95.285 E3363.01127
G0 F9000 X61.344 Y95.851
G1 F1500 X58.66 Y93.167 E3363.18802
G0 F9000 X58.66 Y93.733
G1 F1500 X61.344 Y96.417 E3363.36477
G0 F9000 X61.344 Y96.983
G1 F1500 X58.66 Y94.298 E3363.54155
G0 F9000 X58.66 Y94.864
G1 F1500 X61.344 Y97.548 E3363.71829
G0 F9000 X61.344 Y98.114
G1 F1500 X58.66 Y95.43 E3363.89504
G0 F9000 X58.66 Y95.995
G1 F1500 X61.344 Y98.68 E3364.07182
G0 F9000 X61.344 Y99.245
G1 F1500 X58.66 Y96.561 E3364.24856
G0 F9000 X58.66 Y97.127
G1 F1500 X61.344 Y99.811 E3364.42531
G0 F9000 X61.344 Y100.377
G1 F1500 X58.66 Y97.692 E3364.60209
G0 F9000 X58.66 Y98.258
G1 F1500 X61.344 Y100.942 E3364.77883
G0 F9000 X61.344 Y101.508
G1 F1500 X58.66 Y98.824 E3364.95558
G0 F9000 X58.66 Y99.39
G1 F1500 X61.344 Y102.074 E3365.13232
G0 F9000 X61.344 Y102.639
G1 F1500 X58.66 Y99.955 E3365.30907
G0 F9000 X58.66 Y100.521
G1 F1500 X61.344 Y103.205 E3365.48582
G0 F9000 X61.344 Y103.771
G1 F1500 X58.66 Y101.087 E3365.66256
G0 F9000 X58.66 Y101.652
G1 F1500 X61.344 Y104.336 E3365.83931
G0 F9000 X61.344 Y104.902
G1 F1500 X58.66 Y102.218 E3366.01605
G0 F9000 X58.66 Y102.784
G1 F1500 X61.344 Y105.468 E3366.1928
G0 F9000 X61.344 Y106.033
G1 F1500 X58.66 Y103.349 E3366.36955
G0 F9000 X58.66 Y103.915
G1 F1500 X61.344 Y106.599 E3366.54629
G0 F9000 X61.344 Y107.165
G1 F1500 X58.66 Y104.481 E3366.72304
G0 F9000 X58.66 Y105.046
G1 F1500 X61.344 Y107.731 E3366.89982
G0 F9000 X61.344 Y108.296
G1 F1500 X58.66 Y105.612 E3367.07656
G0 F9000 X58.66 Y106.178
G1 F1500 X61.344 Y108.862 E3367.25331
G0 F9000 X61.344 Y109.428
G1 F1500 X58.66 Y106.743 E3367.43009
G0 F9000 X58.66 Y107.309
G1 F1500 X61.344 Y109.993 E3367.60683
G0 F9000 X61.345 Y110.56
G1 F1500 X58.66 Y107.875 E3367.78365
G0 F9000 X58.66 Y108.44
G1 F1500 X61.345 Y111.125 E3367.96046
G0 F9000 X61.345 Y111.691
G1 F1500 X58.66 Y109.006 E3368.13727
G0 F9000 X58.66 Y109.572
G1 F1500 X61.345 Y112.257 E3368.31408
G0 F9000 X61.345 Y112.822
G1 F1500 X58.659 Y110.137 E3368.49093
G0 F9000 X58.659 Y110.703
G1 F1500 X61.345 Y113.388 E3368.66777
G0 F9000 X61.345 Y113.954
G1 F1500 X58.659 Y111.268 E3368.84465
G0 F9000 X58.659 Y111.834
G1 F1500 X61.345 Y114.519 E3369.02149
G0 F9000 X61.345 Y115.085
G1 F1500 X58.659 Y112.4 E3369.19834
G0 F9000 X58.659 Y112.965
G1 F1500 X61.345 Y115.651 E3369.37522
G0 F9000 X61.345 Y116.217
G1 F1500 X58.659 Y113.531 E3369.55209
G0 F9000 X58.659 Y114.097
G1 F1500 X61.345 Y116.782 E3369.72894
G0 F9000 X61.345 Y117.348
G1 F1500 X58.659 Y114.662 E3369.90582
G0 F9000 X58.659 Y115.228
G1 F1500 X61.345 Y117.914 E3370.08269
G0 F9000 X61.345 Y118.479
G1 F1500 X58.659 Y115.794 E3370.25954
G0 F9000 X58.659 Y116.359
G1 F1500 X61.345 Y119.045 E3370.43642
G0 F9000 X61.345 Y119.611
G1 F1500 X58.659 Y116.925 E3370.61329
G0 F9000 X58.659 Y117.491
G1 F1500 X61.345 Y120.176 E3370.79014
G0 F9000 X61.345 Y120.742
G1 F1500 X58.659 Y118.056 E3370.96702
G0 F9000 X58.659 Y118.622
G1 F1500 X61.345 Y121.308 E3371.14389
G0 F9000 X61.345 Y121.873
G1 F1500 X58.659 Y119.188 E3371.32074
G0 F9000 X58.659 Y119.753
G1 F1500 X61.345 Y122.439 E3371.49762
G0 F9000 X61.345 Y123.005
G1 F1500 X58.659 Y120.319 E3371.67449
G0 F9000 X58.659 Y120.885
G1 F1500 X61.345 Y123.57 E3371.85134
G0 F9000 X61.345 Y124.136
G1 F1500 X58.659 Y121.451 E3372.02818
G0 F9000 X58.659 Y122.016
G1 F1500 X61.345 Y124.702 E3372.20506
G0 F9000 X61.468 Y125.391
G1 F1500 X58.659 Y122.582 E3372.39004
G0 F9000 X58.659 Y123.148
G1 F1500 X61.713 Y126.201 E3372.59112
G0 F9000 X61.957 Y127.011
G1 F1500 X58.659 Y123.713 E3372.8083
G0 F9000 X58.659 Y124.279
G1 F1500 X62.202 Y127.822 E3373.04161
G0 F9000 X62.447 Y128.632
G1 F1500 X58.659 Y124.845 E3373.29102
G0 F9000 X58.659 Y125.41
G1 F1500 X62.691 Y129.442 E3373.55654
G0 F9000 X63.129 Y129.311
G0 X63.676 Y130.369
G0 X63.269 Y130.586
G1 F1500 X58.659 Y125.976 E3373.86011
G0 F9000 X58.659 Y126.542
G1 F1500 X63.765 Y131.647 E3374.19632
G0 F9000 X62.864 Y131.312
G1 F1500 X58.659 Y127.107 E3374.47322
G0 F9000 X58.659 Y127.673
G1 F1500 X62.33 Y131.344 E3374.71497
G0 F9000 X61.918 Y131.497
G1 F1500 X58.659 Y128.239 E3374.92954
G0 F9000 X58.659 Y128.804
G1 F1500 X61.602 Y131.747 E3375.12335
G0 F9000 X61.399 Y132.11
G1 F1500 X58.659 Y129.37 E3375.30378
G0 F9000 X58.659 Y129.936
G1 F1500 X61.345 Y132.621 E3375.48062
G0 F9000 X61.345 Y133.187
G1 F1500 X58.659 Y130.502 E3375.65747
G0 F9000 X58.659 Y131.067
G1 F1500 X61.345 Y133.753 E3375.83435
G0 F9000 X61.345 Y134.318
G1 F1500 X58.659 Y131.633 E3376.01119
G0 F9000 X58.659 Y132.199
G1 F1500 X61.345 Y134.884 E3376.18804
G0 F9000 X61.345 Y135.45
G1 F1500 X58.659 Y132.764 E3376.36491
G0 F9000 X58.659 Y133.33
G1 F1500 X61.345 Y136.016 E3376.54179
G0 F9000 X61.345 Y136.581
G1 F1500 X58.659 Y133.896 E3376.71864
G0 F9000 X58.659 Y134.461
G1 F1500 X61.345 Y137.147 E3376.89551
G0 F9000 X61.344 Y137.712
G1 F1500 X58.659 Y135.027 E3377.07233
G0 F9000 X58.659 Y135.593
G1 F1500 X61.344 Y138.278 E3377.24914
G0 F9000 X61.344 Y138.843
G1 F1500 X58.659 Y136.158 E3377.42595
G0 F9000 X58.659 Y136.724
G1 F1500 X61.344 Y139.409 E3377.60276
G0 F9000 X61.344 Y139.975
G1 F1500 X58.659 Y137.29 E3377.77957
G0 F9000 X58.659 Y137.855
G1 F1500 X61.344 Y140.54 E3377.95639
G0 F9000 X61.344 Y141.106
G1 F1500 X58.659 Y138.421 E3378.1332
G0 F9000 X58.659 Y138.987
G1 F1500 X61.344 Y141.672 E3378.31001
G0 F9000 X61.344 Y142.237
G1 F1500 X58.659 Y139.552 E3378.48682
G0 F9000 X58.659 Y140.118
G1 F1500 X61.344 Y142.802 E3378.6636
G0 F9000 X61.344 Y143.368
G1 F1500 X58.659 Y140.684 E3378.84038
G0 F9000 X58.659 Y141.25
G1 F1500 X61.344 Y143.934 E3379.01716
G0 F9000 X61.344 Y144.499
G1 F1500 X58.659 Y141.815 E3379.19394
G0 F9000 X58.659 Y142.381
G1 F1500 X61.344 Y145.065 E3379.37072
G0 F9000 X61.344 Y145.631
G1 F1500 X58.659 Y142.947 E3379.54749
G0 F9000 X58.659 Y143.512
G1 F1500 X61.344 Y146.196 E3379.72427
G0 F9000 X61.344 Y146.762
G1 F1500 X58.659 Y144.078 E3379.90105
G0 F9000 X58.659 Y144.644
G1 F1500 X61.344 Y147.328 E3380.07783
G0 F9000 X61.343 Y147.893
G1 F1500 X58.659 Y145.209 E3380.25458
G0 F9000 X58.659 Y145.775
G1 F1500 X61.343 Y148.458 E3380.43129
G0 F9000 X61.343 Y149.024
G1 F1500 X58.659 Y146.341 E3380.608
G0 F9000 X58.659 Y146.906
G1 F1500 X61.343 Y149.59 E3380.78475
G0 F9000 X61.343 Y150.156
G1 F1500 X58.659 Y147.472 E3380.96149
G0 F9000 X58.659 Y148.038
G1 F1500 X61.343 Y150.721 E3381.13821
G0 F9000 X61.343 Y151.287
G1 F1500 X58.659 Y148.603 E3381.31495
G0 F9000 X58.659 Y149.169
G1 F1500 X61.343 Y151.853 E3381.4917
G0 F9000 X61.343 Y152.418
G1 F1500 X58.659 Y149.735 E3381.66841
G0 F9000 X58.659 Y150.3
G1 F1500 X61.342 Y152.983 E3381.84509
G0 F9000 X61.342 Y153.549
G1 F1500 X58.659 Y150.866 E3382.02177
G0 F9000 X58.659 Y151.432
G1 F1500 X61.342 Y154.115 E3382.19845
G0 F9000 X61.342 Y154.68
G1 F1500 X58.659 Y151.998 E3382.3751
G0 F9000 X58.659 Y152.563
G1 F1500 X61.342 Y155.246 E3382.55178
G0 F9000 X61.342 Y155.812
G1 F1500 X58.659 Y153.129 E3382.72846
G0 F9000 X58.659 Y153.695
G1 F1500 X61.342 Y156.377 E3382.90511
G0 F9000 X61.342 Y156.943
G1 F1500 X58.659 Y154.26 E3383.08179
G0 F9000 X58.659 Y154.826
G1 F1500 X61.342 Y157.509 E3383.25847
G1 F1500 E3376.75847
G0 F9000 X61.799 Y157.494
G0 X62.07 Y156.279
G0 X81.783 Y152.224
G0 X130.662 Y156.684
G1 F1500 E3383.25847
G1 X131.301 Y157.323 E3383.30055
G0 F9000 X131.37 Y156.826
G1 F1500 X131.031 Y156.487 E3383.32287
G0 F9000 X131.431 Y156.322
G1 F1500 X131.563 Y156.453 E3383.33153
G1 F1500 E3376.83153
G0 F9000 X131.971 Y156.748
G0 X137.219 Y153.784
G0 X136.617 Y152.66
G0 X88.962 Y63.506
G1 F1500 E3383.33153
G1 X88.622 Y63.166 E3383.35392
G0 F9000 X88.43 Y63.54
G1 F1500 X88.562 Y63.672 E3383.36261
G0 F9000 X89.331 Y63.309
G1 F1500 X88.691 Y62.669 E3383.40476
G1 F1500 E3376.90476
;MESH:NONMESH
G0 F300 X88.691 Y62.669 Z5.04
G0 F9000 X88.272 Y62.892
G0 X81.257 Y66.984
G0 X73.417 Y73.417
G0 X66.984 Y81.258
G0 X62.925 Y88.316
G0 X62.606 Y88.144
;TIME_ELAPSED:4065.523190
;LAYER:17
;TYPE:WALL-INNER
;MESH:tmpek4p4esk10x10x.5Doubled.stl
G1 F1500 E3383.40476
G1 X62.299 Y88.066 E3383.41951
G1 X62.031 Y87.875 E3383.43483
G1 X61.935 Y87.704 E3383.44396
G1 X61.9 Y87.5 E3383.4536
G1 X61.9 Y62.388 E3384.62292
G1 X61.984 Y62.192 E3384.63285
G1 X62.192 Y61.984 E3384.64655
G1 X62.5 Y61.9 E3384.66141
G1 X87.5 Y61.9 E3385.82552
G1 X87.705 Y61.935 E3385.8352
G1 X87.875 Y62.031 E3385.84429
G1 X88.066 Y62.299 E3385.85962
G1 X88.144 Y62.606 E3385.87437
G1 X88.126 Y62.949 E3385.89036
G1 X87.919 Y63.238 E3385.90691
G1 X81.168 Y66.85 E3386.26343
G1 X73.303 Y73.303 E3386.73715
G1 X66.85 Y81.168 E3387.21087
G1 X63.235 Y87.922 E3387.56758
G1 X62.95 Y88.126 E3387.5839
G1 X62.606 Y88.144 E3387.59994
G1 F1500 E3381.09994
G0 F9000 X62.925 Y88.316
G0 X64.574 Y85.104
G0 X63.011 Y157.93
G0 X87.5 Y158.1
G1 F1500 E3387.59994
G1 X62.388 Y158.1 E3388.76926
G1 X62.192 Y158.016 E3388.77919
G1 X61.984 Y157.808 E3388.79289
G1 X61.9 Y157.5 E3388.80775
G1 X61.9 Y132.496 E3389.97204
G1 X61.935 Y132.291 E3389.98173
G1 X62.031 Y132.121 E3389.99082
G1 X62.299 Y131.93 E3390.00614
G1 X62.606 Y131.852 E3390.02089
G1 X62.949 Y131.87 E3390.03689
G1 X63.277 Y132.153 E3390.05706
G1 X66.85 Y138.828 E3390.4096
G1 X73.303 Y146.693 E3390.88332
G1 X81.167 Y153.151 E3391.35715
G1 X87.844 Y156.718 E3391.70965
G1 X88.125 Y157.045 E3391.72972
G1 X88.144 Y157.388 E3391.74572
G1 X88.044 Y157.787 E3391.76487
G1 X87.875 Y157.969 E3391.77644
G1 X87.705 Y158.065 E3391.78553
G1 X87.5 Y158.1 E3391.79521
G1 F1500 E3385.29521
G0 F9000 X84.134 Y157.95
G0 X90.572 Y156.917
G0 X110 Y158.1
G1 F1500 E3391.79521
G1 X95.079 Y158.1 E3392.48999
G1 X90.639 Y156.749 E3392.7061
G1 X81.888 Y152.077 E3393.16802
G1 X74.219 Y145.777 E3393.63016
G1 X67.927 Y138.112 E3394.09193
G1 X63.246 Y129.363 E3394.55396
G1 X61.9 Y124.898 E3394.77111
G1 X61.9 Y95.08 E3396.15956
G1 X63.247 Y90.64 E3396.37561
G1 X67.921 Y81.887 E3396.83766
G1 X74.219 Y74.219 E3397.29971
G1 X81.884 Y67.927 E3397.76147
G1 X90.633 Y63.246 E3398.22351
G1 X95.098 Y61.9 E3398.44066
G1 X124.916 Y61.9 E3399.82911
G1 X129.356 Y63.247 E3400.04516
G1 X138.112 Y67.927 E3400.50746
G1 X145.777 Y74.219 E3400.96922
G1 X152.073 Y81.884 E3401.43111
G1 X156.75 Y90.634 E3401.8931
G1 X158.1 Y95.079 E3402.10941
G1 X158.1 Y124.902 E3403.49809
G1 X156.749 Y129.357 E3403.71486
G1 X152.073 Y138.112 E3404.17704
G1 X145.777 Y145.777 E3404.63892
G1 X138.112 Y152.073 E3405.1008
G1 X129.362 Y156.75 E3405.56279
G1 X124.898 Y158.1 E3405.77995
G1 X110 Y158.1 E3406.47366
G1 F1500 E3399.97366
G0 F9000 X110 Y161.7
G0 X110 Y161.9
G1 F1500 E3406.47366
G1 X161.9 Y161.9 E3408.89034
G1 X161.9 Y58.1 E3413.72371
G1 X58.1 Y58.1 E3418.55707
G1 X58.1 Y161.9 E3423.39043
G1 X110 Y161.9 E3425.80711
G1 F1500 E3419.30711
G0 F9000 X132.496 Y161.7
G0 X135.488 Y157.95
G0 X132.496 Y158.1
G1 F1500 E3425.80711
G1 X132.291 Y158.065 E3425.8168
G1 X132.12 Y157.969 E3425.82593
G1 X131.931 Y157.722 E3425.84041
G1 X131.852 Y157.388 E3425.85639
G1 X131.871 Y157.045 E3425.87239
G1 X132.078 Y156.758 E3425.88887
G1 X138.828 Y153.15 E3426.24526
G1 X146.693 Y146.693 E3426.7191
G1 X153.15 Y138.828 E3427.19293
G1 X156.718 Y132.153 E3427.54537
G1 X157.045 Y131.871 E3427.56547
G1 X157.388 Y131.852 E3427.58147
G1 X157.7 Y131.93 E3427.59644
G1 X157.969 Y132.12 E3427.61178
G1 X158.065 Y132.291 E3427.62091
G1 X158.1 Y132.496 E3427.63059
G1 X158.1 Y157.612 E3428.8001
G1 X158.016 Y157.808 E3428.81003
G1 X157.808 Y158.016 E3428.82373
G1 X157.612 Y158.1 E3428.83366
G1 X132.496 Y158.1 E3430.00316
G1 F1500 E3423.50316
G0 F9000 X157.072 Y157.93
G0 X155.871 Y85.939
G0 X157.388 Y88.144
G1 F1500 E3430.00316
G1 X157.045 Y88.125 E3430.01916
G1 X156.758 Y87.918 E3430.03564
G1 X153.15 Y81.168 E3430.39203
G1 X146.693 Y73.303 E3430.86586
G1 X138.828 Y66.85 E3431.33958
G1 X132.152 Y63.278 E3431.69215
G1 X131.87 Y62.95 E3431.71229
G1 X131.852 Y62.606 E3431.72833
G1 X131.93 Y62.299 E3431.74308
G1 X132.121 Y62.031 E3431.7584
G1 X132.292 Y61.935 E3431.76753
G1 X132.496 Y61.9 E3431.77717
G1 X157.612 Y61.9 E3432.94668
G1 X157.808 Y61.984 E3432.95661
G1 X158.016 Y62.191 E3432.97027
G1 X158.1 Y62.5 E3432.98518
G1 X158.1 Y87.574 E3434.15273
G1 X157.969 Y87.875 E3434.16802
G1 X157.722 Y88.065 E3434.18253
G1 X157.388 Y88.144 E3434.19851
G0 F9000 X157.215 Y87.774
;TYPE:WALL-OUTER
G1 F1500 X157.09 Y87.684 E3434.20568
G1 X153.484 Y80.944 E3434.56162
G1 X146.977 Y73.019 E3435.03909
G1 X139.052 Y66.516 E3435.51645
G1 X132.341 Y62.925 E3435.87087
G1 X132.247 Y62.816 E3435.87757
G1 X132.241 Y62.7 E3435.88298
G1 X132.314 Y62.399 E3435.8974
G1 X132.442 Y62.3 E3435.90493
G1 X157.539 Y62.3 E3437.07356
G1 X157.7 Y62.461 E3437.08416
G1 X157.698 Y87.535 E3438.25171
G1 X157.657 Y87.625 E3438.25631
G1 X157.547 Y87.695 E3438.26238
G1 X157.215 Y87.774 E3438.27828
G1 F1500 E3431.77828
G0 F9000 X156.88 Y87.953
G0 X155.871 Y85.939
G0 X156.984 Y157.93
G0 X132.441 Y157.7
G1 F1500 E3438.27828
G1 X132.314 Y157.601 E3438.28577
G1 X132.222 Y157.215 E3438.30425
G1 X132.312 Y157.09 E3438.31142
G1 X139.052 Y153.484 E3438.66736
G1 X146.977 Y146.977 E3439.14483
G1 X153.484 Y139.052 E3439.62231
G1 X157.071 Y132.341 E3439.97664
G1 X157.18 Y132.247 E3439.98334
G1 X157.295 Y132.241 E3439.9887
G1 X157.587 Y132.315 E3440.00273
G1 X157.7 Y132.447 E3440.01082
G1 X157.698 Y157.584 E3441.1813
G1 X157.539 Y157.7 E3441.19047
G1 X132.441 Y157.7 E3442.35914
G1 F1500 E3435.85914
G0 F9000 X132.441 Y158.01
G0 X135.488 Y157.95
G0 X129.424 Y156.917
G0 X110 Y157.7
G1 F1500 E3442.35914
G1 X95.139 Y157.7 E3443.05113
G1 X90.769 Y156.369 E3443.26384
G1 X82.125 Y151.749 E3443.72022
G1 X74.502 Y145.494 E3444.17938
G1 X68.261 Y137.891 E3444.63741
G1 X63.627 Y129.227 E3445.09492
G1 X62.303 Y124.859 E3445.30745
G1 X62.3 Y95.14 E3446.69129
G1 X63.618 Y90.789 E3446.90299
G1 X68.257 Y82.108 E3447.36131
G1 X74.502 Y74.502 E3447.81956
G1 X82.105 Y68.261 E3448.27759
G1 X90.769 Y63.627 E3448.7351
G1 X95.14 Y62.3 E3448.9478
G1 X124.856 Y62.3 E3450.3315
G1 X129.207 Y63.618 E3450.5432
G1 X137.875 Y68.251 E3451.00085
G1 X145.494 Y74.502 E3451.45975
G1 X151.739 Y82.105 E3451.91789
G1 X156.384 Y90.805 E3452.37713
G1 X157.7 Y95.139 E3452.58803
G1 X157.698 Y124.859 E3453.97192
G1 X156.369 Y129.227 E3454.18452
G1 X151.749 Y137.875 E3454.64107
G1 X145.494 Y145.494 E3455.10008
G1 X137.891 Y151.739 E3455.55823
G1 X129.191 Y156.384 E3456.01746
G1 X124.857 Y157.7 E3456.22837
G1 X110 Y157.7 E3456.92017
G1 F1500 E3450.42017
G0 F9000 X110 Y158.01
G0 X110 Y158.28
G0 X110 Y161.7
G0 X110 Y162.3
G1 F1500 E3456.92017
G1 X162.3 Y162.3 E3459.35548
G1 X162.3 Y57.7 E3464.22609
G1 X57.7 Y57.7 E3469.09671
G1 X57.7 Y162.3 E3473.96732
G1 X110 Y162.3 E3476.40263
G1 F1500 E3469.90263
G0 F9000 X110 Y161.99
G0 X87.55 Y161.7
G0 X84.134 Y157.95
G0 X87.55 Y157.7
G1 F1500 E3476.40263
G1 X62.461 Y157.7 E3477.57088
G1 X62.3 Y157.539 E3477.58148
G1 X62.3 Y132.441 E3478.75015
G1 X62.4 Y132.314 E3478.75768
G1 X62.784 Y132.221 E3478.77607
G1 X62.925 Y132.341 E3478.78469
G1 X66.516 Y139.052 E3479.13911
G1 X73.019 Y146.977 E3479.61647
G1 X80.944 Y153.485 E3480.09397
G1 X87.655 Y157.071 E3480.44828
G1 X87.749 Y157.18 E3480.45498
G1 X87.755 Y157.295 E3480.46034
G1 X87.681 Y157.587 E3480.47437
G1 X87.55 Y157.7 E3480.48242
G1 F1500 E3473.98242
G0 F9000 X87.55 Y158.01
G0 X63.108 Y157.93
G0 X64.574 Y85.104
G0 X62.7 Y87.755
G1 F1500 E3480.48242
G1 X62.413 Y87.681 E3480.49623
G1 X62.3 Y87.548 E3480.50435
G1 X62.3 Y62.461 E3481.67251
G1 X62.461 Y62.3 E3481.68311
G1 X87.555 Y62.3 E3482.85159
G1 X87.682 Y62.4 E3482.85912
G1 X87.774 Y62.78 E3482.87732
G1 X87.684 Y62.906 E3482.88453
G1 X80.944 Y66.516 E3483.24056
G1 X73.019 Y73.019 E3483.71791
G1 X66.516 Y80.944 E3484.19527
G1 X62.906 Y87.684 E3484.5513
G1 X62.816 Y87.749 E3484.55646
G1 X62.7 Y87.755 E3484.56187
G1 F1500 E3478.06187
G0 F9000 X63.108 Y87.974
G0 X67.001 Y81.269
G0 X152.999 Y81.268
G0 X157.449 Y88.498
;TYPE:SKIN
G1 F1500 E3484.56187
G1 X157.827 Y88.402 E3484.58003
G1 X158.042 Y88.289 E3484.59134
G1 X158.262 Y88.075 E3484.60563
G1 X158.458 Y87.729 E3484.62415
G1 X158.459 Y62.473 E3485.80018
G1 X158.431 Y62.261 E3485.81013
G1 X158.322 Y61.994 E3485.82356
G1 X158.034 Y61.706 E3485.84253
G1 X157.786 Y61.581 E3485.85546
G1 X157.519 Y61.541 E3485.86803
G1 X132.462 Y61.542 E3487.03479
G1 X132.167 Y61.592 E3487.04872
G1 X131.917 Y61.733 E3487.06209
G1 X131.702 Y61.951 E3487.07634
G1 X131.594 Y62.168 E3487.08763
G1 X131.494 Y62.542 E3487.10566
G1 X131.52 Y63.011 E3487.12753
G1 X131.568 Y63.131 E3487.13355
G1 F1357.5 X131.965 Y63.634 E3487.16652
G1 F1237.1 X138.592 Y67.179 E3487.59084
G1 F1239.7 X146.404 Y73.588 E3488.16016
G1 F1237.1 X152.813 Y81.392 E3488.73031
G1 F1229.5 X156.431 Y88.159 E3489.16623
G1 F1287.6 X156.926 Y88.469 E3489.19791
G1 F1421.8 X157.449 Y88.498 E3489.22364
G1 F1500 E3482.72364
G0 F9000 X157.108 Y88.272
G0 X155.871 Y85.939
G0 X156.984 Y157.93
G0 X132.462 Y158.458
G1 F1500 E3489.22364
G1 X157.523 Y158.459 E3490.39059
G1 X157.731 Y158.431 E3490.40036
G1 X158.006 Y158.318 E3490.4142
G1 X158.317 Y158.007 E3490.43468
G1 X158.43 Y157.739 E3490.44823
G1 X158.459 Y157.523 E3490.45837
G1 X158.458 Y132.457 E3491.62555
G1 X158.408 Y132.172 E3491.63903
G1 X158.262 Y131.916 E3491.65275
G1 X158.042 Y131.703 E3491.66701
G1 X157.845 Y131.598 E3491.6774
G1 X157.45 Y131.494 E3491.69642
G1 X156.981 Y131.52 E3491.71829
G1 X156.861 Y131.568 E3491.72431
G1 F1357.5 X156.358 Y131.969 E3491.75741
G1 F1239.7 X152.814 Y138.601 E3492.18108
G1 X146.403 Y146.403 E3492.75004
G1 F1237.1 X138.6 Y152.813 E3493.32018
G1 F1232 X131.833 Y156.431 E3493.7552
G1 F1287.6 X131.523 Y156.926 E3493.78688
G1 F1421.8 X131.494 Y157.449 E3493.81261
G1 F1500 X131.59 Y157.827 E3493.83077
G1 X131.703 Y158.042 E3493.84208
G1 X131.89 Y158.247 E3493.85501
G1 X132.172 Y158.408 E3493.87013
G1 X132.462 Y158.458 E3493.88383
G1 F1500 E3487.38383
G0 F9000 X132.506 Y158.201
G0 X135.488 Y157.95
G0 X131.831 Y161.7
G0 X110 Y161.54
G1 F1500 E3493.88383
G1 X58.46 Y161.54 E3496.28375
G1 X58.461 Y58.461 E3501.08354
G1 X161.54 Y58.46 E3505.88333
G1 X161.54 Y161.54 E3510.68316
G1 X110 Y161.54 E3513.08308
G1 F1500 E3506.58308
G0 F9000 X110 Y161.8
G0 X110 Y158.28
G0 X110 Y158.458
G1 F1500 E3513.08308
G1 X124.971 Y158.458 E3513.78019
G1 X129.511 Y157.073 E3514.00121
G1 X131.029 Y156.261 E3514.08138
G1 F1351.4 X131.568 Y156.023 E3514.11183
G1 F1232 X138.333 Y152.408 E3514.54667
G1 F1237.1 X146.058 Y146.062 E3515.11112
G1 F1239.7 X152.412 Y138.329 E3515.67503
G1 X155.931 Y131.74 E3516.0959
G1 F1287.6 X155.998 Y131.573 E3516.10566
G1 F1418.4 X156.24 Y131.072 E3516.13306
G1 F1500 X157.073 Y129.511 E3516.21544
G1 X158.458 Y124.955 E3516.43718
G1 X158.458 Y95.14 E3517.82549
G1 X158.416 Y94.889 E3517.83734
G1 X157.073 Y90.481 E3518.05191
G1 X156.261 Y88.963 E3518.13207
G1 F1351.4 X156.023 Y88.424 E3518.16252
G1 F1229.5 X152.407 Y81.662 E3518.59814
G1 F1237.1 X146.062 Y73.932 E3519.16276
G1 F1239.7 X138.329 Y67.586 E3519.72639
G1 F1237.1 X131.736 Y64.062 E3520.14846
G1 F1287.6 X131.566 Y63.994 E3520.15839
G1 F1418.4 X131.067 Y63.753 E3520.18568
G1 F1500 X129.507 Y62.919 E3520.26805
G1 X125.103 Y61.58 E3520.48239
G1 X124.82 Y61.54 E3520.4957
G1 X95.041 Y61.542 E3521.88233
G1 X90.485 Y62.919 E3522.10395
G1 X88.974 Y63.727 E3522.18374
G1 F1351.4 X88.428 Y63.969 E3522.21461
G1 F1232 X81.663 Y67.586 E3522.64951
G1 F1239.7 X73.929 Y73.929 E3523.21307
G1 X67.586 Y81.663 E3523.77663
G1 F1234.6 X64.007 Y88.357 E3524.20608
G1 F1298.7 X63.923 Y88.567 E3524.21825
G1 F1435.4 X63.73 Y88.968 E3524.2399
G1 F1500 X62.919 Y90.485 E3524.32
G1 X61.58 Y94.889 E3524.53434
G1 X61.54 Y95.172 E3524.54765
G1 X61.542 Y124.951 E3525.93428
G1 X62.914 Y129.497 E3526.15539
G1 X63.754 Y131.068 E3526.23834
G1 F1348.3 X64.022 Y131.664 E3526.2722
G1 F1229.5 X67.586 Y138.329 E3526.70156
G1 F1239.7 X73.929 Y146.063 E3527.26512
G1 F1242.2 X81.659 Y152.41 E3527.82749
G1 F1239.7 X88.254 Y155.932 E3528.24874
G1 F1293.1 X88.424 Y156 E3528.25863
G1 F1421.8 X88.923 Y156.241 E3528.28585
G1 F1500 X90.497 Y157.081 E3528.36892
G1 X94.889 Y158.416 E3528.58267
G1 X95.14 Y158.458 E3528.59452
G1 X110 Y158.458 E3529.28647
G1 F1500 E3522.78647
G0 F9000 X110 Y158.2
G0 X95.105 Y157.949
G0 X90.572 Y156.917
G0 X84.134 Y157.95
G0 X87.5 Y158.46
G1 F1500 E3529.28647
G1 X87.822 Y158.407 E3529.30166
G1 X88.103 Y158.247 E3529.31672
G1 X88.29 Y158.045 E3529.32954
G1 X88.402 Y157.828 E3529.34091
G1 X88.498 Y157.449 E3529.35911
G1 X88.472 Y156.981 E3529.38094
G1 X88.424 Y156.861 E3529.38696
G1 F1357.5 X88.026 Y156.358 E3529.41996
G1 F1239.7 X81.391 Y152.814 E3529.84378
G1 F1242.2 X73.588 Y146.404 E3530.41157
G1 F1239.7 X67.179 Y138.592 E3530.98089
G1 F1229.5 X63.613 Y131.929 E3531.4102
G1 F1348.3 X63.131 Y131.568 E3531.4414
G1 F1500 X63.011 Y131.52 E3531.44741
G1 X62.54 Y131.494 E3531.46938
G1 X62.196 Y131.586 E3531.48596
G1 X61.951 Y131.702 E3531.49858
G1 X61.744 Y131.891 E3531.51163
G1 X61.591 Y132.171 E3531.52649
G1 X61.542 Y132.462 E3531.54023
G1 X61.541 Y157.677 E3532.71435
G1 X61.679 Y158.007 E3532.731
G1 X61.962 Y158.29 E3532.74964
G1 X62.21 Y158.415 E3532.76257
G1 X62.473 Y158.459 E3532.77499
G1 X87.5 Y158.46 E3533.94035
G1 F1500 E3527.44035
G0 F9000 X87.492 Y158.201
G0 X62.891 Y157.93
G0 X64.574 Y85.104
G0 X62.537 Y88.498
G1 F1500 E3533.94035
G1 F1421.8 X63.069 Y88.469 E3533.96652
G1 F1290.3 X63.579 Y88.127 E3533.99976
G1 F1234.6 X67.179 Y81.4 E3534.43142
G1 F1239.7 X73.588 Y73.588 E3535.00074
G1 X81.4 Y67.179 E3535.57006
G1 F1232 X88.163 Y63.561 E3536.00488
G1 F1287.6 X88.469 Y63.062 E3536.03663
G1 F1421.8 X88.498 Y62.538 E3536.06242
G1 F1500 X88.362 Y62.026 E3536.08708
G1 X88.102 Y61.745 E3536.10491
G1 X87.822 Y61.591 E3536.11979
G1 X87.534 Y61.542 E3536.13339
G1 X62.319 Y61.541 E3537.30751
G1 X61.989 Y61.679 E3537.32416
G1 X61.706 Y61.962 E3537.3428
G1 X61.581 Y62.21 E3537.35573
G1 X61.541 Y62.477 E3537.3683
G1 X61.542 Y87.534 E3538.53506
G1 X61.593 Y87.827 E3538.54891
G1 X61.733 Y88.075 E3538.56217
G1 X61.951 Y88.29 E3538.57643
G1 X62.168 Y88.398 E3538.58772
G1 X62.537 Y88.498 E3538.60552
G1 F1500 E3532.10552
G0 F9000 X62.891 Y88.273
G0 X66.707 Y81.072
G0 X66.707 Y58.3
G0 X59.002 Y58.66
G1 F1500 E3538.60552
G1 X58.661 Y59.002 E3538.62801
G0 F9000 X58.661 Y59.567
G1 F1500 X59.568 Y58.66 E3538.68773
G0 F9000 X60.134 Y58.66
G1 F1500 X58.661 Y60.133 E3538.78473
G0 F9000 X58.661 Y60.699
G1 F1500 X60.699 Y58.66 E3538.91897
G0 F9000 X61.265 Y58.66
G1 F1500 X58.661 Y61.264 E3539.09045
G0 F9000 X58.661 Y61.83
G1 F1500 X61.831 Y58.66 E3539.2992
G0 F9000 X62.397 Y58.66
G1 F1500 X58.661 Y62.396 E3539.54522
G0 F9000 X58.661 Y62.961
G1 F1500 X62.962 Y58.66 E3539.82845
G0 F9000 X63.528 Y58.66
G1 F1500 X58.661 Y63.527 E3540.14895
G0 F9000 X58.661 Y64.093
G1 F1500 X64.094 Y58.66 E3540.50672
G0 F9000 X64.659 Y58.66
G1 F1500 X58.661 Y64.659 E3540.90173
G0 F9000 X58.661 Y65.224
G1 F1500 X61.342 Y62.543 E3541.07828
G0 F9000 X61.342 Y63.109
G1 F1500 X58.661 Y65.79 E3541.25483
G0 F9000 X58.661 Y66.356
G1 F1500 X61.342 Y63.674 E3541.43141
G0 F9000 X61.342 Y64.24
G1 F1500 X58.661 Y66.921 E3541.60796
G0 F9000 X58.661 Y67.487
G1 F1500 X61.342 Y64.806 E3541.78451
G0 F9000 X61.342 Y65.371
G1 F1500 X58.661 Y68.053 E3541.96109
G0 F9000 X58.661 Y68.618
G1 F1500 X61.342 Y65.937 E3542.13764
G0 F9000 X61.342 Y66.503
G1 F1500 X58.661 Y69.184 E3542.31419
G0 F9000 X58.661 Y69.75
G1 F1500 X61.342 Y67.068 E3542.49077
G0 F9000 X61.342 Y67.634
G1 F1500 X58.661 Y70.315 E3542.66732
G0 F9000 X58.661 Y70.881
G1 F1500 X61.342 Y68.2 E3542.84387
G0 F9000 X61.343 Y68.765
G1 F1500 X58.661 Y71.447 E3543.02048
G0 F9000 X58.661 Y72.012
G1 F1500 X61.343 Y69.33 E3543.19709
G0 F9000 X61.343 Y69.896
G1 F1500 X58.661 Y72.578 E3543.37371
G0 F9000 X58.661 Y73.144
G1 F1500 X61.343 Y70.462 E3543.55032
G0 F9000 X61.343 Y71.027
G1 F1500 X58.661 Y73.71 E3543.72697
G0 F9000 X58.661 Y74.275
G1 F1500 X61.343 Y71.593 E3543.90358
G0 F9000 X61.343 Y72.159
G1 F1500 X58.661 Y74.841 E3544.0802
G0 F9000 X58.661 Y75.407
G1 F1500 X61.343 Y72.725 E3544.25681
G0 F9000 X61.343 Y73.29
G1 F1500 X58.661 Y75.972 E3544.43343
G0 F9000 X58.661 Y76.538
G1 F1500 X61.343 Y73.856 E3544.61004
G0 F9000 X61.343 Y74.422
G1 F1500 X58.661 Y77.104 E3544.78666
G0 F9000 X58.661 Y77.669
G1 F1500 X61.343 Y74.987 E3544.96327
G0 F9000 X61.344 Y75.552
G1 F1500 X58.661 Y78.235 E3545.13995
G0 F9000 X58.661 Y78.801
G1 F1500 X61.344 Y76.118 E3545.31663
G0 F9000 X61.344 Y76.684
G1 F1500 X58.661 Y79.366 E3545.49328
G0 F9000 X58.661 Y79.932
G1 F1500 X61.344 Y77.249 E3545.66996
G0 F9000 X61.344 Y77.815
G1 F1500 X58.661 Y80.498 E3545.84664
G0 F9000 X58.661 Y81.063
G1 F1500 X61.344 Y78.381 E3546.02328
G0 F9000 X61.344 Y78.946
G1 F1500 X58.661 Y81.629 E3546.19996
G0 F9000 X58.661 Y82.195
G1 F1500 X61.344 Y79.512 E3546.37664
G0 F9000 X61.344 Y80.078
G1 F1500 X58.661 Y82.76 E3546.55329
G0 F9000 X58.661 Y83.326
G1 F1500 X61.344 Y80.643 E3546.72997
G0 F9000 X61.344 Y81.209
G1 F1500 X58.661 Y83.892 E3546.90665
G0 F9000 X58.661 Y84.458
G1 F1500 X61.344 Y81.774 E3547.08337
G0 F9000 X61.344 Y82.34
G1 F1500 X58.661 Y85.023 E3547.26005
G0 F9000 X58.661 Y85.589
G1 F1500 X61.344 Y82.905 E3547.43676
G0 F9000 X61.344 Y83.471
G1 F1500 X58.661 Y86.155 E3547.61347
G0 F9000 X58.661 Y86.72
G1 F1500 X61.344 Y84.037 E3547.79015
G0 F9000 X61.344 Y84.602
G1 F1500 X58.661 Y87.286 E3547.96686
G0 F9000 X58.661 Y87.852
G1 F1500 X61.344 Y85.168 E3548.14358
G0 F9000 X61.344 Y85.734
G1 F1500 X58.661 Y88.417 E3548.32026
G0 F9000 X58.661 Y88.983
G1 F1500 X61.344 Y86.3 E3548.49694
G0 F9000 X61.344 Y86.865
G1 F1500 X58.661 Y89.549 E3548.67365
G0 F9000 X58.661 Y90.114
G1 F1500 X61.344 Y87.431 E3548.85033
G0 F9000 X61.418 Y87.923
G1 F1500 X58.661 Y90.68 E3549.03188
G0 F9000 X58.661 Y91.246
G1 F1500 X61.636 Y88.27 E3549.22783
G0 F9000 X61.957 Y88.515
G1 F1500 X58.661 Y91.811 E3549.44487
G0 F9000 X58.661 Y92.377
G1 F1500 X62.377 Y88.661 E3549.68958
G0 F9000 X62.927 Y88.677
G1 F1500 X58.661 Y92.943 E3549.9705
G0 F9000 X58.661 Y93.509
G1 F1500 X63.739 Y88.431 E3550.3049
G0 F9000 X64.186 Y88.671
G0 X63.608 Y89.754
G0 X63.2 Y89.535
G1 F1500 X58.661 Y94.074 E3550.6038
G0 F9000 X58.661 Y94.64
G1 F1500 X62.662 Y90.638 E3550.8673
G0 F9000 X62.416 Y91.451
G1 F1500 X58.661 Y95.206 E3551.11458
G0 F9000 X58.661 Y95.771
G1 F1500 X62.169 Y92.263 E3551.34558
G0 F9000 X61.922 Y93.076
G1 F1500 X58.661 Y96.337 E3551.56033
G0 F9000 X58.661 Y96.903
G1 F1500 X61.675 Y93.888 E3551.75884
G0 F9000 X61.428 Y94.701
G1 F1500 X58.661 Y97.468 E3551.94105
G0 F9000 X58.661 Y98.034
G1 F1500 X61.344 Y95.351 E3552.11773
G0 F9000 X61.344 Y95.917
G1 F1500 X58.661 Y98.6 E3552.29441
G0 F9000 X58.661 Y99.165
G1 F1500 X61.344 Y96.483 E3552.47106
G0 F9000 X61.344 Y97.048
G1 F1500 X58.661 Y99.731 E3552.64774
G0 F9000 X58.661 Y100.297
G1 F1500 X61.344 Y97.614 E3552.82442
G0 F9000 X61.344 Y98.18
G1 F1500 X58.661 Y100.862 E3553.00106
G0 F9000 X58.661 Y101.428
G1 F1500 X61.344 Y98.745 E3553.17774
G0 F9000 X61.344 Y99.311
G1 F1500 X58.661 Y101.994 E3553.35442
G0 F9000 X58.661 Y102.559
G1 F1500 X61.344 Y99.877 E3553.53107
G0 F9000 X61.344 Y100.442
G1 F1500 X58.661 Y103.125 E3553.70775
G0 F9000 X58.661 Y103.691
G1 F1500 X61.344 Y101.008 E3553.88443
G0 F9000 X61.344 Y101.574
G1 F1500 X58.661 Y104.257 E3554.06111
G0 F9000 X58.661 Y104.822
G1 F1500 X61.344 Y102.139 E3554.23779
G0 F9000 X61.344 Y102.705
G1 F1500 X58.661 Y105.388 E3554.41447
G0 F9000 X58.661 Y105.954
G1 F1500 X61.344 Y103.271 E3554.59115
G0 F9000 X61.344 Y103.837
G1 F1500 X58.661 Y106.519 E3554.7678
G0 F9000 X58.661 Y107.085
G1 F1500 X61.344 Y104.402 E3554.94448
G0 F9000 X61.344 Y104.968
G1 F1500 X58.661 Y107.651 E3555.12116
G0 F9000 X58.661 Y108.216
G1 F1500 X61.344 Y105.534 E3555.29781
G0 F9000 X61.344 Y106.099
G1 F1500 X58.661 Y108.782 E3555.47449
G0 F9000 X58.661 Y109.348
G1 F1500 X61.344 Y106.665 E3555.65117
G0 F9000 X61.344 Y107.231
G1 F1500 X58.661 Y109.913 E3555.82781
G0 F9000 X58.66 Y110.48
G1 F1500 X61.344 Y107.796 E3556.00456
G0 F9000 X61.344 Y108.362
G1 F1500 X58.66 Y111.045 E3556.18127
G0 F9000 X58.66 Y111.611
G1 F1500 X61.344 Y108.928 E3556.35799
G0 F9000 X61.344 Y109.493
G1 F1500 X58.66 Y112.177 E3556.53473
G0 F9000 X58.66 Y112.743
G1 F1500 X61.344 Y110.058 E3556.71151
G0 F9000 X61.344 Y110.624
G1 F1500 X58.66 Y113.308 E3556.88826
G0 F9000 X58.66 Y113.874
G1 F1500 X61.344 Y111.19 E3557.065
G0 F9000 X61.344 Y111.755
G1 F1500 X58.66 Y114.44 E3557.24178
G0 F9000 X58.66 Y115.005
G1 F1500 X61.344 Y112.321 E3557.41853
G0 F9000 X61.344 Y112.887
G1 F1500 X58.66 Y115.571 E3557.59527
G0 F9000 X58.66 Y116.137
G1 F1500 X61.344 Y113.452 E3557.77205
G0 F9000 X61.344 Y114.018
G1 F1500 X58.66 Y116.702 E3557.9488
G0 F9000 X58.66 Y117.268
G1 F1500 X61.344 Y114.584 E3558.12554
G0 F9000 X61.344 Y115.15
G1 F1500 X58.66 Y117.834 E3558.30229
G0 F9000 X58.66 Y118.399
G1 F1500 X61.344 Y115.715 E3558.47904
G0 F9000 X61.344 Y116.281
G1 F1500 X58.66 Y118.965 E3558.65578
G0 F9000 X58.66 Y119.531
G1 F1500 X61.344 Y116.847 E3558.83253
G0 F9000 X61.344 Y117.412
G1 F1500 X58.66 Y120.096 E3559.00927
G0 F9000 X58.66 Y120.662
G1 F1500 X61.344 Y117.978 E3559.18602
G0 F9000 X61.344 Y118.544
G1 F1500 X58.66 Y121.228 E3559.36277
G0 F9000 X58.66 Y121.793
G1 F1500 X61.344 Y119.109 E3559.53951
G0 F9000 X61.344 Y119.675
G1 F1500 X58.66 Y122.359 E3559.71626
G0 F9000 X58.66 Y122.925
G1 F1500 X61.344 Y120.241 E3559.893
G0 F9000 X61.344 Y120.806
G1 F1500 X58.66 Y123.491 E3560.06978
G0 F9000 X58.66 Y124.056
G1 F1500 X61.344 Y121.372 E3560.24653
G0 F9000 X61.344 Y121.938
G1 F1500 X58.66 Y124.622 E3560.42328
G0 F9000 X58.66 Y125.188
G1 F1500 X61.344 Y122.503 E3560.60005
G0 F9000 X61.344 Y123.069
G1 F1500 X58.66 Y125.753 E3560.7768
G0 F9000 X58.66 Y126.319
G1 F1500 X61.344 Y123.635 E3560.95355
G0 F9000 X61.344 Y124.2
G1 F1500 X58.66 Y126.885 E3561.13032
G0 F9000 X58.66 Y127.45
G1 F1500 X61.344 Y124.766 E3561.30707
G0 F9000 X61.425 Y125.251
G1 F1500 X58.66 Y128.016 E3561.48915
G0 F9000 X58.66 Y128.582
G1 F1500 X61.556 Y125.685 E3561.67989
G0 F9000 X61.687 Y126.12
G1 F1500 X58.66 Y129.147 E3561.87922
G0 F9000 X58.66 Y129.713
G1 F1500 X61.819 Y126.554 E3562.08725
G0 F9000 X61.95 Y126.989
G1 F1500 X58.66 Y130.279 E3562.3039
G0 F9000 X58.66 Y130.844
G1 F1500 X62.081 Y127.423 E3562.52918
G0 F9000 X62.212 Y127.858
G1 F1500 X58.66 Y131.41 E3562.76308
G0 F9000 X58.66 Y131.976
G1 F1500 X62.343 Y128.293 E3563.00562
G0 F9000 X62.474 Y128.727
G1 F1500 X58.66 Y132.542 E3563.25681
G0 F9000 X58.66 Y133.107
G1 F1500 X62.606 Y129.162 E3563.51663
G0 F9000 X62.739 Y129.594
G1 F1500 X58.66 Y133.673 E3563.78524
G0 F9000 X58.66 Y134.239
G1 F1500 X62.936 Y129.963 E3564.06682
G0 F9000 X63.133 Y130.332
G1 F1500 X62.014 Y131.45 E3564.14047
G0 F9000 X62.726 Y131.304
G1 F1500 X63.33 Y130.7 E3564.18025
G0 F9000 X63.526 Y131.069
G1 F1500 X63.203 Y131.393 E3564.20155
G0 F9000 X63.552 Y131.61
G1 F1500 X63.694 Y131.467 E3564.21093
G1 F1500 E3557.71093
G0 F9000 X64.137 Y131.231
G0 X62.08 Y131.831
G0 X61.445 Y132.019
G1 F1500 E3564.21093
G1 X58.66 Y134.804 E3564.39433
G0 F9000 X58.66 Y135.37
G1 F1500 X61.344 Y132.686 E3564.57108
G0 F9000 X61.344 Y133.251
G1 F1500 X58.66 Y135.936 E3564.74786
G0 F9000 X58.66 Y136.501
G1 F1500 X61.344 Y133.817 E3564.9246
G0 F9000 X61.344 Y134.383
G1 F1500 X58.66 Y137.067 E3565.10135
G0 F9000 X58.66 Y137.633
G1 F1500 X61.344 Y134.949 E3565.27809
G0 F9000 X61.344 Y135.514
G1 F1500 X58.66 Y138.198 E3565.45484
G0 F9000 X58.66 Y138.764
G1 F1500 X61.344 Y136.08 E3565.63159
G0 F9000 X61.344 Y136.646
G1 F1500 X58.66 Y139.33 E3565.80833
G0 F9000 X58.66 Y139.895
G1 F1500 X61.344 Y137.211 E3565.98508
G0 F9000 X61.344 Y137.778
G1 F1500 X58.66 Y140.461 E3566.16179
G0 F9000 X58.66 Y141.027
G1 F1500 X61.344 Y138.343 E3566.33854
G0 F9000 X61.344 Y138.909
G1 F1500 X58.66 Y141.592 E3566.51525
G0 F9000 X58.66 Y142.158
G1 F1500 X61.344 Y139.475 E3566.69196
G0 F9000 X61.344 Y140.04
G1 F1500 X58.66 Y142.724 E3566.86871
G0 F9000 X58.66 Y143.29
G1 F1500 X61.344 Y140.606 E3567.04545
G0 F9000 X61.344 Y141.172
G1 F1500 X58.66 Y143.855 E3567.22217
G0 F9000 X58.66 Y144.421
G1 F1500 X61.344 Y141.737 E3567.39891
G0 F9000 X61.344 Y142.303
G1 F1500 X58.66 Y144.987 E3567.57566
G0 F9000 X58.66 Y145.552
G1 F1500 X61.343 Y142.87 E3567.75231
G0 F9000 X61.343 Y143.435
G1 F1500 X58.66 Y146.118 E3567.92899
G0 F9000 X58.66 Y146.684
G1 F1500 X61.343 Y144.001 E3568.10567
G0 F9000 X61.343 Y144.567
G1 F1500 X58.66 Y147.249 E3568.28231
G0 F9000 X58.66 Y147.815
G1 F1500 X61.343 Y145.132 E3568.45899
G0 F9000 X61.343 Y145.698
G1 F1500 X58.66 Y148.381 E3568.63567
G0 F9000 X58.66 Y148.946
G1 F1500 X61.343 Y146.264 E3568.81232
G0 F9000 X61.343 Y146.829
G1 F1500 X58.66 Y149.512 E3568.989
G0 F9000 X58.66 Y150.078
G1 F1500 X61.343 Y147.395 E3569.16568
G0 F9000 X61.342 Y147.961
G1 F1500 X58.66 Y150.643 E3569.3423
G0 F9000 X58.66 Y151.209
G1 F1500 X61.342 Y148.527 E3569.51891
G0 F9000 X61.342 Y149.093
G1 F1500 X58.66 Y151.775 E3569.69552
G0 F9000 X58.66 Y152.34
G1 F1500 X61.342 Y149.658 E3569.87214
G0 F9000 X61.342 Y150.224
G1 F1500 X58.66 Y152.906 E3570.04875
G0 F9000 X58.66 Y153.472
G1 F1500 X61.342 Y150.79 E3570.22537
G0 F9000 X61.342 Y151.355
G1 F1500 X58.66 Y154.038 E3570.40201
G0 F9000 X58.66 Y154.603
G1 F1500 X61.342 Y151.921 E3570.57863
G0 F9000 X61.342 Y152.487
G1 F1500 X58.66 Y155.169 E3570.75524
G0 F9000 X58.66 Y155.735
G1 F1500 X61.342 Y153.053 E3570.93186
G0 F9000 X61.342 Y153.619
G1 F1500 X58.66 Y156.3 E3571.10844
G0 F9000 X58.66 Y156.866
G1 F1500 X61.342 Y154.185 E3571.28502
G0 F9000 X61.342 Y154.75
G1 F1500 X58.66 Y157.432 E3571.46163
G0 F9000 X58.66 Y157.997
G1 F1500 X61.342 Y155.316 E3571.63822
G0 F9000 X61.342 Y155.882
G1 F1500 X58.66 Y158.563 E3571.8148
G0 F9000 X58.66 Y159.129
G1 F1500 X61.342 Y156.447 E3571.99141
G0 F9000 X61.342 Y157.013
G1 F1500 X58.66 Y159.694 E3572.16799
G0 F9000 X58.66 Y160.26
G1 F1500 X61.345 Y157.575 E3572.3448
G0 F9000 X61.467 Y158.019
G1 F1500 X58.66 Y160.826 E3572.52965
G0 F9000 X58.712 Y161.34
G1 F1500 X61.721 Y158.331 E3572.7278
G0 F9000 X62.058 Y158.56
G1 F1500 X59.277 Y161.34 E3572.9109
G0 F9000 X59.843 Y161.34
G1 F1500 X62.527 Y158.656 E3573.08765
G0 F9000 X63.092 Y158.656
G1 F1500 X60.409 Y161.34 E3573.26436
G0 F9000 X60.975 Y161.34
G1 F1500 X63.658 Y158.656 E3573.44107
G0 F9000 X64.224 Y158.656
G1 F1500 X61.54 Y161.34 E3573.61782
G0 F9000 X62.106 Y161.34
G1 F1500 X64.789 Y158.656 E3573.79453
G0 F9000 X65.355 Y158.656
G1 F1500 X62.672 Y161.34 E3573.97124
G0 F9000 X63.237 Y161.34
G1 F1500 X65.921 Y158.656 E3574.14799
G0 F9000 X66.486 Y158.656
G1 F1500 X63.803 Y161.34 E3574.3247
G0 F9000 X64.369 Y161.34
G1 F1500 X67.052 Y158.656 E3574.50142
G0 F9000 X67.617 Y158.657
G1 F1500 X64.934 Y161.34 E3574.6781
G0 F9000 X65.5 Y161.34
G1 F1500 X68.183 Y158.657 E3574.85478
G0 F9000 X68.748 Y158.657
G1 F1500 X66.066 Y161.34 E3575.03142
G0 F9000 X66.631 Y161.34
G1 F1500 X69.314 Y158.657 E3575.2081
G0 F9000 X69.88 Y158.657
G1 F1500 X67.197 Y161.34 E3575.38478
G0 F9000 X67.763 Y161.34
G1 F1500 X70.446 Y158.657 E3575.56146
G0 F9000 X71.011 Y158.657
G1 F1500 X68.328 Y161.34 E3575.73814
G0 F9000 X68.894 Y161.34
G1 F1500 X71.577 Y158.657 E3575.91482
G0 F9000 X72.143 Y158.657
G1 F1500 X69.46 Y161.34 E3576.0915
G0 F9000 X70.025 Y161.34
G1 F1500 X72.708 Y158.658 E3576.26815
G0 F9000 X73.273 Y158.658
G1 F1500 X70.591 Y161.34 E3576.44477
G0 F9000 X71.157 Y161.34
G1 F1500 X73.839 Y158.658 E3576.62138
G0 F9000 X74.405 Y158.658
G1 F1500 X71.723 Y161.34 E3576.79799
G0 F9000 X72.288 Y161.34
G1 F1500 X74.97 Y158.658 E3576.97461
G0 F9000 X75.536 Y158.658
G1 F1500 X72.854 Y161.34 E3577.15122
G0 F9000 X73.42 Y161.34
G1 F1500 X76.102 Y158.658 E3577.32784
G0 F9000 X76.667 Y158.658
G1 F1500 X73.985 Y161.34 E3577.50445
G0 F9000 X74.551 Y161.34
G1 F1500 X77.233 Y158.658 E3577.68107
G0 F9000 X77.798 Y158.658
G1 F1500 X75.117 Y161.34 E3577.85765
G0 F9000 X75.682 Y161.34
G1 F1500 X78.364 Y158.658 E3578.03426
G0 F9000 X78.929 Y158.658
G1 F1500 X76.248 Y161.34 E3578.21084
G0 F9000 X76.814 Y161.34
G1 F1500 X79.495 Y158.658 E3578.38742
G0 F9000 X80.061 Y158.658
G1 F1500 X77.379 Y161.34 E3578.56404
G0 F9000 X77.945 Y161.34
G1 F1500 X80.626 Y158.658 E3578.74062
G0 F9000 X81.192 Y158.658
G1 F1500 X78.511 Y161.34 E3578.9172
G0 F9000 X79.076 Y161.34
G1 F1500 X81.758 Y158.658 E3579.09381
G0 F9000 X82.323 Y158.658
G1 F1500 X79.642 Y161.34 E3579.2704
G0 F9000 X80.208 Y161.34
G1 F1500 X82.888 Y158.659 E3579.44691
G0 F9000 X83.454 Y158.659
G1 F1500 X80.774 Y161.34 E3579.62343
G0 F9000 X81.339 Y161.34
G1 F1500 X84.02 Y158.659 E3579.79998
G0 F9000 X84.586 Y158.659
G1 F1500 X81.905 Y161.34 E3579.97652
G0 F9000 X82.471 Y161.34
G1 F1500 X85.151 Y158.659 E3580.15304
G0 F9000 X85.717 Y158.659
G1 F1500 X83.036 Y161.34 E3580.32959
G0 F9000 X83.602 Y161.34
G1 F1500 X86.283 Y158.659 E3580.50614
G0 F9000 X86.848 Y158.659
G1 F1500 X84.168 Y161.34 E3580.68265
G0 F9000 X84.733 Y161.34
G1 F1500 X87.414 Y158.659 E3580.8592
G1 F1500 E3574.3592
G0 F9000 X87.414 Y158.2
G0 X88.165 Y157.92
G0 X88.316 Y157.177
G0 X88.695 Y157.379
G1 F1500 E3580.8592
G1 X89.369 Y156.704 E3580.90362
G0 F9000 X89.738 Y156.901
G1 F1500 X85.299 Y161.34 E3581.19593
G0 F9000 X85.865 Y161.34
G1 F1500 X90.107 Y157.098 E3581.47528
G0 F9000 X90.486 Y157.285
G1 F1500 X86.43 Y161.34 E3581.74234
G0 F9000 X86.996 Y161.34
G1 F1500 X90.92 Y157.416 E3582.00074
G0 F9000 X91.354 Y157.548
G1 F1500 X87.562 Y161.34 E3582.25045
G0 F9000 X88.127 Y161.34
G1 F1500 X91.787 Y157.68 E3582.49147
G0 F9000 X92.222 Y157.811
G1 F1500 X88.693 Y161.34 E3582.72386
G0 F9000 X89.259 Y161.34
G1 F1500 X92.656 Y157.943 E3582.94756
G0 F9000 X93.09 Y158.074
G1 F1500 X89.824 Y161.34 E3583.16263
G0 F9000 X90.39 Y161.34
G1 F1500 X93.523 Y158.207 E3583.36894
G0 F9000 X93.958 Y158.338
G1 F1500 X90.956 Y161.34 E3583.56663
G0 F9000 X91.522 Y161.34
G1 F1500 X94.392 Y158.47 E3583.75562
G0 F9000 X94.826 Y158.601
G1 F1500 X92.087 Y161.34 E3583.93599
G0 F9000 X92.653 Y161.34
G1 F1500 X95.334 Y158.659 E3584.11254
G0 F9000 X95.899 Y158.659
G1 F1500 X93.219 Y161.34 E3584.28905
G0 F9000 X93.784 Y161.34
G1 F1500 X96.465 Y158.659 E3584.4656
G0 F9000 X97.031 Y158.659
G1 F1500 X94.35 Y161.34 E3584.64215
G0 F9000 X94.916 Y161.34
G1 F1500 X97.596 Y158.659 E3584.81867
G0 F9000 X98.162 Y158.659
G1 F1500 X95.481 Y161.34 E3584.99521
G0 F9000 X96.047 Y161.34
G1 F1500 X98.728 Y158.659 E3585.17176
G0 F9000 X99.293 Y158.659
G1 F1500 X96.613 Y161.34 E3585.34828
G0 F9000 X97.178 Y161.34
G1 F1500 X99.86 Y158.658 E3585.52489
G0 F9000 X100.425 Y158.658
G1 F1500 X97.744 Y161.34 E3585.70147
G0 F9000 X98.31 Y161.34
G1 F1500 X100.991 Y158.658 E3585.87806
G0 F9000 X101.557 Y158.658
G1 F1500 X98.875 Y161.34 E3586.05467
G0 F9000 X99.441 Y161.34
G1 F1500 X102.122 Y158.658 E3586.23125
G0 F9000 X102.688 Y158.658
G1 F1500 X100.007 Y161.34 E3586.40783
G0 F9000 X100.573 Y161.34
G1 F1500 X103.254 Y158.658 E3586.58441
G0 F9000 X103.82 Y158.658
G1 F1500 X101.138 Y161.34 E3586.76103
G0 F9000 X101.704 Y161.34
G1 F1500 X104.386 Y158.658 E3586.93764
G0 F9000 X104.952 Y158.658
G1 F1500 X102.27 Y161.34 E3587.11426
G0 F9000 X102.835 Y161.34
G1 F1500 X105.517 Y158.658 E3587.29087
G0 F9000 X106.083 Y158.658
G1 F1500 X103.401 Y161.34 E3587.46749
G0 F9000 X103.967 Y161.34
G1 F1500 X106.649 Y158.658 E3587.6441
G0 F9000 X107.214 Y158.658
G1 F1500 X104.532 Y161.34 E3587.82071
G0 F9000 X105.098 Y161.34
G1 F1500 X107.78 Y158.658 E3587.99733
G0 F9000 X108.346 Y158.657
G1 F1500 X105.664 Y161.34 E3588.17398
G0 F9000 X106.229 Y161.34
G1 F1500 X108.912 Y158.657 E3588.35066
G0 F9000 X109.478 Y158.657
G1 F1500 X106.795 Y161.34 E3588.52734
G0 F9000 X107.361 Y161.34
G1 F1500 X110.043 Y158.657 E3588.70398
G0 F9000 X110.609 Y158.657
G1 F1500 X107.926 Y161.34 E3588.88066
G0 F9000 X108.492 Y161.34
G1 F1500 X111.175 Y158.657 E3589.05734
G0 F9000 X111.741 Y158.657
G1 F1500 X109.058 Y161.34 E3589.23402
G0 F9000 X109.623 Y161.34
G1 F1500 X112.307 Y158.656 E3589.41077
G0 F9000 X112.873 Y158.656
G1 F1500 X110.189 Y161.34 E3589.58751
G0 F9000 X110.755 Y161.34
G1 F1500 X113.438 Y158.656 E3589.76423
G0 F9000 X114.004 Y158.656
G1 F1500 X111.321 Y161.34 E3589.94094
G0 F9000 X111.886 Y161.34
G1 F1500 X114.57 Y158.656 E3590.11769
G0 F9000 X115.135 Y158.656
G1 F1500 X112.452 Y161.34 E3590.2944
G0 F9000 X113.018 Y161.34
G1 F1500 X115.701 Y158.656 E3590.47111
G0 F9000 X116.267 Y158.656
G1 F1500 X113.583 Y161.34 E3590.64786
G0 F9000 X114.149 Y161.34
G1 F1500 X116.833 Y158.656 E3590.82461
G0 F9000 X117.399 Y158.656
G1 F1500 X114.715 Y161.34 E3591.00135
G0 F9000 X115.28 Y161.34
G1 F1500 X117.965 Y158.656 E3591.17813
G0 F9000 X118.53 Y158.656
G1 F1500 X115.846 Y161.34 E3591.35488
G0 F9000 X116.412 Y161.34
G1 F1500 X119.096 Y158.656 E3591.53162
G0 F9000 X119.662 Y158.656
G1 F1500 X116.977 Y161.34 E3591.7084
G0 F9000 X117.543 Y161.34
G1 F1500 X120.227 Y158.656 E3591.88515
G0 F9000 X120.794 Y158.655
G1 F1500 X118.109 Y161.34 E3592.06196
G0 F9000 X118.674 Y161.34
G1 F1500 X121.359 Y158.655 E3592.23877
G0 F9000 X121.925 Y158.655
G1 F1500 X119.24 Y161.34 E3592.41558
G0 F9000 X119.806 Y161.34
G1 F1500 X122.491 Y158.655 E3592.59239
G0 F9000 X123.056 Y158.655
G1 F1500 X120.371 Y161.34 E3592.76921
G0 F9000 X120.937 Y161.34
G1 F1500 X123.622 Y158.655 E3592.94602
G0 F9000 X124.188 Y158.655
G1 F1500 X121.503 Y161.34 E3593.12283
G0 F9000 X122.069 Y161.34
G1 F1500 X124.753 Y158.655 E3593.29961
G0 F9000 X125.457 Y158.517
G1 F1500 X122.634 Y161.34 E3593.48551
G0 F9000 X123.2 Y161.34
G1 F1500 X126.269 Y158.27 E3593.68764
G0 F9000 X127.083 Y158.023
G1 F1500 X123.766 Y161.34 E3593.90607
G0 F9000 X124.331 Y161.34
G1 F1500 X127.896 Y157.775 E3594.14083
G0 F9000 X128.709 Y157.528
G1 F1500 X124.897 Y161.34 E3594.39186
G0 F9000 X125.463 Y161.34
G1 F1500 X129.522 Y157.28 E3594.65918
G0 F9000 X129.393 Y156.843
G0 X130.496 Y156.253
G0 X130.711 Y156.657
G1 F1500 X126.028 Y161.34 E3594.96757
G0 F9000 X126.594 Y161.34
G1 F1500 X131.665 Y156.269 E3595.3015
G0 F9000 X131.308 Y157.192
G1 F1500 X127.16 Y161.34 E3595.57465
G0 F9000 X127.725 Y161.34
G1 F1500 X131.355 Y157.71 E3595.8137
G0 F9000 X131.516 Y158.115
G1 F1500 X128.291 Y161.34 E3596.02607
G0 F9000 X128.857 Y161.34
G1 F1500 X131.781 Y158.415 E3596.21865
G0 F9000 X132.155 Y158.608
G1 F1500 X129.422 Y161.34 E3596.39859
G0 F9000 X129.988 Y161.34
G1 F1500 X132.673 Y158.655 E3596.5754
G0 F9000 X133.239 Y158.655
G1 F1500 X130.554 Y161.34 E3596.75221
G0 F9000 X131.12 Y161.34
G1 F1500 X133.804 Y158.655 E3596.92899
G0 F9000 X134.37 Y158.655
G1 F1500 X131.685 Y161.34 E3597.1058
G0 F9000 X132.251 Y161.34
G1 F1500 X134.936 Y158.655 E3597.28262
G0 F9000 X135.501 Y158.655
G1 F1500 X132.817 Y161.34 E3597.4594
G0 F9000 X133.382 Y161.34
G1 F1500 X136.067 Y158.655 E3597.63621
G0 F9000 X136.633 Y158.655
G1 F1500 X133.948 Y161.34 E3597.81302
G0 F9000 X134.514 Y161.34
G1 F1500 X137.199 Y158.655 E3597.98983
G0 F9000 X137.764 Y158.655
G1 F1500 X135.079 Y161.34 E3598.16664
G0 F9000 X135.645 Y161.34
G1 F1500 X138.33 Y158.655 E3598.34345
G0 F9000 X138.896 Y158.655
G1 F1500 X136.211 Y161.34 E3598.52027
G0 F9000 X136.776 Y161.34
G1 F1500 X139.461 Y158.655 E3598.69708
G0 F9000 X140.027 Y158.655
G1 F1500 X137.342 Y161.34 E3598.87389
G0 F9000 X137.908 Y161.34
G1 F1500 X140.593 Y158.655 E3599.0507
G0 F9000 X141.158 Y158.656
G1 F1500 X138.473 Y161.34 E3599.22748
G0 F9000 X139.039 Y161.34
G1 F1500 X141.723 Y158.656 E3599.40423
G0 F9000 X142.289 Y158.656
G1 F1500 X139.605 Y161.34 E3599.58097
G0 F9000 X140.17 Y161.34
G1 F1500 X142.855 Y158.656 E3599.75775
G0 F9000 X143.42 Y158.656
G1 F1500 X140.736 Y161.34 E3599.9345
G0 F9000 X141.302 Y161.34
G1 F1500 X143.986 Y158.656 E3600.11124
G0 F9000 X144.552 Y158.656
G1 F1500 X141.868 Y161.34 E3600.28799
G0 F9000 X142.433 Y161.34
G1 F1500 X145.117 Y158.656 E3600.46474
G0 F9000 X145.683 Y158.656
G1 F1500 X142.999 Y161.34 E3600.64148
G0 F9000 X143.565 Y161.34
G1 F1500 X146.249 Y158.656 E3600.81823
G0 F9000 X146.814 Y158.656
G1 F1500 X144.13 Y161.34 E3600.99497
G0 F9000 X144.696 Y161.34
G1 F1500 X147.38 Y158.656 E3601.17172
G0 F9000 X147.946 Y158.656
G1 F1500 X145.262 Y161.34 E3601.34847
G0 F9000 X145.827 Y161.34
G1 F1500 X148.512 Y158.656 E3601.52524
G0 F9000 X149.077 Y158.656
G1 F1500 X146.393 Y161.34 E3601.70199
G0 F9000 X146.959 Y161.34
G1 F1500 X149.642 Y158.656 E3601.8787
G0 F9000 X150.208 Y158.656
G1 F1500 X147.524 Y161.34 E3602.05545
G0 F9000 X148.09 Y161.34
G1 F1500 X150.774 Y158.656 E3602.2322
G0 F9000 X151.339 Y158.656
G1 F1500 X148.656 Y161.34 E3602.40891
G0 F9000 X149.221 Y161.34
G1 F1500 X151.905 Y158.656 E3602.58565
G0 F9000 X152.471 Y158.656
G1 F1500 X149.787 Y161.34 E3602.7624
G0 F9000 X150.353 Y161.34
G1 F1500 X153.036 Y158.656 E3602.93911
G0 F9000 X153.602 Y158.656
G1 F1500 X150.919 Y161.34 E3603.11583
G0 F9000 X151.484 Y161.34
G1 F1500 X154.168 Y158.656 E3603.29257
G0 F9000 X154.733 Y158.656
G1 F1500 X152.05 Y161.34 E3603.46929
G0 F9000 X152.616 Y161.34
G1 F1500 X155.299 Y158.656 E3603.646
G0 F9000 X155.865 Y158.656
G1 F1500 X153.181 Y161.34 E3603.82274
G0 F9000 X153.747 Y161.34
G1 F1500 X156.43 Y158.656 E3603.99946
G0 F9000 X156.996 Y158.656
G1 F1500 X154.313 Y161.34 E3604.17617
G0 F9000 X154.878 Y161.34
G1 F1500 X157.563 Y158.655 E3604.35298
G0 F9000 X157.494 Y158.201
G0 X158.2 Y157.501
G0 X158.656 Y157.562
G1 F1500 X161.34 Y154.878 E3604.52973
G0 F9000 X161.34 Y154.313
G1 F1500 X158.657 Y156.995 E3604.70638
G0 F9000 X158.657 Y156.43
G1 F1500 X161.34 Y153.747 E3604.88306
G0 F9000 X161.34 Y153.181
G1 F1500 X158.657 Y155.864 E3605.05974
G0 F9000 X158.657 Y155.298
G1 F1500 X161.34 Y152.616 E3605.23638
G0 F9000 X161.34 Y152.05
G1 F1500 X158.657 Y154.733 E3605.41306
G0 F9000 X158.657 Y154.167
G1 F1500 X161.34 Y151.484 E3605.58974
G0 F9000 X161.34 Y150.919
G1 F1500 X158.657 Y153.601 E3605.76639
G0 F9000 X158.657 Y153.036
G1 F1500 X161.34 Y150.353 E3605.94307
G0 F9000 X161.34 Y149.787
G1 F1500 X158.657 Y152.47 E3606.11975
G0 F9000 X158.657 Y151.904
G1 F1500 X161.34 Y149.221 E3606.29643
G0 F9000 X161.34 Y148.656
G1 F1500 X158.657 Y151.339 E3606.47311
G0 F9000 X158.657 Y150.773
G1 F1500 X161.34 Y148.09 E3606.64979
G0 F9000 X161.34 Y147.524
G1 F1500 X158.657 Y150.207 E3606.82647
G0 F9000 X158.657 Y149.641
G1 F1500 X161.34 Y146.959 E3607.00312
G0 F9000 X161.34 Y146.393
G1 F1500 X158.656 Y149.076 E3607.17983
G0 F9000 X158.656 Y148.511
G1 F1500 X161.34 Y145.827 E3607.35658
G0 F9000 X161.34 Y145.262
G1 F1500 X158.656 Y147.945 E3607.53329
G0 F9000 X158.656 Y147.379
G1 F1500 X161.34 Y144.696 E3607.71
G0 F9000 X161.34 Y144.13
G1 F1500 X158.656 Y146.814 E3607.88675
G0 F9000 X158.656 Y146.248
G1 F1500 X161.34 Y143.565 E3608.06346
G0 F9000 X161.34 Y142.999
G1 F1500 X158.656 Y145.682 E3608.24018
G0 F9000 X158.656 Y145.117
G1 F1500 X161.34 Y142.433 E3608.41692
G0 F9000 X161.34 Y141.868
G1 F1500 X158.656 Y144.551 E3608.59363
G0 F9000 X158.656 Y143.985
G1 F1500 X161.34 Y141.302 E3608.77035
G0 F9000 X161.34 Y140.736
G1 F1500 X158.656 Y143.42 E3608.94709
G0 F9000 X158.656 Y142.854
G1 F1500 X161.34 Y140.17 E3609.12384
G0 F9000 X161.34 Y139.605
G1 F1500 X158.656 Y142.288 E3609.30055
G0 F9000 X158.656 Y141.723
G1 F1500 X161.34 Y139.039 E3609.4773
G0 F9000 X161.34 Y138.473
G1 F1500 X158.656 Y141.157 E3609.65404
G0 F9000 X158.656 Y140.592
G1 F1500 X161.34 Y137.908 E3609.83079
G0 F9000 X161.34 Y137.342
G1 F1500 X158.656 Y140.026 E3610.00754
G0 F9000 X158.656 Y139.461
G1 F1500 X161.34 Y136.776 E3610.18432
G0 F9000 X161.34 Y136.211
G1 F1500 X158.656 Y138.895 E3610.36106
G0 F9000 X158.656 Y138.329
G1 F1500 X161.34 Y135.645 E3610.53781
G0 F9000 X161.34 Y135.079
G1 F1500 X158.656 Y137.763 E3610.71455
G0 F9000 X158.656 Y137.198
G1 F1500 X161.34 Y134.514 E3610.8913
G0 F9000 X161.34 Y133.948
G1 F1500 X158.656 Y136.632 E3611.06805
G0 F9000 X158.656 Y136.066
G1 F1500 X161.34 Y133.382 E3611.24479
G0 F9000 X161.34 Y132.817
G1 F1500 X158.656 Y135.501 E3611.42154
G0 F9000 X158.656 Y134.935
G1 F1500 X161.34 Y132.251 E3611.59828
G0 F9000 X161.34 Y131.685
G1 F1500 X158.656 Y134.369 E3611.77503
G0 F9000 X158.656 Y133.804
G1 F1500 X161.34 Y131.12 E3611.95178
G0 F9000 X161.34 Y130.554
G1 F1500 X158.656 Y133.238 E3612.12852
G0 F9000 X158.656 Y132.672
G1 F1500 X161.34 Y129.988 E3612.30527
G0 F9000 X161.34 Y129.422
G1 F1500 X158.608 Y132.154 E3612.48517
G0 F9000 X158.416 Y131.781
G1 F1500 X161.34 Y128.857 E3612.67772
G0 F9000 X161.34 Y128.291
G1 F1500 X158.114 Y131.517 E3612.89016
G0 F9000 X157.712 Y131.354
G1 F1500 X161.34 Y127.725 E3613.12911
G0 F9000 X161.34 Y127.16
G1 F1500 X157.191 Y131.308 E3613.40229
G0 F9000 X156.662 Y130.707
G1 F1500 X161.34 Y126.028 E3613.71038
G0 F9000 X161.34 Y125.463
G1 F1500 X157.281 Y129.521 E3613.97764
G0 F9000 X157.527 Y128.71
G1 F1500 X161.34 Y124.897 E3614.22873
G0 F9000 X161.34 Y124.331
G1 F1500 X157.774 Y127.897 E3614.46356
G0 F9000 X158.02 Y127.085
G1 F1500 X161.34 Y123.766 E3614.68215
G0 F9000 X161.34 Y123.2
G1 F1500 X158.266 Y126.274 E3614.88458
G0 F9000 X158.512 Y125.462
G1 F1500 X161.34 Y122.634 E3615.07081
G0 F9000 X161.34 Y122.069
G1 F1500 X158.656 Y124.753 E3615.24755
G0 F9000 X158.656 Y124.187
G1 F1500 X161.34 Y121.503 E3615.4243
G0 F9000 X161.34 Y120.937
G1 F1500 X158.656 Y123.621 E3615.60105
G0 F9000 X158.656 Y123.056
G1 F1500 X161.34 Y120.371 E3615.77783
G0 F9000 X161.34 Y119.806
G1 F1500 X158.656 Y122.49 E3615.95457
G0 F9000 X158.656 Y121.924
G1 F1500 X161.34 Y119.24 E3616.13132
G0 F9000 X161.34 Y118.674
G1 F1500 X158.656 Y121.359 E3616.3081
G0 F9000 X158.656 Y120.793
G1 F1500 X161.34 Y118.109 E3616.48484
G0 F9000 X161.34 Y117.543
G1 F1500 X158.656 Y120.227 E3616.66159
G0 F9000 X158.656 Y119.661
G1 F1500 X161.34 Y116.977 E3616.83833
G0 F9000 X161.34 Y116.412
G1 F1500 X158.656 Y119.095 E3617.01505
G0 F9000 X158.656 Y118.529
G1 F1500 X161.34 Y115.846 E3617.19176
G0 F9000 X161.34 Y115.28
G1 F1500 X158.656 Y117.964 E3617.36851
G0 F9000 X158.656 Y117.398
G1 F1500 X161.34 Y114.715 E3617.54522
G0 F9000 X161.34 Y114.149
G1 F1500 X158.656 Y116.832 E3617.72193
G0 F9000 X158.657 Y116.266
G1 F1500 X161.34 Y113.583 E3617.89861
G0 F9000 X161.34 Y113.018
G1 F1500 X158.657 Y115.7 E3618.07526
G0 F9000 X158.657 Y115.135
G1 F1500 X161.34 Y112.452 E3618.25194
G0 F9000 X161.34 Y111.886
G1 F1500 X158.657 Y114.569 E3618.42862
G0 F9000 X158.657 Y114.003
G1 F1500 X161.34 Y111.321 E3618.60527
G0 F9000 X161.34 Y110.755
G1 F1500 X158.657 Y113.438 E3618.78195
G0 F9000 X158.657 Y112.872
G1 F1500 X161.34 Y110.189 E3618.95863
G0 F9000 X161.34 Y109.623
G1 F1500 X158.657 Y112.306 E3619.13531
G0 F9000 X158.658 Y111.74
G1 F1500 X161.34 Y109.058 E3619.31192
G0 F9000 X161.34 Y108.492
G1 F1500 X158.658 Y111.174 E3619.48854
G0 F9000 X158.658 Y110.608
G1 F1500 X161.34 Y107.926 E3619.66515
G0 F9000 X161.34 Y107.361
G1 F1500 X158.658 Y110.043 E3619.84177
G0 F9000 X158.658 Y109.477
G1 F1500 X161.34 Y106.795 E3620.01838
G0 F9000 X161.34 Y106.229
G1 F1500 X158.658 Y108.911 E3620.19499
G0 F9000 X158.658 Y108.346
G1 F1500 X161.34 Y105.664 E3620.37161
G0 F9000 X161.34 Y105.098
G1 F1500 X158.658 Y107.779 E3620.54819
G0 F9000 X158.658 Y107.214
G1 F1500 X161.34 Y104.532 E3620.7248
G0 F9000 X161.34 Y103.967
G1 F1500 X158.658 Y106.648 E3620.90139
G0 F9000 X158.658 Y106.082
G1 F1500 X161.34 Y103.401 E3621.07797
G0 F9000 X161.34 Y102.835
G1 F1500 X158.658 Y105.517 E3621.25458
G0 F9000 X158.658 Y104.951
G1 F1500 X161.34 Y102.27 E3621.43116
G0 F9000 X161.34 Y101.704
G1 F1500 X158.658 Y104.385 E3621.60774
G0 F9000 X158.658 Y103.82
G1 F1500 X161.34 Y101.138 E3621.78436
G0 F9000 X161.34 Y100.573
G1 F1500 X158.659 Y103.253 E3621.96087
G0 F9000 X158.659 Y102.687
G1 F1500 X161.34 Y100.007 E3622.13739
G0 F9000 X161.34 Y99.441
G1 F1500 X158.659 Y102.122 E3622.31394
G0 F9000 X158.659 Y101.556
G1 F1500 X161.34 Y98.875 E3622.49049
G0 F9000 X161.34 Y98.31
G1 F1500 X158.659 Y100.99 E3622.667
G0 F9000 X158.659 Y100.425
G1 F1500 X161.34 Y97.744 E3622.84355
G0 F9000 X161.34 Y97.178
G1 F1500 X158.659 Y99.859 E3623.0201
G0 F9000 X158.66 Y99.293
G1 F1500 X161.34 Y96.613 E3623.19658
G0 F9000 X161.34 Y96.047
G1 F1500 X158.66 Y98.727 E3623.37306
G0 F9000 X158.66 Y98.161
G1 F1500 X161.34 Y95.481 E3623.54955
G0 F9000 X161.34 Y94.916
G1 F1500 X158.66 Y97.596 E3623.72603
G0 F9000 X158.66 Y97.03
G1 F1500 X161.34 Y94.35 E3623.90251
G0 F9000 X161.34 Y93.784
G1 F1500 X158.66 Y96.464 E3624.07899
G0 F9000 X158.66 Y95.899
G1 F1500 X161.34 Y93.219 E3624.25548
G0 F9000 X161.34 Y92.653
G1 F1500 X158.66 Y95.333 E3624.43196
G0 F9000 X158.602 Y94.825
G1 F1500 X161.34 Y92.087 E3624.61226
G0 F9000 X161.34 Y91.522
G1 F1500 X158.47 Y94.391 E3624.80122
G0 F9000 X158.339 Y93.957
G1 F1500 X161.34 Y90.956 E3624.99884
G0 F9000 X161.34 Y90.39
G1 F1500 X158.207 Y93.523 E3625.20516
G0 F9000 X158.076 Y93.088
G1 F1500 X161.34 Y89.824 E3625.4201
G0 F9000 X161.34 Y89.259
G1 F1500 X157.944 Y92.655 E3625.64373
G0 F9000 X157.812 Y92.221
G1 F1500 X161.34 Y88.693 E3625.87605
G0 F9000 X161.34 Y88.127
G1 F1500 X157.681 Y91.787 E3626.11704
G0 F9000 X157.549 Y91.353
G1 F1500 X161.34 Y87.562 E3626.36668
G0 F9000 X161.34 Y86.996
G1 F1500 X157.418 Y90.918 E3626.62495
G0 F9000 X157.285 Y90.485
G1 F1500 X161.34 Y86.43 E3626.89198
G0 F9000 X161.34 Y85.865
G1 F1500 X157.098 Y90.107 E3627.17132
G0 F9000 X156.901 Y89.738
G1 F1500 X161.34 Y85.299 E3627.46364
G0 F9000 X161.34 Y84.733
G1 F1500 X158.656 Y87.417 E3627.64039
G0 F9000 X158.656 Y86.852
G1 F1500 X161.34 Y84.168 E3627.81713
G0 F9000 X161.34 Y83.602
G1 F1500 X158.656 Y86.286 E3627.99388
G0 F9000 X158.656 Y85.72
G1 F1500 X161.34 Y83.036 E3628.17062
G0 F9000 X161.34 Y82.471
G1 F1500 X158.656 Y85.155 E3628.34737
G0 F9000 X158.656 Y84.589
G1 F1500 X161.34 Y81.905 E3628.52412
G0 F9000 X161.34 Y81.339
G1 F1500 X158.656 Y84.023 E3628.70086
G0 F9000 X158.656 Y83.458
G1 F1500 X161.34 Y80.774 E3628.87761
G0 F9000 X161.34 Y80.208
G1 F1500 X158.656 Y82.892 E3629.05435
G0 F9000 X158.656 Y82.326
G1 F1500 X161.34 Y79.642 E3629.2311
G0 F9000 X161.34 Y79.076
G1 F1500 X158.656 Y81.761 E3629.40788
G0 F9000 X158.656 Y81.195
G1 F1500 X161.34 Y78.511 E3629.58462
G0 F9000 X161.34 Y77.945
G1 F1500 X158.656 Y80.629 E3629.76137
G0 F9000 X158.656 Y80.064
G1 F1500 X161.34 Y77.379 E3629.93815
G0 F9000 X161.34 Y76.814
G1 F1500 X158.656 Y79.498 E3630.1149
G0 F9000 X158.656 Y78.932
G1 F1500 X161.34 Y76.248 E3630.29164
G0 F9000 X161.34 Y75.682
G1 F1500 X158.656 Y78.366 E3630.46839
G0 F9000 X158.656 Y77.8
G1 F1500 X161.34 Y75.117 E3630.6451
G0 F9000 X161.34 Y74.551
G1 F1500 X158.656 Y77.234 E3630.82181
G0 F9000 X158.656 Y76.669
G1 F1500 X161.34 Y73.985 E3630.99856
G0 F9000 X161.34 Y73.42
G1 F1500 X158.656 Y76.103 E3631.17527
G0 F9000 X158.656 Y75.537
G1 F1500 X161.34 Y72.854 E3631.35199
G0 F9000 X161.34 Y72.288
G1 F1500 X158.656 Y74.972 E3631.52873
G0 F9000 X158.656 Y74.406
G1 F1500 X161.34 Y71.723 E3631.70544
G0 F9000 X161.34 Y71.157
G1 F1500 X158.656 Y73.84 E3631.88216
G0 F9000 X158.656 Y73.275
G1 F1500 X161.34 Y70.591 E3632.0589
G0 F9000 X161.34 Y70.025
G1 F1500 X158.656 Y72.709 E3632.23565
G0 F9000 X158.656 Y72.143
G1 F1500 X161.34 Y69.46 E3632.41236
G0 F9000 X161.34 Y68.894
G1 F1500 X158.656 Y71.578 E3632.58911
G0 F9000 X158.656 Y71.012
G1 F1500 X161.34 Y68.328 E3632.76585
G0 F9000 X161.34 Y67.763
G1 F1500 X158.657 Y70.446 E3632.94253
G0 F9000 X158.657 Y69.88
G1 F1500 X161.34 Y67.197 E3633.11921
G0 F9000 X161.34 Y66.631
G1 F1500 X158.657 Y69.314 E3633.29589
G0 F9000 X158.657 Y68.748
G1 F1500 X161.34 Y66.066 E3633.47254
G0 F9000 X161.34 Y65.5
G1 F1500 X158.657 Y68.183 E3633.64922
G0 F9000 X158.657 Y67.617
G1 F1500 X161.34 Y64.934 E3633.8259
G0 F9000 X161.34 Y64.369
G1 F1500 X158.657 Y67.051 E3634.00255
G0 F9000 X158.657 Y66.486
G1 F1500 X161.34 Y63.803 E3634.17923
G0 F9000 X161.34 Y63.237
G1 F1500 X158.657 Y65.92 E3634.35591
G0 F9000 X158.657 Y65.354
G1 F1500 X161.34 Y62.672 E3634.53256
G0 F9000 X161.34 Y62.106
G1 F1500 X158.657 Y64.789 E3634.70924
G0 F9000 X158.657 Y64.223
G1 F1500 X161.34 Y61.54 E3634.88592
G0 F9000 X161.34 Y60.975
G1 F1500 X158.657 Y63.657 E3635.06256
G0 F9000 X158.657 Y63.092
G1 F1500 X161.34 Y60.409 E3635.23924
G0 F9000 X161.34 Y59.843
G1 F1500 X158.657 Y62.526 E3635.41592
G0 F9000 X158.561 Y62.056
G1 F1500 X161.34 Y59.277 E3635.59893
G0 F9000 X161.34 Y58.712
G1 F1500 X158.331 Y61.721 E3635.79707
G0 F9000 X158.01 Y61.476
G1 F1500 X160.826 Y58.659 E3635.98255
G0 F9000 X160.261 Y58.659
G1 F1500 X157.573 Y61.347 E3636.15956
G0 F9000 X157.013 Y61.342
G1 F1500 X159.695 Y58.659 E3636.3362
G0 F9000 X159.129 Y58.659
G1 F1500 X156.447 Y61.342 E3636.51285
G0 F9000 X155.882 Y61.342
G1 F1500 X158.564 Y58.659 E3636.6895
G0 F9000 X157.998 Y58.659
G1 F1500 X155.316 Y61.342 E3636.86614
G0 F9000 X154.75 Y61.342
G1 F1500 X157.432 Y58.659 E3637.04279
G0 F9000 X156.867 Y58.659
G1 F1500 X154.185 Y61.342 E3637.21944
G0 F9000 X153.619 Y61.342
G1 F1500 X156.301 Y58.659 E3637.39609
G0 F9000 X155.735 Y58.659
G1 F1500 X153.053 Y61.342 E3637.57273
G0 F9000 X152.488 Y61.342
G1 F1500 X155.17 Y58.659 E3637.74938
G0 F9000 X154.604 Y58.659
G1 F1500 X151.922 Y61.342 E3637.92603
G0 F9000 X151.356 Y61.342
G1 F1500 X154.038 Y58.659 E3638.10267
G0 F9000 X153.473 Y58.659
G1 F1500 X150.791 Y61.342 E3638.27932
G0 F9000 X150.225 Y61.342
G1 F1500 X152.907 Y58.659 E3638.45597
G0 F9000 X152.341 Y58.659
G1 F1500 X149.659 Y61.342 E3638.63262
G0 F9000 X149.093 Y61.342
G1 F1500 X151.776 Y58.659 E3638.8093
G0 F9000 X151.21 Y58.659
G1 F1500 X148.528 Y61.342 E3638.98594
G0 F9000 X147.962 Y61.342
G1 F1500 X150.644 Y58.659 E3639.16259
G0 F9000 X150.078 Y58.659
G1 F1500 X147.396 Y61.342 E3639.33924
G0 F9000 X146.831 Y61.342
G1 F1500 X149.513 Y58.659 E3639.51588
G0 F9000 X148.947 Y58.659
G1 F1500 X146.265 Y61.342 E3639.69253
G0 F9000 X145.699 Y61.342
G1 F1500 X148.381 Y58.659 E3639.86918
G0 F9000 X147.816 Y58.659
G1 F1500 X145.134 Y61.342 E3640.04583
G0 F9000 X144.569 Y61.341
G1 F1500 X147.25 Y58.659 E3640.22241
G0 F9000 X146.684 Y58.659
G1 F1500 X144.003 Y61.341 E3640.39899
G0 F9000 X143.437 Y61.341
G1 F1500 X146.119 Y58.659 E3640.5756
G0 F9000 X145.553 Y58.659
G1 F1500 X142.872 Y61.341 E3640.75218
G0 F9000 X142.306 Y61.341
G1 F1500 X144.987 Y58.659 E3640.92877
G0 F9000 X144.422 Y58.659
G1 F1500 X141.74 Y61.341 E3641.10538
G0 F9000 X141.175 Y61.341
G1 F1500 X143.856 Y58.659 E3641.28196
G0 F9000 X143.29 Y58.659
G1 F1500 X140.609 Y61.341 E3641.45854
G0 F9000 X140.043 Y61.341
G1 F1500 X142.725 Y58.659 E3641.63516
G0 F9000 X142.159 Y58.659
G1 F1500 X139.478 Y61.341 E3641.81174
G0 F9000 X138.912 Y61.341
G1 F1500 X141.593 Y58.659 E3641.98832
G0 F9000 X141.027 Y58.659
G1 F1500 X138.346 Y61.341 E3642.1649
G0 F9000 X137.78 Y61.341
G1 F1500 X140.462 Y58.659 E3642.34152
G0 F9000 X139.896 Y58.659
G1 F1500 X137.215 Y61.341 E3642.5181
G0 F9000 X136.649 Y61.341
G1 F1500 X139.33 Y58.659 E3642.69468
G0 F9000 X138.765 Y58.659
G1 F1500 X136.083 Y61.341 E3642.87129
G0 F9000 X135.518 Y61.341
G1 F1500 X138.199 Y58.659 E3643.04787
G0 F9000 X137.633 Y58.659
G1 F1500 X134.952 Y61.341 E3643.22446
G0 F9000 X134.386 Y61.341
G1 F1500 X137.068 Y58.659 E3643.40107
G0 F9000 X136.502 Y58.659
G1 F1500 X133.821 Y61.341 E3643.57765
G0 F9000 X133.255 Y61.341
G1 F1500 X135.936 Y58.659 E3643.75423
G0 F9000 X135.371 Y58.659
G1 F1500 X132.689 Y61.341 E3643.93085
G0 F9000 X132.015 Y61.449
G1 F1500 X134.805 Y58.659 E3644.11457
G0 F9000 X134.239 Y58.659
G1 F1500 X129.962 Y62.937 E3644.39625
G0 F9000 X130.331 Y63.133
G1 F1500 X131.446 Y62.018 E3644.46968
G0 F9000 X131.303 Y62.727
G1 F1500 X130.699 Y63.331 E3644.50945
G0 F9000 X131.069 Y63.527
G1 F1500 X131.392 Y63.203 E3644.53076
G0 F9000 X131.622 Y63.54
G1 F1500 X131.456 Y63.705 E3644.54165
G0 F9000 X131.226 Y64.133
G0 X129.393 Y63.153
G0 X129.594 Y62.739
G1 F1500 X133.674 Y58.659 E3644.81033
G0 F9000 X133.108 Y58.659
G1 F1500 X129.162 Y62.605 E3645.07018
G0 F9000 X128.728 Y62.474
G1 F1500 X132.542 Y58.659 E3645.32137
G0 F9000 X131.977 Y58.659
G1 F1500 X128.295 Y62.341 E3645.56384
G0 F9000 X127.86 Y62.21
G1 F1500 X131.411 Y58.659 E3645.79768
G0 F9000 X130.845 Y58.659
G1 F1500 X127.427 Y62.078 E3646.02279
G0 F9000 X126.993 Y61.946
G1 F1500 X130.279 Y58.659 E3646.23921
G0 F9000 X129.714 Y58.659
G1 F1500 X126.559 Y61.814 E3646.44697
G0 F9000 X126.125 Y61.682
G1 F1500 X129.148 Y58.659 E3646.64604
G0 F9000 X128.582 Y58.659
G1 F1500 X125.692 Y61.55 E3646.83639
G0 F9000 X125.258 Y61.419
G1 F1500 X128.017 Y58.659 E3647.01811
G0 F9000 X127.451 Y58.659
G1 F1500 X124.766 Y61.344 E3647.19492
G0 F9000 X124.2 Y61.344
G1 F1500 X126.885 Y58.659 E3647.37173
G0 F9000 X126.32 Y58.659
G1 F1500 X123.635 Y61.344 E3647.54854
G0 F9000 X123.069 Y61.344
G1 F1500 X125.754 Y58.659 E3647.72535
G0 F9000 X125.188 Y58.659
G1 F1500 X122.503 Y61.344 E3647.90217
G0 F9000 X121.938 Y61.344
G1 F1500 X124.623 Y58.659 E3648.07898
G0 F9000 X124.057 Y58.659
G1 F1500 X121.372 Y61.344 E3648.25579
G0 F9000 X120.806 Y61.344
G1 F1500 X123.491 Y58.659 E3648.4326
G0 F9000 X122.926 Y58.659
G1 F1500 X120.241 Y61.344 E3648.60941
G0 F9000 X119.675 Y61.344
G1 F1500 X122.36 Y58.659 E3648.78623
G0 F9000 X121.794 Y58.659
G1 F1500 X119.109 Y61.344 E3648.96304
G0 F9000 X118.544 Y61.344
G1 F1500 X121.229 Y58.659 E3649.13985
G0 F9000 X120.663 Y58.659
G1 F1500 X117.978 Y61.344 E3649.31666
G0 F9000 X117.412 Y61.344
G1 F1500 X120.097 Y58.659 E3649.49347
G0 F9000 X119.531 Y58.659
G1 F1500 X116.847 Y61.344 E3649.67025
G0 F9000 X116.281 Y61.344
G1 F1500 X118.966 Y58.659 E3649.84706
G0 F9000 X118.4 Y58.659
G1 F1500 X115.715 Y61.344 E3650.02387
G0 F9000 X115.15 Y61.344
G1 F1500 X117.834 Y58.659 E3650.20065
G0 F9000 X117.269 Y58.659
G1 F1500 X114.584 Y61.344 E3650.37747
G0 F9000 X114.018 Y61.344
G1 F1500 X116.703 Y58.659 E3650.55428
G0 F9000 X116.137 Y58.659
G1 F1500 X113.452 Y61.344 E3650.73109
G0 F9000 X112.887 Y61.344
G1 F1500 X115.572 Y58.659 E3650.9079
G0 F9000 X115.006 Y58.659
G1 F1500 X112.321 Y61.344 E3651.08471
G0 F9000 X111.755 Y61.344
G1 F1500 X114.44 Y58.659 E3651.26152
G0 F9000 X113.875 Y58.659
G1 F1500 X111.19 Y61.344 E3651.43834
G0 F9000 X110.624 Y61.344
G1 F1500 X113.309 Y58.659 E3651.61515
G0 F9000 X112.743 Y58.659
G1 F1500 X110.058 Y61.344 E3651.79196
G0 F9000 X109.492 Y61.345
G1 F1500 X112.178 Y58.659 E3651.96884
G0 F9000 X111.612 Y58.659
G1 F1500 X108.926 Y61.345 E3652.14572
G0 F9000 X108.361 Y61.345
G1 F1500 X111.046 Y58.659 E3652.32256
G0 F9000 X110.48 Y58.659
G1 F1500 X107.795 Y61.345 E3652.49941
G0 F9000 X107.229 Y61.345
G1 F1500 X109.914 Y58.66 E3652.67622
G0 F9000 X109.348 Y58.66
G1 F1500 X106.664 Y61.345 E3652.853
G0 F9000 X106.098 Y61.345
G1 F1500 X108.783 Y58.66 E3653.02981
G0 F9000 X108.217 Y58.66
G1 F1500 X105.532 Y61.345 E3653.20662
G0 F9000 X104.966 Y61.345
G1 F1500 X107.651 Y58.66 E3653.38343
G0 F9000 X107.086 Y58.66
G1 F1500 X104.401 Y61.345 E3653.56024
G0 F9000 X103.835 Y61.345
G1 F1500 X106.52 Y58.66 E3653.73706
G0 F9000 X105.954 Y58.66
G1 F1500 X103.269 Y61.345 E3653.91387
G0 F9000 X102.704 Y61.345
G1 F1500 X105.389 Y58.66 E3654.09068
G0 F9000 X104.823 Y58.66
G1 F1500 X102.138 Y61.345 E3654.26749
G0 F9000 X101.572 Y61.345
G1 F1500 X104.257 Y58.66 E3654.4443
G0 F9000 X103.692 Y58.66
G1 F1500 X101.007 Y61.345 E3654.62111
G0 F9000 X100.441 Y61.345
G1 F1500 X103.126 Y58.66 E3654.79793
G0 F9000 X102.56 Y58.66
G1 F1500 X99.875 Y61.345 E3654.97474
G0 F9000 X99.31 Y61.345
G1 F1500 X101.994 Y58.66 E3655.15152
G0 F9000 X101.429 Y58.66
G1 F1500 X98.744 Y61.345 E3655.32833
G0 F9000 X98.178 Y61.345
G1 F1500 X100.863 Y58.66 E3655.50514
G0 F9000 X100.297 Y58.66
G1 F1500 X97.613 Y61.345 E3655.68192
G0 F9000 X97.047 Y61.345
G1 F1500 X99.732 Y58.66 E3655.85873
G0 F9000 X99.166 Y58.66
G1 F1500 X96.481 Y61.345 E3656.03554
G0 F9000 X95.915 Y61.345
G1 F1500 X98.6 Y58.66 E3656.21236
G0 F9000 X98.035 Y58.66
G1 F1500 X95.35 Y61.345 E3656.38917
G0 F9000 X94.687 Y61.442
G1 F1500 X97.469 Y58.66 E3656.57237
G0 F9000 X96.903 Y58.66
G1 F1500 X93.878 Y61.686 E3656.7716
G0 F9000 X93.069 Y61.929
G1 F1500 X96.338 Y58.66 E3656.98687
G0 F9000 X95.772 Y58.66
G1 F1500 X92.259 Y62.173 E3657.21821
G0 F9000 X91.449 Y62.417
G1 F1500 X95.206 Y58.66 E3657.46561
G0 F9000 X94.641 Y58.66
G1 F1500 X90.64 Y62.661 E3657.72908
G0 F9000 X90.772 Y63.102
G0 X89.75 Y63.61
G0 X89.533 Y63.202
G1 F1500 X94.075 Y58.66 E3658.02818
G0 F9000 X93.509 Y58.66
G1 F1500 X88.455 Y63.715 E3658.36103
G0 F9000 X88.678 Y62.926
G1 F1500 X92.944 Y58.66 E3658.64195
G0 F9000 X92.378 Y58.66
G1 F1500 X88.662 Y62.376 E3658.88666
G0 F9000 X88.541 Y61.931
G1 F1500 X91.812 Y58.66 E3659.10206
G0 F9000 X91.246 Y58.66
G1 F1500 X88.272 Y61.634 E3659.2979
G0 F9000 X87.922 Y61.419
G1 F1500 X90.681 Y58.66 E3659.47959
G0 F9000 X90.115 Y58.66
G1 F1500 X87.43 Y61.345 E3659.6564
G0 F9000 X86.865 Y61.345
G1 F1500 X89.549 Y58.66 E3659.83318
G0 F9000 X88.984 Y58.66
G1 F1500 X86.299 Y61.345 E3660.00999
G0 F9000 X85.733 Y61.345
G1 F1500 X88.418 Y58.66 E3660.1868
G0 F9000 X87.852 Y58.66
G1 F1500 X85.167 Y61.345 E3660.36361
G0 F9000 X84.602 Y61.345
G1 F1500 X87.287 Y58.66 E3660.54043
G0 F9000 X86.721 Y58.66
G1 F1500 X84.036 Y61.345 E3660.71724
G0 F9000 X83.47 Y61.345
G1 F1500 X86.155 Y58.66 E3660.89405
G0 F9000 X85.59 Y58.66
G1 F1500 X82.905 Y61.345 E3661.07086
G0 F9000 X82.339 Y61.345
G1 F1500 X85.024 Y58.66 E3661.24767
G0 F9000 X84.458 Y58.66
G1 F1500 X81.773 Y61.345 E3661.42448
G0 F9000 X81.208 Y61.344
G1 F1500 X83.893 Y58.66 E3661.60126
G0 F9000 X83.327 Y58.66
G1 F1500 X80.643 Y61.344 E3661.77801
G0 F9000 X80.077 Y61.344
G1 F1500 X82.761 Y58.66 E3661.95476
G0 F9000 X82.196 Y58.66
G1 F1500 X79.511 Y61.344 E3662.13153
G0 F9000 X78.946 Y61.344
G1 F1500 X81.63 Y58.66 E3662.30828
G0 F9000 X81.064 Y58.66
G1 F1500 X78.38 Y61.344 E3662.48503
G0 F9000 X77.814 Y61.344
G1 F1500 X80.498 Y58.66 E3662.66177
G0 F9000 X79.933 Y58.66
G1 F1500 X77.249 Y61.344 E3662.83852
G0 F9000 X76.683 Y61.344
G1 F1500 X79.367 Y58.66 E3663.01526
G0 F9000 X78.801 Y58.66
G1 F1500 X76.117 Y61.344 E3663.19201
G0 F9000 X75.552 Y61.344
G1 F1500 X78.236 Y58.66 E3663.36876
G0 F9000 X77.67 Y58.66
G1 F1500 X74.987 Y61.344 E3663.54547
G0 F9000 X74.421 Y61.344
G1 F1500 X77.104 Y58.66 E3663.72218
G0 F9000 X76.539 Y58.66
G1 F1500 X73.855 Y61.344 E3663.89893
G0 F9000 X73.289 Y61.344
G1 F1500 X75.973 Y58.66 E3664.07567
G0 F9000 X75.407 Y58.66
G1 F1500 X72.724 Y61.344 E3664.25239
G0 F9000 X72.158 Y61.344
G1 F1500 X74.842 Y58.66 E3664.42913
G0 F9000 X74.276 Y58.66
G1 F1500 X71.592 Y61.344 E3664.60588
G0 F9000 X71.027 Y61.344
G1 F1500 X73.71 Y58.66 E3664.78259
G0 F9000 X73.145 Y58.66
G1 F1500 X70.461 Y61.344 E3664.95934
G0 F9000 X69.895 Y61.344
G1 F1500 X72.579 Y58.66 E3665.13608
G0 F9000 X72.013 Y58.66
G1 F1500 X69.33 Y61.344 E3665.3128
G0 F9000 X68.764 Y61.344
G1 F1500 X71.447 Y58.66 E3665.48951
G0 F9000 X70.882 Y58.66
G1 F1500 X68.199 Y61.343 E3665.66619
G0 F9000 X67.633 Y61.343
G1 F1500 X70.316 Y58.66 E3665.84287
G0 F9000 X69.75 Y58.66
G1 F1500 X67.068 Y61.343 E3666.01952
G0 F9000 X66.502 Y61.343
G1 F1500 X69.185 Y58.66 E3666.1962
G0 F9000 X68.619 Y58.66
G1 F1500 X65.936 Y61.343 E3666.37288
G0 F9000 X65.371 Y61.343
G1 F1500 X68.053 Y58.66 E3666.54953
G0 F9000 X67.488 Y58.66
G1 F1500 X64.805 Y61.343 E3666.72621
G0 F9000 X64.239 Y61.343
G1 F1500 X66.922 Y58.66 E3666.90289
G0 F9000 X66.356 Y58.66
G1 F1500 X63.674 Y61.343 E3667.07953
G0 F9000 X63.108 Y61.343
G1 F1500 X65.791 Y58.66 E3667.25621
G0 F9000 X65.225 Y58.66
G1 F1500 X62.542 Y61.343 E3667.43289
G1 F1500 E3660.93289
G0 F9000 X62.542 Y61.8
G0 X84.508 Y62.05
G0 X90.708 Y63.425
G0 X156.337 Y88.605
G1 F1500 E3667.43289
G1 X156.492 Y88.45 E3667.4431
G0 F9000 X156.87 Y88.637
G1 F1500 X156.507 Y89 E3667.467
G0 F9000 X156.705 Y89.368
G1 F1500 X157.379 Y88.694 E3667.51139
G1 F1500 E3661.01139
G0 F9000 X157.108 Y88.272
G0 X155.871 Y85.939
G0 X161.7 Y88.315
G0 X161.34 Y126.594
G1 F1500 E3667.51139
G1 X156.17 Y131.764 E3667.85184
G1 F1500 E3661.35184
G0 F9000 X155.709 Y131.517
G0 X152.23 Y138.209
G0 X161.7 Y138.209
G0 X161.34 Y155.444
G1 F1500 E3667.85184
G1 X155.444 Y161.34 E3668.2401
G0 F9000 X156.01 Y161.34
G1 F1500 X161.34 Y156.01 E3668.59109
G0 F9000 X161.34 Y156.575
G1 F1500 X156.575 Y161.34 E3668.90488
G0 F9000 X157.141 Y161.34
G1 F1500 X161.34 Y157.141 E3669.18139
G0 F9000 X161.34 Y157.707
G1 F1500 X157.707 Y161.34 E3669.42063
G0 F9000 X158.272 Y161.34
G1 F1500 X161.34 Y158.272 E3669.62266
G0 F9000 X161.34 Y158.838
G1 F1500 X158.838 Y161.34 E3669.78742
G0 F9000 X159.404 Y161.34
G1 F1500 X161.34 Y159.404 E3669.91491
G0 F9000 X161.34 Y159.969
G1 F1500 X159.969 Y161.34 E3670.00519
G0 F9000 X160.535 Y161.34
G1 F1500 X161.34 Y160.535 E3670.0582
G0 F9000 X161.34 Y161.101
G1 F1500 X161.101 Y161.34 E3670.07394
G1 F1500 E3663.57394
G0 F9000 X161.101 Y161.8
G0 X89.217 Y161.7
G0 X90.572 Y156.917
G0 X89 Y156.507
G1 F1500 E3670.07394
G1 X88.634 Y156.874 E3670.09808
G0 F9000 X88.423 Y156.519
G1 F1500 X88.617 Y156.325 E3670.11085
;TIME_ELAPSED:4403.562322
G1 F1500 E3663.61085
M140 S0
M107
G91 ;Relative positioning
G1 E-2 F2700 ;Retract a bit
G1 E-2 Z0.2 F2400 ;Retract and raise Z
G1 X5 Y5 F3000 ;Wipe out
G1 Z10 ;Raise Z more
G90 ;Absolute positioning

G1 X0 Y220 ;Present print
M106 S0 ;Turn-off fan
M104 S0 ;Turn-off hotend
M140 S0 ;Turn-off bed

M84 X Y E ;Disable all steppers but Z

M82 ;absolute extrusion mode
M104 S0
;End of Gcode
;SETTING_3 {"global_quality": "[general]\\nversion = 4\\nname = Low Quality #2\\
;SETTING_3 ndefinition = creality_base\\n\\n[metadata]\\ntype = quality_changes\
;SETTING_3 \nquality_type = low\\nsetting_version = 25\\n\\n[values]\\n\\n", "ex
;SETTING_3 truder_quality": ["[general]\\nversion = 4\\nname = Low Quality #2\\n
;SETTING_3 definition = creality_ender3pro\\n\\n[metadata]\\ntype = quality_chan
;SETTING_3 ges\\nquality_type = low\\nsetting_version = 25\\nposition = 0\\n\\n[
;SETTING_3 values]\\ninfill_sparse_density = 10\\n\\n"]}
