;FLAVOR:Marlin
;TIME:2789
;Filament used: 2.39938m
;Layer height: 0.28
;MINX:65.543
;MINY:79.202
;MINZ:0.28
;MAXX:154.453
;MAXY:140.8
;MAXZ:12.04
;TARGET_MACHINE.NAME:Creality Ender-3 Pro
;Generated with Cura_SteamEngine 5.10.0
; Ender 3 Custom Start G-code
G92 E0 ; Reset Extruder
G28 ; Home all axes
G1 Z5.0 F3000 ; Move Z Axis up a bit during heating to not damage bed
M104 S175 ; Start heating up the nozzle most of the way
M190 S60 ; Start heating the bed, wait until target temperature reached
M109 S200 ; Finish heating the nozzle
G1 Z2.0 F3000 ; Move Z Axis up little to prevent scratching of Heat Bed
G1 X0.1 Y20 Z0.3 F5000.0 ; Move to start position
G1 X0.1 Y200.0 Z0.3 F1500.0 E15 ; Draw the first line
G1 X0.4 Y200.0 Z0.3 F5000.0 ; Move to side a little
G1 X0.4 Y20 Z0.3 F1500.0 E30 ; Draw the second line
G92 E0 ; Reset Extruder
G1 Z2.0 F3000 ; Move Z Axis up little to prevent scratching of Heat Bed
G1 X5 Y20 Z0.3 F5000.0 ; Move over to prevent blob squish
M82 ;absolute extrusion mode
G92 E0
G92 E0
G1 F1500 E-6.5
;LAYER_COUNT:43
;LAYER:0
M107
G0 F6000 X82.256 Y88.669 Z0.28
;TYPE:SKIRT
G1 F1500 E0
G1 F1200 X84.936 Y86.213 E0.16927
G1 X85.622 Y85.602 E0.21204
G1 X86.393 Y84.979 E0.2582
G1 X87.171 Y84.454 E0.3019
G1 X88.056 Y83.967 E0.34894
G1 X88.947 Y83.575 E0.39427
G1 X89.836 Y83.274 E0.43797
G1 X90.817 Y83.036 E0.48498
G1 X91.745 Y82.896 E0.52868
G1 X92.744 Y82.835 E0.57528
G1 X93.482 Y82.848 E0.60965
G1 X96.367 Y82.995 E0.74416
G1 X98.905 Y83.051 E0.86237
G1 X101.399 Y83.035 E0.9785
G1 X103.93 Y82.947 E1.09643
G1 X106.462 Y82.788 E1.21456
G1 X108.928 Y82.562 E1.32987
G1 X111.399 Y82.265 E1.44576
G1 X113.946 Y81.885 E1.56567
G1 X116.405 Y81.449 E1.68196
G1 X118.874 Y80.938 E1.79936
G1 X121.31 Y80.359 E1.91595
G1 X124.251 Y79.569 E2.05775
G1 X125.202 Y79.362 E2.10307
G1 X126.168 Y79.239 E2.14842
G1 X127.141 Y79.202 E2.19376
G1 X128.043 Y79.245 E2.2358
G1 X129.078 Y79.387 E2.28445
G1 X130.026 Y79.607 E2.32977
G1 X130.919 Y79.898 E2.3735
G1 X131.847 Y80.294 E2.42048
G1 X132.675 Y80.737 E2.46421
G1 X133.521 Y81.293 E2.51135
G1 X134.333 Y81.94 E2.55969
G1 X135.259 Y82.758 E2.61722
G1 X137.88 Y85.161 E2.7828
G1 X139.128 Y86.342 E2.86281
G1 X141.648 Y88.805 E3.02689
G1 X142.499 Y89.671 E3.08342
G1 X144.937 Y92.303 E3.25048
G1 X145.525 Y92.956 E3.2914
G1 X145.85 Y93.336 E3.31468
G1 X146.342 Y93.941 E3.35099
G1 X148.105 Y96.181 E3.48372
G1 X148.56 Y96.778 E3.51868
G1 X149.076 Y97.519 E3.56072
G1 X149.628 Y98.39 E3.60874
G1 X150.699 Y100.134 E3.70404
G1 X151.15 Y100.893 E3.74515
G1 X151.598 Y101.731 E3.78939
G1 X151.843 Y102.278 E3.8173
G1 X152.183 Y103.099 E3.85868
G1 X152.837 Y104.743 E3.94107
G1 X153.134 Y105.515 E3.97958
G1 X153.418 Y106.372 E4.02162
G1 X153.701 Y107.633 E4.0818
G1 X153.907 Y108.916 E4.14231
G1 X154.21 Y111.087 E4.24438
G1 X154.341 Y112.33 E4.30258
G1 X154.382 Y112.914 E4.32984
G1 X154.453 Y114.591 E4.408
G1 X154.448 Y115.587 E4.45438
G1 X154.403 Y116.458 E4.49499
G1 X154.248 Y118.56 E4.59313
G1 X154.132 Y119.521 E4.6382
G1 X153.988 Y120.238 E4.67226
G1 X153.682 Y121.521 E4.73367
G1 X153.157 Y123.529 E4.83032
G1 X152.867 Y124.458 E4.87564
G1 X152.495 Y125.359 E4.92102
G1 X152.063 Y126.194 E4.9648
G1 X151.69 Y126.843 E4.99966
G1 X150.691 Y128.526 E5.09079
G1 X150.295 Y129.172 E5.12607
G1 X149.748 Y129.977 E5.17139
G1 X149.155 Y130.705 E5.21511
G1 X148.445 Y131.433 E5.26246
G1 X147.55 Y132.185 E5.3169
G1 X146.499 Y132.973 E5.37806
G1 X145.081 Y133.996 E5.45948
G1 X144.465 Y134.427 E5.49449
G1 X143.642 Y134.947 E5.53982
G1 X142.777 Y135.393 E5.58514
G1 X141.876 Y135.761 E5.63046
G1 X141.013 Y136.029 E5.67253
G1 X140.406 Y136.173 E5.70158
G1 X139.712 Y136.314 E5.73456
G1 X136.704 Y136.869 E5.87699
G1 X135.818 Y137.019 E5.91883
G1 X134.838 Y137.136 E5.96479
G1 X133.556 Y137.158 E6.02449
G1 X131.044 Y137.051 E6.14157
G1 X128.52 Y137.011 E6.25911
G1 X126.017 Y137.044 E6.37567
G1 X123.487 Y137.148 E6.49358
G1 X121.006 Y137.321 E6.60938
G1 X118.484 Y137.569 E6.72738
G1 X116.003 Y137.882 E6.84383
G1 X113.484 Y138.274 E6.96253
G1 X111.029 Y138.727 E7.07878
G1 X108.592 Y139.249 E7.19483
G1 X106.267 Y139.802 E7.30611
G1 X105.541 Y139.949 E7.3406
G1 X102.532 Y140.504 E7.48308
G1 X101.636 Y140.655 E7.52539
G1 X100.667 Y140.771 E7.57083
G1 X99.713 Y140.8 E7.61527
G1 X99.22 Y140.782 E7.63824
G1 X98.161 Y140.722 E7.68764
G1 X95.583 Y140.609 E7.80779
G1 X93.043 Y140.568 E7.92608
G1 X90.576 Y140.6 E8.04096
G1 X87.945 Y140.705 E8.16357
G1 X86.581 Y140.785 E8.2272
G1 X85.608 Y140.795 E8.2725
G1 X84.652 Y140.722 E8.31715
G1 X84.176 Y140.653 E8.33955
G1 X83.399 Y140.522 E8.37624
G1 X80.505 Y139.988 E8.51327
G1 X79.631 Y139.813 E8.55477
G1 X78.685 Y139.578 E8.60016
G1 X77.765 Y139.259 E8.6455
G1 X76.864 Y138.854 E8.6915
G1 X75.76 Y138.214 E8.75092
G1 X75.202 Y137.835 E8.78233
G1 X73.115 Y136.331 E8.90212
G1 X72.523 Y135.89 E8.93649
G1 X71.77 Y135.273 E8.98182
G1 X71.075 Y134.591 E9.02716
G1 X70.439 Y133.845 E9.07281
G1 X69.774 Y132.897 E9.12673
G1 X69.173 Y131.932 E9.17967
G1 X68.306 Y130.475 E9.25861
G1 X67.945 Y129.848 E9.2923
G1 X67.484 Y128.95 E9.3393
G1 X67.117 Y128.051 E9.38452
G1 X66.861 Y127.233 E9.42443
G1 X66.199 Y124.69 E9.54679
G1 X66.041 Y124.037 E9.57807
G1 X65.867 Y123.151 E9.62012
G1 X65.785 Y122.466 E9.65224
G1 X65.67 Y121.157 E9.71343
G1 X65.559 Y119.429 E9.79406
G1 X65.543 Y118.407 E9.84165
G1 X65.584 Y117.262 E9.895
G1 X65.646 Y116.139 E9.94737
G1 X65.703 Y115.439 E9.98008
G1 X65.899 Y113.901 E10.05227
G1 X66.16 Y112.081 E10.13788
G1 X66.27 Y111.384 E10.17074
G1 X66.46 Y110.46 E10.21467
G1 X66.823 Y109.29 E10.27171
G1 X67.182 Y108.331 E10.31939
G1 X67.896 Y106.539 E10.40921
G1 X68.168 Y105.886 E10.44215
G1 X68.551 Y105.068 E10.48421
G1 X68.867 Y104.499 E10.51452
G1 X69.306 Y103.764 E10.55438
G1 X70.42 Y101.947 E10.65362
G1 X70.87 Y101.232 E10.69296
G1 X71.416 Y100.447 E10.73749
G1 X72.056 Y99.61 E10.78655
G1 X73.617 Y97.629 E10.90399
G1 X74.124 Y97.003 E10.9415
G1 X74.454 Y96.615 E10.96522
G1 X74.927 Y96.087 E10.99823
G1 X77.174 Y93.654 E11.15244
G1 X78.079 Y92.711 E11.2133
G1 X80.866 Y89.986 E11.3948
G1 X82.256 Y88.669 E11.48396
G0 F6000 X82.526 Y88.964
G1 F1200 X85.202 Y86.512 E11.65297
G1 X85.874 Y85.913 E11.69489
G1 X86.617 Y85.311 E11.73941
G1 X87.395 Y84.786 E11.78312
G1 X88.217 Y84.333 E11.82682
G1 X89.076 Y83.954 E11.87054
G1 X89.931 Y83.663 E11.91259
G1 X90.877 Y83.432 E11.95794
G1 X91.805 Y83.292 E12.00164
G1 X92.737 Y83.235 E12.04512
G1 X93.462 Y83.247 E12.07888
G1 X96.358 Y83.395 E12.21391
G1 X98.899 Y83.451 E12.33226
G1 X101.413 Y83.435 E12.44932
G1 X103.944 Y83.347 E12.56725
G1 X106.49 Y83.187 E12.68603
G1 X108.976 Y82.959 E12.80228
G1 X111.458 Y82.661 E12.91868
G1 X114.005 Y82.281 E13.03859
G1 X116.484 Y81.841 E13.15583
G1 X118.955 Y81.33 E13.27332
G1 X121.403 Y80.748 E13.39049
G1 X124.337 Y79.96 E13.53195
G1 X125.253 Y79.759 E13.57562
G1 X126.184 Y79.639 E13.61933
G1 X127.122 Y79.602 E13.66304
G1 X128.024 Y79.645 E13.70509
G1 X128.988 Y79.777 E13.75039
G1 X129.903 Y79.988 E13.79412
G1 X130.762 Y80.266 E13.83616
G1 X131.658 Y80.647 E13.88149
G1 X132.486 Y81.09 E13.92522
G1 X133.272 Y81.606 E13.969
G1 X134.068 Y82.24 E14.01639
G1 X134.989 Y83.053 E14.07359
G1 X137.605 Y85.452 E14.23887
G1 X138.848 Y86.628 E14.31855
G1 X141.363 Y89.086 E14.4823
G1 X142.206 Y89.943 E14.53827
G1 X144.64 Y92.571 E14.70507
G1 X145.221 Y93.216 E14.74549
G1 X145.54 Y93.588 E14.76831
G1 X146.028 Y94.188 E14.80432
G1 X147.787 Y96.423 E14.93676
G1 X148.232 Y97.007 E14.97095
G1 X148.738 Y97.733 E15.01215
G1 X149.287 Y98.599 E15.0599
G1 X150.355 Y100.339 E15.15496
G1 X150.797 Y101.082 E15.19522
G1 X151.245 Y101.92 E15.23947
G1 X151.473 Y102.431 E15.26552
G1 X151.811 Y103.247 E15.30665
G1 X152.464 Y104.886 E15.3888
G1 X152.754 Y105.641 E15.42646
G1 X153.038 Y106.498 E15.4685
G1 X153.306 Y107.697 E15.52571
G1 X153.511 Y108.971 E15.5858
G1 X153.812 Y111.129 E15.68725
G1 X153.942 Y112.358 E15.7448
G1 X153.982 Y112.931 E15.77155
G1 X154.053 Y114.589 E15.84882
G1 X154.049 Y115.566 E15.89432
G1 X154.004 Y116.429 E15.93455
G1 X153.851 Y118.513 E16.03186
G1 X153.74 Y119.442 E16.07542
G1 X153.599 Y120.145 E16.10881
G1 X153.295 Y121.42 E16.16984
G1 X152.775 Y123.41 E16.26562
G1 X152.497 Y124.306 E16.3093
G1 X152.14 Y125.175 E16.35304
G1 X151.716 Y125.995 E16.39603
G1 X151.346 Y126.639 E16.43061
G1 X150.35 Y128.317 E16.52148
G1 X149.964 Y128.948 E16.55592
G1 X149.438 Y129.724 E16.59957
G1 X148.845 Y130.452 E16.64329
G1 X148.187 Y131.127 E16.68719
G1 X147.31 Y131.865 E16.74056
G1 X146.265 Y132.649 E16.80139
G1 X144.852 Y133.668 E16.88251
G1 X144.251 Y134.089 E16.91668
G1 X143.458 Y134.592 E16.96041
G1 X142.625 Y135.023 E17.00408
G1 X141.757 Y135.379 E17.04776
G1 X140.894 Y135.647 E17.08984
G1 X140.326 Y135.781 E17.11702
G1 X139.639 Y135.921 E17.14966
G1 X136.637 Y136.475 E17.29181
G1 X135.77 Y136.622 E17.33276
G1 X134.831 Y136.736 E17.3768
G1 X133.573 Y136.758 E17.43539
G1 X131.061 Y136.651 E17.55246
G1 X128.521 Y136.611 E17.67075
G1 X126.001 Y136.644 E17.7881
G1 X123.471 Y136.748 E17.90601
G1 X120.975 Y136.922 E18.02252
G1 X118.434 Y137.172 E18.14141
G1 X115.953 Y137.485 E18.25785
G1 X113.422 Y137.879 E18.37712
G1 X110.945 Y138.336 E18.49441
G1 X108.499 Y138.86 E18.61089
G1 X106.187 Y139.41 E18.72155
G1 X105.468 Y139.556 E18.75571
G1 X102.466 Y140.11 E18.89786
G1 X101.588 Y140.258 E18.93932
G1 X100.655 Y140.371 E18.98308
G1 X99.727 Y140.4 E19.02631
G1 X99.243 Y140.383 E19.04886
G1 X98.179 Y140.322 E19.09849
G1 X95.601 Y140.209 E19.21865
G1 X93.044 Y140.168 E19.33773
G1 X90.56 Y140.2 E19.4534
G1 X87.929 Y140.306 E19.57601
G1 X86.576 Y140.385 E19.63912
G1 X85.638 Y140.396 E19.6828
G1 X84.71 Y140.326 E19.72613
G1 X84.242 Y140.258 E19.74816
G1 X83.472 Y140.129 E19.78451
G1 X80.583 Y139.596 E19.9213
G1 X79.727 Y139.425 E19.96195
G1 X78.815 Y139.2 E20.00569
G1 X77.928 Y138.894 E20.04938
G1 X77.065 Y138.508 E20.0934
G1 X75.961 Y137.868 E20.15282
G1 X75.436 Y137.51 E20.18241
G1 X73.354 Y136.01 E20.3019
G1 X72.776 Y135.58 E20.33544
G1 X72.05 Y134.987 E20.37909
G1 X71.379 Y134.331 E20.42279
G1 X70.766 Y133.615 E20.46668
G1 X70.114 Y132.686 E20.51953
G1 X69.517 Y131.727 E20.57213
G1 X68.653 Y130.275 E20.6508
G1 X68.292 Y129.648 E20.68449
G1 X67.854 Y128.799 E20.72898
G1 X67.499 Y127.931 E20.77264
G1 X67.247 Y127.129 E20.81179
G1 X67.063 Y126.447 E20.84468
G1 X66.588 Y124.596 E20.93366
G1 X66.434 Y123.96 E20.96413
G1 X66.26 Y123.074 E21.00618
G1 X66.183 Y122.431 E21.03633
G1 X66.069 Y121.131 E21.0971
G1 X65.959 Y119.423 E21.1768
G1 X65.943 Y118.421 E21.22346
G1 X65.983 Y117.284 E21.27644
G1 X66.045 Y116.171 E21.32834
G1 X66.101 Y115.483 E21.36048
G1 X66.149 Y115.053 E21.38063
G1 X66.295 Y113.958 E21.43207
G1 X66.555 Y112.143 E21.51745
G1 X66.662 Y111.465 E21.54941
G1 X66.852 Y110.541 E21.59333
G1 X67.198 Y109.43 E21.64752
G1 X67.554 Y108.479 E21.6948
G1 X68.265 Y106.693 E21.78431
G1 X68.53 Y106.056 E21.81644
G1 X68.913 Y105.238 E21.85849
G1 X69.211 Y104.704 E21.88697
G1 X69.647 Y103.973 E21.9266
G1 X70.759 Y102.16 E22.02564
G1 X71.209 Y101.445 E22.06498
G1 X71.734 Y100.69 E22.1078
G1 X72.37 Y99.858 E22.15656
G1 X73.928 Y97.881 E22.27377
G1 X74.429 Y97.262 E22.31085
G1 X74.752 Y96.882 E22.33407
G1 X75.221 Y96.358 E22.36682
G1 X77.463 Y93.931 E22.52067
G1 X78.359 Y92.997 E22.58094
G1 X81.141 Y90.276 E22.76214
G1 X82.526 Y88.964 E22.85097
G0 F6000 X82.796 Y89.259
G1 F1200 X85.468 Y86.811 E23.01971
G1 X86.14 Y86.212 E23.06163
G1 X86.841 Y85.642 E23.1037
G1 X87.589 Y85.136 E23.14575
G1 X88.379 Y84.699 E23.18779
G1 X89.205 Y84.333 E23.22986
G1 X90.06 Y84.042 E23.27192
G1 X90.937 Y83.827 E23.31396
G1 X91.83 Y83.691 E23.35602
G1 X92.731 Y83.635 E23.39806
G1 X93.442 Y83.646 E23.43117
G1 X96.349 Y83.795 E23.56671
G1 X98.893 Y83.851 E23.6852
G1 X101.427 Y83.835 E23.80319
G1 X103.958 Y83.747 E23.92112
G1 X106.519 Y83.586 E24.0406
G1 X109.024 Y83.356 E24.15774
G1 X111.517 Y83.057 E24.27465
G1 X114.064 Y82.677 E24.39457
G1 X116.563 Y82.233 E24.51275
G1 X119.036 Y81.722 E24.63034
G1 X121.496 Y81.137 E24.74808
G1 X124.423 Y80.351 E24.8892
G1 X125.305 Y80.156 E24.93126
G1 X126.2 Y80.039 E24.97329
G1 X127.103 Y80.002 E25.01538
G1 X128.005 Y80.045 E25.05743
G1 X128.899 Y80.167 E25.09944
G1 X129.78 Y80.369 E25.14153
G1 X130.639 Y80.647 E25.18357
G1 X131.47 Y81 E25.22561
G1 X132.267 Y81.425 E25.26767
G1 X133.023 Y81.919 E25.30972
G1 X133.803 Y82.54 E25.35614
G1 X134.719 Y83.348 E25.41302
G1 X137.33 Y85.742 E25.57797
G1 X138.568 Y86.914 E25.65735
G1 X141.078 Y89.367 E25.82077
G1 X141.913 Y90.215 E25.87619
G1 X144.343 Y92.839 E26.04272
G1 X144.917 Y93.476 E26.08264
G1 X145.23 Y93.841 E26.10503
G1 X145.714 Y94.435 E26.14071
G1 X147.469 Y96.666 E26.27289
G1 X147.904 Y97.236 E26.30627
G1 X148.4 Y97.947 E26.34664
G1 X148.946 Y98.808 E26.39412
G1 X150.011 Y100.544 E26.48895
G1 X150.453 Y101.287 E26.52921
G1 X150.88 Y102.083 E26.57127
G1 X151.103 Y102.584 E26.5968
G1 X151.439 Y103.395 E26.63768
G1 X152.091 Y105.029 E26.7196
G1 X152.374 Y105.767 E26.7564
G1 X152.658 Y106.624 E26.79844
G1 X152.911 Y107.761 E26.85268
G1 X153.115 Y109.026 E26.91235
G1 X153.414 Y111.171 E27.01319
G1 X153.543 Y112.386 E27.07008
G1 X153.582 Y112.948 E27.09632
G1 X153.653 Y114.587 E27.17271
G1 X153.649 Y115.564 E27.2182
G1 X153.605 Y116.4 E27.25718
G1 X153.454 Y118.466 E27.35364
G1 X153.348 Y119.363 E27.3957
G1 X153.21 Y120.052 E27.42842
G1 X152.908 Y121.319 E27.48907
G1 X152.393 Y123.292 E27.58402
G1 X152.127 Y124.155 E27.62607
G1 X151.785 Y124.991 E27.66813
G1 X151.369 Y125.796 E27.71032
G1 X151.002 Y126.435 E27.74463
G1 X150.009 Y128.108 E27.83522
G1 X149.632 Y128.724 E27.86885
G1 X149.127 Y129.472 E27.91088
G1 X148.558 Y130.173 E27.95292
G1 X147.929 Y130.821 E27.99497
G1 X147.07 Y131.545 E28.04728
G1 X146.031 Y132.325 E28.10778
G1 X144.622 Y133.341 E28.18866
G1 X144.036 Y133.752 E28.22199
G1 X143.274 Y134.237 E28.26405
G1 X142.473 Y134.653 E28.30608
G1 X141.638 Y134.997 E28.34813
G1 X140.775 Y135.265 E28.39021
G1 X140.246 Y135.389 E28.41551
G1 X139.566 Y135.528 E28.44783
G1 X136.57 Y136.081 E28.58969
G1 X135.721 Y136.225 E28.62979
G1 X134.824 Y136.336 E28.67188
G1 X133.59 Y136.358 E28.72935
G1 X131.078 Y136.251 E28.84642
G1 X128.522 Y136.211 E28.96545
G1 X125.985 Y136.244 E29.0836
G1 X123.455 Y136.348 E29.2015
G1 X120.944 Y136.523 E29.31871
G1 X118.384 Y136.775 E29.43849
G1 X115.903 Y137.088 E29.55493
G1 X113.36 Y137.484 E29.67477
G1 X110.861 Y137.945 E29.7931
G1 X108.406 Y138.471 E29.91001
G1 X106.107 Y139.018 E30.02005
G1 X105.395 Y139.163 E30.05388
G1 X102.399 Y139.716 E30.19574
G1 X101.539 Y139.861 E30.23636
G1 X100.642 Y139.971 E30.27844
G1 X99.74 Y140 E30.32046
G1 X99.266 Y139.984 E30.34254
G1 X98.197 Y139.922 E30.3924
G1 X95.619 Y139.809 E30.51256
G1 X93.045 Y139.768 E30.63243
G1 X90.544 Y139.8 E30.7489
G1 X87.913 Y139.907 E30.87151
G1 X86.571 Y139.985 E30.93411
G1 X85.668 Y139.997 E30.97616
G1 X84.767 Y139.93 E31.01823
G1 X84.308 Y139.864 E31.03982
G1 X83.545 Y139.736 E31.07584
G1 X80.661 Y139.204 E31.2124
G1 X79.822 Y139.037 E31.25224
G1 X78.945 Y138.822 E31.29428
G1 X78.091 Y138.529 E31.33632
G1 X77.266 Y138.162 E31.37837
G1 X76.162 Y137.522 E31.43779
G1 X75.67 Y137.186 E31.46553
G1 X73.593 Y135.689 E31.58475
G1 X73.029 Y135.27 E31.61746
G1 X72.329 Y134.7 E31.6595
G1 X71.682 Y134.07 E31.70155
G1 X71.093 Y133.385 E31.74361
G1 X70.454 Y132.475 E31.79539
G1 X69.861 Y131.523 E31.84762
G1 X69 Y130.075 E31.92606
G1 X68.639 Y129.448 E31.95975
G1 X68.224 Y128.647 E32.00176
G1 X67.881 Y127.811 E32.04383
G1 X67.633 Y127.024 E32.08226
G1 X67.45 Y126.348 E32.11487
G1 X66.977 Y124.502 E32.2036
G1 X66.827 Y123.883 E32.23326
G1 X66.653 Y122.997 E32.2753
G1 X66.581 Y122.396 E32.30349
G1 X66.468 Y121.105 E32.36383
G1 X66.359 Y119.416 E32.44264
G1 X66.343 Y118.435 E32.48833
G1 X66.382 Y117.306 E32.54093
G1 X66.444 Y116.203 E32.59237
G1 X66.499 Y115.527 E32.62395
G1 X66.546 Y115.106 E32.64368
G1 X66.691 Y114.015 E32.69493
G1 X66.95 Y112.205 E32.78007
G1 X67.054 Y111.545 E32.81118
G1 X67.234 Y110.66 E32.85323
G1 X67.58 Y109.549 E32.90741
G1 X67.926 Y108.627 E32.95327
G1 X68.635 Y106.846 E33.04253
G1 X68.892 Y106.226 E33.07378
G1 X69.275 Y105.408 E33.11584
G1 X69.554 Y104.909 E33.14246
G1 X69.988 Y104.182 E33.18189
G1 X71.097 Y102.373 E33.28069
G1 X71.538 Y101.673 E33.31921
G1 X72.052 Y100.933 E33.36117
G1 X72.684 Y100.106 E33.40963
G1 X74.239 Y98.133 E33.52661
G1 X74.734 Y97.521 E33.56326
G1 X75.05 Y97.149 E33.58599
G1 X75.515 Y96.629 E33.61847
G1 X77.752 Y94.208 E33.77196
G1 X78.639 Y93.283 E33.83163
G1 X81.416 Y90.566 E34.01254
G1 X82.796 Y89.259 E34.10104
G1 F1500 E27.60104
;MESH:tmpnqf7468lheart_box.stl
G0 F6000 X88.571 Y96.907
G0 X99.846 Y129.203
;TYPE:WALL-INNER
G1 F1500 E34.10104
G1 F1200 X103.766 Y128.478 E34.28667
G1 X106.299 Y126.65 E34.43212
G1 X107.796 Y124.131 E34.56857
G1 X108.517 Y121.323 E34.70356
G1 X108.699 Y118.701 E34.82595
G1 X108.605 Y116.775 E34.91574
G1 X108.541 Y116.243 E34.94069
G1 X108.116 Y113.24 E35.08191
G1 X106.981 Y110.402 E35.22424
G1 X105.158 Y107.424 E35.38683
G1 X102.707 Y104.314 E35.57121
G1 X99.737 Y101.095 E35.77515
G1 X96.307 Y97.748 E35.99831
G1 X92.912 Y94.635 E36.21279
G1 X89.509 Y97.756 E36.4278
G1 X86.079 Y101.107 E36.65108
G1 X83.117 Y104.314 E36.85436
G1 X80.666 Y107.424 E37.03874
G1 X78.843 Y110.402 E37.20133
G1 X77.708 Y113.241 E37.3437
G1 X77.28 Y116.228 E37.48421
G1 X77.223 Y116.752 E37.50875
G1 X77.126 Y118.701 E37.59962
G1 X77.311 Y121.323 E37.72201
G1 X78.028 Y124.131 E37.85696
G1 X79.525 Y126.65 E37.9934
G1 X82.058 Y128.478 E38.13886
G1 X85.978 Y129.203 E38.32449
G1 X87.421 Y128.983 E38.39245
G1 X88.767 Y128.381 E38.46111
G1 X89.958 Y127.524 E38.52944
G1 X90.97 Y126.516 E38.59595
G1 X91.715 Y125.532 E38.65342
G1 X92.176 Y124.699 E38.69775
G1 X92.232 Y124.512 E38.70684
G1 X92.337 Y124.343 E38.7161
G1 X92.626 Y124.142 E38.73249
G1 X93.099 Y124.142 E38.75452
G1 X93.304 Y124.201 E38.76445
G1 X93.443 Y124.294 E38.77224
G1 X93.591 Y124.5 E38.78405
G1 X93.651 Y124.705 E38.794
G1 X94.109 Y125.532 E38.83802
G1 X94.854 Y126.516 E38.89549
G1 X95.866 Y127.524 E38.962
G1 X97.057 Y128.381 E39.03032
G1 X98.407 Y128.983 E39.09915
G1 X99.846 Y129.203 E39.16693
G0 F6000 X99.852 Y129.609
;TYPE:WALL-OUTER
G1 F1200 X103.927 Y128.855 E39.3599
G1 X106.601 Y126.926 E39.51343
G1 X108.169 Y124.286 E39.65641
G1 X108.913 Y121.387 E39.79577
G1 X109.099 Y118.705 E39.92096
G1 X109.004 Y116.741 E40.01252
G1 X108.937 Y116.191 E40.03832
G1 X108.505 Y113.136 E40.18199
G1 X107.34 Y110.222 E40.32812
G1 X105.487 Y107.195 E40.49338
G1 X103.011 Y104.054 E40.67962
G1 X100.024 Y100.816 E40.88475
G1 X96.582 Y97.458 E41.10866
G1 X92.912 Y94.092 E41.34054
G1 X89.234 Y97.466 E41.57295
G1 X85.792 Y100.828 E41.79699
G1 X82.813 Y104.054 E42.00146
G1 X80.337 Y107.195 E42.1877
G1 X78.484 Y110.222 E42.35296
G1 X77.319 Y113.137 E42.49913
G1 X76.883 Y116.178 E42.64218
G1 X76.824 Y116.72 E42.66757
G1 X76.725 Y118.705 E42.76011
G1 X76.915 Y121.387 E42.88531
G1 X77.655 Y124.286 E43.02463
G1 X79.223 Y126.926 E43.16761
G1 X81.897 Y128.855 E43.32114
G1 X85.972 Y129.609 E43.51411
G1 X87.535 Y129.37 E43.58773
G1 X88.967 Y128.729 E43.66079
G1 X90.218 Y127.83 E43.73252
G1 X91.272 Y126.78 E43.8018
G1 X92.051 Y125.75 E43.86193
G1 X92.549 Y124.851 E43.90978
G1 X92.607 Y124.653 E43.91939
G1 X92.768 Y124.54 E43.92855
G1 X93.083 Y124.544 E43.94322
G1 X93.191 Y124.607 E43.94904
G1 X93.276 Y124.853 E43.96116
G1 X93.773 Y125.75 E44.00891
G1 X94.552 Y126.78 E44.06905
G1 X95.606 Y127.83 E44.13832
G1 X96.857 Y128.729 E44.21005
G1 X98.293 Y129.37 E44.28328
G1 X99.852 Y129.609 E44.35672
G0 F6000 X99.84 Y128.837
;TYPE:SKIN
G1 F1200 X98.51 Y128.634 E44.41937
G1 X97.233 Y128.061 E44.48454
G1 X96.098 Y127.246 E44.54961
G1 X95.131 Y126.284 E44.61312
G1 X94.404 Y125.326 E44.66912
G1 X93.982 Y124.563 E44.70972
G1 X93.849 Y124.224 E44.72668
G1 X93.663 Y124.006 E44.74002
G1 X93.243 Y123.78 E44.76223
G1 X92.651 Y123.786 E44.7898
G1 X92.422 Y123.852 E44.80089
G1 X92.166 Y124.001 E44.81469
G1 X91.975 Y124.217 E44.82811
G1 X91.838 Y124.558 E44.84523
G1 X91.419 Y125.318 E44.88564
G1 X90.688 Y126.288 E44.94219
G1 X89.722 Y127.246 E45.00554
G1 X88.587 Y128.061 E45.07061
G1 X87.314 Y128.634 E45.13561
G1 X85.98 Y128.837 E45.19844
G1 X82.205 Y128.139 E45.3772
G1 X79.795 Y126.398 E45.51564
G1 X78.363 Y123.99 E45.6461
G1 X77.667 Y121.267 E45.77697
G1 X77.485 Y118.689 E45.89731
G1 X77.58 Y116.769 E45.98682
G1 X77.635 Y116.278 E46.00983
G1 X78.055 Y113.333 E46.14835
G1 X79.164 Y110.571 E46.28694
G1 X80.961 Y107.631 E46.44738
G1 X83.401 Y104.538 E46.63083
G1 X86.328 Y101.364 E46.83187
G1 X89.818 Y97.962 E47.05881
G1 X92.913 Y95.124 E47.25435
G1 X95.946 Y97.898 E47.44574
G1 X99.472 Y101.34 E47.67518
G1 X102.419 Y104.538 E47.87768
G1 X104.863 Y107.631 E48.06124
G1 X106.66 Y110.57 E48.22164
G1 X107.765 Y113.332 E48.36016
G1 X108.244 Y116.795 E48.52295
G1 X108.335 Y118.693 E48.61143
G1 X108.157 Y121.267 E48.73157
G1 X107.457 Y123.99 E48.86249
G1 X106.029 Y126.398 E48.99285
G1 X103.615 Y128.139 E49.13144
G1 X99.84 Y128.837 E49.3102
G1 F1500 E42.8102
G0 F6000 X99.8 Y129.093
G0 X103.833 Y128.623
G0 X106.413 Y126.76
G0 X107.94 Y124.189
G0 X108.853 Y118.713
G0 X108.265 Y113.204
G0 X105.282 Y107.335
G0 X96.422 Y97.647
G0 X92.914 Y94.419
G0 X82.997 Y104.223
G0 X78.71 Y110.329
G0 X77.564 Y113.204
G0 X77.16 Y121.347
G0 X77.573 Y122.958
G0 X78.826 Y125.278
G0 X79.222 Y125.043
G1 F1500 E49.3102
G1 F1200 X81.725 Y127.545 E49.47499
G0 F6000 X81.455 Y127.919
G0 X81.997 Y128.248
G0 X82.705 Y128.496
G0 X82.789 Y128.044
G1 F1200 X78.513 Y123.768 E49.75658
G0 F6000 X78.318 Y123.008
G1 F1200 X83.482 Y128.172 E50.09663
G0 F6000 X84.177 Y128.3
G1 F1200 X78.124 Y122.247 E50.49524
G0 F6000 X77.93 Y121.487
G1 F1200 X84.87 Y128.428 E50.95228
G0 F6000 X85.564 Y128.556
G1 F1200 X77.836 Y120.828 E51.46118
G0 F6000 X77.793 Y120.219
G1 F1200 X86.178 Y128.604 E52.01335
G0 F6000 X86.669 Y128.529
G1 F1200 X77.75 Y119.611 E52.60065
G0 F6000 X77.707 Y119.002
G1 F1200 X87.159 Y128.454 E53.22308
G0 F6000 X87.57 Y128.299
G1 F1200 X77.698 Y118.427 E53.87316
G0 F6000 X77.724 Y117.888
G1 F1200 X87.96 Y128.124 E54.54722
G0 F6000 X88.35 Y127.948
G1 F1200 X77.751 Y117.349 E55.24518
G0 F6000 X77.778 Y116.811
G1 F1200 X88.701 Y127.733 E55.96445
G0 F6000 X89.03 Y127.496
G1 F1200 X77.833 Y116.3 E56.70176
G0 F6000 X77.904 Y115.805
G1 F1200 X89.358 Y127.259 E57.45602
G0 F6000 X89.675 Y127.01
G1 F1200 X77.975 Y115.31 E58.22649
G0 F6000 X78.045 Y114.815
G1 F1200 X89.959 Y126.728 E59.01101
G0 F6000 X90.243 Y126.447
G1 F1200 X78.116 Y114.32 E59.8096
G0 F6000 X78.187 Y113.825
G1 F1200 X90.527 Y126.165 E60.62221
G0 F6000 X90.772 Y125.845
G1 F1200 X78.268 Y113.34 E61.44565
G0 F6000 X78.429 Y112.936
G1 F1200 X91.015 Y125.522 E62.27446
G0 F6000 X91.257 Y125.198
G1 F1200 X78.591 Y112.533 E63.1085
G0 F6000 X78.753 Y112.129
G1 F1200 X91.458 Y124.833 E63.94512
G0 F6000 X91.659 Y124.468
G1 F1200 X78.915 Y111.725 E64.7843
G0 F6000 X79.077 Y111.321
G1 F1200 X91.835 Y124.08 E65.62447
G0 F6000 X92.122 Y123.8
G1 F1200 X79.239 Y110.917 E66.47284
G0 F6000 X79.421 Y110.534
G1 F1200 X92.509 Y123.621 E67.33467
G0 F6000 X93.035 Y123.582
G1 F1200 X79.635 Y110.182 E68.21708
G0 F6000 X79.85 Y109.831
G1 F1200 X98.37 Y128.351 E69.43666
G0 F6000 X99.106 Y128.522
G1 F1200 X80.064 Y109.48 E70.6906
G0 F6000 X80.279 Y109.129
G1 F1200 X99.774 Y128.624 E71.97438
G0 F6000 X100.269 Y128.553
G1 F1200 X80.494 Y108.778 E73.2766
G0 F6000 X80.708 Y108.427
G1 F1200 X100.747 Y128.466 E74.5962
G0 F6000 X101.224 Y128.377
G1 F1200 X80.923 Y108.076 E75.93306
G0 F6000 X81.14 Y107.727
G1 F1200 X101.702 Y128.289 E77.2871
G0 F6000 X102.179 Y128.201
G1 F1200 X81.389 Y107.41 E78.65619
G0 F6000 X81.638 Y107.094
G1 F1200 X102.657 Y128.113 E80.04033
G0 F6000 X103.134 Y128.025
G1 F1200 X81.888 Y106.778 E81.43945
G0 F6000 X82.138 Y106.462
G1 F1200 X103.588 Y127.912 E82.85197
G0 F6000 X103.916 Y127.675
G1 F1200 X82.386 Y106.145 E84.26975
G0 F6000 X82.636 Y105.829
G1 F1200 X104.245 Y127.438 E85.69274
G0 F6000 X104.573 Y127.201
G1 F1200 X82.886 Y105.513 E87.1209
G0 F6000 X83.135 Y105.197
G1 F1200 X104.902 Y126.964 E88.5543
G0 F6000 X105.23 Y126.726
G1 F1200 X83.384 Y104.88 E89.99289
G0 F6000 X83.641 Y104.571
G1 F1200 X105.559 Y126.489 E91.43623
G0 F6000 X105.884 Y126.249
G1 F1200 X83.912 Y104.277 E92.88312
G0 F6000 X84.184 Y103.983
G1 F1200 X106.095 Y125.894 E94.326
G0 F6000 X106.306 Y125.539
G1 F1200 X84.455 Y103.689 E95.76489
G0 F6000 X84.726 Y103.394
G1 F1200 X106.516 Y125.184 E97.1998
G0 F6000 X106.727 Y124.829
G1 F1200 X84.998 Y103.1 E98.63069
G0 F6000 X85.269 Y102.806
G1 F1200 X106.938 Y124.474 E100.0576
G0 F6000 X107.149 Y124.119
G1 F1200 X85.541 Y102.511 E101.48052
G0 F6000 X85.812 Y102.217
G1 F1200 X107.319 Y123.724 E102.8968
G0 F6000 X107.435 Y123.274
G1 F1200 X86.084 Y101.923 E104.3028
G0 F6000 X86.355 Y101.628
G1 F1200 X107.551 Y122.824 E105.69859
G0 F6000 X107.666 Y122.374
G1 F1200 X86.635 Y101.343 E107.08352
G0 F6000 X86.923 Y101.065
G1 F1200 X107.782 Y121.924 E108.45712
G0 F6000 X107.898 Y121.475
G1 F1200 X87.209 Y100.785 E109.81956
G0 F6000 X87.495 Y100.506
G1 F1200 X107.977 Y120.987 E111.1683
G0 F6000 X108.013 Y120.458
G1 F1200 X87.782 Y100.227 E112.50054
G0 F6000 X88.068 Y99.947
G1 F1200 X108.049 Y119.929 E113.81636
G0 F6000 X108.086 Y119.4
G1 F1200 X88.354 Y99.668 E115.11575
G0 F6000 X88.641 Y99.389
G1 F1200 X108.123 Y118.871 E116.39867
G0 F6000 X108.117 Y118.299
G1 F1200 X88.927 Y99.11 E117.66233
G0 F6000 X89.214 Y98.83
G1 F1200 X108.088 Y117.704 E118.90522
G0 F6000 X108.059 Y117.11
G1 F1200 X89.5 Y98.551 E120.12736
G0 F6000 X89.786 Y98.272
G1 F1200 X107.999 Y116.485 E121.32671
G0 F6000 X107.909 Y115.828
G1 F1200 X90.077 Y97.997 E122.50095
G0 F6000 X90.372 Y97.726
G1 F1200 X107.818 Y115.171 E123.64977
G0 F6000 X107.727 Y114.515
G1 F1200 X90.667 Y97.455 E124.7732
G0 F6000 X90.962 Y97.185
G1 F1200 X107.636 Y113.858 E125.87117
G0 F6000 X107.466 Y113.123
G1 F1200 X91.257 Y96.914 E126.93856
G0 F6000 X91.552 Y96.643
G1 F1200 X107.089 Y112.18 E127.9617
G0 F6000 X107.516 Y112.01
G0 X107.139 Y111.068
G0 X106.712 Y111.238
G1 F1200 X91.848 Y96.373 E128.94056
G0 F6000 X92.142 Y96.102
G1 F1200 X106.136 Y110.096 E129.86208
G0 F6000 X106.53 Y109.856
G0 X105.638 Y108.399
G0 X105.245 Y108.639
G1 F1200 X92.438 Y95.832 E130.70545
G0 F6000 X92.733 Y95.561
G1 F1200 X103.874 Y106.702 E131.4391
G0 F6000 X104.236 Y106.418
G0 X100.989 Y102.601
G0 X100.65 Y102.912
G1 F1200 X95.478 Y97.741 E131.77965
G1 F1500 E125.27965
G0 F6000 X95.785 Y97.407
G0 X99.622 Y101.207
G0 X102.584 Y104.419
G0 X105.026 Y107.517
G0 X106.837 Y110.475
G0 X107.959 Y113.282
G0 X108.445 Y116.789
G0 X108.537 Y118.699
G0 X108.357 Y121.297
G0 X107.645 Y124.069
G0 X106.178 Y126.538
G0 X103.7 Y128.326
G0 X99.843 Y129.039
G0 X98.453 Y128.827
G0 X97.138 Y128.24
G0 X95.971 Y127.401
G0 X95.165 Y126.598
G0 X94.051 Y125.219
G0 X94.451 Y124.998
G1 F1500 E131.77965
G1 F1200 X97.346 Y127.893 E131.97029
G1 F1500 E125.47029
G0 F6000 X97.158 Y128.315
G0 X98.453 Y128.827
G0 X99.843 Y129.039
G0 X103.7 Y128.326
G0 X106.178 Y126.538
G0 X107.958 Y124.197
G0 X109.017 Y124.468
G0 X112.632 Y123.697
G0 X120.15 Y125.567
;TYPE:WALL-INNER
G1 F1500 E131.97029
G1 F1200 X121.593 Y125.347 E132.03826
G1 X122.939 Y124.745 E132.10692
G1 X124.134 Y123.888 E132.17539
G1 X125.138 Y122.885 E132.24148
G1 X125.883 Y121.9 E132.29898
G1 X126.346 Y121.063 E132.34352
G1 X126.45 Y120.78 E132.35756
G1 X126.692 Y120.564 E132.37267
G1 X126.897 Y120.506 E132.38259
G1 X127.267 Y120.502 E132.39982
G1 X127.472 Y120.561 E132.40975
G1 X127.612 Y120.655 E132.4176
G1 X127.759 Y120.86 E132.42935
G1 X127.82 Y121.059 E132.43904
G1 X128.285 Y121.9 E132.48379
G1 X129.03 Y122.885 E132.5413
G1 X130.034 Y123.888 E132.60738
G1 X131.229 Y124.745 E132.67585
G1 X132.575 Y125.347 E132.74451
G1 X134.018 Y125.567 E132.81248
G1 X137.938 Y124.842 E132.99811
G1 X140.471 Y123.014 E133.14356
G1 X141.968 Y120.495 E133.28001
G1 X142.689 Y117.687 E133.415
G1 X142.871 Y115.065 E133.53738
G1 X142.777 Y113.141 E133.62708
G1 X142.709 Y112.6 E133.65247
G1 X142.287 Y109.608 E133.79317
G1 X141.153 Y106.766 E133.93565
G1 X139.33 Y103.788 E134.09824
G1 X136.879 Y100.678 E134.28262
G1 X133.909 Y97.459 E134.48656
G1 X130.479 Y94.113 E134.70968
G1 X127.084 Y91.002 E134.9241
G1 X123.681 Y94.121 E135.13905
G1 X120.247 Y97.471 E135.36244
G1 X117.289 Y100.678 E135.56559
G1 X114.838 Y103.788 E135.74997
G1 X113.015 Y106.766 E135.91256
G1 X111.88 Y109.609 E136.0551
G1 X111.452 Y112.597 E136.19565
G1 X111.387 Y113.161 E136.22209
G1 X111.297 Y115.065 E136.31085
G1 X111.479 Y117.687 E136.43323
G1 X112.2 Y120.495 E136.56823
G1 X113.697 Y123.014 E136.70467
G1 X116.23 Y124.842 E136.85012
G1 X120.15 Y125.567 E137.03575
G0 F6000 X120.144 Y125.973
;TYPE:WALL-OUTER
G1 F1200 X121.707 Y125.734 E137.10938
G1 X123.139 Y125.093 E137.18243
G1 X124.394 Y124.194 E137.25432
G1 X125.44 Y123.148 E137.3232
G1 X126.219 Y122.118 E137.38333
G1 X126.72 Y121.213 E137.4315
G1 X126.775 Y121.017 E137.44098
G1 X126.901 Y120.911 E137.44865
G1 X127.228 Y120.9 E137.46388
G1 X127.327 Y120.938 E137.46882
G1 X127.394 Y121.024 E137.47389
G1 X127.447 Y121.211 E137.48294
G1 X127.949 Y122.118 E137.53122
G1 X128.728 Y123.148 E137.59135
G1 X129.774 Y124.194 E137.66023
G1 X131.029 Y125.093 E137.73211
G1 X132.461 Y125.734 E137.80517
G1 X134.024 Y125.973 E137.8788
G1 X138.099 Y125.219 E138.07177
G1 X140.773 Y123.29 E138.2253
G1 X142.341 Y120.65 E138.36827
G1 X143.085 Y117.751 E138.50764
G1 X143.271 Y115.069 E138.63282
G1 X143.176 Y113.106 E138.72433
G1 X143.096 Y112.483 E138.75358
G1 X142.677 Y109.504 E138.89366
G1 X141.512 Y106.586 E139.03997
G1 X139.659 Y103.559 E139.20523
G1 X137.183 Y100.418 E139.39146
G1 X134.196 Y97.18 E139.59659
G1 X130.754 Y93.822 E139.82051
G1 X127.084 Y90.46 E140.05226
G1 X123.406 Y93.83 E140.28455
G1 X119.96 Y97.192 E140.50872
G1 X116.985 Y100.418 E140.71306
G1 X114.509 Y103.559 E140.8993
G1 X112.656 Y106.586 E141.06456
G1 X111.491 Y109.505 E141.21091
G1 X111.055 Y112.546 E141.35396
G1 X110.988 Y113.129 E141.38128
G1 X110.897 Y115.069 E141.47172
G1 X111.083 Y117.751 E141.5969
G1 X111.827 Y120.65 E141.73627
G1 X113.395 Y123.29 E141.87924
G1 X116.069 Y125.219 E142.03277
G1 X120.144 Y125.973 E142.22574
G0 F6000 X120.152 Y125.201
;TYPE:SKIN
G1 F1200 X116.377 Y124.503 E142.4045
G1 X113.967 Y122.762 E142.54294
G1 X112.535 Y120.354 E142.6734
G1 X111.835 Y117.631 E142.80431
G1 X111.657 Y115.057 E142.92446
G1 X111.744 Y113.2 E143.01102
G1 X111.807 Y112.638 E143.03735
G1 X112.227 Y109.701 E143.1755
G1 X113.336 Y106.931 E143.31444
G1 X115.133 Y103.995 E143.47473
G1 X117.573 Y100.902 E143.65817
G1 X120.496 Y97.728 E143.85909
G1 X123.922 Y94.386 E144.08195
G1 X127.083 Y91.488 E144.28163
G1 X130.226 Y94.37 E144.4802
G1 X133.644 Y97.704 E144.70253
G1 X136.591 Y100.902 E144.90503
G1 X139.035 Y103.995 E145.08859
G1 X140.832 Y106.93 E145.24884
G1 X141.937 Y109.7 E145.3877
G1 X142.416 Y113.187 E145.5516
G1 X142.507 Y115.057 E145.63877
G1 X142.329 Y117.631 E145.75892
G1 X141.629 Y120.354 E145.88983
G1 X140.201 Y122.762 E146.02019
G1 X137.787 Y124.503 E146.15878
G1 X134.012 Y125.201 E146.33754
G1 X132.678 Y124.998 E146.40037
G1 X131.405 Y124.425 E146.46538
G1 X130.274 Y123.614 E146.53018
G1 X129.304 Y122.648 E146.59393
G1 X128.581 Y121.69 E146.64981
G1 X128.154 Y120.922 E146.69073
G1 X128.098 Y120.736 E146.69978
G1 X127.864 Y120.364 E146.72024
G1 X127.397 Y120.135 E146.74446
G1 X126.748 Y120.155 E146.77469
G1 X126.44 Y120.295 E146.79045
G1 X126.141 Y120.582 E146.80975
G1 X126.01 Y120.923 E146.82676
G1 X125.583 Y121.69 E146.86763
G1 X124.86 Y122.648 E146.92352
G1 X123.894 Y123.614 E146.98713
G1 X122.759 Y124.425 E147.05209
G1 X121.486 Y124.998 E147.11709
G1 X120.152 Y125.201 E147.17992
G0 F6000 X120.104 Y125.456
G0 X116.296 Y124.69
G0 X113.691 Y122.807
G0 X114.087 Y122.572
G1 F1200 X114.194 Y122.679 E147.18697
G0 F6000 X113.923 Y123.054
G0 X112.863 Y121.413
G0 X113.258 Y121.178
G1 F1200 X116.233 Y124.152 E147.38285
G0 F6000 X117.075 Y124.429
G1 F1200 X112.653 Y120.007 E147.67404
G0 F6000 X112.456 Y119.244
G1 F1200 X117.769 Y124.557 E148.02391
G0 F6000 X118.463 Y124.686
G1 F1200 X112.26 Y118.482 E148.43242
G0 F6000 X112.064 Y117.721
G1 F1200 X119.157 Y124.814 E148.89951
G0 F6000 X119.85 Y124.942
G1 F1200 X111.997 Y117.088 E149.41668
G0 F6000 X111.956 Y116.481
G1 F1200 X120.43 Y124.956 E149.97474
G0 F6000 X120.921 Y124.881
G1 F1200 X111.913 Y115.873 E150.56793
G0 F6000 X111.871 Y115.265
G1 F1200 X121.412 Y124.806 E151.19622
G0 F6000 X121.806 Y124.634
G1 F1200 X111.873 Y114.702 E151.85029
G0 F6000 X111.898 Y114.161
G1 F1200 X122.196 Y124.459 E152.52843
G0 F6000 X122.586 Y124.283
G1 F1200 X111.924 Y113.621 E153.23054
G0 F6000 X111.957 Y113.088
G1 F1200 X122.928 Y124.059 E153.953
G0 F6000 X123.257 Y123.823
G1 F1200 X112.016 Y112.582 E154.69324
G0 F6000 X112.087 Y112.087
G1 F1200 X123.587 Y123.587 E155.45054
G0 F6000 X123.895 Y123.329
G1 F1200 X112.158 Y111.592 E156.22344
G0 F6000 X112.228 Y111.097
G1 F1200 X124.178 Y123.046 E157.01033
G0 F6000 X124.461 Y122.764
G1 F1200 X112.299 Y110.602 E157.81122
G0 F6000 X112.371 Y110.108
G1 F1200 X124.739 Y122.477 E158.62571
G0 F6000 X124.983 Y122.154
G1 F1200 X112.467 Y109.638 E159.44991
G0 F6000 X112.629 Y109.235
G1 F1200 X125.226 Y121.832 E160.27944
G0 F6000 X125.461 Y121.501
G1 F1200 X112.791 Y108.831 E161.11378
G0 F6000 X112.952 Y108.426
G1 F1200 X125.662 Y121.137 E161.95079
G0 F6000 X125.857 Y120.765
G1 F1200 X113.114 Y108.023 E162.78991
G0 F6000 X113.276 Y107.619
G1 F1200 X126.052 Y120.396 E163.63126
G0 F6000 X126.338 Y120.116
G1 F1200 X113.438 Y107.215 E164.48078
G0 F6000 X113.626 Y106.838
G1 F1200 X126.737 Y119.949 E165.34416
G0 F6000 X127.291 Y119.937
G1 F1200 X113.841 Y106.487 E166.22987
G0 F6000 X114.056 Y106.137
G1 F1200 X132.714 Y124.794 E167.4585
G0 F6000 X133.389 Y124.903
G1 F1200 X114.271 Y105.785 E168.71745
G0 F6000 X114.486 Y105.435
G1 F1200 X134.043 Y124.992 E170.00531
G0 F6000 X134.52 Y124.903
G1 F1200 X114.7 Y105.084 E171.31046
G0 F6000 X114.915 Y104.732
G1 F1200 X134.997 Y124.815 E172.63293
G0 F6000 X135.475 Y124.727
G1 F1200 X115.13 Y104.382 E173.97268
G0 F6000 X115.352 Y104.039
G1 F1200 X135.953 Y124.639 E175.32926
G0 F6000 X136.43 Y124.55
G1 F1200 X115.602 Y103.723 E176.70078
G0 F6000 X115.852 Y103.407
G1 F1200 X136.907 Y124.462 E178.08729
G0 F6000 X137.384 Y124.374
G1 F1200 X116.101 Y103.09 E179.48885
G0 F6000 X116.35 Y102.774
G1 F1200 X137.814 Y124.237 E180.90225
G0 F6000 X138.142 Y124
G1 F1200 X116.6 Y102.458 E182.32083
G0 F6000 X116.849 Y102.142
G1 F1200 X138.471 Y123.763 E183.74464
G0 F6000 X138.799 Y123.526
G1 F1200 X117.099 Y101.825 E185.17366
G0 F6000 X117.349 Y101.509
G1 F1200 X139.128 Y123.289 E186.60788
G0 F6000 X139.457 Y123.052
G1 F1200 X117.598 Y101.193 E188.04733
G0 F6000 X117.858 Y100.887
G1 F1200 X139.785 Y122.815 E189.49129
G0 F6000 X140.092 Y122.556
G1 F1200 X118.129 Y100.593 E190.93759
G0 F6000 X118.4 Y100.298
G1 F1200 X140.302 Y122.2 E192.37988
G0 F6000 X140.513 Y121.845
G1 F1200 X118.672 Y100.004 E193.81814
G0 F6000 X118.942 Y99.709
G1 F1200 X140.723 Y121.49 E195.25246
G0 F6000 X140.933 Y121.134
G1 F1200 X119.214 Y99.415 E196.68269
G0 F6000 X119.485 Y99.12
G1 F1200 X141.144 Y120.779 E198.10898
G0 F6000 X141.355 Y120.425
G1 F1200 X119.756 Y98.825 E199.53134
G0 F6000 X120.027 Y98.531
G1 F1200 X141.51 Y120.014 E200.94603
G0 F6000 X141.626 Y119.564
G1 F1200 X120.298 Y98.236 E202.35052
G0 F6000 X120.569 Y97.942
G1 F1200 X141.742 Y119.114 E203.74476
G0 F6000 X141.858 Y118.665
G1 F1200 X120.852 Y97.659 E205.12804
G0 F6000 X121.139 Y97.38
G1 F1200 X141.974 Y118.215 E206.50006
G0 F6000 X142.089 Y117.764
G1 F1200 X121.425 Y97.101 E207.86079
G0 F6000 X121.711 Y96.821
G1 F1200 X142.155 Y117.264 E209.20703
G0 F6000 X142.191 Y116.736
G1 F1200 X121.998 Y96.542 E210.53681
G0 F6000 X122.284 Y96.263
G1 F1200 X142.227 Y116.206 E211.85009
G0 F6000 X142.264 Y115.677
G1 F1200 X122.571 Y95.983 E213.14694
G0 F6000 X122.857 Y95.704
G1 F1200 X142.3 Y115.147 E214.42729
G0 F6000 X142.283 Y114.565
G1 F1200 X123.143 Y95.425 E215.68769
G0 F6000 X123.43 Y95.145
G1 F1200 X142.254 Y113.97 E216.92732
G0 F6000 X142.225 Y113.375
G1 F1200 X123.716 Y94.866 E218.14617
G0 F6000 X124.002 Y94.587
G1 F1200 X142.153 Y112.737 E219.34141
G0 F6000 X142.063 Y112.081
G1 F1200 X124.296 Y94.315 E220.51136
G0 F6000 X124.591 Y94.044
G1 F1200 X141.972 Y111.425 E221.65593
G0 F6000 X141.882 Y110.77
G1 F1200 X124.886 Y93.773 E222.77518
G0 F6000 X125.181 Y93.503
G1 F1200 X141.792 Y110.113 E223.86901
G0 F6000 X141.574 Y109.33
G1 F1200 X125.476 Y93.232 E224.92909
G0 F6000 X125.772 Y92.962
G1 F1200 X141.199 Y108.389 E225.94499
G0 F6000 X141.625 Y108.219
G0 X141.25 Y107.279
G0 X140.824 Y107.448
G1 F1200 X126.067 Y92.691 E226.91676
G0 F6000 X126.362 Y92.421
G1 F1200 X140.166 Y106.225 E227.82578
G0 F6000 X140.558 Y105.986
G0 X139.666 Y104.528
G0 X139.274 Y104.767
G1 F1200 X126.657 Y92.15 E228.65663
G0 F6000 X126.953 Y91.88
G1 F1200 X137.701 Y102.628 E229.3644
G0 F6000 X138.063 Y102.344
G0 X137.693 Y101.902
G0 X134.073 Y97.785
G0 X133.734 Y98.096
G1 F1200 X132.692 Y97.054 E229.43302
G1 F1500 E222.93302
G0 F6000 X133.013 Y96.725
G0 X136.756 Y100.783
G0 X139.198 Y103.881
G0 X141.009 Y106.839
G0 X142.131 Y109.65
G0 X142.617 Y113.155
G0 X142.709 Y115.063
G0 X142.529 Y117.661
G0 X141.817 Y120.432
G0 X140.35 Y122.902
G0 X137.872 Y124.69
G0 X134.015 Y125.403
G0 X132.621 Y125.191
G0 X131.31 Y124.604
G0 X130.139 Y123.765
G0 X129.339 Y122.967
G0 X128.115 Y121.385
G0 X128.517 Y121.163
G1 F1500 E229.43302
G1 F1200 X131.687 Y124.333 E229.64177
M104 S200
G1 F1500 E223.14177
;MESH:NONMESH
G0 F300 X131.687 Y124.333 Z0.56
G0 F6000 X131.498 Y124.754
G0 X134.022 Y125.723
G0 X138.004 Y124.988
G0 X140.584 Y123.125
G0 X142.111 Y120.554
G0 X143.024 Y115.078
G0 X142.436 Y109.569
G0 X139.454 Y103.7
G0 X130.594 Y94.012
G0 X127.085 Y90.784
G0 X117.169 Y100.587
G0 X113.697 Y105.533
G0 X112.056 Y109.656
G0 X110.714 Y109.122
G0 X92.914 Y92.935
G0 X82.796 Y89.259
;TIME_ELAPSED:274.151887
;LAYER:1
M106 S85
;TYPE:SKIRT
G1 F1500 E229.64177
G1 F1200 X85.468 Y86.811 E229.81051
G1 X86.14 Y86.212 E229.85243
G1 X86.841 Y85.642 E229.8945
G1 X87.589 Y85.136 E229.93655
G1 X88.379 Y84.699 E229.97859
G1 X89.205 Y84.333 E230.02066
G1 X90.06 Y84.042 E230.06271
G1 X90.937 Y83.827 E230.10476
G1 X91.83 Y83.691 E230.14682
G1 X92.731 Y83.635 E230.18886
G1 X93.442 Y83.646 E230.22197
G1 X96.349 Y83.795 E230.35751
G1 X98.893 Y83.851 E230.47599
G1 X101.427 Y83.835 E230.59399
G1 X103.958 Y83.747 E230.71192
G1 X106.519 Y83.586 E230.8314
G1 X109.024 Y83.356 E230.94854
G1 X111.517 Y83.057 E231.06545
G1 X114.064 Y82.677 E231.18536
G1 X116.563 Y82.233 E231.30355
G1 X119.036 Y81.722 E231.42114
G1 X121.496 Y81.137 E231.53888
G1 X124.423 Y80.351 E231.68
G1 X125.305 Y80.156 E231.72206
G1 X126.2 Y80.039 E231.76409
G1 X127.103 Y80.002 E231.80617
G1 X128.005 Y80.045 E231.84822
G1 X128.899 Y80.167 E231.89024
G1 X129.78 Y80.369 E231.93232
G1 X130.639 Y80.647 E231.97437
G1 X131.47 Y81 E232.01641
G1 X132.267 Y81.425 E232.05847
G1 X133.023 Y81.919 E232.10052
G1 X133.803 Y82.54 E232.14694
G1 X134.719 Y83.348 E232.20382
G1 X137.33 Y85.742 E232.36877
G1 X138.568 Y86.914 E232.44815
G1 X141.078 Y89.367 E232.61157
G1 X141.913 Y90.215 E232.66699
G1 X144.343 Y92.839 E232.83352
G1 X144.917 Y93.476 E232.87344
G1 X145.23 Y93.841 E232.89583
G1 X145.714 Y94.435 E232.93151
G1 X147.469 Y96.666 E233.06368
G1 X147.904 Y97.236 E233.09707
G1 X148.4 Y97.947 E233.13744
G1 X148.946 Y98.808 E233.18491
G1 X150.011 Y100.544 E233.27975
G1 X150.453 Y101.287 E233.32
G1 X150.88 Y102.083 E233.36207
G1 X151.103 Y102.584 E233.3876
G1 X151.439 Y103.395 E233.42848
G1 X152.091 Y105.029 E233.5104
G1 X152.374 Y105.767 E233.5472
G1 X152.658 Y106.624 E233.58924
G1 X152.911 Y107.761 E233.64348
G1 X153.115 Y109.026 E233.70314
G1 X153.414 Y111.171 E233.80399
G1 X153.543 Y112.386 E233.86088
G1 X153.582 Y112.948 E233.88711
G1 X153.653 Y114.587 E233.9635
G1 X153.649 Y115.564 E234.009
G1 X153.605 Y116.4 E234.04798
G1 X153.454 Y118.466 E234.14444
G1 X153.348 Y119.363 E234.1865
G1 X153.21 Y120.052 E234.21922
G1 X152.908 Y121.319 E234.27987
G1 X152.393 Y123.292 E234.37482
G1 X152.127 Y124.155 E234.41687
G1 X151.785 Y124.991 E234.45893
G1 X151.369 Y125.796 E234.50112
G1 X151.002 Y126.435 E234.53543
G1 X150.009 Y128.108 E234.62602
G1 X149.632 Y128.724 E234.65965
G1 X149.127 Y129.472 E234.70168
G1 X148.558 Y130.173 E234.74372
G1 X147.929 Y130.821 E234.78577
G1 X147.07 Y131.545 E234.83808
G1 X146.031 Y132.325 E234.89858
G1 X144.622 Y133.341 E234.97946
G1 X144.036 Y133.752 E235.01279
G1 X143.274 Y134.237 E235.05485
G1 X142.473 Y134.653 E235.09688
G1 X141.638 Y134.997 E235.13893
G1 X140.775 Y135.265 E235.18101
G1 X140.246 Y135.389 E235.20631
G1 X139.566 Y135.528 E235.23863
G1 X136.57 Y136.081 E235.38049
G1 X135.721 Y136.225 E235.42059
G1 X134.824 Y136.336 E235.46267
G1 X133.59 Y136.358 E235.52014
G1 X131.078 Y136.251 E235.63722
G1 X128.522 Y136.211 E235.75625
G1 X125.985 Y136.244 E235.87439
G1 X123.455 Y136.348 E235.9923
G1 X120.944 Y136.523 E236.10951
G1 X118.384 Y136.775 E236.22929
G1 X115.903 Y137.088 E236.34573
G1 X113.36 Y137.484 E236.46557
G1 X110.861 Y137.945 E236.5839
G1 X108.406 Y138.471 E236.70081
G1 X106.107 Y139.018 E236.81085
G1 X105.395 Y139.163 E236.84468
G1 X102.399 Y139.716 E236.98654
G1 X101.539 Y139.861 E237.02715
G1 X100.642 Y139.971 E237.06923
G1 X99.74 Y140 E237.11126
G1 X99.266 Y139.984 E237.13334
G1 X98.197 Y139.922 E237.1832
G1 X95.619 Y139.809 E237.30336
G1 X93.045 Y139.768 E237.42323
G1 X90.544 Y139.8 E237.5397
G1 X87.913 Y139.907 E237.66231
G1 X86.571 Y139.985 E237.7249
G1 X85.668 Y139.997 E237.76695
G1 X84.767 Y139.93 E237.80902
G1 X84.308 Y139.864 E237.83062
G1 X83.545 Y139.736 E237.86664
G1 X80.661 Y139.204 E238.0032
G1 X79.822 Y139.037 E238.04303
G1 X78.945 Y138.822 E238.08508
G1 X78.091 Y138.529 E238.12712
G1 X77.266 Y138.162 E238.16917
G1 X76.162 Y137.522 E238.22859
G1 X75.67 Y137.186 E238.25633
G1 X73.593 Y135.689 E238.37554
G1 X73.029 Y135.27 E238.40826
G1 X72.329 Y134.7 E238.45029
G1 X71.682 Y134.07 E238.49234
G1 X71.093 Y133.385 E238.53441
G1 X70.454 Y132.475 E238.58619
G1 X69.861 Y131.523 E238.63841
G1 X69 Y130.075 E238.71686
G1 X68.639 Y129.448 E238.75055
G1 X68.224 Y128.647 E238.79255
G1 X67.881 Y127.811 E238.83463
G1 X67.633 Y127.024 E238.87305
G1 X67.45 Y126.348 E238.90566
G1 X66.977 Y124.502 E238.9944
G1 X66.827 Y123.883 E239.02405
G1 X66.653 Y122.997 E239.0661
G1 X66.581 Y122.396 E239.09428
G1 X66.468 Y121.105 E239.15463
G1 X66.359 Y119.416 E239.23344
G1 X66.343 Y118.435 E239.27912
G1 X66.382 Y117.306 E239.33173
G1 X66.444 Y116.203 E239.38317
G1 X66.499 Y115.527 E239.41475
G1 X66.546 Y115.106 E239.43447
G1 X66.691 Y114.015 E239.48572
G1 X66.95 Y112.205 E239.57086
G1 X67.054 Y111.545 E239.60197
G1 X67.234 Y110.66 E239.64403
G1 X67.58 Y109.549 E239.69821
G1 X67.926 Y108.627 E239.74407
G1 X68.635 Y106.846 E239.83333
G1 X68.892 Y106.226 E239.86458
G1 X69.275 Y105.408 E239.90664
G1 X69.554 Y104.909 E239.93326
G1 X69.988 Y104.182 E239.97268
G1 X71.097 Y102.373 E240.07149
G1 X71.538 Y101.673 E240.11001
G1 X72.052 Y100.933 E240.15196
G1 X72.684 Y100.106 E240.20043
G1 X74.239 Y98.133 E240.31741
G1 X74.734 Y97.521 E240.35406
G1 X75.05 Y97.149 E240.37679
G1 X75.515 Y96.629 E240.40927
G1 X77.752 Y94.208 E240.56276
G1 X78.639 Y93.283 E240.62243
G1 X81.416 Y90.566 E240.80334
G1 X82.796 Y89.259 E240.89184
G1 F1500 E234.39184
;MESH:tmpnqf7468lheart_box.stl
G0 F7500 X88.571 Y96.907
G0 X99.846 Y129.203
;TYPE:WALL-INNER
G1 F1500 E240.89184
G1 F1350 X103.766 Y128.478 E241.07747
G1 X106.299 Y126.65 E241.22292
G1 X107.796 Y124.131 E241.35937
G1 X108.517 Y121.323 E241.49436
G1 X108.699 Y118.701 E241.61675
G1 X108.605 Y116.776 E241.70649
G1 X108.541 Y116.26 E241.7307
G1 X108.115 Y113.24 E241.87272
G1 X106.981 Y110.402 E242.01502
G1 X105.158 Y107.424 E242.17761
G1 X102.707 Y104.314 E242.36199
G1 X99.737 Y101.095 E242.56594
G1 X96.307 Y97.748 E242.78909
G1 X92.912 Y94.635 E243.00357
G1 X89.509 Y97.756 E243.21858
G1 X86.079 Y101.107 E243.44187
G1 X83.117 Y104.314 E243.64515
G1 X80.666 Y107.424 E243.82953
G1 X78.843 Y110.402 E243.99212
G1 X77.708 Y113.241 E244.13449
G1 X77.28 Y116.227 E244.27495
G1 X77.219 Y116.795 E244.30155
G1 X77.126 Y118.701 E244.3904
G1 X77.311 Y121.323 E244.5128
G1 X78.028 Y124.131 E244.64775
G1 X79.525 Y126.65 E244.78419
G1 X82.058 Y128.478 E244.92965
G1 X85.978 Y129.203 E245.11527
G1 X87.421 Y128.983 E245.18324
G1 X88.767 Y128.381 E245.2519
G1 X89.958 Y127.524 E245.32022
G1 X90.97 Y126.516 E245.38673
G1 X91.715 Y125.532 E245.4442
G1 X92.176 Y124.699 E245.48853
G1 X92.232 Y124.512 E245.49762
G1 X92.337 Y124.343 E245.50689
G1 X92.626 Y124.142 E245.52328
G1 X93.099 Y124.142 E245.54531
G1 X93.353 Y124.227 E245.55778
G1 X93.52 Y124.378 E245.56826
G1 X93.651 Y124.705 E245.58466
G1 X94.109 Y125.532 E245.62868
G1 X94.854 Y126.516 E245.68615
G1 X95.866 Y127.524 E245.75266
G1 X97.057 Y128.381 E245.82099
G1 X98.407 Y128.983 E245.88982
G1 X99.846 Y129.203 E245.9576
G0 F7500 X99.852 Y129.609
;TYPE:WALL-OUTER
G1 F1350 X103.927 Y128.855 E246.15057
G1 X106.601 Y126.926 E246.3041
G1 X108.169 Y124.286 E246.44708
G1 X108.913 Y121.387 E246.58644
G1 X109.099 Y118.705 E246.71163
G1 X109.004 Y116.742 E246.80314
G1 X108.927 Y116.134 E246.83168
G1 X108.505 Y113.136 E246.97265
G1 X107.34 Y110.222 E247.11878
G1 X105.487 Y107.195 E247.28404
G1 X103.011 Y104.054 E247.47028
G1 X100.024 Y100.816 E247.67541
G1 X96.582 Y97.458 E247.89932
G1 X92.912 Y94.092 E248.13121
G1 X89.234 Y97.466 E248.36361
G1 X85.792 Y100.828 E248.58766
G1 X82.813 Y104.054 E248.79212
G1 X80.337 Y107.195 E248.97836
G1 X78.484 Y110.222 E249.14362
G1 X77.319 Y113.137 E249.2898
G1 X76.883 Y116.177 E249.4328
G1 X76.82 Y116.764 E249.46029
G1 X76.725 Y118.705 E249.55078
G1 X76.915 Y121.387 E249.67598
G1 X77.655 Y124.286 E249.8153
G1 X79.223 Y126.926 E249.95827
G1 X81.897 Y128.855 E250.1118
G1 X85.972 Y129.609 E250.30477
G1 X87.535 Y129.37 E250.3784
G1 X88.967 Y128.729 E250.45145
G1 X90.218 Y127.83 E250.52319
G1 X91.272 Y126.78 E250.59246
G1 X92.051 Y125.75 E250.6526
G1 X92.549 Y124.851 E250.70045
G1 X92.607 Y124.653 E250.71006
G1 X92.732 Y124.566 E250.71715
G1 F1500 X92.768 Y124.54 E250.71922
G1 X93.083 Y124.544 E250.73389
G1 X93.092 Y124.549 E250.73437
G1 F1350 X93.191 Y124.607 E250.73971
G1 X93.276 Y124.853 E250.75183
G1 X93.773 Y125.75 E250.79958
G1 X94.552 Y126.78 E250.85971
G1 X95.606 Y127.83 E250.92899
G1 X96.857 Y128.729 E251.00072
G1 X98.293 Y129.37 E251.07395
G1 X99.852 Y129.609 E251.14739
G0 F7500 X99.84 Y128.837
;TYPE:SKIN
G1 F1350 X98.51 Y128.634 E251.21004
G1 X97.233 Y128.061 E251.27521
G1 X96.098 Y127.246 E251.34027
G1 X95.136 Y126.288 E251.40349
G1 X94.405 Y125.322 E251.4599
G1 X93.986 Y124.566 E251.50015
G1 X93.93 Y124.381 E251.50915
G1 X93.759 Y124.103 E251.52435
G1 X93.474 Y123.885 E251.54105
G1 X93.157 Y123.784 E251.55655
G1 X92.668 Y123.783 E251.57932
G1 X92.412 Y123.856 E251.59171
G1 X92.152 Y124.017 E251.60595
G1 X91.974 Y124.219 E251.61849
G1 X91.838 Y124.558 E251.6355
G1 X91.419 Y125.322 E251.67607
G1 X90.689 Y126.287 E251.73241
G1 X89.722 Y127.246 E251.79583
G1 X88.587 Y128.061 E251.86089
G1 X87.314 Y128.634 E251.9259
G1 X85.98 Y128.837 E251.98873
G1 X82.205 Y128.139 E252.16749
G1 X79.795 Y126.398 E252.30593
G1 X78.363 Y123.99 E252.43638
G1 X77.667 Y121.267 E252.56725
G1 X77.485 Y118.689 E252.68759
G1 X77.576 Y116.812 E252.7751
G1 X77.635 Y116.278 E252.80012
G1 X78.055 Y113.333 E252.93863
G1 X79.164 Y110.571 E253.07722
G1 X80.961 Y107.631 E253.23767
G1 X83.401 Y104.538 E253.42111
G1 X86.328 Y101.364 E253.62216
G1 X89.818 Y97.962 E253.8491
G1 X92.913 Y95.124 E254.04463
G1 X95.946 Y97.898 E254.23603
G1 X99.472 Y101.34 E254.46547
G1 X102.419 Y104.538 E254.66797
G1 X104.863 Y107.631 E254.85153
G1 X106.66 Y110.57 E255.01193
G1 X107.765 Y113.332 E255.15045
G1 X108.244 Y116.807 E255.31379
G1 X108.335 Y118.693 E255.40172
G1 X108.157 Y121.267 E255.52186
G1 X107.457 Y123.99 E255.65277
G1 X106.029 Y126.398 E255.78314
G1 X103.615 Y128.139 E255.92173
G1 X99.84 Y128.837 E256.10048
G0 F7500 X99.8 Y129.093
G0 X103.7 Y128.326
G0 X106.178 Y126.538
G0 X106.575 Y125.989
G0 X106.179 Y125.752
G1 F1350 X105.135 Y126.796 E256.16923
G0 F7500 X105.405 Y127.172
G0 X103.47 Y128.431
G0 X103.387 Y127.979
G1 F1350 X107.004 Y124.361 E256.40745
G0 F7500 X107.401 Y124.598
G0 X107.85 Y123.512
G0 X107.402 Y123.397
G1 F1350 X102.693 Y128.107 E256.71758
G0 F7500 X101.999 Y128.235
G1 F1350 X107.598 Y122.636 E257.08628
G0 F7500 X107.794 Y121.874
G1 F1350 X101.305 Y128.363 E257.5136
G0 F7500 X100.611 Y128.491
G1 F1350 X107.965 Y121.137 E257.99787
G0 F7500 X108.008 Y120.529
G1 F1350 X99.918 Y128.619 E258.53061
G0 F7500 X99.403 Y128.568
G1 F1350 X108.049 Y119.922 E259.09996
G0 F7500 X108.092 Y119.314
G1 F1350 X98.913 Y128.493 E259.70442
G0 F7500 X98.451 Y128.389
G1 F1350 X108.134 Y118.706 E260.34206
G0 F7500 X108.11 Y118.165
G1 F1350 X98.061 Y128.213 E261.00377
G0 F7500 X97.67 Y128.039
G1 F1350 X108.083 Y117.625 E261.68952
G0 F7500 X108.057 Y117.086
G1 F1350 X97.287 Y127.856 E262.39874
G0 F7500 X96.958 Y127.619
G1 F1350 X108.009 Y116.568 E263.12647
G0 F7500 X107.941 Y116.071
G1 F1350 X96.629 Y127.382 E263.87135
G0 F7500 X96.3 Y127.146
G1 F1350 X107.872 Y115.574 E264.63338
G0 F7500 X107.803 Y115.077
G1 F1350 X96.007 Y126.873 E265.41017
G0 F7500 X95.723 Y126.591
G1 F1350 X107.735 Y114.58 E266.20115
G0 F7500 X107.666 Y114.082
G1 F1350 X95.44 Y126.309 E267.00628
G0 F7500 X95.175 Y126.008
G1 F1350 X107.598 Y113.585 E267.82436
G0 F7500 X107.474 Y113.143
G1 F1350 X94.931 Y125.686 E268.65034
G0 F7500 X94.688 Y125.364
G1 F1350 X107.312 Y112.74 E269.48165
G0 F7500 X107.151 Y112.335
G1 F1350 X94.466 Y125.02 E270.31698
G0 F7500 X94.265 Y124.655
G1 F1350 X106.989 Y111.931 E271.15488
G0 F7500 X106.828 Y111.527
G1 F1350 X94.091 Y124.263 E271.9936
G0 F7500 X93.861 Y123.928
G1 F1350 X106.666 Y111.123 E272.83683
G0 F7500 X106.504 Y110.719
G1 F1350 X93.535 Y123.689 E273.69089
G0 F7500 X93.075 Y123.582
G1 F1350 X106.297 Y110.36 E274.56158
G0 F7500 X106.082 Y110.01
G1 F1350 X92.455 Y123.637 E275.45894
G0 F7500 X92.497 Y124.058
G0 X92.113 Y124.579
G0 X91.683 Y124.409
G1 F1350 X87.973 Y128.119 E275.70325
G0 F7500 X87.055 Y128.471
G1 F1350 X105.868 Y109.658 E276.94212
G0 F7500 X105.653 Y109.307
G1 F1350 X86.388 Y128.573 E278.21079
G0 F7500 X85.795 Y128.6
G1 F1350 X105.438 Y108.957 E279.50431
G0 F7500 X105.224 Y108.605
G1 F1350 X85.317 Y128.512 E280.81522
G0 F7500 X84.84 Y128.423
G1 F1350 X105.009 Y108.255 E282.14335
G0 F7500 X104.794 Y107.904
G1 F1350 X84.363 Y128.335 E283.48877
G0 F7500 X83.885 Y128.247
G1 F1350 X104.56 Y107.572 E284.85025
G0 F7500 X104.31 Y107.256
G1 F1350 X83.407 Y128.159 E286.22675
G0 F7500 X82.93 Y128.07
G1 F1350 X104.061 Y106.94 E287.61823
G0 F7500 X103.811 Y106.624
G1 F1350 X82.453 Y127.982 E289.02469
G0 F7500 X82.072 Y127.797
G1 F1350 X103.561 Y106.308 E290.43978
G0 F7500 X103.312 Y105.992
G1 F1350 X81.744 Y127.56 E291.86007
G0 F7500 X81.416 Y127.322
G1 F1350 X103.062 Y105.676 E293.2855
G0 F7500 X102.813 Y105.36
G1 F1350 X81.087 Y127.085 E294.71616
G0 F7500 X80.759 Y126.848
G1 F1350 X102.563 Y105.044 E296.15199
G0 F7500 X102.313 Y104.727
G1 F1350 X80.431 Y126.61 E297.59299
G0 F7500 X80.102 Y126.373
G1 F1350 X102.046 Y104.429 E299.03804
G0 F7500 X101.775 Y104.135
G1 F1350 X79.836 Y126.074 E300.48276
G0 F7500 X79.624 Y125.719
G1 F1350 X101.504 Y103.84 E301.92356
G0 F7500 X101.232 Y103.546
G1 F1350 X79.414 Y125.364 E303.36031
G0 F7500 X79.203 Y125.009
G1 F1350 X100.961 Y103.251 E304.79311
G0 F7500 X100.69 Y102.957
G1 F1350 X78.992 Y124.655 E306.22196
G0 F7500 X78.781 Y124.3
G1 F1350 X100.418 Y102.663 E307.6468
G0 F7500 X100.148 Y102.368
G1 F1350 X78.57 Y123.945 E309.06771
G0 F7500 X78.446 Y123.503
G1 F1350 X99.876 Y102.074 E310.47888
G0 F7500 X99.605 Y101.779
G1 F1350 X78.331 Y123.053 E311.87981
G0 F7500 X78.216 Y122.602
G1 F1350 X99.334 Y101.485 E313.27043
G0 F7500 X99.049 Y101.204
G1 F1350 X78.101 Y122.152 E314.6499
G0 F7500 X77.985 Y121.702
G1 F1350 X98.762 Y100.925 E316.0181
G0 F7500 X98.476 Y100.645
G1 F1350 X77.87 Y121.251 E317.37504
G0 F7500 X77.83 Y120.726
G1 F1350 X98.19 Y100.366 E318.71578
G0 F7500 X97.903 Y100.087
G1 F1350 X77.792 Y120.198 E320.04012
G0 F7500 X77.755 Y119.669
G1 F1350 X97.617 Y99.807 E321.34807
G0 F7500 X97.33 Y99.528
G1 F1350 X77.717 Y119.141 E322.63962
G0 F7500 X77.689 Y118.604
G1 F1350 X97.045 Y99.248 E323.91424
G0 F7500 X96.758 Y98.969
G1 F1350 X77.718 Y118.009 E325.16806
G0 F7500 X77.746 Y117.415
G1 F1350 X96.472 Y98.689 E326.4012
G0 F7500 X96.186 Y98.41
G1 F1350 X77.776 Y116.82 E327.61353
G0 F7500 X77.851 Y116.179
G1 F1350 X95.899 Y98.131 E328.80202
G0 F7500 X95.606 Y97.858
G1 F1350 X77.946 Y115.519 E329.96499
G0 F7500 X78.04 Y114.859
G1 F1350 X95.311 Y97.588 E331.10232
G0 F7500 X95.016 Y97.317
G1 F1350 X78.135 Y114.198 E332.21396
G0 F7500 X78.229 Y113.539
G1 F1350 X94.72 Y97.047 E333.29996
G0 F7500 X94.425 Y96.777
G1 F1350 X78.541 Y112.66 E334.34591
G0 F7500 X78.117 Y112.49
G0 X78.495 Y111.545
G0 X78.92 Y111.716
G1 F1350 X94.129 Y96.507 E335.34745
G0 F7500 X93.834 Y96.237
G1 F1350 X79.299 Y110.771 E336.30457
G0 F7500 X78.873 Y110.6
G0 X79.736 Y109.135
G0 X80.129 Y109.376
G1 F1350 X93.538 Y95.966 E337.18761
G0 F7500 X93.243 Y95.696
G1 F1350 X81.018 Y107.921 E337.99265
G0 F7500 X80.626 Y107.68
G0 X82.621 Y105.106
G0 X82.983 Y105.391
G1 F1350 X92.948 Y95.425 E338.64889
G1 F1500 E332.14889
G0 F7500 X93.258 Y95.089
G0 X92.912 Y94.866
G0 X89.566 Y97.924
G0 X86.194 Y101.219
G0 X83.239 Y104.419
G0 X80.798 Y107.516
G0 X78.987 Y110.475
G0 X77.865 Y113.283
G0 X77.379 Y116.808
G0 X77.287 Y118.699
G0 X77.47 Y121.297
G0 X78.179 Y124.069
G0 X79.646 Y126.538
G0 X82.124 Y128.326
G0 X85.981 Y129.039
G0 X87.375 Y128.827
G0 X88.686 Y128.24
G0 X89.631 Y127.56
G0 X91.016 Y126.288
G0 X90.648 Y126.009
G1 F1500 E338.64889
G1 F1350 X89.496 Y127.162 E338.72479
G1 F1500 E332.22479
G0 F7500 X89.766 Y127.539
G0 X87.465 Y129.129
G0 X85.978 Y129.358
G0 X81.996 Y128.623
G0 X79.415 Y126.76
G0 X77.889 Y124.189
G0 X76.976 Y118.713
G0 X77.564 Y113.204
G0 X80.546 Y107.335
G0 X89.416 Y97.638
G0 X92.914 Y94.419
G0 X102.831 Y104.223
G0 X107.118 Y110.329
G0 X108.671 Y116.052
G0 X108.67 Y119.054
G0 X107.958 Y124.197
G0 X109.017 Y124.468
G0 X112.632 Y123.697
G0 X120.15 Y125.567
;TYPE:WALL-INNER
G1 F1500 E338.72479
G1 F1350 X121.593 Y125.347 E338.79276
G1 X122.939 Y124.745 E338.86141
G1 X124.134 Y123.888 E338.92989
G1 X125.138 Y122.885 E338.99597
G1 X125.883 Y121.9 E339.05348
G1 X126.346 Y121.063 E339.09802
G1 X126.45 Y120.78 E339.11206
G1 X126.692 Y120.564 E339.12716
G1 X126.897 Y120.506 E339.13708
G1 X127.267 Y120.502 E339.15431
G1 X127.472 Y120.561 E339.16424
G1 X127.612 Y120.655 E339.1721
G1 X127.759 Y120.86 E339.18384
G1 X127.82 Y121.059 E339.19353
G1 X128.285 Y121.9 E339.23828
G1 X129.03 Y122.885 E339.29579
G1 X130.034 Y123.888 E339.36187
G1 X131.229 Y124.745 E339.43035
G1 X132.575 Y125.347 E339.499
G1 X134.018 Y125.567 E339.56697
G1 X137.938 Y124.842 E339.7526
G1 X140.471 Y123.014 E339.89805
G1 X141.968 Y120.495 E340.0345
G1 X142.689 Y117.687 E340.16949
G1 X142.871 Y115.065 E340.29188
G1 X142.777 Y113.141 E340.38157
G1 X142.709 Y112.6 E340.40696
G1 X142.287 Y109.608 E340.54766
G1 X141.153 Y106.766 E340.69014
G1 X139.33 Y103.788 E340.85273
G1 X136.879 Y100.678 E341.03711
G1 X133.909 Y97.459 E341.24106
G1 X130.479 Y94.113 E341.46418
G1 X127.084 Y91.002 E341.6786
G1 X123.681 Y94.121 E341.89354
G1 X120.247 Y97.471 E342.11693
G1 X117.289 Y100.678 E342.32008
G1 X114.838 Y103.788 E342.50446
G1 X113.015 Y106.766 E342.66705
G1 X111.88 Y109.609 E342.80959
G1 X111.452 Y112.597 E342.95015
G1 X111.387 Y113.161 E342.97658
G1 X111.297 Y115.065 E343.06534
G1 X111.479 Y117.687 E343.18773
G1 X112.2 Y120.495 E343.32272
G1 X113.697 Y123.014 E343.45916
G1 X116.23 Y124.842 E343.60462
G1 X120.15 Y125.567 E343.79025
G0 F7500 X120.144 Y125.973
;TYPE:WALL-OUTER
G1 F1350 X121.707 Y125.734 E343.86387
G1 X123.139 Y125.093 E343.93693
G1 X124.394 Y124.194 E344.00881
G1 X125.44 Y123.148 E344.07769
G1 X126.219 Y122.118 E344.13783
G1 X126.72 Y121.213 E344.18599
G1 X126.775 Y121.017 E344.19547
G1 X126.901 Y120.911 E344.20314
G1 X126.908 Y120.911 E344.20346
G1 F1500 X127.228 Y120.9 E344.21837
G1 X127.263 Y120.913 E344.22011
G1 F1350 X127.327 Y120.938 E344.22331
G1 X127.394 Y121.024 E344.22839
G1 X127.447 Y121.211 E344.23744
G1 X127.949 Y122.118 E344.28571
G1 X128.728 Y123.148 E344.34584
G1 X129.774 Y124.194 E344.41472
G1 X131.029 Y125.093 E344.48661
G1 X132.461 Y125.734 E344.55966
G1 X134.024 Y125.973 E344.63329
G1 X138.099 Y125.219 E344.82626
G1 X140.773 Y123.29 E344.97979
G1 X142.341 Y120.65 E345.12277
G1 X143.085 Y117.751 E345.26213
G1 X143.271 Y115.069 E345.38732
G1 X143.176 Y113.106 E345.47883
G1 X143.096 Y112.483 E345.50808
G1 X142.677 Y109.504 E345.64816
G1 X141.512 Y106.586 E345.79446
G1 X139.659 Y103.559 E345.95972
G1 X137.183 Y100.418 E346.14596
G1 X134.196 Y97.18 E346.35109
G1 X130.754 Y93.822 E346.575
G1 X127.084 Y90.46 E346.80676
G1 X123.406 Y93.83 E347.03904
G1 X119.96 Y97.192 E347.26322
G1 X116.985 Y100.418 E347.46756
G1 X114.509 Y103.559 E347.65379
G1 X112.656 Y106.586 E347.81906
G1 X111.491 Y109.505 E347.9654
G1 X111.055 Y112.546 E348.10845
G1 X110.988 Y113.129 E348.13578
G1 X110.897 Y115.069 E348.22621
G1 X111.083 Y117.751 E348.3514
G1 X111.827 Y120.65 E348.49076
G1 X113.395 Y123.29 E348.63374
G1 X116.069 Y125.219 E348.78727
G1 X120.144 Y125.973 E348.98024
G0 F7500 X120.152 Y125.201
;TYPE:SKIN
G1 F1350 X116.377 Y124.503 E349.159
G1 X113.967 Y122.762 E349.29744
G1 X112.535 Y120.354 E349.42789
G1 X111.835 Y117.631 E349.55881
G1 X111.657 Y115.057 E349.67895
G1 X111.744 Y113.2 E349.76551
G1 X111.807 Y112.638 E349.79185
G1 X112.227 Y109.701 E349.93
G1 X113.336 Y106.931 E350.06893
G1 X115.133 Y103.995 E350.22922
G1 X117.573 Y100.902 E350.41266
G1 X120.496 Y97.728 E350.61358
G1 X123.922 Y94.386 E350.83644
G1 X127.083 Y91.488 E351.03613
G1 X130.226 Y94.37 E351.23469
G1 X133.644 Y97.704 E351.45703
G1 X136.591 Y100.902 E351.65952
G1 X139.035 Y103.995 E351.84308
G1 X140.832 Y106.93 E352.00333
G1 X141.937 Y109.7 E352.1422
G1 X142.416 Y113.187 E352.30609
G1 X142.507 Y115.057 E352.39327
G1 X142.329 Y117.631 E352.51341
G1 X141.629 Y120.354 E352.64433
G1 X140.201 Y122.762 E352.77469
G1 X137.787 Y124.503 E352.91328
G1 X134.012 Y125.201 E353.09204
G1 X132.678 Y124.998 E353.15487
G1 X131.405 Y124.425 E353.21987
G1 X130.274 Y123.614 E353.28468
G1 X129.304 Y122.648 E353.34842
G1 X128.581 Y121.69 E353.40431
G1 X128.154 Y120.922 E353.44523
G1 X128.098 Y120.736 E353.45427
G1 X127.864 Y120.364 E353.47473
G1 X127.397 Y120.135 E353.49895
G1 X126.748 Y120.155 E353.52919
G1 X126.44 Y120.295 E353.54494
G1 X126.141 Y120.582 E353.56424
G1 X126.01 Y120.923 E353.58125
G1 X125.583 Y121.69 E353.62213
G1 X124.86 Y122.648 E353.67801
G1 X123.894 Y123.614 E353.74163
G1 X122.759 Y124.425 E353.80658
G1 X121.486 Y124.998 E353.87159
G1 X120.152 Y125.201 E353.93442
G1 F1500 E347.43442
G0 F7500 X120.104 Y125.456
G0 X116.167 Y124.988
G0 X113.587 Y123.125
G0 X112.06 Y120.554
G0 X111.147 Y115.078
G0 X111.735 Y109.569
G0 X114.718 Y103.7
G0 X123.578 Y94.012
G0 X127.085 Y90.784
G0 X137.003 Y100.587
G0 X141.29 Y106.694
G0 X142.839 Y112.39
G0 X142.84 Y117.712
G0 X142.427 Y119.323
G0 X140.731 Y122.379
G0 X140.335 Y122.143
G1 F1500 E353.93442
G1 F1350 X139.345 Y123.133 E353.99961
G0 F7500 X139.615 Y123.509
G0 X137.656 Y124.793
G0 X137.573 Y124.34
G1 F1350 X141.159 Y120.753 E354.23579
G0 F7500 X141.556 Y120.99
G0 X142.018 Y119.891
G0 X141.571 Y119.776
G1 F1350 X136.878 Y124.468 E354.5448
G0 F7500 X136.185 Y124.596
G1 F1350 X141.766 Y119.015 E354.91232
G0 F7500 X141.963 Y118.252
G1 F1350 X135.491 Y124.724 E355.33851
G0 F7500 X134.796 Y124.853
G1 F1350 X142.137 Y117.513 E355.82189
G0 F7500 X142.179 Y116.905
G1 F1350 X134.103 Y124.981 E356.35371
G0 F7500 X133.584 Y124.934
G1 F1350 X142.22 Y116.298 E356.92241
G0 F7500 X142.263 Y115.69
G1 F1350 X133.093 Y124.86 E357.52627
G0 F7500 X132.629 Y124.758
G1 F1350 X142.305 Y115.082 E358.16345
G0 F7500 X142.281 Y114.54
G1 F1350 X132.24 Y124.582 E358.8247
G0 F7500 X131.849 Y124.406
G1 F1350 X142.255 Y114 E359.50995
G0 F7500 X142.229 Y113.461
G1 F1350 X131.466 Y124.224 E360.21871
G0 F7500 X131.136 Y123.988
G1 F1350 X142.181 Y112.943 E360.94604
G0 F7500 X142.112 Y112.446
G1 F1350 X130.807 Y123.751 E361.6905
G0 F7500 X130.477 Y123.515
G1 F1350 X142.044 Y111.949 E362.45217
G0 F7500 X141.976 Y111.451
G1 F1350 X130.184 Y123.243 E363.22869
G0 F7500 X129.9 Y122.961
G1 F1350 X141.907 Y110.954 E364.01938
G0 F7500 X141.839 Y110.457
G1 F1350 X129.618 Y122.678 E364.82415
G0 F7500 X129.352 Y122.378
G1 F1350 X141.77 Y109.96 E365.6419
G0 F7500 X141.648 Y109.517
G1 F1350 X129.109 Y122.056 E366.46761
G0 F7500 X128.865 Y121.733
G1 F1350 X141.486 Y109.112 E367.29873
G0 F7500 X141.325 Y108.708
G1 F1350 X128.643 Y121.39 E368.13386
G0 F7500 X128.441 Y121.026
G1 F1350 X141.164 Y108.303 E368.97169
G0 F7500 X141.003 Y107.899
G1 F1350 X128.269 Y120.632 E369.81021
G0 F7500 X128.048 Y120.288
G1 F1350 X140.842 Y107.494 E370.65272
G0 F7500 X140.68 Y107.09
G1 F1350 X127.706 Y120.065 E371.50711
G0 F7500 X127.266 Y119.939
G1 F1350 X140.475 Y106.73 E372.37695
G0 F7500 X140.26 Y106.379
G1 F1350 X126.664 Y119.975 E373.27227
G0 F7500 X126.679 Y120.406
G0 X126.276 Y120.962
G0 X125.845 Y120.794
G1 F1350 X122.165 Y124.473 E373.51457
G0 F7500 X121.241 Y124.833
G1 F1350 X140.045 Y106.028 E374.75288
G0 F7500 X139.83 Y105.677
G1 F1350 X120.573 Y124.934 E376.02098
G0 F7500 X119.976 Y124.966
G1 F1350 X139.615 Y105.326 E377.31428
G0 F7500 X139.4 Y104.976
G1 F1350 X119.499 Y124.877 E378.62479
G0 F7500 X119.022 Y124.789
G1 F1350 X139.186 Y104.624 E379.95266
G0 F7500 X138.971 Y104.274
G1 F1350 X118.544 Y124.701 E381.29781
G0 F7500 X118.066 Y124.613
G1 F1350 X138.738 Y103.941 E382.6591
G0 F7500 X138.488 Y103.625
G1 F1350 X117.589 Y124.524 E384.03533
G0 F7500 X117.112 Y124.436
G1 F1350 X138.238 Y103.31 E385.42651
G0 F7500 X137.988 Y102.994
G1 F1350 X116.634 Y124.348 E386.83271
G0 F7500 X116.25 Y124.166
G1 F1350 X137.739 Y102.678 E388.24777
G0 F7500 X137.489 Y102.361
G1 F1350 X115.922 Y123.929 E389.66802
G0 F7500 X115.594 Y123.691
G1 F1350 X137.24 Y102.045 E391.09345
G0 F7500 X136.99 Y101.729
G1 F1350 X115.265 Y123.454 E392.52408
G0 F7500 X114.937 Y123.217
G1 F1350 X136.74 Y101.413 E393.95988
G0 F7500 X136.491 Y101.097
G1 F1350 X114.609 Y122.979 E395.40084
G0 F7500 X114.28 Y122.742
G1 F1350 X136.223 Y100.799 E396.84583
G0 F7500 X135.953 Y100.504
G1 F1350 X114.012 Y122.445 E398.29068
G0 F7500 X113.801 Y122.09
G1 F1350 X135.681 Y100.21 E399.73151
G0 F7500 X135.41 Y99.916
G1 F1350 X113.59 Y121.735 E401.16837
G0 F7500 X113.379 Y121.381
G1 F1350 X135.139 Y99.621 E402.6013
G0 F7500 X134.867 Y99.327
G1 F1350 X113.168 Y121.026 E404.03022
G0 F7500 X112.957 Y120.671
G1 F1350 X134.596 Y99.032 E405.45518
G0 F7500 X134.325 Y98.738
G1 F1350 X112.747 Y120.316 E406.87613
G0 F7500 X112.619 Y119.877
G1 F1350 X134.053 Y98.443 E408.28759
G0 F7500 X133.782 Y98.149
G1 F1350 X112.504 Y119.427 E409.68879
G0 F7500 X112.388 Y118.977
G1 F1350 X133.511 Y97.854 E411.07977
G0 F7500 X133.226 Y97.574
G1 F1350 X112.272 Y118.527 E412.4596
G0 F7500 X112.156 Y118.078
G1 F1350 X132.94 Y97.294 E413.82826
G0 F7500 X132.653 Y97.015
G1 F1350 X112.04 Y117.628 E415.18566
G0 F7500 X111.999 Y117.104
G1 F1350 X132.367 Y96.736 E416.52693
G0 F7500 X132.08 Y96.456
G1 F1350 X111.963 Y116.574 E417.8517
G0 F7500 X111.926 Y116.045
G1 F1350 X131.794 Y96.177 E419.16004
G0 F7500 X131.508 Y95.898
G1 F1350 X111.89 Y115.516 E420.45192
G0 F7500 X111.861 Y114.979
G1 F1350 X131.221 Y95.619 E421.72681
G0 F7500 X130.935 Y95.339
G1 F1350 X111.889 Y114.385 E422.98102
G0 F7500 X111.917 Y113.792
G1 F1350 X130.649 Y95.06 E424.21455
G0 F7500 X130.362 Y94.781
G1 F1350 X111.945 Y113.198 E425.42734
G0 F7500 X112.021 Y112.557
G1 F1350 X130.076 Y94.501 E426.61633
G0 F7500 X129.78 Y94.231
G1 F1350 X112.115 Y111.896 E427.7796
G0 F7500 X112.209 Y111.236
G1 F1350 X129.485 Y93.96 E428.91725
G0 F7500 X129.191 Y93.69
G1 F1350 X112.304 Y110.576 E430.02926
G0 F7500 X112.398 Y109.916
G1 F1350 X128.895 Y93.419 E431.11562
G0 F7500 X128.6 Y93.149
G1 F1350 X112.706 Y109.042 E432.16223
G0 F7500 X112.283 Y108.872
G0 X112.66 Y107.929
G0 X113.084 Y108.099
G1 F1350 X128.305 Y92.878 E433.16456
G0 F7500 X128.01 Y92.608
G1 F1350 X113.462 Y107.156 E434.12257
G0 F7500 X113.036 Y106.985
G0 X113.889 Y105.531
G0 X114.28 Y105.771
G1 F1350 X127.715 Y92.337 E435.00725
G0 F7500 X127.419 Y92.067
G1 F1350 X115.172 Y104.314 E435.81374
G0 F7500 X114.781 Y104.074
G0 X116.756 Y101.518
G0 X117.117 Y101.803
G1 F1350 X127.124 Y91.796 E436.47272
G1 F1500 E429.97272
G0 F7500 X127.434 Y91.459
G0 X127.084 Y91.233
G0 X123.791 Y94.237
G0 X120.362 Y97.583
G0 X117.412 Y100.783
G0 X114.97 Y103.881
G0 X113.159 Y106.839
G0 X112.037 Y109.651
G0 X111.547 Y113.174
G0 X111.459 Y115.063
G0 X111.638 Y117.661
G0 X112.351 Y120.432
G0 X113.818 Y122.902
G0 X116.296 Y124.69
G0 X120.153 Y125.403
G0 X121.547 Y125.191
G0 X122.858 Y124.604
G0 X123.807 Y123.924
G0 X125.14 Y122.716
G0 X124.77 Y122.435
G1 F1500 E436.47272
G1 F1350 X123.693 Y123.511 E436.54361
G1 F1500 E430.04361
;MESH:NONMESH
G0 F300 X123.693 Y123.511 Z0.84
G0 F7500 X123.962 Y123.888
G0 X122.858 Y124.604
G0 X121.547 Y125.191
G0 X120.153 Y125.403
G0 X116.296 Y124.69
G0 X113.818 Y122.902
G0 X112.351 Y120.432
G0 X111.638 Y117.661
G0 X111.311 Y112.395
G0 X110.228 Y112.241
G0 X106.198 Y106.699
G0 X103.682 Y103.504
G0 X100.65 Y100.221
G0 X97.183 Y96.833
G0 X92.914 Y92.935
G0 X82.796 Y89.259
;TIME_ELAPSED:498.125243
;LAYER:2
M106 S170
;TYPE:SKIRT
G1 F1500 E436.54361
G1 F1200 X85.468 Y86.811 E436.71235
G1 X86.14 Y86.212 E436.75427
G1 X86.841 Y85.642 E436.79634
G1 X87.589 Y85.136 E436.83839
G1 X88.379 Y84.699 E436.88043
G1 X89.205 Y84.333 E436.92249
G1 X90.06 Y84.042 E436.96455
G1 X90.937 Y83.827 E437.0066
G1 X91.83 Y83.691 E437.04866
G1 X92.731 Y83.635 E437.09069
G1 X93.442 Y83.646 E437.1238
G1 X96.349 Y83.795 E437.25934
G1 X98.893 Y83.851 E437.37783
G1 X101.427 Y83.835 E437.49583
G1 X103.958 Y83.747 E437.61375
G1 X106.519 Y83.586 E437.73324
G1 X109.024 Y83.356 E437.85037
G1 X111.517 Y83.057 E437.96729
G1 X114.064 Y82.677 E438.0872
G1 X116.563 Y82.233 E438.20539
G1 X119.036 Y81.722 E438.32297
G1 X121.496 Y81.137 E438.44072
G1 X124.423 Y80.351 E438.58184
G1 X125.305 Y80.156 E438.6239
G1 X126.2 Y80.039 E438.66593
G1 X127.103 Y80.002 E438.70801
G1 X128.005 Y80.045 E438.75006
G1 X128.899 Y80.167 E438.79207
G1 X129.78 Y80.369 E438.83416
G1 X130.639 Y80.647 E438.8762
G1 X131.47 Y81 E438.91824
G1 X132.267 Y81.425 E438.9603
G1 X133.023 Y81.919 E439.00235
G1 X133.803 Y82.54 E439.04878
G1 X134.719 Y83.348 E439.10565
G1 X137.33 Y85.742 E439.2706
G1 X138.568 Y86.914 E439.34998
G1 X141.078 Y89.367 E439.51341
G1 X141.913 Y90.215 E439.56882
G1 X144.343 Y92.839 E439.73535
G1 X144.917 Y93.476 E439.77528
G1 X145.23 Y93.841 E439.79767
G1 X145.714 Y94.435 E439.83335
G1 X147.469 Y96.666 E439.96552
G1 X147.904 Y97.236 E439.99891
G1 X148.4 Y97.947 E440.03928
G1 X148.946 Y98.808 E440.08675
G1 X150.011 Y100.544 E440.18158
G1 X150.453 Y101.287 E440.22184
G1 X150.88 Y102.083 E440.2639
G1 X151.103 Y102.584 E440.28944
G1 X151.439 Y103.395 E440.33031
G1 X152.091 Y105.029 E440.41223
G1 X152.374 Y105.767 E440.44904
G1 X152.658 Y106.624 E440.49108
G1 X152.911 Y107.761 E440.54532
G1 X153.115 Y109.026 E440.60498
G1 X153.414 Y111.171 E440.70583
G1 X153.543 Y112.386 E440.76272
G1 X153.582 Y112.948 E440.78895
G1 X153.653 Y114.587 E440.86534
G1 X153.649 Y115.564 E440.91084
G1 X153.605 Y116.4 E440.94982
G1 X153.454 Y118.466 E441.04627
G1 X153.348 Y119.363 E441.08833
G1 X153.21 Y120.052 E441.12105
G1 X152.908 Y121.319 E441.1817
G1 X152.393 Y123.292 E441.27665
G1 X152.127 Y124.155 E441.3187
G1 X151.785 Y124.991 E441.36076
G1 X151.369 Y125.796 E441.40296
G1 X151.002 Y126.435 E441.43727
G1 X150.009 Y128.108 E441.52786
G1 X149.632 Y128.724 E441.56149
G1 X149.127 Y129.472 E441.60351
G1 X148.558 Y130.173 E441.64555
G1 X147.929 Y130.821 E441.6876
G1 X147.07 Y131.545 E441.73992
G1 X146.031 Y132.325 E441.80041
G1 X144.622 Y133.341 E441.8813
G1 X144.036 Y133.752 E441.91463
G1 X143.274 Y134.237 E441.95669
G1 X142.473 Y134.653 E441.99872
G1 X141.638 Y134.997 E442.04077
G1 X140.775 Y135.265 E442.08284
G1 X140.246 Y135.389 E442.10814
G1 X139.566 Y135.528 E442.14046
G1 X136.57 Y136.081 E442.28233
G1 X135.721 Y136.225 E442.32242
G1 X134.824 Y136.336 E442.36451
G1 X133.59 Y136.358 E442.42198
G1 X131.078 Y136.251 E442.53905
G1 X128.522 Y136.211 E442.65809
G1 X125.985 Y136.244 E442.77623
G1 X123.455 Y136.348 E442.89414
G1 X120.944 Y136.523 E443.01134
G1 X118.384 Y136.775 E443.13112
G1 X115.903 Y137.088 E443.24757
G1 X113.36 Y137.484 E443.36741
G1 X110.861 Y137.945 E443.48573
G1 X108.406 Y138.471 E443.60264
G1 X106.107 Y139.018 E443.71268
G1 X105.395 Y139.163 E443.74652
G1 X102.399 Y139.716 E443.88838
G1 X101.539 Y139.861 E443.92899
G1 X100.642 Y139.971 E443.97107
G1 X99.74 Y140 E444.01309
G1 X99.266 Y139.984 E444.03518
G1 X98.197 Y139.922 E444.08504
G1 X95.619 Y139.809 E444.2052
G1 X93.045 Y139.768 E444.32507
G1 X90.544 Y139.8 E444.44153
G1 X87.913 Y139.907 E444.56415
G1 X86.571 Y139.985 E444.62674
G1 X85.668 Y139.997 E444.66879
G1 X84.767 Y139.93 E444.71086
G1 X84.308 Y139.864 E444.73245
G1 X83.545 Y139.736 E444.76848
G1 X80.661 Y139.204 E444.90504
G1 X79.822 Y139.037 E444.94487
G1 X78.945 Y138.822 E444.98692
G1 X78.091 Y138.529 E445.02896
G1 X77.266 Y138.162 E445.071
G1 X76.162 Y137.522 E445.13042
G1 X75.67 Y137.186 E445.15816
G1 X73.593 Y135.689 E445.27738
G1 X73.029 Y135.27 E445.3101
G1 X72.329 Y134.7 E445.35213
G1 X71.682 Y134.07 E445.39418
G1 X71.093 Y133.385 E445.43625
G1 X70.454 Y132.475 E445.48802
G1 X69.861 Y131.523 E445.54025
G1 X69 Y130.075 E445.61869
G1 X68.639 Y129.448 E445.65238
G1 X68.224 Y128.647 E445.69439
G1 X67.881 Y127.811 E445.73647
G1 X67.633 Y127.024 E445.77489
G1 X67.45 Y126.348 E445.8075
G1 X66.977 Y124.502 E445.89623
G1 X66.827 Y123.883 E445.92589
G1 X66.653 Y122.997 E445.96794
G1 X66.581 Y122.396 E445.99612
G1 X66.468 Y121.105 E446.05647
G1 X66.359 Y119.416 E446.13528
G1 X66.343 Y118.435 E446.18096
G1 X66.382 Y117.306 E446.23356
G1 X66.444 Y116.203 E446.285
G1 X66.499 Y115.527 E446.31659
G1 X66.546 Y115.106 E446.33631
G1 X66.691 Y114.015 E446.38756
G1 X66.95 Y112.205 E446.4727
G1 X67.054 Y111.545 E446.50381
G1 X67.234 Y110.66 E446.54586
G1 X67.58 Y109.549 E446.60005
G1 X67.926 Y108.627 E446.6459
G1 X68.635 Y106.846 E446.73516
G1 X68.892 Y106.226 E446.76642
G1 X69.275 Y105.408 E446.80847
G1 X69.554 Y104.909 E446.83509
G1 X69.988 Y104.182 E446.87452
G1 X71.097 Y102.373 E446.97332
G1 X71.538 Y101.673 E447.01185
G1 X72.052 Y100.933 E447.0538
G1 X72.684 Y100.106 E447.10227
G1 X74.239 Y98.133 E447.21924
G1 X74.734 Y97.521 E447.25589
G1 X75.05 Y97.149 E447.27862
G1 X75.515 Y96.629 E447.3111
G1 X77.752 Y94.208 E447.46459
G1 X78.639 Y93.283 E447.52427
G1 X81.416 Y90.566 E447.70517
G1 X82.796 Y89.259 E447.79368
G1 F1500 E441.29368
;MESH:tmpnqf7468lheart_box.stl
G0 F9000 X88.571 Y96.907
G0 X99.846 Y129.203
;TYPE:WALL-INNER
G1 F1500 E447.79368
G1 X103.766 Y128.478 E447.9793
G1 X106.299 Y126.65 E448.12476
G1 X107.796 Y124.131 E448.2612
G1 X108.517 Y121.323 E448.3962
G1 X108.699 Y118.701 E448.51858
G1 X108.605 Y116.774 E448.60842
G1 X108.541 Y116.23 E448.63392
G1 X108.116 Y113.24 E448.77455
G1 X106.981 Y110.402 E448.91688
G1 X105.158 Y107.424 E449.07946
G1 X102.707 Y104.314 E449.26384
G1 X99.737 Y101.095 E449.46779
G1 X96.307 Y97.748 E449.69094
G1 X92.912 Y94.635 E449.90543
G1 X89.509 Y97.756 E450.12043
G1 X86.079 Y101.107 E450.34372
G1 X83.117 Y104.314 E450.547
G1 X80.666 Y107.424 E450.73138
G1 X78.843 Y110.402 E450.89397
G1 X77.708 Y113.241 E451.03634
G1 X77.28 Y116.227 E451.1768
G1 X77.219 Y116.795 E451.2034
G1 X77.126 Y118.701 E451.29226
G1 X77.311 Y121.323 E451.41465
G1 X78.028 Y124.131 E451.5496
G1 X79.525 Y126.65 E451.68604
G1 X82.058 Y128.478 E451.8315
G1 X85.978 Y129.203 E452.01712
G1 X87.421 Y128.983 E452.08509
G1 X88.767 Y128.381 E452.15375
G1 X89.958 Y127.524 E452.22207
G1 X90.97 Y126.516 E452.28858
G1 X91.715 Y125.532 E452.34605
G1 X92.176 Y124.699 E452.39039
G1 X92.232 Y124.512 E452.39948
G1 X92.337 Y124.343 E452.40874
G1 X92.626 Y124.142 E452.42513
G1 X93.099 Y124.142 E452.44716
G1 X93.304 Y124.201 E452.45709
G1 X93.442 Y124.294 E452.46484
G1 X93.591 Y124.5 E452.47668
G1 X93.651 Y124.705 E452.48662
G1 X94.109 Y125.532 E452.53064
G1 X94.854 Y126.516 E452.58811
G1 X95.866 Y127.524 E452.65462
G1 X97.057 Y128.381 E452.72295
G1 X98.407 Y128.983 E452.79178
G1 X99.846 Y129.203 E452.85956
G0 F9000 X99.852 Y129.609
;TYPE:WALL-OUTER
G1 F1500 X103.927 Y128.855 E453.05253
G1 X106.601 Y126.926 E453.20606
G1 X108.169 Y124.286 E453.34904
G1 X108.913 Y121.387 E453.4884
G1 X109.099 Y118.705 E453.61359
G1 X109.004 Y116.741 E453.70514
G1 X108.937 Y116.178 E453.73155
G1 X108.505 Y113.136 E453.87462
G1 X107.34 Y110.222 E454.02075
G1 X105.487 Y107.195 E454.18601
G1 X103.011 Y104.054 E454.37224
G1 X100.024 Y100.816 E454.57737
G1 X96.582 Y97.458 E454.80129
G1 X92.912 Y94.092 E455.03317
G1 X89.234 Y97.466 E455.26558
G1 X85.792 Y100.828 E455.48962
G1 X82.813 Y104.054 E455.69409
G1 X80.337 Y107.195 E455.88032
G1 X78.484 Y110.222 E456.04559
G1 X77.319 Y113.137 E456.19176
G1 X76.883 Y116.177 E456.33476
G1 X76.82 Y116.764 E456.36225
G1 X76.725 Y118.705 E456.45274
G1 X76.915 Y121.387 E456.57794
G1 X77.655 Y124.286 E456.71726
G1 X79.223 Y126.926 E456.86024
G1 X81.897 Y128.855 E457.01377
G1 X85.972 Y129.609 E457.20674
G1 X87.535 Y129.37 E457.28036
G1 X88.967 Y128.729 E457.35342
G1 X90.218 Y127.83 E457.42515
G1 X91.272 Y126.78 E457.49443
G1 X92.051 Y125.75 E457.55456
G1 X92.549 Y124.851 E457.60241
G1 X92.607 Y124.653 E457.61202
G1 X92.768 Y124.54 E457.62118
G1 X93.091 Y124.539 E457.63622
G1 X93.191 Y124.607 E457.64185
G1 X93.276 Y124.853 E457.65397
G1 X93.773 Y125.75 E457.70172
G1 X94.552 Y126.78 E457.76186
G1 X95.606 Y127.83 E457.83113
G1 X96.857 Y128.729 E457.90286
G1 X98.293 Y129.37 E457.97609
G1 X99.852 Y129.609 E458.04953
G0 F9000 X99.84 Y128.837
;TYPE:SKIN
G1 F1500 X98.51 Y128.634 E458.11218
G1 X97.233 Y128.061 E458.17735
G1 X96.098 Y127.246 E458.24242
G1 X95.136 Y126.288 E458.30564
G1 X94.405 Y125.322 E458.36204
G1 X93.986 Y124.566 E458.40229
G1 X93.93 Y124.381 E458.41129
G1 X93.76 Y124.099 E458.42662
G1 X93.441 Y123.869 E458.44494
G1 X93.157 Y123.784 E458.45874
G1 X92.668 Y123.783 E458.48151
G1 X92.412 Y123.856 E458.49391
G1 X92.152 Y124.017 E458.50815
G1 X91.974 Y124.219 E458.52068
G1 X91.838 Y124.558 E458.53769
G1 X91.419 Y125.322 E458.57827
G1 X90.689 Y126.287 E458.63461
G1 X89.722 Y127.246 E458.69802
G1 X88.587 Y128.061 E458.76309
G1 X87.314 Y128.634 E458.82809
G1 X85.98 Y128.837 E458.89092
G1 X82.205 Y128.139 E459.06968
G1 X79.795 Y126.398 E459.20812
G1 X78.363 Y123.99 E459.33858
G1 X77.667 Y121.267 E459.46945
G1 X77.485 Y118.689 E459.58979
G1 X77.576 Y116.812 E459.67729
G1 X77.635 Y116.278 E459.70231
G1 X78.055 Y113.333 E459.84083
G1 X79.164 Y110.571 E459.97942
G1 X80.961 Y107.631 E460.13987
G1 X83.401 Y104.538 E460.32331
G1 X86.328 Y101.364 E460.52435
G1 X89.818 Y97.962 E460.7513
G1 X92.913 Y95.124 E460.94683
G1 X95.946 Y97.898 E461.13822
G1 X99.472 Y101.34 E461.36766
G1 X102.419 Y104.538 E461.57016
G1 X104.863 Y107.631 E461.75372
G1 X106.66 Y110.57 E461.91413
G1 X107.765 Y113.332 E462.05265
G1 X108.205 Y116.458 E462.19964
G1 X108.244 Y116.789 E462.21516
G1 X108.335 Y118.693 E462.30392
G1 X108.157 Y121.267 E462.42406
G1 X107.457 Y123.99 E462.55498
G1 X106.029 Y126.398 E462.68534
G1 X103.615 Y128.139 E462.82393
G1 X99.84 Y128.837 E463.00269
G1 F1500 E456.50269
G0 F9000 X99.8 Y129.093
G0 X103.833 Y128.623
G0 X106.413 Y126.76
G0 X107.94 Y124.189
G0 X108.853 Y118.713
G0 X108.265 Y113.204
G0 X105.282 Y107.335
G0 X96.422 Y97.647
G0 X92.914 Y94.419
G0 X82.997 Y104.223
G0 X78.71 Y110.329
G0 X77.564 Y113.204
G0 X77.16 Y121.347
G0 X77.573 Y122.958
G0 X78.826 Y125.278
G0 X79.222 Y125.043
G1 F1500 E463.00269
G1 X81.725 Y127.545 E463.16748
G0 F9000 X81.455 Y127.919
G0 X81.997 Y128.248
G0 X82.705 Y128.496
G0 X82.789 Y128.044
G1 F1500 X78.513 Y123.768 E463.44907
G0 F9000 X78.318 Y123.008
G1 F1500 X83.482 Y128.172 E463.78912
G0 F9000 X84.177 Y128.3
G1 F1500 X78.124 Y122.247 E464.18772
G0 F9000 X77.93 Y121.487
G1 F1500 X84.87 Y128.428 E464.64477
G0 F9000 X85.564 Y128.556
G1 F1500 X77.836 Y120.828 E465.15367
G0 F9000 X77.793 Y120.219
G1 F1500 X86.178 Y128.604 E465.70584
G0 F9000 X86.669 Y128.529
G1 F1500 X77.75 Y119.611 E466.29313
G0 F9000 X77.707 Y119.002
G1 F1500 X87.159 Y128.454 E466.91557
G0 F9000 X87.57 Y128.299
G1 F1500 X77.697 Y118.426 E467.56572
G0 F9000 X77.723 Y117.887
G1 F1500 X87.96 Y128.124 E468.23984
G0 F9000 X88.35 Y127.948
G1 F1500 X77.749 Y117.347 E468.93794
G0 F9000 X77.777 Y116.809
G1 F1500 X88.701 Y127.733 E469.6573
G0 F9000 X89.03 Y127.496
G1 F1500 X77.833 Y116.3 E470.39461
G0 F9000 X77.904 Y115.805
G1 F1500 X89.358 Y127.259 E471.14888
G0 F9000 X89.675 Y127.01
G1 F1500 X77.975 Y115.31 E471.91934
G0 F9000 X78.045 Y114.815
G1 F1500 X89.959 Y126.728 E472.70386
G0 F9000 X90.243 Y126.447
G1 F1500 X78.116 Y114.32 E473.50245
G0 F9000 X78.187 Y113.825
G1 F1500 X90.527 Y126.165 E474.31506
G0 F9000 X90.773 Y125.845
G1 F1500 X78.268 Y113.34 E475.13853
G0 F9000 X78.429 Y112.936
G1 F1500 X91.017 Y125.523 E475.96744
G0 F9000 X91.258 Y125.2
G1 F1500 X78.591 Y112.533 E476.80159
G0 F9000 X78.753 Y112.129
G1 F1500 X91.459 Y124.834 E477.63826
G0 F9000 X91.659 Y124.468
G1 F1500 X78.915 Y111.725 E478.47745
G0 F9000 X79.077 Y111.321
G1 F1500 X91.835 Y124.079 E479.31758
G0 F9000 X92.121 Y123.8
G1 F1500 X79.239 Y110.917 E480.16592
G0 F9000 X79.421 Y110.534
G1 F1500 X92.508 Y123.621 E481.02772
G0 F9000 X93.035 Y123.582
G1 F1500 X79.635 Y110.182 E481.91013
G0 F9000 X79.85 Y109.831
G1 F1500 X98.37 Y128.351 E483.1297
G0 F9000 X99.106 Y128.522
G1 F1500 X80.064 Y109.48 E484.38365
G0 F9000 X80.279 Y109.129
G1 F1500 X99.774 Y128.624 E485.66743
G0 F9000 X100.269 Y128.553
G1 F1500 X80.494 Y108.778 E486.96965
G0 F9000 X80.708 Y108.427
G1 F1500 X100.747 Y128.466 E488.28925
G0 F9000 X101.224 Y128.377
G1 F1500 X80.923 Y108.076 E489.62611
G0 F9000 X81.14 Y107.727
G1 F1500 X101.702 Y128.289 E490.98015
G0 F9000 X102.179 Y128.201
G1 F1500 X81.389 Y107.41 E492.34924
G0 F9000 X81.638 Y107.094
G1 F1500 X102.657 Y128.113 E493.73338
G0 F9000 X103.134 Y128.025
G1 F1500 X81.888 Y106.778 E495.13249
G0 F9000 X82.138 Y106.462
G1 F1500 X103.588 Y127.912 E496.54501
G0 F9000 X103.916 Y127.675
G1 F1500 X82.386 Y106.145 E497.9628
G0 F9000 X82.636 Y105.829
G1 F1500 X104.245 Y127.438 E499.38579
G0 F9000 X104.573 Y127.201
G1 F1500 X82.886 Y105.513 E500.81395
G0 F9000 X83.135 Y105.197
G1 F1500 X104.902 Y126.964 E502.24734
G0 F9000 X105.23 Y126.726
G1 F1500 X83.384 Y104.88 E503.68594
G0 F9000 X83.641 Y104.571
G1 F1500 X105.559 Y126.489 E505.12928
G0 F9000 X105.884 Y126.249
G1 F1500 X83.912 Y104.277 E506.57617
G0 F9000 X84.184 Y103.983
G1 F1500 X106.095 Y125.894 E508.01905
G0 F9000 X106.306 Y125.539
G1 F1500 X84.455 Y103.689 E509.45794
G0 F9000 X84.726 Y103.394
G1 F1500 X106.516 Y125.184 E510.89285
G0 F9000 X106.727 Y124.829
G1 F1500 X84.998 Y103.1 E512.32374
G0 F9000 X85.269 Y102.806
G1 F1500 X106.938 Y124.474 E513.75065
G0 F9000 X107.149 Y124.119
G1 F1500 X85.541 Y102.511 E515.17357
G0 F9000 X85.812 Y102.217
G1 F1500 X107.319 Y123.724 E516.58985
G0 F9000 X107.435 Y123.274
G1 F1500 X86.084 Y101.923 E517.99585
G0 F9000 X86.355 Y101.628
G1 F1500 X107.551 Y122.824 E519.39164
G0 F9000 X107.666 Y122.374
G1 F1500 X86.635 Y101.343 E520.77657
G0 F9000 X86.923 Y101.065
G1 F1500 X107.782 Y121.924 E522.15017
G0 F9000 X107.898 Y121.475
G1 F1500 X87.209 Y100.785 E523.51261
G0 F9000 X87.495 Y100.506
G1 F1500 X107.977 Y120.987 E524.86135
G0 F9000 X108.013 Y120.458
G1 F1500 X87.782 Y100.227 E526.19359
G0 F9000 X88.068 Y99.947
G1 F1500 X108.049 Y119.929 E527.50941
G0 F9000 X108.086 Y119.4
G1 F1500 X88.354 Y99.668 E528.80879
G0 F9000 X88.641 Y99.389
G1 F1500 X108.123 Y118.871 E530.09172
G0 F9000 X108.117 Y118.299
G1 F1500 X88.927 Y99.11 E531.35538
G0 F9000 X89.214 Y98.83
G1 F1500 X108.088 Y117.705 E532.5983
G0 F9000 X108.06 Y117.111
G1 F1500 X89.5 Y98.551 E533.8205
G0 F9000 X89.786 Y98.272
G1 F1500 X108.008 Y116.494 E535.02045
G0 F9000 X107.916 Y115.835
G1 F1500 X90.077 Y97.997 E536.19515
G0 F9000 X90.372 Y97.726
G1 F1500 X107.823 Y115.177 E537.34433
G0 F9000 X107.731 Y114.519
G1 F1500 X90.667 Y97.455 E538.46802
G0 F9000 X90.962 Y97.185
G1 F1500 X107.637 Y113.86 E539.5661
G0 F9000 X107.466 Y113.123
G1 F1500 X91.257 Y96.914 E540.63349
G0 F9000 X91.552 Y96.643
G1 F1500 X107.089 Y112.18 E541.65663
G0 F9000 X107.516 Y112.01
G0 X107.139 Y111.068
G0 X106.712 Y111.238
G1 F1500 X91.848 Y96.373 E542.63548
G0 F9000 X92.142 Y96.102
G1 F1500 X106.136 Y110.096 E543.55701
G0 F9000 X106.53 Y109.856
G0 X105.638 Y108.399
G0 X105.245 Y108.639
G1 F1500 X92.438 Y95.832 E544.40037
G0 F9000 X92.733 Y95.561
G1 F1500 X103.874 Y106.702 E545.13403
G0 F9000 X104.236 Y106.418
G0 X100.989 Y102.6
G0 X100.649 Y102.912
G1 F1500 X95.478 Y97.741 E545.47455
G1 F1500 E538.97455
G0 F9000 X95.785 Y97.407
G0 X99.622 Y101.207
G0 X102.584 Y104.419
G0 X105.026 Y107.517
G0 X106.837 Y110.475
G0 X107.959 Y113.282
G0 X108.445 Y116.788
G0 X108.537 Y118.699
G0 X108.357 Y121.297
G0 X107.645 Y124.069
G0 X106.178 Y126.538
G0 X103.7 Y128.326
G0 X99.843 Y129.039
G0 X98.453 Y128.827
G0 X97.138 Y128.24
G0 X95.971 Y127.401
G0 X95.165 Y126.598
G0 X94.055 Y125.226
G0 X94.457 Y125.004
G1 F1500 E545.47455
G1 X97.346 Y127.893 E545.66479
G1 F1500 E539.16479
G0 F9000 X97.158 Y128.315
G0 X98.453 Y128.827
G0 X99.843 Y129.039
G0 X103.7 Y128.326
G0 X106.178 Y126.538
G0 X107.958 Y124.197
G0 X109.017 Y124.468
G0 X112.632 Y123.697
G0 X120.15 Y125.567
;TYPE:WALL-INNER
G1 F1500 E545.66479
G1 X121.593 Y125.347 E545.73276
G1 X122.939 Y124.745 E545.80142
G1 X124.134 Y123.888 E545.86989
G1 X125.138 Y122.885 E545.93597
G1 X125.883 Y121.9 E545.99348
G1 X126.346 Y121.063 E546.03802
G1 X126.45 Y120.78 E546.05206
G1 X126.692 Y120.564 E546.06716
G1 X126.897 Y120.506 E546.07709
G1 X127.267 Y120.502 E546.09431
G1 X127.472 Y120.561 E546.10425
G1 X127.612 Y120.655 E546.1121
G1 X127.759 Y120.86 E546.12385
G1 X127.82 Y121.059 E546.13354
G1 X128.285 Y121.9 E546.17829
G1 X129.03 Y122.885 E546.23579
G1 X130.034 Y123.888 E546.30188
G1 X131.229 Y124.745 E546.37035
G1 X132.575 Y125.347 E546.43901
G1 X134.018 Y125.567 E546.50698
G1 X137.938 Y124.842 E546.6926
G1 X140.471 Y123.014 E546.83806
G1 X141.968 Y120.495 E546.9745
G1 X142.689 Y117.687 E547.1095
G1 X142.871 Y115.065 E547.23188
G1 X142.777 Y113.141 E547.32158
G1 X142.709 Y112.6 E547.34697
G1 X142.287 Y109.608 E547.48767
G1 X141.153 Y106.766 E547.63015
G1 X139.33 Y103.788 E547.79273
G1 X136.879 Y100.678 E547.97712
G1 X133.909 Y97.459 E548.18106
G1 X130.479 Y94.113 E548.40418
G1 X127.084 Y91.002 E548.6186
G1 X123.681 Y94.121 E548.83355
G1 X120.247 Y97.471 E549.05693
G1 X117.289 Y100.678 E549.26009
G1 X114.838 Y103.788 E549.44447
G1 X113.015 Y106.766 E549.60706
G1 X111.88 Y109.609 E549.7496
G1 X111.452 Y112.597 E549.89015
G1 X111.387 Y113.161 E549.91659
G1 X111.297 Y115.065 E550.00534
G1 X111.479 Y117.687 E550.12773
G1 X112.2 Y120.495 E550.26272
G1 X113.697 Y123.014 E550.39917
G1 X116.23 Y124.842 E550.54462
G1 X120.15 Y125.567 E550.73025
G0 F9000 X120.144 Y125.973
;TYPE:WALL-OUTER
G1 F1500 X121.707 Y125.734 E550.80388
G1 X123.139 Y125.093 E550.87693
G1 X124.394 Y124.194 E550.94881
G1 X125.44 Y123.148 E551.0177
G1 X126.219 Y122.118 E551.07783
G1 X126.72 Y121.213 E551.126
G1 X126.775 Y121.017 E551.13548
G1 X126.901 Y120.911 E551.14314
G1 X127.228 Y120.9 E551.15838
G1 X127.327 Y120.938 E551.16332
G1 X127.394 Y121.024 E551.16839
G1 X127.447 Y121.211 E551.17744
G1 X127.949 Y122.118 E551.22571
G1 X128.728 Y123.148 E551.28585
G1 X129.774 Y124.194 E551.35473
G1 X131.029 Y125.093 E551.42661
G1 X132.461 Y125.734 E551.49967
G1 X134.024 Y125.973 E551.57329
G1 X138.099 Y125.219 E551.76626
G1 X140.773 Y123.29 E551.91979
G1 X142.341 Y120.65 E552.06277
G1 X143.085 Y117.751 E552.20213
G1 X143.271 Y115.069 E552.32732
G1 X143.176 Y113.106 E552.41883
G1 X143.096 Y112.483 E552.44808
G1 X142.677 Y109.504 E552.58816
G1 X141.512 Y106.586 E552.73446
G1 X139.659 Y103.559 E552.89973
G1 X137.183 Y100.418 E553.08596
G1 X134.196 Y97.18 E553.29109
G1 X130.754 Y93.822 E553.515
G1 X127.084 Y90.46 E553.74676
G1 X123.406 Y93.83 E553.97904
G1 X119.96 Y97.192 E554.20322
G1 X116.985 Y100.418 E554.40756
G1 X114.509 Y103.559 E554.5938
G1 X112.656 Y106.586 E554.75906
G1 X111.491 Y109.505 E554.90541
G1 X111.055 Y112.546 E555.04846
G1 X110.988 Y113.129 E555.07578
G1 X110.897 Y115.069 E555.16621
G1 X111.083 Y117.751 E555.2914
G1 X111.827 Y120.65 E555.43076
G1 X113.395 Y123.29 E555.57374
G1 X116.069 Y125.219 E555.72727
G1 X120.144 Y125.973 E555.92024
G0 F9000 X120.152 Y125.201
;TYPE:SKIN
G1 F1500 X116.377 Y124.503 E556.099
G1 X113.967 Y122.762 E556.23744
G1 X112.535 Y120.354 E556.36789
G1 X111.835 Y117.631 E556.49881
G1 X111.657 Y115.057 E556.61895
G1 X111.744 Y113.2 E556.70552
G1 X111.807 Y112.638 E556.73185
G1 X112.227 Y109.701 E556.87
G1 X113.336 Y106.931 E557.00894
G1 X115.133 Y103.995 E557.16922
G1 X117.573 Y100.902 E557.35267
G1 X120.496 Y97.728 E557.55359
G1 X123.922 Y94.386 E557.77645
G1 X127.083 Y91.488 E557.97613
G1 X130.226 Y94.37 E558.1747
G1 X133.644 Y97.704 E558.39703
G1 X136.591 Y100.902 E558.59953
G1 X139.035 Y103.995 E558.78309
G1 X140.832 Y106.93 E558.94333
G1 X141.937 Y109.7 E559.0822
G1 X142.416 Y113.187 E559.24609
G1 X142.507 Y115.057 E559.33327
G1 X142.329 Y117.631 E559.45341
G1 X141.629 Y120.354 E559.58433
G1 X140.201 Y122.762 E559.71469
G1 X137.787 Y124.503 E559.85328
G1 X134.012 Y125.201 E560.03204
G1 X132.678 Y124.998 E560.09487
G1 X131.405 Y124.425 E560.15988
G1 X130.274 Y123.614 E560.22468
G1 X129.304 Y122.648 E560.28843
G1 X128.581 Y121.69 E560.34431
G1 X128.154 Y120.922 E560.38523
G1 X128.098 Y120.736 E560.39427
G1 X127.864 Y120.364 E560.41474
G1 X127.397 Y120.135 E560.43896
G1 X126.748 Y120.155 E560.46919
G1 X126.44 Y120.295 E560.48495
G1 X126.141 Y120.582 E560.50424
G1 X126.01 Y120.923 E560.52125
G1 X125.583 Y121.69 E560.56213
G1 X124.86 Y122.648 E560.61802
G1 X123.894 Y123.614 E560.68163
G1 X122.759 Y124.425 E560.74659
G1 X121.486 Y124.998 E560.81159
G1 X120.152 Y125.201 E560.87442
G0 F9000 X120.104 Y125.456
G0 X116.296 Y124.69
G0 X113.691 Y122.807
G0 X114.087 Y122.572
G1 F1500 X114.194 Y122.679 E560.88147
G0 F9000 X113.923 Y123.054
G0 X112.863 Y121.413
G0 X113.258 Y121.178
G1 F1500 X116.233 Y124.152 E561.07734
G0 F9000 X117.075 Y124.429
G1 F1500 X112.653 Y120.007 E561.36854
G0 F9000 X112.456 Y119.244
G1 F1500 X117.769 Y124.557 E561.71841
G0 F9000 X118.463 Y124.686
G1 F1500 X112.26 Y118.482 E562.12692
G0 F9000 X112.064 Y117.721
G1 F1500 X119.157 Y124.814 E562.59401
G0 F9000 X119.85 Y124.942
G1 F1500 X111.997 Y117.088 E563.11117
G0 F9000 X111.956 Y116.481
G1 F1500 X120.43 Y124.956 E563.66923
G0 F9000 X120.921 Y124.881
G1 F1500 X111.913 Y115.873 E564.26243
G0 F9000 X111.871 Y115.265
G1 F1500 X121.412 Y124.806 E564.89072
G0 F9000 X121.806 Y124.634
G1 F1500 X111.873 Y114.702 E565.54479
G0 F9000 X111.898 Y114.161
G1 F1500 X122.196 Y124.459 E566.22293
G0 F9000 X122.586 Y124.283
G1 F1500 X111.924 Y113.621 E566.92504
G0 F9000 X111.957 Y113.088
G1 F1500 X122.928 Y124.059 E567.6475
G0 F9000 X123.257 Y123.823
G1 F1500 X112.016 Y112.582 E568.38774
G0 F9000 X112.087 Y112.087
G1 F1500 X123.587 Y123.587 E569.14503
G0 F9000 X123.895 Y123.329
G1 F1500 X112.158 Y111.592 E569.91793
G0 F9000 X112.228 Y111.097
G1 F1500 X124.178 Y123.046 E570.70483
G0 F9000 X124.461 Y122.764
G1 F1500 X112.299 Y110.602 E571.50572
G0 F9000 X112.371 Y110.108
G1 F1500 X124.739 Y122.477 E572.32021
G0 F9000 X124.983 Y122.154
G1 F1500 X112.467 Y109.639 E573.14437
G0 F9000 X112.629 Y109.235
G1 F1500 X125.226 Y121.832 E573.97391
G0 F9000 X125.461 Y121.501
G1 F1500 X112.791 Y108.831 E574.80825
G0 F9000 X112.953 Y108.427
G1 F1500 X125.662 Y121.137 E575.64519
G0 F9000 X125.857 Y120.765
G1 F1500 X113.114 Y108.023 E576.4843
G0 F9000 X113.276 Y107.619
G1 F1500 X126.052 Y120.396 E577.32566
G0 F9000 X126.338 Y120.116
G1 F1500 X113.438 Y107.215 E578.17518
G0 F9000 X113.626 Y106.838
G1 F1500 X126.737 Y119.949 E579.03856
G0 F9000 X127.291 Y119.937
G1 F1500 X113.841 Y106.487 E579.92427
G0 F9000 X114.056 Y106.137
G1 F1500 X132.714 Y124.794 E581.15289
G0 F9000 X133.389 Y124.903
G1 F1500 X114.271 Y105.785 E582.41185
G0 F9000 X114.486 Y105.435
G1 F1500 X134.043 Y124.992 E583.69971
G0 F9000 X134.52 Y124.903
G1 F1500 X114.7 Y105.084 E585.00486
G0 F9000 X114.915 Y104.732
G1 F1500 X134.997 Y124.815 E586.32732
G0 F9000 X135.475 Y124.727
G1 F1500 X115.13 Y104.382 E587.66708
G0 F9000 X115.352 Y104.039
G1 F1500 X135.953 Y124.639 E589.02366
G0 F9000 X136.43 Y124.55
G1 F1500 X115.602 Y103.723 E590.39518
G0 F9000 X115.852 Y103.407
G1 F1500 X136.907 Y124.462 E591.78169
G0 F9000 X137.384 Y124.374
G1 F1500 X116.101 Y103.09 E593.18324
G0 F9000 X116.35 Y102.774
G1 F1500 X137.814 Y124.237 E594.59665
G0 F9000 X138.142 Y124
G1 F1500 X116.6 Y102.458 E596.01523
G0 F9000 X116.849 Y102.142
G1 F1500 X138.471 Y123.763 E597.43904
G0 F9000 X138.799 Y123.526
G1 F1500 X117.099 Y101.825 E598.86806
G0 F9000 X117.349 Y101.509
G1 F1500 X139.128 Y123.289 E600.30227
G0 F9000 X139.457 Y123.052
G1 F1500 X117.598 Y101.193 E601.74173
G0 F9000 X117.858 Y100.887
G1 F1500 X139.785 Y122.815 E603.18569
G0 F9000 X140.091 Y122.555
G1 F1500 X118.129 Y100.593 E604.63193
G0 F9000 X118.4 Y100.298
G1 F1500 X140.302 Y122.2 E606.07421
G0 F9000 X140.513 Y121.845
G1 F1500 X118.672 Y100.004 E607.51248
G0 F9000 X118.942 Y99.709
G1 F1500 X140.723 Y121.49 E608.94679
G0 F9000 X140.933 Y121.134
G1 F1500 X119.214 Y99.415 E610.37703
G0 F9000 X119.485 Y99.12
G1 F1500 X141.144 Y120.779 E611.80331
G0 F9000 X141.355 Y120.425
G1 F1500 X119.756 Y98.825 E613.22567
G0 F9000 X120.027 Y98.531
G1 F1500 X141.51 Y120.014 E614.64036
G0 F9000 X141.626 Y119.564
G1 F1500 X120.298 Y98.236 E616.04485
G0 F9000 X120.569 Y97.942
G1 F1500 X141.742 Y119.114 E617.4391
G0 F9000 X141.858 Y118.665
G1 F1500 X120.852 Y97.659 E618.82238
G0 F9000 X121.139 Y97.38
G1 F1500 X141.974 Y118.215 E620.1944
G0 F9000 X142.089 Y117.764
G1 F1500 X121.425 Y97.101 E621.55512
G0 F9000 X121.711 Y96.821
G1 F1500 X142.155 Y117.264 E622.90136
G0 F9000 X142.191 Y116.736
G1 F1500 X121.998 Y96.542 E624.23114
G0 F9000 X122.284 Y96.263
G1 F1500 X142.227 Y116.206 E625.54442
G0 F9000 X142.264 Y115.677
G1 F1500 X122.571 Y95.983 E626.84127
G0 F9000 X122.857 Y95.704
G1 F1500 X142.3 Y115.147 E628.12163
G0 F9000 X142.283 Y114.565
G1 F1500 X123.143 Y95.425 E629.38203
G0 F9000 X123.43 Y95.145
G1 F1500 X142.254 Y113.97 E630.62165
G0 F9000 X142.225 Y113.375
G1 F1500 X123.716 Y94.866 E631.8405
G0 F9000 X124.002 Y94.587
G1 F1500 X142.153 Y112.738 E633.03578
G0 F9000 X142.063 Y112.081
G1 F1500 X124.296 Y94.315 E634.20573
G0 F9000 X124.591 Y94.044
G1 F1500 X141.973 Y111.426 E635.35036
G0 F9000 X141.882 Y110.77
G1 F1500 X124.886 Y93.773 E636.46961
G0 F9000 X125.181 Y93.503
G1 F1500 X141.792 Y110.113 E637.56344
G0 F9000 X141.574 Y109.33
G1 F1500 X125.476 Y93.232 E638.62352
G0 F9000 X125.772 Y92.962
G1 F1500 X141.199 Y108.389 E639.63942
G0 F9000 X141.625 Y108.219
G0 X141.25 Y107.279
G0 X140.824 Y107.448
G1 F1500 X126.067 Y92.691 E640.61119
G0 F9000 X126.362 Y92.421
G1 F1500 X140.166 Y106.225 E641.52021
G0 F9000 X140.558 Y105.986
G0 X139.666 Y104.528
G0 X139.274 Y104.767
G1 F1500 X126.657 Y92.15 E642.35106
G0 F9000 X126.953 Y91.88
G1 F1500 X137.701 Y102.628 E643.05883
G0 F9000 X138.063 Y102.344
G0 X137.693 Y101.902
G0 X134.073 Y97.785
G0 X133.734 Y98.096
G1 F1500 X132.692 Y97.054 E643.12745
G1 F1500 E636.62745
G0 F9000 X133.013 Y96.725
G0 X136.756 Y100.783
G0 X139.198 Y103.881
G0 X141.009 Y106.839
G0 X142.131 Y109.65
G0 X142.617 Y113.155
G0 X142.709 Y115.063
G0 X142.529 Y117.661
G0 X141.817 Y120.432
G0 X140.35 Y122.902
G0 X137.872 Y124.69
G0 X134.015 Y125.403
G0 X132.621 Y125.191
G0 X131.31 Y124.604
G0 X130.139 Y123.765
G0 X129.339 Y122.967
G0 X128.115 Y121.385
G0 X128.517 Y121.163
G1 F1500 E643.12745
G1 X131.687 Y124.333 E643.3362
G1 F1500 E636.8362
;MESH:NONMESH
G0 F300 X131.687 Y124.333 Z1.12
G0 F9000 X131.498 Y124.754
G0 X129.921 Y124.016
G0 X129.149 Y124.791
G0 X121.954 Y126.571
G0 X120.315 Y126.822
G0 X107.369 Y127.331
G0 X99.846 Y129.203
;TIME_ELAPSED:701.606361
;LAYER:3
M106 S255
;TYPE:WALL-INNER
;MESH:tmpnqf7468lheart_box.stl
G1 F1500 E643.3362
G1 X103.766 Y128.478 E643.52183
G1 X106.299 Y126.65 E643.66728
G1 X107.796 Y124.131 E643.80373
G1 X108.517 Y121.323 E643.93872
G1 X108.699 Y118.701 E644.06111
G1 X108.605 Y116.774 E644.15094
G1 X108.541 Y116.23 E644.17645
G1 X108.116 Y113.24 E644.31707
G1 X106.981 Y110.402 E644.4594
G1 X105.158 Y107.424 E644.62199
G1 X102.707 Y104.314 E644.80637
G1 X99.737 Y101.095 E645.01031
G1 X96.307 Y97.748 E645.23347
G1 X92.912 Y94.635 E645.44795
G1 X89.509 Y97.756 E645.66296
G1 X86.079 Y101.107 E645.88624
G1 X83.117 Y104.314 E646.08952
G1 X80.666 Y107.424 E646.2739
G1 X78.843 Y110.402 E646.43649
G1 X77.708 Y113.241 E646.57886
G1 X77.28 Y116.227 E646.71932
G1 X77.219 Y116.795 E646.74592
G1 X77.126 Y118.701 E646.83478
G1 X77.311 Y121.323 E646.95717
G1 X78.028 Y124.131 E647.09212
G1 X79.525 Y126.65 E647.22857
G1 X82.058 Y128.478 E647.37402
G1 X85.978 Y129.203 E647.55965
G1 X87.421 Y128.983 E647.62762
G1 X88.767 Y128.381 E647.69627
G1 X89.958 Y127.524 E647.7646
G1 X90.97 Y126.516 E647.83111
G1 X91.715 Y125.532 E647.88858
G1 X92.176 Y124.699 E647.93291
G1 X92.232 Y124.512 E647.942
G1 X92.337 Y124.343 E647.95126
G1 X92.626 Y124.142 E647.96766
G1 X93.099 Y124.142 E647.98968
G1 X93.304 Y124.201 E647.99961
G1 X93.442 Y124.294 E648.00736
G1 X93.591 Y124.5 E648.0192
G1 X93.651 Y124.705 E648.02915
G1 X94.109 Y125.532 E648.07317
G1 X94.854 Y126.516 E648.13064
G1 X95.866 Y127.524 E648.19715
G1 X97.057 Y128.381 E648.26547
G1 X98.407 Y128.983 E648.3343
G1 X99.846 Y129.203 E648.40208
G0 F9000 X99.852 Y129.609
;TYPE:WALL-OUTER
G1 F1500 X103.927 Y128.855 E648.59505
G1 X106.601 Y126.926 E648.74858
G1 X108.169 Y124.286 E648.89156
G1 X108.913 Y121.387 E649.03092
G1 X109.099 Y118.705 E649.15611
G1 X109.004 Y116.741 E649.24767
G1 X108.937 Y116.178 E649.27407
G1 X108.505 Y113.136 E649.41714
G1 X107.34 Y110.222 E649.56327
G1 X105.487 Y107.195 E649.72853
G1 X103.011 Y104.054 E649.91477
G1 X100.024 Y100.816 E650.1199
G1 X96.582 Y97.458 E650.34381
G1 X92.912 Y94.092 E650.57569
G1 X89.234 Y97.466 E650.8081
G1 X85.792 Y100.828 E651.03214
G1 X82.813 Y104.054 E651.23661
G1 X80.337 Y107.195 E651.42285
G1 X78.484 Y110.222 E651.58811
G1 X77.319 Y113.137 E651.73428
G1 X76.883 Y116.177 E651.87729
G1 X76.82 Y116.764 E651.90478
G1 X76.725 Y118.705 E651.99527
G1 X76.915 Y121.387 E652.12046
G1 X77.655 Y124.286 E652.25978
G1 X79.223 Y126.926 E652.40276
G1 X81.897 Y128.855 E652.55629
G1 X85.972 Y129.609 E652.74926
G1 X87.535 Y129.37 E652.82289
G1 X88.967 Y128.729 E652.89594
G1 X90.218 Y127.83 E652.96767
G1 X91.272 Y126.78 E653.03695
G1 X92.051 Y125.75 E653.09708
G1 X92.549 Y124.851 E653.14494
G1 X92.607 Y124.653 E653.15455
G1 X92.768 Y124.54 E653.1637
G1 X93.091 Y124.539 E653.17874
G1 X93.191 Y124.607 E653.18438
G1 X93.276 Y124.853 E653.1965
G1 X93.773 Y125.75 E653.24425
G1 X94.552 Y126.78 E653.30438
G1 X95.606 Y127.83 E653.37366
G1 X96.857 Y128.729 E653.44539
G1 X98.293 Y129.37 E653.51861
G1 X99.852 Y129.609 E653.59206
G0 F9000 X99.84 Y128.837
;TYPE:SKIN
G1 F1500 X98.51 Y128.634 E653.6547
G1 X97.233 Y128.061 E653.71988
G1 X96.098 Y127.246 E653.78494
G1 X95.136 Y126.288 E653.84816
G1 X94.405 Y125.322 E653.90457
G1 X93.986 Y124.566 E653.94482
G1 X93.93 Y124.381 E653.95382
G1 X93.76 Y124.099 E653.96915
G1 X93.441 Y123.869 E653.98746
G1 X93.157 Y123.784 E654.00126
G1 X92.668 Y123.783 E654.02403
G1 X92.412 Y123.856 E654.03643
G1 X92.152 Y124.017 E654.05067
G1 X91.974 Y124.219 E654.06321
G1 X91.838 Y124.558 E654.08021
G1 X91.419 Y125.322 E654.12079
G1 X90.689 Y126.287 E654.17713
G1 X89.722 Y127.246 E654.24055
G1 X88.587 Y128.061 E654.30561
G1 X87.314 Y128.634 E654.37062
G1 X85.98 Y128.837 E654.43345
G1 X82.205 Y128.139 E654.61221
G1 X79.795 Y126.398 E654.75065
G1 X78.363 Y123.99 E654.8811
G1 X77.667 Y121.267 E655.01197
G1 X77.485 Y118.689 E655.13231
G1 X77.576 Y116.812 E655.21982
G1 X77.635 Y116.278 E655.24483
G1 X78.055 Y113.333 E655.38335
G1 X79.164 Y110.571 E655.52194
G1 X80.961 Y107.631 E655.68239
G1 X83.401 Y104.538 E655.86583
G1 X86.328 Y101.364 E656.06688
G1 X89.818 Y97.962 E656.29382
G1 X92.913 Y95.124 E656.48935
G1 X95.946 Y97.898 E656.68074
G1 X99.472 Y101.34 E656.91019
G1 X102.419 Y104.538 E657.11269
G1 X104.863 Y107.631 E657.29624
G1 X106.66 Y110.57 E657.45665
G1 X107.765 Y113.332 E657.59517
G1 X108.205 Y116.458 E657.74217
G1 X108.244 Y116.789 E657.75769
G1 X108.335 Y118.693 E657.84644
G1 X108.157 Y121.267 E657.96659
G1 X107.457 Y123.99 E658.0975
G1 X106.029 Y126.398 E658.22786
G1 X103.615 Y128.139 E658.36645
G1 X99.84 Y128.837 E658.54521
G0 F9000 X99.8 Y129.093
G0 X103.7 Y128.326
G0 X106.178 Y126.538
G0 X106.575 Y125.989
G0 X106.179 Y125.752
G1 F1500 X105.135 Y126.796 E658.61396
G0 F9000 X105.405 Y127.172
G0 X103.47 Y128.431
G0 X103.387 Y127.979
G1 F1500 X107.004 Y124.361 E658.85218
G0 F9000 X107.401 Y124.598
G0 X107.85 Y123.512
G0 X107.402 Y123.397
G1 F1500 X102.693 Y128.107 E659.16231
G0 F9000 X101.999 Y128.235
G1 F1500 X107.598 Y122.636 E659.53101
G0 F9000 X107.794 Y121.874
G1 F1500 X101.305 Y128.363 E659.95833
G0 F9000 X100.611 Y128.491
G1 F1500 X107.965 Y121.137 E660.4426
G0 F9000 X108.008 Y120.529
G1 F1500 X99.918 Y128.619 E660.97534
G0 F9000 X99.403 Y128.568
G1 F1500 X108.049 Y119.922 E661.54469
G0 F9000 X108.092 Y119.314
G1 F1500 X98.913 Y128.493 E662.14915
G0 F9000 X98.451 Y128.389
G1 F1500 X108.134 Y118.706 E662.78679
G0 F9000 X108.11 Y118.165
G1 F1500 X98.061 Y128.213 E663.4485
G0 F9000 X97.67 Y128.039
G1 F1500 X108.084 Y117.624 E664.13431
G0 F9000 X108.058 Y117.085
G1 F1500 X97.287 Y127.856 E664.8436
G0 F9000 X96.958 Y127.619
G1 F1500 X108.016 Y116.562 E665.57176
G0 F9000 X107.948 Y116.064
G1 F1500 X96.629 Y127.382 E666.3171
G0 F9000 X96.3 Y127.146
G1 F1500 X107.878 Y115.568 E667.07953
G0 F9000 X107.808 Y115.072
G1 F1500 X96.007 Y126.873 E667.85664
G0 F9000 X95.723 Y126.591
G1 F1500 X107.738 Y114.577 E668.64782
G0 F9000 X107.668 Y114.081
G1 F1500 X95.44 Y126.309 E669.45305
G0 F9000 X95.175 Y126.008
G1 F1500 X107.598 Y113.585 E670.27113
G0 F9000 X107.474 Y113.143
G1 F1500 X94.931 Y125.686 E671.09711
G0 F9000 X94.688 Y125.364
G1 F1500 X107.312 Y112.74 E671.92842
G0 F9000 X107.151 Y112.335
G1 F1500 X94.466 Y125.02 E672.76375
G0 F9000 X94.265 Y124.655
G1 F1500 X106.989 Y111.931 E673.60165
G0 F9000 X106.828 Y111.527
G1 F1500 X94.091 Y124.263 E674.44037
G0 F9000 X93.861 Y123.928
G1 F1500 X106.666 Y111.123 E675.2836
G0 F9000 X106.504 Y110.719
G1 F1500 X93.534 Y123.689 E676.13769
G0 F9000 X93.075 Y123.582
G1 F1500 X106.297 Y110.36 E677.00839
G0 F9000 X106.082 Y110.01
G1 F1500 X92.455 Y123.637 E677.90575
G0 F9000 X92.497 Y124.058
G0 X92.113 Y124.579
G0 X91.683 Y124.409
G1 F1500 X87.973 Y128.119 E678.15006
G0 F9000 X87.055 Y128.471
G1 F1500 X105.868 Y109.658 E679.38893
G0 F9000 X105.653 Y109.307
G1 F1500 X86.388 Y128.573 E680.65759
G0 F9000 X85.795 Y128.6
G1 F1500 X105.438 Y108.957 E681.95112
G0 F9000 X105.224 Y108.605
G1 F1500 X85.317 Y128.512 E683.26203
G0 F9000 X84.84 Y128.423
G1 F1500 X105.009 Y108.255 E684.59016
G0 F9000 X104.794 Y107.904
G1 F1500 X84.363 Y128.335 E685.93557
G0 F9000 X83.885 Y128.247
G1 F1500 X104.56 Y107.572 E687.29706
G0 F9000 X104.31 Y107.256
G1 F1500 X83.407 Y128.159 E688.67355
G0 F9000 X82.93 Y128.07
G1 F1500 X104.061 Y106.94 E690.06503
G0 F9000 X103.811 Y106.624
G1 F1500 X82.453 Y127.982 E691.4715
G0 F9000 X82.072 Y127.797
G1 F1500 X103.561 Y106.308 E692.88658
G0 F9000 X103.312 Y105.992
G1 F1500 X81.744 Y127.56 E694.30687
G0 F9000 X81.416 Y127.322
G1 F1500 X103.062 Y105.676 E695.7323
G0 F9000 X102.813 Y105.36
G1 F1500 X81.087 Y127.085 E697.16296
G0 F9000 X80.759 Y126.848
G1 F1500 X102.563 Y105.044 E698.59879
G0 F9000 X102.313 Y104.727
G1 F1500 X80.431 Y126.61 E700.03979
G0 F9000 X80.102 Y126.373
G1 F1500 X102.046 Y104.429 E701.48484
G0 F9000 X101.775 Y104.135
G1 F1500 X79.836 Y126.074 E702.92956
G0 F9000 X79.625 Y125.719
G1 F1500 X101.504 Y103.84 E704.37033
G0 F9000 X101.232 Y103.546
G1 F1500 X79.414 Y125.364 E705.80708
G0 F9000 X79.203 Y125.009
G1 F1500 X100.961 Y103.251 E707.23988
G0 F9000 X100.69 Y102.957
G1 F1500 X78.992 Y124.654 E708.6687
G0 F9000 X78.781 Y124.3
G1 F1500 X100.418 Y102.663 E710.09353
G0 F9000 X100.148 Y102.368
G1 F1500 X78.57 Y123.945 E711.51445
G0 F9000 X78.446 Y123.503
G1 F1500 X99.876 Y102.074 E712.92562
G0 F9000 X99.605 Y101.779
G1 F1500 X78.331 Y123.053 E714.32655
G0 F9000 X78.216 Y122.602
G1 F1500 X99.334 Y101.485 E715.71717
G0 F9000 X99.049 Y101.204
G1 F1500 X78.101 Y122.152 E717.09663
G0 F9000 X77.985 Y121.702
G1 F1500 X98.762 Y100.925 E718.46483
G0 F9000 X98.476 Y100.645
G1 F1500 X77.87 Y121.251 E719.82177
G0 F9000 X77.83 Y120.726
G1 F1500 X98.19 Y100.366 E721.16252
G0 F9000 X97.903 Y100.087
G1 F1500 X77.792 Y120.198 E722.48686
G0 F9000 X77.755 Y119.669
G1 F1500 X97.617 Y99.807 E723.79481
G0 F9000 X97.33 Y99.528
G1 F1500 X77.717 Y119.141 E725.08636
G0 F9000 X77.689 Y118.604
G1 F1500 X97.045 Y99.248 E726.36098
G0 F9000 X96.758 Y98.969
G1 F1500 X77.718 Y118.009 E727.6148
G0 F9000 X77.746 Y117.415
G1 F1500 X96.472 Y98.689 E728.84794
G0 F9000 X96.186 Y98.41
G1 F1500 X77.776 Y116.82 E730.06027
G0 F9000 X77.851 Y116.179
G1 F1500 X95.899 Y98.131 E731.24876
G0 F9000 X95.606 Y97.858
G1 F1500 X77.946 Y115.519 E732.41173
G0 F9000 X78.04 Y114.859
G1 F1500 X95.311 Y97.588 E733.54906
G0 F9000 X95.016 Y97.317
G1 F1500 X78.134 Y114.199 E734.66077
G0 F9000 X78.228 Y113.539
G1 F1500 X94.72 Y97.047 E735.74679
G0 F9000 X94.425 Y96.777
G1 F1500 X78.54 Y112.661 E736.79281
G0 F9000 X78.117 Y112.491
G0 X78.494 Y111.546
G0 X78.919 Y111.717
G1 F1500 X94.129 Y96.507 E737.79442
G0 F9000 X93.834 Y96.237
G1 F1500 X79.299 Y110.771 E738.75154
G0 F9000 X78.873 Y110.6
G0 X79.736 Y109.135
G0 X80.129 Y109.376
G1 F1500 X93.538 Y95.966 E739.63458
G0 F9000 X93.243 Y95.696
G1 F1500 X81.018 Y107.921 E740.43962
G0 F9000 X80.626 Y107.68
G0 X82.621 Y105.106
G0 X82.983 Y105.391
G1 F1500 X92.948 Y95.425 E741.09586
G1 F1500 E734.59586
G0 F9000 X93.258 Y95.089
G0 X92.912 Y94.866
G0 X89.566 Y97.924
G0 X86.194 Y101.219
G0 X83.239 Y104.419
G0 X80.798 Y107.516
G0 X78.987 Y110.475
G0 X77.865 Y113.283
G0 X77.379 Y116.808
G0 X77.287 Y118.699
G0 X77.47 Y121.297
G0 X78.179 Y124.069
G0 X79.646 Y126.538
G0 X82.124 Y128.326
G0 X85.981 Y129.039
G0 X87.375 Y128.827
G0 X88.686 Y128.24
G0 X89.631 Y127.56
G0 X91.016 Y126.288
G0 X90.648 Y126.009
G1 F1500 E741.09586
G1 X89.496 Y127.162 E741.17175
G1 F1500 E734.67175
G0 F9000 X89.766 Y127.539
G0 X87.465 Y129.129
G0 X85.978 Y129.358
G0 X81.996 Y128.623
G0 X79.415 Y126.76
G0 X77.889 Y124.189
G0 X76.976 Y118.713
G0 X77.564 Y113.204
G0 X80.546 Y107.335
G0 X89.416 Y97.638
G0 X92.914 Y94.419
G0 X102.831 Y104.223
G0 X107.118 Y110.329
G0 X108.668 Y116.025
G0 X108.669 Y119.043
G0 X107.958 Y124.197
G0 X109.017 Y124.468
G0 X112.632 Y123.697
G0 X120.15 Y125.567
;TYPE:WALL-INNER
G1 F1500 E741.17175
G1 X121.593 Y125.347 E741.23972
G1 X122.939 Y124.745 E741.30838
G1 X124.134 Y123.888 E741.37686
G1 X125.138 Y122.885 E741.44294
G1 X125.883 Y121.9 E741.50045
G1 X126.346 Y121.063 E741.54498
G1 X126.45 Y120.78 E741.55902
G1 X126.692 Y120.564 E741.57413
G1 X126.897 Y120.506 E741.58405
G1 X127.267 Y120.502 E741.60128
G1 X127.472 Y120.561 E741.61121
G1 X127.612 Y120.655 E741.61906
G1 X127.759 Y120.86 E741.63081
G1 X127.82 Y121.059 E741.6405
G1 X128.285 Y121.9 E741.68525
G1 X129.03 Y122.885 E741.74276
G1 X130.034 Y123.888 E741.80884
G1 X131.229 Y124.745 E741.87731
G1 X132.575 Y125.347 E741.94597
G1 X134.018 Y125.567 E742.01394
G1 X137.938 Y124.842 E742.19957
G1 X140.471 Y123.014 E742.34502
G1 X141.968 Y120.495 E742.48147
G1 X142.689 Y117.687 E742.61646
G1 X142.871 Y115.065 E742.73885
G1 X142.777 Y113.141 E742.82854
G1 X142.709 Y112.6 E742.85393
G1 X142.287 Y109.608 E742.99463
G1 X141.153 Y106.766 E743.13711
G1 X139.33 Y103.788 E743.2997
G1 X136.879 Y100.678 E743.48408
G1 X133.909 Y97.459 E743.68802
G1 X130.479 Y94.113 E743.91115
G1 X127.084 Y91.002 E744.12557
G1 X123.681 Y94.121 E744.34051
G1 X120.247 Y97.471 E744.5639
G1 X117.289 Y100.678 E744.76705
G1 X114.838 Y103.788 E744.95143
G1 X113.015 Y106.766 E745.11402
G1 X111.88 Y109.609 E745.25656
G1 X111.452 Y112.597 E745.39712
G1 X111.387 Y113.161 E745.42355
G1 X111.297 Y115.065 E745.51231
G1 X111.479 Y117.687 E745.63469
G1 X112.2 Y120.495 E745.76969
G1 X113.697 Y123.014 E745.90613
G1 X116.23 Y124.842 E746.05159
G1 X120.15 Y125.567 E746.23721
G0 F9000 X120.144 Y125.973
;TYPE:WALL-OUTER
G1 F1500 X121.707 Y125.734 E746.31084
G1 X123.139 Y125.093 E746.38389
G1 X124.394 Y124.194 E746.45578
G1 X125.44 Y123.148 E746.52466
G1 X126.219 Y122.118 E746.58479
G1 X126.72 Y121.213 E746.63296
G1 X126.775 Y121.017 E746.64244
G1 X126.901 Y120.911 E746.65011
G1 X127.228 Y120.9 E746.66534
G1 X127.327 Y120.938 E746.67028
G1 X127.394 Y121.024 E746.67536
G1 X127.447 Y121.211 E746.68441
G1 X127.949 Y122.118 E746.73268
G1 X128.728 Y123.148 E746.79281
G1 X129.774 Y124.194 E746.86169
G1 X131.029 Y125.093 E746.93358
G1 X132.461 Y125.734 E747.00663
G1 X134.024 Y125.973 E747.08026
G1 X138.099 Y125.219 E747.27323
G1 X140.773 Y123.29 E747.42676
G1 X142.341 Y120.65 E747.56973
G1 X143.085 Y117.751 E747.7091
G1 X143.271 Y115.069 E747.83428
G1 X143.176 Y113.106 E747.9258
G1 X143.096 Y112.483 E747.95504
G1 X142.677 Y109.504 E748.09512
G1 X141.512 Y106.586 E748.24143
G1 X139.659 Y103.559 E748.40669
G1 X137.183 Y100.418 E748.59293
G1 X134.196 Y97.18 E748.79806
G1 X130.754 Y93.822 E749.02197
G1 X127.084 Y90.46 E749.25372
G1 X123.406 Y93.83 E749.48601
G1 X119.96 Y97.192 E749.71018
G1 X116.985 Y100.418 E749.91452
G1 X114.509 Y103.559 E750.10076
G1 X112.656 Y106.586 E750.26602
G1 X111.491 Y109.505 E750.41237
G1 X111.055 Y112.546 E750.55542
G1 X110.988 Y113.129 E750.58274
G1 X110.897 Y115.069 E750.67318
G1 X111.083 Y117.751 E750.79836
G1 X111.827 Y120.65 E750.93773
G1 X113.395 Y123.29 E751.0807
G1 X116.069 Y125.219 E751.23423
G1 X120.144 Y125.973 E751.4272
G0 F9000 X120.152 Y125.201
;TYPE:SKIN
G1 F1500 X116.377 Y124.503 E751.60596
G1 X113.967 Y122.762 E751.7444
G1 X112.535 Y120.354 E751.87486
G1 X111.835 Y117.631 E752.00578
G1 X111.657 Y115.057 E752.12592
G1 X111.744 Y113.2 E752.21248
G1 X111.807 Y112.638 E752.23882
G1 X112.227 Y109.701 E752.37697
G1 X113.336 Y106.931 E752.5159
G1 X115.133 Y103.995 E752.67619
G1 X117.573 Y100.902 E752.85963
G1 X120.496 Y97.728 E753.06055
G1 X123.922 Y94.386 E753.28341
G1 X127.083 Y91.488 E753.4831
G1 X130.226 Y94.37 E753.68166
G1 X133.644 Y97.704 E753.90399
G1 X136.591 Y100.902 E754.10649
G1 X139.035 Y103.995 E754.29005
G1 X140.832 Y106.93 E754.4503
G1 X141.937 Y109.7 E754.58916
G1 X142.416 Y113.187 E754.75306
G1 X142.507 Y115.057 E754.84024
G1 X142.329 Y117.631 E754.96038
G1 X141.629 Y120.354 E755.09129
G1 X140.201 Y122.762 E755.22166
G1 X137.787 Y124.503 E755.36024
G1 X134.012 Y125.201 E755.539
G1 X132.678 Y124.998 E755.60184
G1 X131.405 Y124.425 E755.66684
G1 X130.274 Y123.614 E755.73164
G1 X129.304 Y122.648 E755.79539
G1 X128.581 Y121.69 E755.85128
G1 X128.154 Y120.922 E755.89219
G1 X128.098 Y120.736 E755.90124
G1 X127.864 Y120.364 E755.9217
G1 X127.397 Y120.135 E755.94592
G1 X126.748 Y120.155 E755.97616
G1 X126.44 Y120.295 E755.99191
G1 X126.141 Y120.582 E756.01121
G1 X126.01 Y120.923 E756.02822
G1 X125.583 Y121.69 E756.06909
G1 X124.86 Y122.648 E756.12498
G1 X123.894 Y123.614 E756.18859
G1 X122.759 Y124.425 E756.25355
G1 X121.486 Y124.998 E756.31855
G1 X120.152 Y125.201 E756.38138
G1 F1500 E749.88138
G0 F9000 X120.104 Y125.456
G0 X116.167 Y124.988
G0 X113.587 Y123.125
G0 X112.06 Y120.554
G0 X111.147 Y115.078
G0 X111.735 Y109.569
G0 X114.718 Y103.7
G0 X123.578 Y94.012
G0 X127.085 Y90.784
G0 X137.003 Y100.587
G0 X141.29 Y106.694
G0 X142.839 Y112.39
G0 X142.84 Y117.712
G0 X142.427 Y119.323
G0 X140.731 Y122.379
G0 X140.335 Y122.143
G1 F1500 E756.38138
G1 X139.345 Y123.133 E756.44658
G0 F9000 X139.615 Y123.509
G0 X137.656 Y124.793
G0 X137.573 Y124.34
G1 F1500 X141.159 Y120.753 E756.68276
G0 F9000 X141.556 Y120.99
G0 X142.018 Y119.891
G0 X141.571 Y119.776
G1 F1500 X136.878 Y124.468 E756.99176
G0 F9000 X136.185 Y124.596
G1 F1500 X141.766 Y119.015 E757.35928
G0 F9000 X141.963 Y118.252
G1 F1500 X135.491 Y124.724 E757.78548
G0 F9000 X134.796 Y124.853
G1 F1500 X142.137 Y117.513 E758.26886
G0 F9000 X142.179 Y116.905
G1 F1500 X134.103 Y124.981 E758.80068
G0 F9000 X133.584 Y124.934
G1 F1500 X142.22 Y116.298 E759.36937
G0 F9000 X142.263 Y115.69
G1 F1500 X133.093 Y124.86 E759.97323
G0 F9000 X132.629 Y124.758
G1 F1500 X142.305 Y115.082 E760.61041
G0 F9000 X142.281 Y114.54
G1 F1500 X132.24 Y124.582 E761.27166
G0 F9000 X131.849 Y124.406
G1 F1500 X142.255 Y114 E761.95692
G0 F9000 X142.229 Y113.461
G1 F1500 X131.466 Y124.224 E762.66568
G0 F9000 X131.136 Y123.988
G1 F1500 X142.181 Y112.943 E763.39301
G0 F9000 X142.112 Y112.446
G1 F1500 X130.807 Y123.751 E764.13746
G0 F9000 X130.477 Y123.515
G1 F1500 X142.044 Y111.949 E764.89914
G0 F9000 X141.976 Y111.451
G1 F1500 X130.184 Y123.243 E765.67566
G0 F9000 X129.9 Y122.961
G1 F1500 X141.907 Y110.954 E766.46634
G0 F9000 X141.839 Y110.457
G1 F1500 X129.618 Y122.678 E767.27112
G0 F9000 X129.352 Y122.378
G1 F1500 X141.77 Y109.96 E768.08886
G0 F9000 X141.648 Y109.517
G1 F1500 X129.109 Y122.056 E768.91458
G0 F9000 X128.865 Y121.733
G1 F1500 X141.486 Y109.112 E769.74569
G0 F9000 X141.325 Y108.708
G1 F1500 X128.643 Y121.39 E770.58082
G0 F9000 X128.441 Y121.026
G1 F1500 X141.164 Y108.303 E771.41866
G0 F9000 X141.003 Y107.899
G1 F1500 X128.269 Y120.632 E772.25718
G0 F9000 X128.048 Y120.288
G1 F1500 X140.842 Y107.494 E773.09968
G0 F9000 X140.68 Y107.09
G1 F1500 X127.706 Y120.065 E773.95408
G0 F9000 X127.266 Y119.939
G1 F1500 X140.475 Y106.73 E774.82391
G0 F9000 X140.26 Y106.379
G1 F1500 X126.664 Y119.975 E775.71923
G0 F9000 X126.679 Y120.406
G0 X126.276 Y120.962
G0 X125.845 Y120.794
G1 F1500 X122.165 Y124.473 E775.96153
G0 F9000 X121.241 Y124.833
G1 F1500 X140.045 Y106.028 E777.19984
G0 F9000 X139.83 Y105.677
G1 F1500 X120.573 Y124.934 E778.46795
G0 F9000 X119.976 Y124.966
G1 F1500 X139.615 Y105.326 E779.76124
G0 F9000 X139.4 Y104.976
G1 F1500 X119.499 Y124.877 E781.07176
G0 F9000 X119.022 Y124.789
G1 F1500 X139.186 Y104.624 E782.39963
G0 F9000 X138.971 Y104.274
G1 F1500 X118.544 Y124.701 E783.74478
G0 F9000 X118.066 Y124.613
G1 F1500 X138.738 Y103.941 E785.10606
G0 F9000 X138.488 Y103.625
G1 F1500 X117.589 Y124.524 E786.4823
G0 F9000 X117.112 Y124.436
G1 F1500 X138.238 Y103.31 E787.87348
G0 F9000 X137.988 Y102.994
G1 F1500 X116.634 Y124.348 E789.27968
G0 F9000 X116.25 Y124.166
G1 F1500 X137.739 Y102.678 E790.69473
G0 F9000 X137.489 Y102.361
G1 F1500 X115.922 Y123.929 E792.11499
G0 F9000 X115.594 Y123.691
G1 F1500 X137.24 Y102.045 E793.54042
G0 F9000 X136.99 Y101.729
G1 F1500 X115.265 Y123.454 E794.97105
G0 F9000 X114.937 Y123.217
G1 F1500 X136.74 Y101.413 E796.40684
G0 F9000 X136.491 Y101.097
G1 F1500 X114.609 Y122.979 E797.84781
G0 F9000 X114.28 Y122.742
G1 F1500 X136.223 Y100.799 E799.29279
G0 F9000 X135.953 Y100.504
G1 F1500 X114.012 Y122.445 E800.73765
G0 F9000 X113.801 Y122.09
G1 F1500 X135.681 Y100.21 E802.17848
G0 F9000 X135.41 Y99.916
G1 F1500 X113.59 Y121.735 E803.61533
G0 F9000 X113.379 Y121.381
G1 F1500 X135.139 Y99.621 E805.04827
G0 F9000 X134.867 Y99.327
G1 F1500 X113.168 Y121.026 E806.47718
G0 F9000 X112.957 Y120.671
G1 F1500 X134.596 Y99.032 E807.90215
G0 F9000 X134.325 Y98.738
G1 F1500 X112.747 Y120.316 E809.3231
G0 F9000 X112.619 Y119.877
G1 F1500 X134.053 Y98.443 E810.73456
G0 F9000 X133.782 Y98.149
G1 F1500 X112.504 Y119.427 E812.13575
G0 F9000 X112.388 Y118.977
G1 F1500 X133.511 Y97.854 E813.52674
G0 F9000 X133.226 Y97.574
G1 F1500 X112.272 Y118.527 E814.90656
G0 F9000 X112.156 Y118.078
G1 F1500 X132.94 Y97.294 E816.27523
G0 F9000 X132.653 Y97.015
G1 F1500 X112.04 Y117.628 E817.63263
G0 F9000 X111.999 Y117.104
G1 F1500 X132.367 Y96.736 E818.97389
G0 F9000 X132.08 Y96.456
G1 F1500 X111.963 Y116.574 E820.29867
G0 F9000 X111.926 Y116.045
G1 F1500 X131.794 Y96.177 E821.60701
G0 F9000 X131.508 Y95.898
G1 F1500 X111.89 Y115.516 E822.89889
G0 F9000 X111.861 Y114.979
G1 F1500 X131.221 Y95.619 E824.17378
G0 F9000 X130.935 Y95.339
G1 F1500 X111.889 Y114.385 E825.42799
G0 F9000 X111.917 Y113.792
G1 F1500 X130.649 Y95.06 E826.66152
G0 F9000 X130.362 Y94.781
G1 F1500 X111.945 Y113.198 E827.87431
G0 F9000 X112.021 Y112.557
G1 F1500 X130.076 Y94.501 E829.0633
G0 F9000 X129.78 Y94.231
G1 F1500 X112.115 Y111.896 E830.22657
G0 F9000 X112.209 Y111.236
G1 F1500 X129.485 Y93.96 E831.36422
G0 F9000 X129.191 Y93.69
G1 F1500 X112.304 Y110.576 E832.47623
G0 F9000 X112.398 Y109.916
G1 F1500 X128.895 Y93.419 E833.56258
G0 F9000 X128.6 Y93.149
G1 F1500 X112.706 Y109.042 E834.6092
G0 F9000 X112.283 Y108.872
G0 X112.66 Y107.929
G0 X113.084 Y108.099
G1 F1500 X128.305 Y92.878 E835.61153
G0 F9000 X128.01 Y92.608
G1 F1500 X113.462 Y107.156 E836.56954
G0 F9000 X113.036 Y106.985
G0 X113.889 Y105.531
G0 X114.28 Y105.771
G1 F1500 X127.715 Y92.337 E837.45422
G0 F9000 X127.419 Y92.067
G1 F1500 X115.172 Y104.314 E838.26071
G0 F9000 X114.781 Y104.074
G0 X116.756 Y101.518
G0 X117.117 Y101.803
G1 F1500 X127.124 Y91.796 E838.91968
G1 F1500 E832.41968
G0 F9000 X127.434 Y91.459
G0 X127.084 Y91.233
G0 X123.791 Y94.237
G0 X120.362 Y97.583
G0 X117.412 Y100.783
G0 X114.97 Y103.881
G0 X113.159 Y106.839
G0 X112.037 Y109.651
G0 X111.547 Y113.174
G0 X111.459 Y115.063
G0 X111.638 Y117.661
G0 X112.351 Y120.432
G0 X113.818 Y122.902
G0 X116.296 Y124.69
G0 X120.153 Y125.403
G0 X121.547 Y125.191
G0 X122.858 Y124.604
G0 X123.807 Y123.924
G0 X125.14 Y122.716
G0 X124.77 Y122.435
G1 F1500 E838.91968
G1 X123.693 Y123.511 E838.99057
G1 F1500 E832.49057
;MESH:NONMESH
G0 F300 X123.693 Y123.511 Z1.4
G0 F9000 X123.962 Y123.888
G0 X122.858 Y124.604
G0 X121.547 Y125.191
G0 X120.292 Y125.382
G0 X116.159 Y125.006
G0 X115.52 Y125.893
G0 X107.369 Y127.331
G0 X99.846 Y129.203
;TIME_ELAPSED:893.765276
;LAYER:4
;TYPE:WALL-INNER
;MESH:tmpnqf7468lheart_box.stl
G1 F1500 E838.99057
G1 X103.766 Y128.478 E839.1762
G1 X106.299 Y126.65 E839.32166
G1 X107.796 Y124.131 E839.4581
G1 X108.517 Y121.323 E839.59309
G1 X108.699 Y118.701 E839.71548
G1 X108.605 Y116.774 E839.80531
G1 X108.541 Y116.23 E839.83082
G1 X108.116 Y113.24 E839.97145
G1 X106.981 Y110.402 E840.11377
G1 X105.158 Y107.424 E840.27636
G1 X102.707 Y104.314 E840.46074
G1 X99.737 Y101.095 E840.66468
G1 X96.307 Y97.748 E840.88784
G1 X92.912 Y94.635 E841.10232
G1 X89.509 Y97.756 E841.31733
G1 X86.079 Y101.107 E841.54062
G1 X83.117 Y104.314 E841.7439
G1 X80.666 Y107.424 E841.92828
G1 X78.843 Y110.402 E842.09086
G1 X77.708 Y113.241 E842.23323
G1 X77.28 Y116.227 E842.3737
G1 X77.219 Y116.795 E842.4003
G1 X77.126 Y118.701 E842.48915
G1 X77.311 Y121.323 E842.61155
G1 X78.028 Y124.131 E842.7465
G1 X79.525 Y126.65 E842.88294
G1 X82.058 Y128.478 E843.02839
G1 X85.978 Y129.203 E843.21402
G1 X87.421 Y128.983 E843.28199
G1 X88.767 Y128.381 E843.35065
G1 X89.958 Y127.524 E843.41897
G1 X90.97 Y126.516 E843.48548
G1 X91.715 Y125.532 E843.54295
G1 X92.176 Y124.699 E843.58728
G1 X92.232 Y124.512 E843.59637
G1 X92.337 Y124.343 E843.60564
G1 X92.626 Y124.142 E843.62203
G1 X93.099 Y124.142 E843.64405
G1 X93.304 Y124.201 E843.65399
G1 X93.442 Y124.294 E843.66174
G1 X93.591 Y124.5 E843.67357
G1 X93.651 Y124.705 E843.68352
G1 X94.109 Y125.532 E843.72754
G1 X94.854 Y126.516 E843.78501
G1 X95.866 Y127.524 E843.85152
G1 X97.057 Y128.381 E843.91984
G1 X98.407 Y128.983 E843.98867
G1 X99.846 Y129.203 E844.05646
G0 F9000 X99.852 Y129.609
;TYPE:WALL-OUTER
G1 F1500 X103.927 Y128.855 E844.24943
G1 X106.601 Y126.926 E844.40296
G1 X108.169 Y124.286 E844.54593
G1 X108.913 Y121.387 E844.6853
G1 X109.099 Y118.705 E844.81048
G1 X109.004 Y116.741 E844.90204
G1 X108.937 Y116.178 E844.92844
G1 X108.505 Y113.136 E845.07151
G1 X107.34 Y110.222 E845.21764
G1 X105.487 Y107.195 E845.3829
G1 X103.011 Y104.054 E845.56914
G1 X100.024 Y100.816 E845.77427
G1 X96.582 Y97.458 E845.99818
G1 X92.912 Y94.092 E846.23007
G1 X89.234 Y97.466 E846.46247
G1 X85.792 Y100.828 E846.68652
G1 X82.813 Y104.054 E846.89098
G1 X80.337 Y107.195 E847.07722
G1 X78.484 Y110.222 E847.24248
G1 X77.319 Y113.137 E847.38866
G1 X76.883 Y116.177 E847.53166
G1 X76.82 Y116.764 E847.55915
G1 X76.725 Y118.705 E847.64964
G1 X76.915 Y121.387 E847.77484
G1 X77.655 Y124.286 E847.91416
G1 X79.223 Y126.926 E848.05713
G1 X81.897 Y128.855 E848.21066
G1 X85.972 Y129.609 E848.40363
G1 X87.535 Y129.37 E848.47726
G1 X88.967 Y128.729 E848.55031
G1 X90.218 Y127.83 E848.62205
G1 X91.272 Y126.78 E848.69132
G1 X92.051 Y125.75 E848.75146
G1 X92.549 Y124.851 E848.79931
G1 X92.607 Y124.653 E848.80892
G1 X92.768 Y124.54 E848.81808
G1 X93.091 Y124.539 E848.83312
G1 X93.191 Y124.607 E848.83875
G1 X93.276 Y124.853 E848.85087
G1 X93.773 Y125.75 E848.89862
G1 X94.552 Y126.78 E848.95875
G1 X95.606 Y127.83 E849.02803
G1 X96.857 Y128.729 E849.09976
G1 X98.293 Y129.37 E849.17299
G1 X99.852 Y129.609 E849.24643
G0 F9000 X99.85 Y129.298
G0 X103.986 Y127.942
G0 X104.118 Y128.126
;TYPE:FILL
G1 F3000 X104.485 Y126.756 E849.31247
G0 F9000 X104.611 Y126.936
G0 X106.15 Y125.778
G0 X107.062 Y124.397
G0 X106.876 Y124.283
G1 F3000 X107.732 Y124.054 E849.35373
G0 F9000 X107.886 Y123.458
G1 F3000 X107.57 Y123.142 E849.37454
G1 F1500 E842.87454
G0 F9000 X107.756 Y123.258
G0 X108.396 Y120.736
G0 X108.537 Y118.699
G0 X108.381 Y116.251
G0 X107.959 Y113.282
G0 X106.837 Y110.475
G0 X105.026 Y107.517
G0 X102.584 Y104.419
G0 X99.622 Y101.207
G0 X96.197 Y97.865
G0 X92.912 Y94.866
G0 X89.566 Y97.924
G0 X86.194 Y101.219
G0 X83.239 Y104.419
G0 X80.798 Y107.516
G0 X78.987 Y110.475
G0 X77.865 Y113.283
G0 X77.379 Y116.808
G0 X77.287 Y118.699
G0 X77.429 Y120.723
G0 X78.06 Y123.12
G0 X79.783 Y125.924
G0 X79.909 Y125.747
G1 F1500 E849.37454
G1 F3000 X79.666 Y126.653 E849.41822
G1 F1500 E842.91822
G0 F9000 X79.8 Y126.468
G0 X77.16 Y121.347
G0 X77.564 Y113.204
G0 X80.546 Y107.335
G0 X89.416 Y97.638
G0 X92.914 Y94.419
G0 X102.831 Y104.223
G0 X107.118 Y110.329
G0 X108.668 Y116.025
G0 X108.669 Y121.347
G0 X106.413 Y126.76
G0 X104.553 Y127.496
G0 X99.21 Y128.535
G0 X99.248 Y128.277
;TYPE:SKIN
G1 F1500 E849.41822
G1 X97.584 Y128.03 E849.49655
G1 X96.584 Y127.597 E849.54729
G1 X96.098 Y127.247 E849.57518
G1 X95.136 Y126.288 E849.63843
G1 X94.405 Y125.322 E849.69484
G1 X93.986 Y124.566 E849.73509
G1 X93.93 Y124.381 E849.74409
G1 X93.76 Y124.099 E849.75942
G1 X93.441 Y123.869 E849.77773
G1 X93.157 Y123.784 E849.79154
G1 X92.668 Y123.783 E849.81431
G1 X92.412 Y123.856 E849.8267
G1 X92.152 Y124.017 E849.84094
G1 X91.98 Y124.214 E849.85312
G1 X91.838 Y124.558 E849.87045
G1 X91.419 Y125.322 E849.91102
G1 X90.689 Y126.287 E849.96737
G1 X89.722 Y127.246 E850.03078
G1 X89.228 Y127.601 E850.05911
G1 X88.244 Y128.03 E850.10909
G1 X86.576 Y128.277 E850.18761
G1 X82.547 Y127.554 E850.37821
G1 X79.826 Y125.636 E850.53323
G1 X78.246 Y123.04 E850.67474
G1 X77.627 Y120.691 E850.78785
G1 X77.485 Y118.689 E850.8813
G1 X77.576 Y116.812 E850.96881
G1 X77.635 Y116.278 E850.99382
G1 X78.055 Y113.333 E851.13234
G1 X79.164 Y110.571 E851.27093
G1 X80.961 Y107.631 E851.43138
G1 X83.401 Y104.538 E851.61482
G1 X86.328 Y101.364 E851.81587
G1 X89.818 Y97.962 E852.04281
G1 X92.913 Y95.124 E852.23834
G1 X95.946 Y97.898 E852.42973
G1 X99.472 Y101.34 E852.65918
G1 X102.419 Y104.538 E852.86168
G1 X104.863 Y107.631 E853.04523
G1 X106.66 Y110.57 E853.20564
G1 X107.765 Y113.332 E853.34416
G1 X108.205 Y116.458 E853.49116
G1 X108.244 Y116.789 E853.50668
G1 X108.335 Y118.693 E853.59544
G1 X108.197 Y120.703 E853.68925
G1 X107.582 Y123.04 E853.80178
G1 X105.998 Y125.636 E853.94338
G1 X103.28 Y127.555 E854.09831
G1 X99.248 Y128.277 E854.28904
G1 F1500 E847.78904
G0 F9000 X99.21 Y128.535
G0 X103.833 Y128.623
G0 X107.94 Y124.189
G0 X108.853 Y118.713
G0 X108.265 Y113.204
G0 X105.282 Y107.335
G0 X96.422 Y97.647
G0 X92.914 Y94.419
G0 X82.997 Y104.223
G0 X78.71 Y110.329
G0 X77.564 Y113.204
G0 X77.16 Y121.347
G0 X77.8 Y122.882
G0 X79.167 Y125.055
G0 X79.561 Y124.816
G1 F1500 E854.28904
G1 X80.876 Y126.131 E854.37564
G0 F9000 X80.61 Y126.507
G0 X82.605 Y127.828
G0 X82.686 Y127.375
G1 F1500 X78.68 Y123.369 E854.63944
G0 F9000 X78.286 Y123.609
G0 X77.841 Y122.525
G0 X78.286 Y122.409
G1 F1500 X83.376 Y127.499 E854.97462
G0 F9000 X84.065 Y127.623
G1 F1500 X78.084 Y121.641 E855.36852
G0 F9000 X77.881 Y120.874
G1 F1500 X84.754 Y127.746 E855.82108
G0 F9000 X85.443 Y127.87
G1 F1500 X77.793 Y120.219 E856.32488
G0 F9000 X77.75 Y119.611
G1 F1500 X86.133 Y127.993 E856.87688
G0 F9000 X86.753 Y128.048
G1 F1500 X77.707 Y119.002 E857.47258
G0 F9000 X77.697 Y118.426
G1 F1500 X87.246 Y127.975 E858.10139
G0 F9000 X87.739 Y127.902
G1 F1500 X77.723 Y117.887 E858.76093
G0 F9000 X77.749 Y117.347
G1 F1500 X88.222 Y127.82 E859.4506
G0 F9000 X88.617 Y127.649
G1 F1500 X77.777 Y116.809 E860.16443
G0 F9000 X77.833 Y116.3
G1 F1500 X89.011 Y127.477 E860.90049
G0 F9000 X89.359 Y127.26
G1 F1500 X77.904 Y115.805 E861.65482
G0 F9000 X77.975 Y115.31
G1 F1500 X89.675 Y127.01 E862.42528
G0 F9000 X89.959 Y126.728
G1 F1500 X78.045 Y114.815 E863.20981
G0 F9000 X78.116 Y114.32
G1 F1500 X90.243 Y126.447 E864.00839
G0 F9000 X90.527 Y126.165
G1 F1500 X78.187 Y113.825 E864.821
G0 F9000 X78.268 Y113.34
G1 F1500 X90.773 Y125.845 E865.64448
G0 F9000 X91.017 Y125.523
G1 F1500 X78.429 Y112.936 E866.47339
G0 F9000 X78.591 Y112.533
G1 F1500 X91.258 Y125.2 E867.30753
G0 F9000 X91.459 Y124.834
G1 F1500 X78.753 Y112.129 E868.14421
G0 F9000 X78.915 Y111.725
G1 F1500 X91.659 Y124.468 E868.98339
G0 F9000 X91.834 Y124.078
G1 F1500 X79.077 Y111.321 E869.82346
G0 F9000 X79.239 Y110.917
G1 F1500 X92.121 Y123.8 E870.67179
G0 F9000 X92.508 Y123.621
G1 F1500 X79.421 Y110.534 E871.5336
G0 F9000 X79.635 Y110.182
G1 F1500 X93.035 Y123.582 E872.41601
G0 F9000 X93.329 Y124.054
G0 X94.055 Y125.226
G0 X94.457 Y125.004
G1 F1500 X97.022 Y127.569 E872.58492
G0 F9000 X97.893 Y127.874
G1 F1500 X79.85 Y109.831 E873.77308
G0 F9000 X80.064 Y109.48
G1 F1500 X98.556 Y127.971 E874.99078
G0 F9000 X99.22 Y128.07
G1 F1500 X80.279 Y109.129 E876.23807
G0 F9000 X80.494 Y108.778
G1 F1500 X99.707 Y127.991 E877.50328
G0 F9000 X100.186 Y127.905
G1 F1500 X80.708 Y108.427 E878.78594
G0 F9000 X80.923 Y108.076
G1 F1500 X100.666 Y127.819 E880.08605
G0 F9000 X101.146 Y127.733
G1 F1500 X81.14 Y107.727 E881.40348
G0 F9000 X81.389 Y107.41
G1 F1500 X101.625 Y127.647 E882.73609
G0 F9000 X102.106 Y127.561
G1 F1500 X81.638 Y107.094 E884.08391
G0 F9000 X81.888 Y106.778
G1 F1500 X102.585 Y127.475 E885.44684
G0 F9000 X103.065 Y127.39
G1 F1500 X82.138 Y106.462 E886.82495
G0 F9000 X82.386 Y106.145
G1 F1500 X103.438 Y127.197 E888.21126
G0 F9000 X103.77 Y126.963
G1 F1500 X82.636 Y105.829 E889.60297
G0 F9000 X82.886 Y105.513
G1 F1500 X104.102 Y126.729 E891.00008
G0 F9000 X104.433 Y126.495
G1 F1500 X83.135 Y105.197 E892.40259
G0 F9000 X83.384 Y104.88
G1 F1500 X104.765 Y126.261 E893.81057
G0 F9000 X105.097 Y126.027
G1 F1500 X83.641 Y104.571 E895.22348
G0 F9000 X83.912 Y104.277
G1 F1500 X105.428 Y125.793 E896.64035
G0 F9000 X105.76 Y125.559
G1 F1500 X84.184 Y103.983 E898.06117
G0 F9000 X84.455 Y103.689
G1 F1500 X106.007 Y125.24 E899.48037
G0 F9000 X106.221 Y124.888
G1 F1500 X84.726 Y103.394 E900.89582
G0 F9000 X84.998 Y103.1
G1 F1500 X106.435 Y124.537 E902.30748
G0 F9000 X106.649 Y124.186
G1 F1500 X85.269 Y102.806 E903.71539
G0 F9000 X85.541 Y102.511
G1 F1500 X106.864 Y123.834 E905.11955
G0 F9000 X107.078 Y123.483
G1 F1500 X85.812 Y102.217 E906.51995
G0 F9000 X86.084 Y101.923
G1 F1500 X107.292 Y123.131 E907.91653
G0 F9000 X107.457 Y122.73
G1 F1500 X86.355 Y101.628 E909.30614
G0 F9000 X86.635 Y101.343
G1 F1500 X107.575 Y122.283 E910.68507
G0 F9000 X107.692 Y121.834
G1 F1500 X86.923 Y101.065 E912.05274
G0 F9000 X87.209 Y100.785
G1 F1500 X107.81 Y121.387 E913.40939
G0 F9000 X107.929 Y120.939
G1 F1500 X87.495 Y100.506 E914.75497
G0 F9000 X87.782 Y100.227
G1 F1500 X108.014 Y120.459 E916.08728
G0 F9000 X108.05 Y119.93
G1 F1500 X88.068 Y99.947 E917.40316
G0 F9000 X88.354 Y99.668
G1 F1500 X108.087 Y119.401 E918.70261
G0 F9000 X108.123 Y118.871
G1 F1500 X88.641 Y99.389 E919.98554
G0 F9000 X88.927 Y99.11
G1 F1500 X108.117 Y118.299 E921.2492
G0 F9000 X108.088 Y117.705
G1 F1500 X89.214 Y98.83 E922.49212
G0 F9000 X89.5 Y98.551
G1 F1500 X108.06 Y117.111 E923.71432
G0 F9000 X108.008 Y116.494
G1 F1500 X89.786 Y98.272 E924.91427
G0 F9000 X90.077 Y97.997
G1 F1500 X107.916 Y115.835 E926.08897
G0 F9000 X107.823 Y115.177
G1 F1500 X90.372 Y97.726 E927.23815
G0 F9000 X90.667 Y97.455
G1 F1500 X107.731 Y114.519 E928.36184
G0 F9000 X107.637 Y113.86
G1 F1500 X90.962 Y97.185 E929.45992
G0 F9000 X91.257 Y96.914
G1 F1500 X107.466 Y113.123 E930.52731
G0 F9000 X107.893 Y112.953
G0 X107.516 Y112.01
G0 X107.089 Y112.18
G1 F1500 X91.552 Y96.643 E931.55045
G0 F9000 X91.848 Y96.373
G1 F1500 X106.712 Y111.238 E932.5293
G0 F9000 X107.139 Y111.068
G0 X106.53 Y109.856
G0 X106.136 Y110.096
G1 F1500 X92.142 Y96.102 E933.45083
G0 F9000 X92.438 Y95.832
G1 F1500 X105.245 Y108.639 E934.29419
G0 F9000 X105.638 Y108.399
G0 X104.236 Y106.418
G0 X103.874 Y106.702
G1 F1500 X92.733 Y95.561 E935.02784
G0 F9000 X92.422 Y95.221
G0 X92.912 Y94.866
G0 X95.785 Y97.407
G0 X95.478 Y97.741
G1 F1500 X100.649 Y102.912 E935.36836
G1 F1500 E928.86836
G0 F9000 X100.989 Y102.6
G0 X102.584 Y104.419
G0 X105.026 Y107.517
G0 X106.493 Y109.913
G0 X108.284 Y113.199
G0 X109.366 Y113.044
G0 X110.034 Y115.027
G0 X111.127 Y115.078
G0 X120.157 Y125.256
G0 X120.15 Y125.567
;TYPE:WALL-INNER
G1 F1500 E935.36836
G1 X121.593 Y125.347 E935.43633
G1 X122.939 Y124.745 E935.50499
G1 X124.134 Y123.888 E935.57347
G1 X125.138 Y122.885 E935.63955
G1 X125.883 Y121.9 E935.69705
G1 X126.346 Y121.063 E935.74159
G1 X126.45 Y120.78 E935.75563
G1 X126.692 Y120.564 E935.77074
G1 X126.897 Y120.506 E935.78066
G1 X127.267 Y120.502 E935.79789
G1 X127.472 Y120.561 E935.80782
G1 X127.612 Y120.655 E935.81567
G1 X127.759 Y120.86 E935.82742
G1 X127.82 Y121.059 E935.83711
G1 X128.285 Y121.9 E935.88186
G1 X129.03 Y122.885 E935.93937
G1 X130.034 Y123.888 E936.00545
G1 X131.229 Y124.745 E936.07392
G1 X132.575 Y125.347 E936.14258
G1 X134.018 Y125.567 E936.21055
G1 X137.938 Y124.842 E936.39618
G1 X140.471 Y123.014 E936.54163
G1 X141.968 Y120.495 E936.67808
G1 X142.689 Y117.687 E936.81307
G1 X142.871 Y115.065 E936.93545
G1 X142.777 Y113.141 E937.02515
G1 X142.709 Y112.6 E937.05054
G1 X142.287 Y109.608 E937.19124
G1 X141.153 Y106.766 E937.33372
G1 X139.33 Y103.788 E937.49631
G1 X136.879 Y100.678 E937.68069
G1 X133.909 Y97.459 E937.88463
G1 X130.479 Y94.113 E938.10776
G1 X127.084 Y91.002 E938.32217
G1 X123.681 Y94.121 E938.53712
G1 X120.247 Y97.471 E938.76051
G1 X117.289 Y100.678 E938.96366
G1 X114.838 Y103.788 E939.14804
G1 X113.015 Y106.766 E939.31063
G1 X111.88 Y109.609 E939.45317
G1 X111.452 Y112.597 E939.59373
G1 X111.387 Y113.161 E939.62016
G1 X111.297 Y115.065 E939.70892
G1 X111.479 Y117.687 E939.8313
G1 X112.2 Y120.495 E939.9663
G1 X113.697 Y123.014 E940.10274
G1 X116.23 Y124.842 E940.2482
G1 X120.15 Y125.567 E940.43382
G0 F9000 X120.144 Y125.973
;TYPE:WALL-OUTER
G1 F1500 X121.707 Y125.734 E940.50745
G1 X123.139 Y125.093 E940.5805
G1 X124.394 Y124.194 E940.65239
G1 X125.44 Y123.148 E940.72127
G1 X126.219 Y122.118 E940.7814
G1 X126.72 Y121.213 E940.82957
G1 X126.775 Y121.017 E940.83905
G1 X126.901 Y120.911 E940.84672
G1 X127.228 Y120.9 E940.86195
G1 X127.327 Y120.938 E940.86689
G1 X127.394 Y121.024 E940.87197
G1 X127.447 Y121.211 E940.88102
G1 X127.949 Y122.118 E940.92929
G1 X128.728 Y123.148 E940.98942
G1 X129.774 Y124.194 E941.0583
G1 X131.029 Y125.093 E941.13019
G1 X132.461 Y125.734 E941.20324
G1 X134.024 Y125.973 E941.27687
G1 X138.099 Y125.219 E941.46984
G1 X140.773 Y123.29 E941.62337
G1 X142.341 Y120.65 E941.76634
G1 X143.085 Y117.751 E941.90571
G1 X143.271 Y115.069 E942.03089
G1 X143.176 Y113.106 E942.12241
G1 X143.096 Y112.483 E942.15165
G1 X142.677 Y109.504 E942.29173
G1 X141.512 Y106.586 E942.43804
G1 X139.659 Y103.559 E942.6033
G1 X137.183 Y100.418 E942.78953
G1 X134.196 Y97.18 E942.99466
G1 X130.754 Y93.822 E943.21858
G1 X127.084 Y90.46 E943.45033
G1 X123.406 Y93.83 E943.68262
G1 X119.96 Y97.192 E943.90679
G1 X116.985 Y100.418 E944.11113
G1 X114.509 Y103.559 E944.29737
G1 X112.656 Y106.586 E944.46263
G1 X111.491 Y109.505 E944.60898
G1 X111.055 Y112.546 E944.75203
G1 X110.988 Y113.129 E944.77935
G1 X110.897 Y115.069 E944.86979
G1 X111.083 Y117.751 E944.99497
G1 X111.827 Y120.65 E945.13434
G1 X113.395 Y123.29 E945.27731
G1 X116.069 Y125.219 E945.43084
G1 X120.144 Y125.973 E945.62381
G0 F9000 X120.15 Y125.663
G0 X117.428 Y124.751
G0 X117.386 Y124.975
;TYPE:FILL
G1 F3000 X126.257 Y91.868 E947.2198
G0 F9000 X126.753 Y91.413
G1 F3000 X139.411 Y104.071 E948.05335
G0 F9000 X138.841 Y103.295
G1 F3000 X111.829 Y110.533 E949.35551
G1 X111.841 Y110.442
G1 X124.654 Y123.255 E950.19927
G0 F9000 X124.495 Y123.094
G0 X126.442 Y119.799
G0 X127.727 Y119.799
G0 X130.246 Y123.659
G0 X130.112 Y123.845
G1 F3000 X136.421 Y100.301 E951.33426
G0 F9000 X136.254 Y100.454
G0 X129.388 Y93.531
G0 X129.543 Y93.363
G1 F3000 X122.69 Y95.199 E951.66461
G0 F9000 X122.851 Y95.365
G0 X118.358 Y99.977
G0 X118.189 Y99.82
G1 F3000 X140.753 Y122.384 E953.15049
G0 F9000 X140.559 Y122.267
G0 X142.544 Y114.675
G0 X142.77 Y114.665
G1 F3000 X113.49 Y122.511 E954.56199
G0 F9000 X113.946 Y122.241
G1 F1500 E948.06199
;MESH:NONMESH
G0 F300 X113.946 Y122.241 Z1.68
G0 F9000 X112.519 Y121.362
G0 X111.578 Y121.922
G0 X109.748 Y121.621
G0 X108.689 Y121.35
G0 X107.769 Y123.12
G0 X106.15 Y125.778
G0 X103.361 Y127.741
G0 X99.843 Y128.891
G0 X99.846 Y129.203
;TIME_ELAPSED:1008.597782
;LAYER:5
;TYPE:WALL-INNER
;MESH:tmpnqf7468lheart_box.stl
G1 F1500 E954.56199
G1 X103.766 Y128.478 E954.74762
G1 X106.299 Y126.65 E954.89307
G1 X107.796 Y124.131 E955.02952
G1 X108.517 Y121.323 E955.16451
G1 X108.699 Y118.701 E955.2869
G1 X108.605 Y116.774 E955.37673
G1 X108.541 Y116.23 E955.40224
G1 X108.116 Y113.24 E955.54286
G1 X106.981 Y110.402 E955.68519
G1 X105.158 Y107.424 E955.84778
G1 X102.707 Y104.314 E956.03216
G1 X99.737 Y101.095 E956.2361
G1 X96.307 Y97.748 E956.45926
G1 X92.912 Y94.635 E956.67374
G1 X89.509 Y97.756 E956.88875
G1 X86.079 Y101.107 E957.11203
G1 X83.117 Y104.314 E957.31531
G1 X80.666 Y107.424 E957.4997
G1 X78.843 Y110.402 E957.66228
G1 X77.708 Y113.241 E957.80465
G1 X77.28 Y116.227 E957.94511
G1 X77.219 Y116.795 E957.97171
G1 X77.126 Y118.701 E958.06057
G1 X77.311 Y121.323 E958.18297
G1 X78.028 Y124.131 E958.31791
G1 X79.525 Y126.65 E958.45436
G1 X82.058 Y128.478 E958.59981
G1 X85.978 Y129.203 E958.78544
G1 X87.421 Y128.983 E958.85341
G1 X88.767 Y128.381 E958.92207
G1 X89.958 Y127.524 E958.99039
G1 X90.97 Y126.516 E959.0569
G1 X91.715 Y125.532 E959.11437
G1 X92.176 Y124.699 E959.1587
G1 X92.232 Y124.512 E959.16779
G1 X92.337 Y124.343 E959.17705
G1 X92.626 Y124.142 E959.19345
G1 X93.099 Y124.142 E959.21547
G1 X93.304 Y124.201 E959.2254
G1 X93.442 Y124.294 E959.23315
G1 X93.591 Y124.5 E959.24499
G1 X93.651 Y124.705 E959.25494
G1 X94.109 Y125.532 E959.29896
G1 X94.854 Y126.516 E959.35643
G1 X95.866 Y127.524 E959.42294
G1 X97.057 Y128.381 E959.49126
G1 X98.407 Y128.983 E959.56009
G1 X99.846 Y129.203 E959.62787
G0 F9000 X99.852 Y129.609
;TYPE:WALL-OUTER
G1 F1500 X103.927 Y128.855 E959.82084
G1 X106.601 Y126.926 E959.97437
G1 X108.169 Y124.286 E960.11735
G1 X108.913 Y121.387 E960.25671
G1 X109.099 Y118.705 E960.3819
G1 X109.004 Y116.741 E960.47346
G1 X108.937 Y116.178 E960.49986
G1 X108.505 Y113.136 E960.64293
G1 X107.34 Y110.222 E960.78906
G1 X105.487 Y107.195 E960.95432
G1 X103.011 Y104.054 E961.14056
G1 X100.024 Y100.816 E961.34569
G1 X96.582 Y97.458 E961.5696
G1 X92.912 Y94.092 E961.80148
G1 X89.234 Y97.466 E962.03389
G1 X85.792 Y100.828 E962.25793
G1 X82.813 Y104.054 E962.4624
G1 X80.337 Y107.195 E962.64864
G1 X78.484 Y110.222 E962.8139
G1 X77.319 Y113.137 E962.96007
G1 X76.883 Y116.177 E963.10308
G1 X76.82 Y116.764 E963.13057
G1 X76.725 Y118.705 E963.22106
G1 X76.915 Y121.387 E963.34625
G1 X77.655 Y124.286 E963.48557
G1 X79.223 Y126.926 E963.62855
G1 X81.897 Y128.855 E963.78208
G1 X85.972 Y129.609 E963.97505
G1 X87.535 Y129.37 E964.04868
G1 X88.967 Y128.729 E964.12173
G1 X90.218 Y127.83 E964.19346
G1 X91.272 Y126.78 E964.26274
G1 X92.051 Y125.75 E964.32287
G1 X92.549 Y124.851 E964.37073
G1 X92.607 Y124.653 E964.38034
G1 X92.768 Y124.54 E964.38949
G1 X93.091 Y124.539 E964.40454
G1 X93.191 Y124.607 E964.41017
G1 X93.276 Y124.853 E964.42229
G1 X93.773 Y125.75 E964.47004
G1 X94.552 Y126.78 E964.53017
G1 X95.606 Y127.83 E964.59945
G1 X96.857 Y128.729 E964.67118
G1 X98.293 Y129.37 E964.7444
G1 X99.852 Y129.609 E964.81785
G0 F9000 X99.85 Y129.298
G0 X103.733 Y128.125
G0 X103.864 Y128.309
;TYPE:FILL
G1 F3000 X104.233 Y126.935 E964.88409
G0 F9000 X104.358 Y127.114
G0 X106.15 Y125.778
G0 X106.913 Y124.642
G0 X106.727 Y124.528
G1 F3000 X107.607 Y124.292 E964.92652
G0 F9000 X107.413 Y124.176
G0 X107.724 Y123.179
G0 X107.943 Y123.235
G1 F3000 X107.651 Y122.943 E964.94575
G1 F1500 E958.44575
G0 F9000 X107.863 Y122.999
G0 X108.396 Y120.736
G0 X108.537 Y118.699
G0 X108.381 Y116.251
G0 X107.959 Y113.282
G0 X106.837 Y110.475
G0 X105.026 Y107.517
G0 X102.584 Y104.419
G0 X99.622 Y101.207
G0 X96.197 Y97.865
G0 X92.912 Y94.866
G0 X89.566 Y97.924
G0 X86.194 Y101.219
G0 X83.239 Y104.419
G0 X80.798 Y107.516
G0 X78.987 Y110.475
G0 X77.865 Y113.283
G0 X77.379 Y116.808
G0 X77.287 Y118.699
G0 X77.429 Y120.723
G0 X78.06 Y123.12
G0 X79.56 Y125.7
G0 X79.747 Y125.587
G1 F1500 E964.94575
G1 F3000 X79.511 Y126.469 E964.98826
G1 F1500 E958.48826
G0 F9000 X79.709 Y126.352
G0 X77.16 Y121.347
G0 X77.564 Y113.204
G0 X80.546 Y107.335
G0 X89.416 Y97.638
G0 X92.914 Y94.419
G0 X102.831 Y104.223
G0 X107.118 Y110.329
G0 X108.668 Y116.025
G0 X108.669 Y121.347
G0 X106.413 Y126.76
G0 X104.553 Y127.496
G0 X99.21 Y128.535
G0 X99.248 Y128.277
;TYPE:SKIN
G1 F1500 E964.98826
G1 X97.584 Y128.03 E965.06659
G1 X96.584 Y127.597 E965.11733
G1 X96.098 Y127.247 E965.14522
G1 X95.136 Y126.288 E965.20847
G1 X94.405 Y125.322 E965.26488
G1 X93.986 Y124.566 E965.30513
G1 X93.93 Y124.381 E965.31413
G1 X93.76 Y124.099 E965.32946
G1 X93.441 Y123.869 E965.34777
G1 X93.157 Y123.784 E965.36158
G1 X92.668 Y123.783 E965.38435
G1 X92.412 Y123.856 E965.39674
G1 X92.152 Y124.017 E965.41098
G1 X91.98 Y124.214 E965.42316
G1 X91.838 Y124.558 E965.44049
G1 X91.419 Y125.322 E965.48106
G1 X90.689 Y126.287 E965.53741
G1 X89.722 Y127.246 E965.60082
G1 X89.228 Y127.601 E965.62915
G1 X88.244 Y128.03 E965.67913
G1 X86.576 Y128.277 E965.75765
G1 X82.547 Y127.554 E965.94825
G1 X79.826 Y125.636 E966.10327
G1 X78.246 Y123.04 E966.24478
G1 X77.627 Y120.691 E966.35789
G1 X77.485 Y118.689 E966.45135
G1 X77.576 Y116.812 E966.53885
G1 X77.635 Y116.278 E966.56387
G1 X78.055 Y113.333 E966.70238
G1 X79.164 Y110.571 E966.84097
G1 X80.961 Y107.631 E967.00142
G1 X83.401 Y104.538 E967.18486
G1 X86.328 Y101.364 E967.38591
G1 X89.818 Y97.962 E967.61285
G1 X92.913 Y95.124 E967.80838
G1 X95.946 Y97.898 E967.99978
G1 X99.472 Y101.34 E968.22922
G1 X102.419 Y104.538 E968.43172
G1 X104.863 Y107.631 E968.61528
G1 X106.66 Y110.57 E968.77568
G1 X107.765 Y113.332 E968.9142
G1 X108.205 Y116.458 E969.0612
G1 X108.244 Y116.789 E969.07672
G1 X108.335 Y118.693 E969.16548
G1 X108.197 Y120.703 E969.25929
G1 X107.582 Y123.04 E969.37182
G1 X105.998 Y125.636 E969.51342
G1 X103.28 Y127.555 E969.66835
G1 X99.248 Y128.277 E969.85908
G0 F9000 X99.21 Y128.535
G0 X103.361 Y127.741
G0 X106.15 Y125.778
G0 X107.098 Y124.339
G0 X106.703 Y124.097
G1 F1500 X103.993 Y126.806 E970.03751
G0 F9000 X104.258 Y127.184
G0 X103.532 Y127.635
G0 X102.876 Y127.891
G0 X102.796 Y127.438
G1 F1500 X107.44 Y122.794 E970.34332
G0 F9000 X107.641 Y122.027
G1 F1500 X102.106 Y127.562 E970.70781
G0 F9000 X101.417 Y127.685
G1 F1500 X107.843 Y121.26 E971.13094
G0 F9000 X108.008 Y120.528
G1 F1500 X100.728 Y127.809 E971.61038
G0 F9000 X100.039 Y127.932
G1 F1500 X108.05 Y119.921 E972.13791
G0 F9000 X108.092 Y119.314
G1 F1500 X99.35 Y128.056 E972.71359
G0 F9000 X98.827 Y128.012
G1 F1500 X108.134 Y118.706 E973.32644
G0 F9000 X108.11 Y118.165
G1 F1500 X98.335 Y127.94 E973.97014
G0 F9000 X97.842 Y127.867
G1 F1500 X108.084 Y117.624 E974.64463
G0 F9000 X108.058 Y117.085
G1 F1500 X97.407 Y127.736 E975.34601
G0 F9000 X97.012 Y127.565
G1 F1500 X108.016 Y116.562 E976.07061
G0 F9000 X107.948 Y116.064
G1 F1500 X96.628 Y127.383 E976.81602
G0 F9000 X96.299 Y127.146
G1 F1500 X107.878 Y115.568 E977.57848
G0 F9000 X107.808 Y115.072
G1 F1500 X96.006 Y126.874 E978.35567
G0 F9000 X95.722 Y126.592
G1 F1500 X107.738 Y114.577 E979.14691
G0 F9000 X107.668 Y114.081
G1 F1500 X95.44 Y126.309 E979.95214
G0 F9000 X95.175 Y126.008
G1 F1500 X107.598 Y113.585 E980.77022
G0 F9000 X107.474 Y113.143
G1 F1500 X94.931 Y125.686 E981.59619
G0 F9000 X94.688 Y125.364
G1 F1500 X107.312 Y112.74 E982.42751
G0 F9000 X107.151 Y112.335
G1 F1500 X94.466 Y125.02 E983.26284
G0 F9000 X94.265 Y124.655
G1 F1500 X106.989 Y111.931 E984.10073
G0 F9000 X106.828 Y111.527
G1 F1500 X94.091 Y124.263 E984.93945
G0 F9000 X93.861 Y123.928
G1 F1500 X106.666 Y111.123 E985.78268
G0 F9000 X106.504 Y110.719
G1 F1500 X93.534 Y123.689 E986.63678
G0 F9000 X93.075 Y123.582
G1 F1500 X106.297 Y110.36 E987.50747
G0 F9000 X106.082 Y110.01
G1 F1500 X92.455 Y123.637 E988.40483
G0 F9000 X92.497 Y124.058
G0 X92.112 Y124.581
G0 X91.681 Y124.411
G1 F1500 X88.308 Y127.784 E988.62695
G0 F9000 X87.603 Y127.923
G1 F1500 X105.868 Y109.658 E989.82973
G0 F9000 X105.653 Y109.307
G1 F1500 X86.939 Y128.021 E991.06208
G0 F9000 X86.36 Y128.035
G1 F1500 X105.438 Y108.957 E992.3184
G0 F9000 X105.224 Y108.605
G1 F1500 X85.88 Y127.949 E993.59224
G0 F9000 X85.401 Y127.863
G1 F1500 X105.009 Y108.255 E994.88346
G0 F9000 X104.794 Y107.904
G1 F1500 X84.921 Y127.777 E996.19213
G0 F9000 X84.441 Y127.691
G1 F1500 X104.56 Y107.572 E997.517
G0 F9000 X104.31 Y107.256
G1 F1500 X83.962 Y127.604 E998.85695
G0 F9000 X83.482 Y127.519
G1 F1500 X104.061 Y106.94 E1000.21211
G0 F9000 X103.811 Y106.624
G1 F1500 X83.002 Y127.433 E1001.58242
G0 F9000 X82.555 Y127.315
G1 F1500 X103.561 Y106.308 E1002.96573
G0 F9000 X103.312 Y105.992
G1 F1500 X82.223 Y127.081 E1004.35448
G0 F9000 X81.891 Y126.847
G1 F1500 X103.062 Y105.676 E1005.74863
G0 F9000 X102.813 Y105.36
G1 F1500 X81.559 Y126.613 E1007.1482
G0 F9000 X81.227 Y126.379
G1 F1500 X102.563 Y105.044 E1008.55318
G0 F9000 X102.313 Y104.727
G1 F1500 X80.896 Y126.145 E1009.96356
G0 F9000 X80.564 Y125.912
G1 F1500 X102.046 Y104.429 E1011.37822
G0 F9000 X101.775 Y104.135
G1 F1500 X80.232 Y125.678 E1012.79687
G0 F9000 X79.927 Y125.417
G1 F1500 X101.504 Y103.84 E1014.21775
G0 F9000 X101.232 Y103.546
G1 F1500 X79.714 Y125.065 E1015.63478
G0 F9000 X79.499 Y124.713
G1 F1500 X100.961 Y103.251 E1017.04809
G0 F9000 X100.69 Y102.957
G1 F1500 X79.285 Y124.362 E1018.45764
G0 F9000 X79.071 Y124.01
G1 F1500 X100.418 Y102.663 E1019.86338
G0 F9000 X100.148 Y102.368
G1 F1500 X78.857 Y123.658 E1021.2654
G0 F9000 X78.643 Y123.307
G1 F1500 X99.876 Y102.074 E1022.66362
G0 F9000 X99.605 Y101.779
G1 F1500 X78.43 Y122.954 E1024.05803
G0 F9000 X78.312 Y122.506
G1 F1500 X99.334 Y101.485 E1025.44234
G0 F9000 X99.049 Y101.204
G1 F1500 X78.194 Y122.059 E1026.81567
G0 F9000 X78.076 Y121.611
G1 F1500 X98.762 Y100.925 E1028.17788
G0 F9000 X98.476 Y100.645
G1 F1500 X77.959 Y121.163 E1029.52899
G0 F9000 X77.84 Y120.715
G1 F1500 X98.19 Y100.366 E1030.86904
G0 F9000 X97.903 Y100.087
G1 F1500 X77.792 Y120.198 E1032.19339
G0 F9000 X77.755 Y119.669
G1 F1500 X97.617 Y99.807 E1033.50133
G0 F9000 X97.33 Y99.528
G1 F1500 X77.717 Y119.141 E1034.79288
G0 F9000 X77.689 Y118.604
G1 F1500 X97.045 Y99.248 E1036.06751
G0 F9000 X96.758 Y98.969
G1 F1500 X77.718 Y118.009 E1037.32133
G0 F9000 X77.746 Y117.415
G1 F1500 X96.472 Y98.689 E1038.55446
G0 F9000 X96.186 Y98.41
G1 F1500 X77.776 Y116.82 E1039.76679
G0 F9000 X77.851 Y116.179
G1 F1500 X95.899 Y98.131 E1040.95529
G0 F9000 X95.606 Y97.858
G1 F1500 X77.946 Y115.519 E1042.11826
G0 F9000 X78.04 Y114.859
G1 F1500 X95.311 Y97.588 E1043.25559
G0 F9000 X95.016 Y97.317
G1 F1500 X78.134 Y114.199 E1044.36729
G0 F9000 X78.228 Y113.539
G1 F1500 X94.72 Y97.047 E1045.45332
G0 F9000 X94.425 Y96.777
G1 F1500 X78.54 Y112.661 E1046.49934
G0 F9000 X78.117 Y112.491
G0 X78.494 Y111.546
G0 X78.919 Y111.717
G1 F1500 X94.129 Y96.507 E1047.50095
G0 F9000 X93.834 Y96.237
G1 F1500 X79.299 Y110.771 E1048.45807
G0 F9000 X78.873 Y110.6
G0 X79.736 Y109.135
G0 X80.129 Y109.376
G1 F1500 X93.538 Y95.966 E1049.34111
G0 F9000 X93.243 Y95.696
G1 F1500 X81.018 Y107.921 E1050.14614
G0 F9000 X80.626 Y107.68
G0 X82.621 Y105.106
G0 X82.983 Y105.391
G1 F1500 X92.948 Y95.425 E1050.80239
G1 F1500 E1044.30239
G0 F9000 X93.258 Y95.089
G0 X92.912 Y94.866
G0 X89.566 Y97.924
G0 X86.194 Y101.219
G0 X83.239 Y104.419
G0 X80.798 Y107.516
G0 X78.987 Y110.475
G0 X77.865 Y113.283
G0 X77.379 Y116.808
G0 X77.287 Y118.699
G0 X77.429 Y120.723
G0 X78.06 Y123.12
G0 X79.416 Y126.024
G0 X82.329 Y128.074
G0 X86.569 Y128.841
G0 X88.3 Y128.225
G0 X89.33 Y127.777
G0 X89.627 Y127.564
G0 X91.017 Y126.287
G0 X90.65 Y126.008
G1 F1500 E1050.80239
G1 X89.495 Y127.163 E1050.87845
G1 F1500 E1044.37845
G0 F9000 X89.765 Y127.539
G0 X85.978 Y129.358
G0 X79.415 Y126.76
G0 X77.16 Y121.347
G0 X77.564 Y113.204
G0 X80.546 Y107.335
G0 X89.416 Y97.638
G0 X92.914 Y94.419
G0 X102.831 Y104.223
G0 X107.118 Y110.329
G0 X108.668 Y116.025
G0 X108.669 Y119.043
G0 X107.958 Y124.197
G0 X109.017 Y124.468
G0 X112.632 Y123.697
G0 X113.572 Y123.138
G0 X120.157 Y125.256
G0 X120.15 Y125.567
;TYPE:WALL-INNER
G1 F1500 E1050.87845
G1 X121.593 Y125.347 E1050.94642
G1 X122.939 Y124.745 E1051.01507
G1 X124.134 Y123.888 E1051.08355
G1 X125.138 Y122.885 E1051.14963
G1 X125.883 Y121.9 E1051.20714
G1 X126.346 Y121.063 E1051.25168
G1 X126.45 Y120.78 E1051.26572
G1 X126.692 Y120.564 E1051.28082
G1 X126.897 Y120.506 E1051.29074
G1 X127.267 Y120.502 E1051.30797
G1 X127.472 Y120.561 E1051.3179
G1 X127.612 Y120.655 E1051.32576
G1 X127.759 Y120.86 E1051.3375
G1 X127.82 Y121.059 E1051.34719
G1 X128.285 Y121.9 E1051.39194
G1 X129.03 Y122.885 E1051.44945
G1 X130.034 Y123.888 E1051.51553
G1 X131.229 Y124.745 E1051.58401
G1 X132.575 Y125.347 E1051.65266
G1 X134.018 Y125.567 E1051.72063
G1 X137.938 Y124.842 E1051.90626
G1 X140.471 Y123.014 E1052.05171
G1 X141.968 Y120.495 E1052.18816
G1 X142.689 Y117.687 E1052.32315
G1 X142.871 Y115.065 E1052.44554
G1 X142.777 Y113.141 E1052.53523
G1 X142.709 Y112.6 E1052.56062
G1 X142.287 Y109.608 E1052.70132
G1 X141.153 Y106.766 E1052.8438
G1 X139.33 Y103.788 E1053.00639
G1 X136.879 Y100.678 E1053.19077
G1 X133.909 Y97.459 E1053.39472
G1 X130.479 Y94.113 E1053.61784
G1 X127.084 Y91.002 E1053.83226
G1 X123.681 Y94.121 E1054.0472
G1 X120.247 Y97.471 E1054.27059
G1 X117.289 Y100.678 E1054.47374
G1 X114.838 Y103.788 E1054.65813
G1 X113.015 Y106.766 E1054.82071
G1 X111.88 Y109.609 E1054.96325
G1 X111.452 Y112.597 E1055.10381
G1 X111.387 Y113.161 E1055.13024
G1 X111.297 Y115.065 E1055.219
G1 X111.479 Y117.687 E1055.34139
G1 X112.2 Y120.495 E1055.47638
G1 X113.697 Y123.014 E1055.61282
G1 X116.23 Y124.842 E1055.75828
G1 X120.15 Y125.567 E1055.94391
G0 F9000 X120.144 Y125.973
;TYPE:WALL-OUTER
G1 F1500 X121.707 Y125.734 E1056.01753
G1 X123.139 Y125.093 E1056.09059
G1 X124.394 Y124.194 E1056.16247
G1 X125.44 Y123.148 E1056.23135
G1 X126.219 Y122.118 E1056.29149
G1 X126.72 Y121.213 E1056.33965
G1 X126.775 Y121.017 E1056.34913
G1 X126.901 Y120.911 E1056.3568
G1 X127.228 Y120.9 E1056.37203
G1 X127.327 Y120.938 E1056.37697
G1 X127.394 Y121.024 E1056.38205
G1 X127.447 Y121.211 E1056.3911
G1 X127.949 Y122.118 E1056.43937
G1 X128.728 Y123.148 E1056.4995
G1 X129.774 Y124.194 E1056.56838
G1 X131.029 Y125.093 E1056.64027
G1 X132.461 Y125.734 E1056.71332
G1 X134.024 Y125.973 E1056.78695
G1 X138.099 Y125.219 E1056.97992
G1 X140.773 Y123.29 E1057.13345
G1 X142.341 Y120.65 E1057.27643
G1 X143.085 Y117.751 E1057.41579
G1 X143.271 Y115.069 E1057.54098
G1 X143.176 Y113.106 E1057.63249
G1 X143.096 Y112.483 E1057.66174
G1 X142.677 Y109.504 E1057.80182
G1 X141.512 Y106.586 E1057.94812
G1 X139.659 Y103.559 E1058.11338
G1 X137.183 Y100.418 E1058.29962
G1 X134.196 Y97.18 E1058.50475
G1 X130.754 Y93.822 E1058.72866
G1 X127.084 Y90.46 E1058.96042
G1 X123.406 Y93.83 E1059.1927
G1 X119.96 Y97.192 E1059.41688
G1 X116.985 Y100.418 E1059.62122
G1 X114.509 Y103.559 E1059.80745
G1 X112.656 Y106.586 E1059.97272
G1 X111.491 Y109.505 E1060.11906
G1 X111.055 Y112.546 E1060.26211
G1 X110.988 Y113.129 E1060.28944
G1 X110.897 Y115.069 E1060.37987
G1 X111.083 Y117.751 E1060.50506
G1 X111.827 Y120.65 E1060.64442
G1 X113.395 Y123.29 E1060.7874
G1 X116.069 Y125.219 E1060.94093
G1 X120.144 Y125.973 E1061.1339
G0 F9000 X120.15 Y125.663
G0 X117.232 Y124.715
G0 X117.19 Y124.939
;TYPE:FILL
G1 F3000 X125.985 Y92.117 E1062.71615
G0 F9000 X126.14 Y92.287
G0 X127.054 Y91.449
G0 X126.9 Y91.28
G1 F3000 X138.563 Y102.943 E1063.48417
G0 F9000 X138.974 Y103.464
G1 F3000 X111.799 Y110.746 E1064.7942
G0 F9000 X111.876 Y110.197
G1 F3000 X124.794 Y123.115 E1065.64487
G0 F9000 X124.635 Y122.954
G0 X126.442 Y119.799
G0 X127.727 Y119.799
G0 X130.112 Y123.528
G0 X129.949 Y123.69
G1 F3000 X136.262 Y100.129 E1066.78067
G0 F9000 X136.095 Y100.282
G0 X129.562 Y93.689
G0 X129.717 Y93.521
G1 F3000 X122.4 Y95.482 E1067.1334
G0 F9000 X122.561 Y95.648
G0 X118.493 Y99.831
G0 X118.324 Y99.674
G1 F3000 X140.858 Y122.209 E1068.61734
G0 F9000 X140.663 Y122.092
G0 X142.554 Y114.878
G0 X142.78 Y114.868
G1 F3000 X113.596 Y122.688 E1070.02421
G0 F9000 X114.052 Y122.418
G1 F1500 E1063.52421
;MESH:NONMESH
G0 F300 X114.052 Y122.418 Z1.96
G0 F9000 X111.311 Y117.715
G0 X110.221 Y117.791
G0 X109.773 Y115.89
G0 X92.465 Y95.14
;TIME_ELAPSED:1124.237405
;LAYER:6
;TYPE:WALL-INNER
;MESH:tmpnqf7468lheart_box.stl
G1 F1500 E1070.02421
G1 F1134.2 X91.002 Y96.464 E1070.14572
G1 F1192.8 X89.54 Y97.789 E1070.26125
G1 F1263.2 X89.024 Y98.27 E1070.30026
G1 F1357.5 X87.455 Y99.788 E1070.41259
G1 F1477.8 X85.886 Y101.306 E1070.51577
G1 F1648.4 X83.116 Y104.27 E1070.68767
G1 F1869.2 X80.875 Y107.078 E1070.82192
G1 F1863.4 X80.641 Y107.407 E1070.83705
G1 F1851.9 X79.132 Y109.838 E1070.94497
G1 F1699.7 X78.842 Y110.402 E1070.97103
G1 F1511.3 X77.944 Y112.636 E1071.08231
G1 F1284.8 X77.776 Y113.258 E1071.11733
G1 F1119.4 X77.509 Y115.09 E1071.23285
G1 F1111.1 X77.391 Y115.964 E1071.28829
G1 F1039.9 X77.322 Y116.803 E1071.34483
G1 F982 X77.275 Y117.819 E1071.41717
G1 F934.6 X77.279 Y118.241 E1071.44871
G0 F9000 X77.707 Y120.243
G0 X78.423 Y122.966
G0 X79.969 Y125.505
G0 X82.623 Y127.373
G0 X85.986 Y128.891
G0 X85.978 Y129.204
G1 F1500 X87.421 Y128.983 E1071.51669
G1 F1327.4 X88.299 Y128.534 E1071.56858
G1 F1214.6 X88.746 Y128.344 E1071.59651
G1 F1425.2 X89.765 Y127.69 E1071.65585
G1 F1321.6 X89.91 Y127.467 E1071.66991
G1 F990.1 X89.986 Y127.314 E1071.68196
G1 F1181.1 X89.59 Y127.381 E1071.70571
G1 F1542.4 X88.391 Y127.98 E1071.7664
G1 F1298.7 X88.16 Y128.056 E1071.77948
G1 F1327.4 X87.236 Y128.142 E1071.82831
G1 F1500 X86.575 Y128.241 E1071.85943
G1 X82.576 Y127.518 E1072.04866
G1 X79.855 Y125.612 E1072.20336
G1 X78.738 Y123.772 E1072.30359
G1 F1395.3 X78.251 Y123.026 E1072.34818
G1 F1310 X77.782 Y121.226 E1072.44735
G1 F1459.9 X77.586 Y120.309 E1072.49222
G1 F1657.5 X77.462 Y118.629 E1072.56321
G1 F1171.9 X77.279 Y118.241 E1072.58878
G1 X77.106 Y118.633 E1072.61431
G1 F1657.5 X77.225 Y120.365 E1072.68747
G1 F1459.9 X77.337 Y121.319 E1072.73343
G1 F1301.5 X77.824 Y123.197 E1072.83755
G1 F1382.5 X78.029 Y124.131 E1072.88586
G1 F1500 X79.525 Y126.65 E1073.02228
G1 X82.058 Y128.478 E1073.16773
G1 X85.978 Y129.204 E1073.35337
G0 F9000 X85.986 Y128.891
G0 X89.986 Y127.314
G1 F990.1 X90.47 Y126.908 E1073.39794
G1 F1204.8 X90.954 Y126.501 E1073.4346
G1 F1435.4 X91.17 Y126.26 E1073.45034
G1 F1500 E1066.95034
G0 F9000 X92.376 Y124.675
G0 X92.95 Y123.878
G0 X92.957 Y124.168
G1 F1500 E1073.45034
G1 F1734.1 X92.892 Y124.131 E1073.45336
G1 X92.893 Y124.205 E1073.45634
G1 X92.957 Y124.168 E1073.45931
G1 F1500 E1066.95931
G0 F9000 X92.95 Y123.878
G0 X93.451 Y124.673
G0 X94.654 Y126.26
G1 F1500 E1073.45931
G1 F1435.4 X94.87 Y126.501 E1073.47506
G1 F1204.8 X95.35 Y126.904 E1073.5114
G1 F993.4 X95.831 Y127.308 E1073.55556
G0 F9000 X99.843 Y128.891
G0 X99.846 Y129.204
G1 F1500 X103.766 Y128.478 E1073.7412
G1 X106.299 Y126.65 E1073.88665
G1 X107.796 Y124.131 E1074.0231
G1 F1421.8 X107.985 Y123.304 E1074.06477
G1 F1321.6 X108.002 Y123.198 E1074.07045
G1 F1310 X108.491 Y121.319 E1074.17396
G1 F1470.6 X108.602 Y120.363 E1074.21967
G1 F1666.7 X108.719 Y118.666 E1074.29096
G1 F1174.2 X108.546 Y118.274 E1074.31645
G1 X108.365 Y118.662 E1074.34192
G1 F1676 X108.251 Y120.265 E1074.40889
G1 F1474.2 X108.047 Y121.225 E1074.45539
G1 F1310 X107.566 Y123.045 E1074.55576
G1 F1388.9 X107.09 Y123.773 E1074.5995
G1 F1500 X105.974 Y125.61 E1074.69958
G1 X103.265 Y127.516 E1074.85382
G1 X99.249 Y128.241 E1075.04384
G1 X98.592 Y128.143 E1075.07478
G1 F1342.3 X97.602 Y128.04 E1075.12657
G1 F1227 X97.295 Y127.911 E1075.14553
G1 F1428.6 X96.225 Y127.376 E1075.20402
G1 F1185.8 X95.83 Y127.307 E1075.22763
G1 F1000 X95.908 Y127.465 E1075.23994
G1 F1333.3 X96.05 Y127.683 E1075.25357
G1 F1428.6 X97.078 Y128.344 E1075.31333
G1 F1227 X97.442 Y128.503 E1075.33594
G1 F1239.7 X97.519 Y128.548 E1075.34096
G1 F1376.1 X98.407 Y128.982 E1075.39113
G1 F1500 X99.846 Y129.204 E1075.45893
G0 F9000 X99.843 Y128.891
G0 X103.206 Y127.373
G0 X105.86 Y125.505
G0 X107.406 Y122.966
G0 X107.812 Y121.422
G0 X108.546 Y118.274
G1 F943.4 X108.55 Y117.733 E1075.49898
G1 F988.5 X108.503 Y116.783 E1075.56619
G1 F1041.7 X108.431 Y115.963 E1075.62139
G1 F1109.1 X108.049 Y113.258 E1075.79343
G1 F1295.9 X107.882 Y112.637 E1075.82809
G1 F1522.8 X106.982 Y110.402 E1075.9386
G1 F1680.7 X106.739 Y109.921 E1075.961
G1 F1840.5 X105.184 Y107.406 E1076.07321
G1 F1875 X104.991 Y107.131 E1076.08572
G1 X102.711 Y104.271 E1076.22198
G1 F1709.4 X101.335 Y102.799 E1076.30431
G1 F1591.5 X99.959 Y101.326 E1076.39277
G1 F1500 X99.734 Y101.098 E1076.40769
G1 F1385.7 X96.818 Y98.285 E1076.61191
G1 F1268.5 X96.277 Y97.78 E1076.65266
G1 F1192.8 X94.818 Y96.46 E1076.76787
G1 F1134.2 X93.358 Y95.139 E1076.88912
G0 F9000 X93.359 Y95.14
G1 F1312.9 X93.038 Y94.732 E1076.91674
G1 F1612.9 X92.912 Y94.616 E1076.92415
G1 X92.787 Y94.731 E1076.93151
G1 F1312.9 X92.465 Y95.14 E1076.9592
G1 X92.912 Y95.054 E1076.98342
G1 X93.359 Y95.14 E1077.00763
G1 F1500 E1070.50763
G0 F9000 X99.848 Y101.421
G0 X102.606 Y104.332
G0 X104.889 Y107.162
G0 X106.627 Y109.927
G0 X107.738 Y112.646
G0 X108.211 Y115.97
G0 X108.3 Y117.772
G0 X108.122 Y120.243
G0 X107.406 Y122.966
G0 X105.86 Y125.505
G0 X103.206 Y127.373
G0 X99.299 Y128.139
G0 X99.245 Y127.832
;TYPE:WALL-OUTER
G1 F1500 E1077.00763
G1 X97.711 Y127.606 E1077.07983
G1 X96.3 Y126.992 E1077.15149
G1 X95.1 Y126.144 E1077.21991
G1 X94.93 Y125.978 E1077.23097
G1 F1242.2 X94.587 Y125.758 E1077.25388
G1 F1127.8 X94.102 Y125.239 E1077.29788
G1 F1282.1 X93.668 Y124.633 E1077.33848
G1 F1449.3 X93.542 Y124.435 E1077.34979
G1 F1522.8 X93.367 Y124.21 E1077.36287
G1 F1507.5 X92.914 Y123.412 E1077.40538
G1 X92.461 Y124.21 E1077.4479
G1 F1515.2 X92.286 Y124.433 E1077.46096
G1 F1449.3 X92.161 Y124.629 E1077.47217
G1 F1287.6 X91.722 Y125.239 E1077.51294
G1 F1127.8 X91.238 Y125.758 E1077.55689
G1 F1242.2 X90.895 Y125.977 E1077.57977
G1 F1500 X90.721 Y126.147 E1077.5911
G1 X89.524 Y126.992 E1077.65932
G1 X88.121 Y127.606 E1077.73063
G1 X86.581 Y127.835 E1077.80313
G1 X82.725 Y127.138 E1077.98559
G1 X80.154 Y125.332 E1078.13189
G1 X78.657 Y122.867 E1078.26618
G1 X77.957 Y120.217 E1078.39381
G1 X77.78 Y117.758 E1078.50861
G1 X77.865 Y115.97 E1078.59196
G1 X77.97 Y115.158 E1078.63008
G1 X78.332 Y112.718 E1078.74494
G1 X79.414 Y110.056 E1078.87875
G1 X81.148 Y107.298 E1079.03044
G1 X83.414 Y104.49 E1079.19846
G1 X86.157 Y101.591 E1079.3843
G1 X89.31 Y98.59 E1079.58698
G1 X92.778 Y95.49 E1079.80358
G1 X92.912 Y95.44 E1079.81024
G1 X93.046 Y95.49 E1079.8169
G1 X96.523 Y98.595 E1080.03396
G1 X99.674 Y101.598 E1080.23665
G1 X102.424 Y104.502 E1080.42288
G1 X104.694 Y107.317 E1080.59127
G1 X106.394 Y110.025 E1080.74015
G1 X107.496 Y112.718 E1080.87564
G1 X107.851 Y115.157 E1080.99041
G1 X107.96 Y115.986 E1081.02934
G1 X108.048 Y117.783 E1081.11312
G1 X107.87 Y120.219 E1081.22685
G1 X107.172 Y122.867 E1081.35436
G1 X105.677 Y125.323 E1081.48825
G1 X103.114 Y127.133 E1081.63435
G1 X99.245 Y127.832 E1081.81742
G1 F1500 E1075.31742
G0 F9000 X99.299 Y128.139
G0 X99.85 Y129.298
G0 X99.852 Y129.609
G1 F1500 E1081.81742
G1 X103.927 Y128.855 E1082.01039
G1 X106.601 Y126.926 E1082.16392
G1 X108.169 Y124.286 E1082.3069
G1 X108.913 Y121.387 E1082.44627
G1 X109.099 Y118.705 E1082.57145
G1 X109.006 Y116.759 E1082.66217
G1 X108.938 Y116.174 E1082.68959
G1 X108.505 Y113.137 E1082.83244
G1 X107.34 Y110.222 E1082.97861
G1 X105.487 Y107.195 E1083.14387
G1 X103.002 Y104.044 E1083.33073
G1 X100.017 Y100.809 E1083.5357
G1 X96.588 Y97.462 E1083.75882
G1 X92.912 Y94.092 E1083.99103
G1 X89.229 Y97.47 E1084.22374
G1 X85.786 Y100.836 E1084.44795
G1 X82.804 Y104.065 E1084.65261
G1 X80.337 Y107.195 E1084.83819
G1 X78.484 Y110.222 E1085.00345
G1 X77.319 Y113.136 E1085.14958
G1 X76.882 Y116.184 E1085.29296
G1 X76.82 Y116.764 E1085.32012
G1 X76.725 Y118.705 E1085.41061
G1 X76.914 Y121.387 E1085.5358
G1 X77.655 Y124.286 E1085.67513
G1 X79.223 Y126.926 E1085.81811
G1 X81.897 Y128.855 E1085.97164
G1 X85.972 Y129.609 E1086.16461
G1 X87.535 Y129.37 E1086.23824
G1 X88.967 Y128.729 E1086.31129
G1 X90.218 Y127.83 E1086.38302
G1 X91.272 Y126.779 E1086.45233
G1 X91.485 Y126.499 E1086.46871
G1 F1242.2 X91.66 Y126.131 E1086.49163
G1 F1098.9 X91.998 Y125.716 E1086.52565
G1 F1250 X92.533 Y124.845 E1086.58276
G1 F1456.3 X92.633 Y124.62 E1086.59457
G1 F1522.8 X92.729 Y124.54 E1086.6003
G1 F1515.2 X93.098 Y124.54 E1086.61731
G1 F1526.7 X93.194 Y124.62 E1086.62303
G1 F1449.3 X93.292 Y124.847 E1086.63495
G1 F1293.1 X93.678 Y125.487 E1086.67532
G1 F1176.5 X93.826 Y125.716 E1086.6915
G1 F1098.9 X94.163 Y126.13 E1086.72543
G1 F1242.2 X94.338 Y126.498 E1086.74835
G1 F1500 X94.551 Y126.78 E1086.7648
G1 X95.606 Y127.831 E1086.83414
G1 X96.857 Y128.729 E1086.90585
G1 X98.293 Y129.37 E1086.97907
G1 X99.852 Y129.609 E1087.05252
G0 F9000 X99.85 Y129.298
G0 X103.588 Y128.198
G0 X103.629 Y128.423
;TYPE:FILL
G1 F3000 X103.98 Y127.11 E1087.1158
G0 F9000 X104.112 Y127.299
G0 X106.158 Y125.784
G0 X106.771 Y124.894
G0 X106.576 Y124.774
G1 F3000 X107.462 Y124.536 E1087.15852
G1 F1500 E1080.65852
G0 F9000 X107.268 Y124.42
G0 X108.122 Y120.243
G0 X108.3 Y117.772
G0 X108.122 Y115.266
G0 X107.738 Y112.646
G0 X106.627 Y109.927
G0 X104.889 Y107.162
G0 X102.606 Y104.332
G0 X99.848 Y101.421
G0 X96.693 Y98.415
G0 X92.914 Y95.05
G0 X89.135 Y98.415
G0 X85.98 Y101.421
G0 X83.223 Y104.332
G0 X80.94 Y107.162
G0 X79.202 Y109.927
G0 X78.091 Y112.647
G0 X77.617 Y115.97
G0 X77.529 Y117.772
G0 X77.707 Y120.243
G0 X78.351 Y122.694
G0 X79.41 Y125.472
G0 X79.605 Y125.354
G1 F1500 E1087.15852
G1 F3000 X79.37 Y126.231 E1087.2008
G0 F9000 X79.649 Y126.21
G1 F1500 E1080.7008
G0 F9000 X78.423 Y122.966
G0 X77.707 Y120.243
G0 X77.529 Y117.772
G0 X77.617 Y115.97
G0 X78.091 Y112.647
G0 X79.202 Y109.927
G0 X80.94 Y107.162
G0 X83.223 Y104.332
G0 X85.98 Y101.421
G0 X89.135 Y98.415
G0 X92.914 Y95.05
G0 X96.693 Y98.415
G0 X99.848 Y101.421
G0 X102.606 Y104.332
G0 X104.889 Y107.162
G0 X106.627 Y109.927
G0 X107.738 Y112.646
G0 X108.211 Y115.97
G0 X108.283 Y117.43
G0 X107.958 Y124.197
G0 X109.017 Y124.468
G0 X112.632 Y123.697
G0 X113.572 Y123.138
G0 X120.157 Y125.256
G0 X120.15 Y125.567
;TYPE:WALL-INNER
G1 F1500 E1087.2008
G1 X121.593 Y125.347 E1087.26877
G1 X122.939 Y124.745 E1087.33742
G1 X124.134 Y123.888 E1087.4059
G1 X125.138 Y122.885 E1087.47198
G1 X125.883 Y121.9 E1087.52949
G1 X126.346 Y121.063 E1087.57403
G1 X126.45 Y120.78 E1087.58807
G1 X126.692 Y120.564 E1087.60317
G1 X126.897 Y120.506 E1087.61309
G1 X127.267 Y120.502 E1087.63032
G1 X127.472 Y120.561 E1087.64026
G1 X127.612 Y120.655 E1087.64811
G1 X127.759 Y120.86 E1087.65985
G1 X127.82 Y121.059 E1087.66955
G1 X128.285 Y121.9 E1087.71429
G1 X129.03 Y122.885 E1087.7718
G1 X130.034 Y123.888 E1087.83788
G1 X131.229 Y124.745 E1087.90636
G1 X132.575 Y125.347 E1087.97502
G1 X134.018 Y125.567 E1088.04298
G1 X137.938 Y124.842 E1088.22861
G1 X140.471 Y123.014 E1088.37406
G1 X141.968 Y120.495 E1088.51051
G1 X142.689 Y117.687 E1088.6455
G1 X142.871 Y115.065 E1088.76789
G1 X142.777 Y113.141 E1088.85758
G1 X142.709 Y112.6 E1088.88297
G1 X142.287 Y109.608 E1089.02367
G1 X141.153 Y106.766 E1089.16615
G1 X139.33 Y103.788 E1089.32874
G1 X136.879 Y100.678 E1089.51312
G1 X133.909 Y97.459 E1089.71707
G1 X130.479 Y94.113 E1089.94019
G1 X127.084 Y91.002 E1090.15461
G1 X123.681 Y94.121 E1090.36955
G1 X120.247 Y97.471 E1090.59294
G1 X117.289 Y100.678 E1090.79609
G1 X114.838 Y103.788 E1090.98048
G1 X113.015 Y106.766 E1091.14306
G1 X111.88 Y109.609 E1091.2856
G1 X111.452 Y112.597 E1091.42616
G1 X111.387 Y113.161 E1091.45259
G1 X111.297 Y115.065 E1091.54135
G1 X111.479 Y117.687 E1091.66374
G1 X112.2 Y120.495 E1091.79873
G1 X113.697 Y123.014 E1091.93518
G1 X116.23 Y124.842 E1092.08063
G1 X120.15 Y125.567 E1092.26626
G0 F9000 X120.144 Y125.973
;TYPE:WALL-OUTER
G1 F1500 X121.707 Y125.734 E1092.33988
G1 X123.139 Y125.093 E1092.41294
G1 X124.394 Y124.194 E1092.48482
G1 X125.44 Y123.148 E1092.5537
G1 X126.219 Y122.118 E1092.61384
G1 X126.72 Y121.213 E1092.662
G1 X126.775 Y121.017 E1092.67148
G1 X126.901 Y120.911 E1092.67915
G1 X127.228 Y120.9 E1092.69438
G1 X127.327 Y120.938 E1092.69932
G1 X127.394 Y121.024 E1092.7044
G1 X127.447 Y121.211 E1092.71345
G1 X127.949 Y122.118 E1092.76172
G1 X128.728 Y123.148 E1092.82185
G1 X129.774 Y124.194 E1092.89073
G1 X131.029 Y125.093 E1092.96262
G1 X132.461 Y125.734 E1093.03567
G1 X134.024 Y125.973 E1093.1093
G1 X138.099 Y125.219 E1093.30227
G1 X140.773 Y123.29 E1093.4558
G1 X142.341 Y120.65 E1093.59878
G1 X143.085 Y117.751 E1093.73814
G1 X143.271 Y115.069 E1093.86333
G1 X143.176 Y113.106 E1093.95484
G1 X143.096 Y112.483 E1093.98409
G1 X142.677 Y109.504 E1094.12417
G1 X141.512 Y106.586 E1094.27047
G1 X139.659 Y103.559 E1094.43573
G1 X137.183 Y100.418 E1094.62197
G1 X134.196 Y97.18 E1094.8271
G1 X130.754 Y93.822 E1095.05101
G1 X127.084 Y90.46 E1095.28277
G1 X123.406 Y93.83 E1095.51505
G1 X119.96 Y97.192 E1095.73923
G1 X116.985 Y100.418 E1095.94357
G1 X114.509 Y103.559 E1096.1298
G1 X112.656 Y106.586 E1096.29507
G1 X111.491 Y109.505 E1096.44141
G1 X111.055 Y112.546 E1096.58446
G1 X110.988 Y113.129 E1096.61179
G1 X110.897 Y115.069 E1096.70222
G1 X111.083 Y117.751 E1096.82741
G1 X111.827 Y120.65 E1096.96677
G1 X113.395 Y123.29 E1097.10975
G1 X116.069 Y125.219 E1097.26328
G1 X120.144 Y125.973 E1097.45625
G0 F9000 X120.15 Y125.663
G0 X117.037 Y124.679
G0 X116.995 Y124.904
;TYPE:FILL
G1 F3000 X125.713 Y92.366 E1099.02479
G0 F9000 X125.868 Y92.536
G0 X127.085 Y91.386
G0 X127.045 Y91.145
G1 F3000 X137.515 Y101.615 E1099.71426
G0 F9000 X137.337 Y101.754
G0 X135.935 Y100.11
G0 X136.103 Y99.956
G1 F3000 X129.787 Y123.527 E1100.85055
G0 F9000 X129.949 Y123.366
G0 X127.727 Y119.799
G0 X126.442 Y119.799
G0 X124.775 Y122.815
G0 X124.934 Y122.975
G1 F3000 X111.911 Y109.952 E1101.70813
G0 F9000 X112.141 Y109.985
G0 X111.997 Y110.992
G0 X111.768 Y110.959
G1 F3000 X139.107 Y103.634 E1103.02605
G0 F9000 X138.928 Y103.774
G0 X142.564 Y115.069
G0 X142.789 Y115.07
G1 F3000 X113.701 Y122.865 E1104.4283
G0 F9000 X113.899 Y122.748
G0 X118.627 Y99.686
G0 X118.458 Y99.529
G1 F3000 X140.962 Y122.032 E1105.9102
G1 F1500 E1099.4102
G0 F9000 X140.768 Y121.915
G0 X129.735 Y93.848
G0 X129.89 Y93.68
G1 F1500 E1105.9102
G1 F3000 X122.111 Y95.765 E1106.28521
G0 F9000 X122.482 Y96.146
G1 F1500 E1099.78521
;MESH:NONMESH
G0 F300 X122.482 Y96.146 Z2.24
G0 F9000 X120.141 Y97.339
G0 X96.679 Y98.43
G0 X92.465 Y95.14
;TIME_ELAPSED:1166.571113
;LAYER:7
;TYPE:WALL-INNER
;MESH:tmpnqf7468lheart_box.stl
G1 F1500 E1106.28521
G1 F1134.2 X91.002 Y96.464 E1106.40671
G1 F1192.8 X89.54 Y97.789 E1106.52225
G1 F1263.2 X89.024 Y98.27 E1106.56125
G1 F1357.5 X87.455 Y99.788 E1106.67358
G1 F1477.8 X85.886 Y101.306 E1106.77676
G1 F1648.4 X83.116 Y104.27 E1106.94867
G1 F1869.2 X80.875 Y107.078 E1107.08292
G1 F1863.4 X80.641 Y107.407 E1107.09805
G1 F1851.9 X79.132 Y109.838 E1107.20597
G1 F1699.7 X78.842 Y110.402 E1107.23203
G1 F1511.3 X77.944 Y112.636 E1107.3433
G1 F1284.8 X77.776 Y113.258 E1107.37833
G1 F1119.4 X77.509 Y115.09 E1107.49384
G1 F1111.1 X77.391 Y115.964 E1107.54928
G1 F1039.9 X77.322 Y116.803 E1107.60583
G1 F982 X77.275 Y117.819 E1107.67817
G1 F934.6 X77.279 Y118.241 E1107.70971
G0 F9000 X77.707 Y120.243
G0 X78.423 Y122.966
G0 X79.969 Y125.505
G0 X82.623 Y127.373
G0 X85.986 Y128.891
G0 X85.978 Y129.204
G1 F1500 X87.421 Y128.983 E1107.77769
G1 F1327.4 X88.299 Y128.534 E1107.82958
G1 F1214.6 X88.746 Y128.344 E1107.85751
G1 F1425.2 X89.765 Y127.69 E1107.91685
G1 F1321.6 X89.91 Y127.467 E1107.93091
G1 F990.1 X89.986 Y127.314 E1107.94296
G1 F1181.1 X89.59 Y127.381 E1107.96671
G1 F1542.4 X88.391 Y127.98 E1108.0274
G1 F1298.7 X88.16 Y128.056 E1108.04048
G1 F1327.4 X87.236 Y128.142 E1108.08931
G1 F1500 X86.575 Y128.241 E1108.12043
G1 X82.576 Y127.518 E1108.30966
G1 X79.855 Y125.612 E1108.46435
G1 X78.738 Y123.772 E1108.56458
G1 F1395.3 X78.251 Y123.026 E1108.60918
G1 F1310 X77.782 Y121.226 E1108.70835
G1 F1459.9 X77.586 Y120.309 E1108.75322
G1 F1657.5 X77.462 Y118.629 E1108.8242
G1 F1171.9 X77.279 Y118.241 E1108.84977
G1 X77.106 Y118.633 E1108.87531
G1 F1657.5 X77.225 Y120.365 E1108.94847
G1 F1459.9 X77.337 Y121.319 E1108.99443
G1 F1301.5 X77.824 Y123.197 E1109.09854
G1 F1382.5 X78.029 Y124.131 E1109.14686
G1 F1500 X79.525 Y126.65 E1109.28328
G1 X82.058 Y128.478 E1109.42873
G1 X85.978 Y129.204 E1109.61437
G0 F9000 X85.986 Y128.891
G0 X89.986 Y127.314
G1 F990.1 X90.47 Y126.908 E1109.65893
G1 F1204.8 X90.954 Y126.501 E1109.69559
G1 F1435.4 X91.17 Y126.26 E1109.71134
G1 F1500 E1103.21134
G0 F9000 X92.376 Y124.675
G0 X92.95 Y123.878
G0 X92.957 Y124.168
G1 F1500 E1109.71134
G1 F1734.1 X92.892 Y124.131 E1109.71435
G1 X92.893 Y124.205 E1109.71733
G1 X92.957 Y124.168 E1109.72031
G1 F1500 E1103.22031
G0 F9000 X92.95 Y123.878
G0 X93.451 Y124.673
G0 X94.654 Y126.26
G1 F1500 E1109.72031
G1 F1435.4 X94.87 Y126.501 E1109.73606
G1 F1204.8 X95.35 Y126.904 E1109.77239
G1 F993.4 X95.831 Y127.308 E1109.81656
G0 F9000 X99.843 Y128.891
G0 X99.846 Y129.204
G1 F1500 X103.766 Y128.478 E1110.0022
G1 X106.299 Y126.65 E1110.14765
G1 X107.796 Y124.131 E1110.28409
G1 F1421.8 X107.985 Y123.304 E1110.32577
G1 F1321.6 X108.002 Y123.198 E1110.33144
G1 F1310 X108.491 Y121.319 E1110.43496
G1 F1470.6 X108.602 Y120.363 E1110.48067
G1 F1666.7 X108.719 Y118.666 E1110.55196
G1 F1174.2 X108.546 Y118.274 E1110.57744
G1 X108.365 Y118.662 E1110.60291
G1 F1676 X108.251 Y120.265 E1110.66989
G1 F1474.2 X108.047 Y121.225 E1110.71639
G1 F1310 X107.566 Y123.045 E1110.81675
G1 F1388.9 X107.09 Y123.773 E1110.86049
G1 F1500 X105.974 Y125.61 E1110.96058
G1 X103.265 Y127.516 E1111.11482
G1 X99.249 Y128.241 E1111.30484
G1 X98.592 Y128.143 E1111.33577
G1 F1342.3 X97.602 Y128.04 E1111.38757
G1 F1227 X97.295 Y127.911 E1111.40652
G1 F1428.6 X96.225 Y127.376 E1111.46501
G1 F1185.8 X95.83 Y127.307 E1111.48863
G1 F1000 X95.908 Y127.465 E1111.50094
G1 F1333.3 X96.05 Y127.683 E1111.51457
G1 F1428.6 X97.078 Y128.344 E1111.57432
G1 F1227 X97.442 Y128.503 E1111.59693
G1 F1239.7 X97.519 Y128.548 E1111.60196
G1 F1376.1 X98.407 Y128.982 E1111.65212
G1 F1500 X99.846 Y129.204 E1111.71992
G0 F9000 X99.843 Y128.891
G0 X103.206 Y127.373
G0 X105.86 Y125.505
G0 X107.406 Y122.966
G0 X107.812 Y121.422
G0 X108.546 Y118.274
G1 F943.4 X108.55 Y117.733 E1111.75998
G1 F988.5 X108.503 Y116.783 E1111.82719
G1 F1045.3 X108.424 Y115.904 E1111.88616
G1 F1113.2 X108.049 Y113.258 E1112.05384
G1 F1295.9 X107.882 Y112.637 E1112.0885
G1 F1522.8 X106.982 Y110.402 E1112.19901
G1 F1680.7 X106.739 Y109.921 E1112.22141
G1 F1840.5 X105.184 Y107.406 E1112.33362
G1 F1875 X104.991 Y107.131 E1112.34613
G1 X102.711 Y104.271 E1112.48239
G1 F1709.4 X101.335 Y102.799 E1112.56472
G1 F1591.5 X99.959 Y101.326 E1112.65318
G1 F1500 X99.734 Y101.098 E1112.6681
G1 F1385.7 X96.818 Y98.285 E1112.87232
G1 F1268.5 X96.277 Y97.78 E1112.91307
G1 F1192.8 X94.818 Y96.46 E1113.02828
G1 F1134.2 X93.358 Y95.139 E1113.14953
G0 F9000 X93.359 Y95.14
G1 F1312.9 X93.038 Y94.732 E1113.17715
G1 F1612.9 X92.912 Y94.616 E1113.18456
G1 X92.787 Y94.731 E1113.19192
G1 F1312.9 X92.465 Y95.14 E1113.21961
G1 X92.912 Y95.054 E1113.24383
G1 X93.359 Y95.14 E1113.26804
G1 F1500 E1106.76804
G0 F9000 X99.848 Y101.421
G0 X102.606 Y104.332
G0 X104.889 Y107.162
G0 X106.627 Y109.927
G0 X107.738 Y112.646
G0 X108.211 Y115.97
G0 X108.3 Y117.772
G0 X108.122 Y120.243
G0 X107.406 Y122.966
G0 X105.86 Y125.505
G0 X103.206 Y127.373
G0 X99.299 Y128.139
G0 X99.245 Y127.832
;TYPE:WALL-OUTER
G1 F1500 E1113.26804
G1 X97.711 Y127.606 E1113.34024
G1 X96.3 Y126.992 E1113.4119
G1 X95.1 Y126.144 E1113.48032
G1 X94.93 Y125.978 E1113.49138
G1 F1242.2 X94.587 Y125.758 E1113.51429
G1 F1127.8 X94.102 Y125.239 E1113.55829
G1 F1282.1 X93.668 Y124.633 E1113.59889
G1 F1449.3 X93.542 Y124.435 E1113.6102
G1 F1522.8 X93.367 Y124.21 E1113.62328
G1 F1507.5 X92.914 Y123.412 E1113.66579
G1 X92.461 Y124.21 E1113.70831
G1 F1515.2 X92.286 Y124.433 E1113.72137
G1 F1449.3 X92.161 Y124.629 E1113.73258
G1 F1287.6 X91.722 Y125.239 E1113.77335
G1 F1127.8 X91.238 Y125.758 E1113.8173
G1 F1242.2 X90.895 Y125.977 E1113.84018
G1 F1500 X90.721 Y126.147 E1113.85151
G1 X89.524 Y126.992 E1113.91973
G1 X88.121 Y127.606 E1113.99104
G1 X86.581 Y127.835 E1114.06354
G1 X82.725 Y127.138 E1114.246
G1 X80.154 Y125.332 E1114.3923
G1 X78.657 Y122.867 E1114.52659
G1 X77.957 Y120.217 E1114.65422
G1 X77.78 Y117.758 E1114.76902
G1 X77.865 Y115.97 E1114.85237
G1 X77.97 Y115.158 E1114.89049
G1 X78.332 Y112.718 E1115.00535
G1 X79.414 Y110.056 E1115.13916
G1 X81.148 Y107.298 E1115.29085
G1 X83.414 Y104.49 E1115.45887
G1 X86.157 Y101.591 E1115.64471
G1 X89.31 Y98.59 E1115.84739
G1 X92.778 Y95.49 E1116.06399
G1 X92.912 Y95.44 E1116.07065
G1 X93.046 Y95.49 E1116.07731
G1 X96.523 Y98.595 E1116.29437
G1 X99.674 Y101.598 E1116.49706
G1 X102.424 Y104.502 E1116.68329
G1 X104.694 Y107.317 E1116.85168
G1 X106.394 Y110.025 E1117.00056
G1 X107.496 Y112.718 E1117.13605
G1 X107.843 Y115.089 E1117.24763
G1 X107.959 Y115.965 E1117.28878
G1 X108.048 Y117.783 E1117.37353
G1 X107.87 Y120.219 E1117.48727
G1 X107.172 Y122.867 E1117.61478
G1 X105.677 Y125.323 E1117.74866
G1 X103.114 Y127.133 E1117.89477
G1 X99.245 Y127.832 E1118.07784
G1 F1500 E1111.57784
G0 F9000 X99.299 Y128.139
G0 X99.85 Y129.298
G0 X99.852 Y129.609
G1 F1500 E1118.07784
G1 X103.927 Y128.855 E1118.27081
G1 X106.601 Y126.926 E1118.42434
G1 X108.169 Y124.286 E1118.56732
G1 X108.913 Y121.387 E1118.70668
G1 X109.099 Y118.705 E1118.83187
G1 X109.006 Y116.759 E1118.92258
G1 X108.938 Y116.174 E1118.95001
G1 X108.505 Y113.137 E1119.09285
G1 X107.34 Y110.222 E1119.23902
G1 X105.487 Y107.195 E1119.40429
G1 X103.002 Y104.044 E1119.59115
G1 X100.017 Y100.809 E1119.79611
G1 X96.588 Y97.462 E1120.01923
G1 X92.912 Y94.092 E1120.25145
G1 X89.229 Y97.47 E1120.48416
G1 X85.786 Y100.836 E1120.70836
G1 X82.804 Y104.065 E1120.91303
G1 X80.337 Y107.195 E1121.0986
G1 X78.484 Y110.222 E1121.26386
G1 X77.319 Y113.136 E1121.40999
G1 X76.882 Y116.184 E1121.55337
G1 X76.82 Y116.764 E1121.58053
G1 X76.725 Y118.705 E1121.67102
G1 X76.914 Y121.387 E1121.79622
G1 X77.655 Y124.286 E1121.93555
G1 X79.223 Y126.926 E1122.07852
G1 X81.897 Y128.855 E1122.23205
G1 X85.972 Y129.609 E1122.42502
G1 X87.535 Y129.37 E1122.49865
G1 X88.967 Y128.729 E1122.5717
G1 X90.218 Y127.83 E1122.64344
G1 X91.272 Y126.779 E1122.71275
G1 X91.485 Y126.499 E1122.72913
G1 F1242.2 X91.66 Y126.131 E1122.75204
G1 F1098.9 X91.998 Y125.716 E1122.78606
G1 F1250 X92.533 Y124.845 E1122.84318
G1 F1456.3 X92.633 Y124.62 E1122.85499
G1 F1522.8 X92.729 Y124.54 E1122.86072
G1 F1515.2 X93.098 Y124.54 E1122.87773
G1 F1526.7 X93.194 Y124.62 E1122.88344
G1 F1449.3 X93.292 Y124.847 E1122.89536
G1 F1293.1 X93.678 Y125.487 E1122.93573
G1 F1176.5 X93.826 Y125.716 E1122.95192
G1 F1098.9 X94.163 Y126.13 E1122.98585
G1 F1242.2 X94.338 Y126.498 E1123.00876
G1 F1500 X94.551 Y126.78 E1123.02522
G1 X95.606 Y127.831 E1123.09456
G1 X96.857 Y128.729 E1123.16626
G1 X98.293 Y129.37 E1123.23949
G1 X99.852 Y129.609 E1123.31293
G0 F9000 X99.85 Y129.298
G0 X103.372 Y128.237
G0 X103.413 Y128.464
;TYPE:FILL
G1 F3000 X103.728 Y127.288 E1123.36962
G0 F9000 X103.86 Y127.476
G0 X106.158 Y125.784
G0 X106.623 Y125.138
G0 X106.428 Y125.018
G1 F3000 X107.317 Y124.78 E1123.41247
G1 F1500 E1116.91247
G0 F9000 X107.123 Y124.664
G0 X108.122 Y120.243
G0 X108.3 Y117.772
G0 X108.211 Y115.97
G0 X107.738 Y112.646
G0 X106.627 Y109.927
G0 X104.889 Y107.162
G0 X102.606 Y104.332
G0 X99.848 Y101.421
G0 X96.693 Y98.415
G0 X92.914 Y95.05
G0 X89.135 Y98.415
G0 X85.98 Y101.421
G0 X83.223 Y104.332
G0 X80.94 Y107.162
G0 X79.202 Y109.927
G0 X78.091 Y112.646
G0 X77.617 Y115.97
G0 X77.529 Y117.772
G0 X77.707 Y120.243
G0 X78.351 Y122.694
G0 X79.267 Y125.238
G0 X79.462 Y125.12
G1 F1500 E1123.41247
G1 F3000 X79.228 Y125.993 E1123.45456
G1 F1500 E1116.95456
G0 F9000 X79.426 Y125.876
G0 X78.423 Y122.966
G0 X77.707 Y120.243
G0 X77.529 Y117.772
G0 X77.617 Y115.97
G0 X78.091 Y112.646
G0 X79.202 Y109.927
G0 X80.94 Y107.162
G0 X83.223 Y104.332
G0 X85.98 Y101.421
G0 X89.135 Y98.415
G0 X92.914 Y95.05
G0 X96.693 Y98.415
G0 X99.848 Y101.421
G0 X102.606 Y104.332
G0 X104.889 Y107.162
G0 X106.627 Y109.927
G0 X107.738 Y112.646
G0 X108.211 Y115.97
G0 X108.283 Y117.43
G0 X107.958 Y124.197
G0 X109.017 Y124.468
G0 X112.632 Y123.697
G0 X113.572 Y123.138
G0 X120.157 Y125.256
G0 X120.15 Y125.567
;TYPE:WALL-INNER
G1 F1500 E1123.45456
G1 X121.593 Y125.347 E1123.52253
G1 X122.939 Y124.745 E1123.59119
G1 X124.134 Y123.888 E1123.65966
G1 X125.138 Y122.885 E1123.72574
G1 X125.883 Y121.9 E1123.78325
G1 X126.346 Y121.063 E1123.82779
G1 X126.45 Y120.78 E1123.84183
G1 X126.692 Y120.564 E1123.85693
G1 X126.897 Y120.506 E1123.86685
G1 X127.267 Y120.502 E1123.88408
G1 X127.472 Y120.561 E1123.89402
G1 X127.612 Y120.655 E1123.90187
G1 X127.759 Y120.86 E1123.91361
G1 X127.82 Y121.059 E1123.92331
G1 X128.285 Y121.9 E1123.96805
G1 X129.03 Y122.885 E1124.02556
G1 X130.034 Y123.888 E1124.09164
G1 X131.229 Y124.745 E1124.16012
G1 X132.575 Y125.347 E1124.22878
G1 X134.018 Y125.567 E1124.29675
G1 X137.938 Y124.842 E1124.48237
G1 X140.471 Y123.014 E1124.62783
G1 X141.968 Y120.495 E1124.76427
G1 X142.689 Y117.687 E1124.89926
G1 X142.871 Y115.065 E1125.02165
G1 X142.777 Y113.141 E1125.11135
G1 X142.709 Y112.6 E1125.13674
G1 X142.287 Y109.608 E1125.27743
G1 X141.153 Y106.766 E1125.41992
G1 X139.33 Y103.788 E1125.5825
G1 X136.879 Y100.678 E1125.76688
G1 X133.909 Y97.459 E1125.97083
G1 X130.479 Y94.113 E1126.19395
G1 X127.084 Y91.002 E1126.40837
G1 X123.681 Y94.121 E1126.62332
G1 X120.247 Y97.471 E1126.8467
G1 X117.289 Y100.678 E1127.04986
G1 X114.838 Y103.788 E1127.23424
G1 X113.015 Y106.766 E1127.39682
G1 X111.88 Y109.609 E1127.53937
G1 X111.452 Y112.597 E1127.67992
G1 X111.387 Y113.161 E1127.70636
G1 X111.297 Y115.065 E1127.79511
G1 X111.479 Y117.687 E1127.9175
G1 X112.2 Y120.495 E1128.05249
G1 X113.697 Y123.014 E1128.18894
G1 X116.23 Y124.842 E1128.33439
G1 X120.15 Y125.567 E1128.52002
G0 F9000 X120.144 Y125.973
;TYPE:WALL-OUTER
G1 F1500 X121.707 Y125.734 E1128.59364
G1 X123.139 Y125.093 E1128.6667
G1 X124.394 Y124.194 E1128.73858
G1 X125.44 Y123.148 E1128.80746
G1 X126.219 Y122.118 E1128.8676
G1 X126.72 Y121.213 E1128.91576
G1 X126.775 Y121.017 E1128.92524
G1 X126.901 Y120.911 E1128.93291
G1 X127.228 Y120.9 E1128.94815
G1 X127.327 Y120.938 E1128.95308
G1 X127.394 Y121.024 E1128.95816
G1 X127.447 Y121.211 E1128.96721
G1 X127.949 Y122.118 E1129.01548
G1 X128.728 Y123.148 E1129.07561
G1 X129.774 Y124.194 E1129.1445
G1 X131.029 Y125.093 E1129.21638
G1 X132.461 Y125.734 E1129.28944
G1 X134.024 Y125.973 E1129.36306
G1 X138.099 Y125.219 E1129.55603
G1 X140.773 Y123.29 E1129.70956
G1 X142.341 Y120.65 E1129.85254
G1 X143.085 Y117.751 E1129.9919
G1 X143.271 Y115.069 E1130.11709
G1 X143.176 Y113.106 E1130.2086
G1 X143.096 Y112.483 E1130.23785
G1 X142.677 Y109.504 E1130.37793
G1 X141.512 Y106.586 E1130.52423
G1 X139.659 Y103.559 E1130.68949
G1 X137.183 Y100.418 E1130.87573
G1 X134.196 Y97.18 E1131.08086
G1 X130.754 Y93.822 E1131.30477
G1 X127.084 Y90.46 E1131.53653
G1 X123.406 Y93.83 E1131.76881
G1 X119.96 Y97.192 E1131.99299
G1 X116.985 Y100.418 E1132.19733
G1 X114.509 Y103.559 E1132.38356
G1 X112.656 Y106.586 E1132.54883
G1 X111.491 Y109.505 E1132.69517
G1 X111.055 Y112.546 E1132.83822
G1 X110.988 Y113.129 E1132.86555
G1 X110.897 Y115.069 E1132.95598
G1 X111.083 Y117.751 E1133.08117
G1 X111.827 Y120.65 E1133.22053
G1 X113.395 Y123.29 E1133.36351
G1 X116.069 Y125.219 E1133.51704
G1 X120.144 Y125.973 E1133.71001
G0 F9000 X120.15 Y125.663
G0 X116.842 Y124.643
G0 X116.8 Y124.867
;TYPE:FILL
G1 F3000 X125.442 Y92.615 E1135.26478
G0 F9000 X125.597 Y92.785
G0 X129.394 Y93.535
G0 X129.548 Y93.368
G1 F3000 X135.718 Y99.538 E1135.67108
G0 F9000 X135.944 Y99.784
G1 F3000 X129.625 Y123.366 E1136.8079
G0 F9000 X129.787 Y123.205
G0 X127.727 Y119.799
G0 X126.442 Y119.799
G0 X124.906 Y122.684
G0 X125.074 Y122.835
G1 F3000 X111.946 Y109.708 E1137.67236
G0 F9000 X112.176 Y109.741
G0 X111.967 Y111.205
G0 X111.738 Y111.172
G1 F3000 X139.241 Y103.803 E1138.99819
G0 F9000 X139.061 Y103.943
G0 X142.55 Y115.264
G0 X142.774 Y115.279
G1 F3000 X113.853 Y123.029 E1140.39239
G0 F9000 X113.987 Y122.844
G0 X118.762 Y99.54
G0 X118.592 Y99.383
G1 F3000 X141.066 Y121.857 E1141.87234
G1 F1500 E1135.37234
G0 F9000 X140.872 Y121.74
G0 X129.908 Y94.007
G0 X130.063 Y93.839
G1 F1500 E1141.87234
G1 F3000 X121.821 Y96.047 E1142.26965
G0 F9000 X122.192 Y96.429
G1 F1500 E1135.76965
;MESH:NONMESH
G0 F300 X122.192 Y96.429 Z2.52
G0 F9000 X120.141 Y97.339
G0 X96.679 Y98.43
G0 X92.465 Y95.14
;TIME_ELAPSED:1208.650601
;LAYER:8
;TYPE:WALL-INNER
;MESH:tmpnqf7468lheart_box.stl
G1 F1500 E1142.26965
G1 F1134.2 X91.002 Y96.464 E1142.39116
G1 F1192.8 X89.54 Y97.789 E1142.5067
G1 F1263.2 X89.024 Y98.27 E1142.5457
G1 F1357.5 X87.455 Y99.788 E1142.65803
G1 F1477.8 X85.886 Y101.306 E1142.76121
G1 F1648.4 X83.116 Y104.27 E1142.93312
G1 F1869.2 X80.875 Y107.078 E1143.06737
G1 F1863.4 X80.641 Y107.407 E1143.0825
G1 F1851.9 X79.132 Y109.838 E1143.19042
G1 F1699.7 X78.842 Y110.402 E1143.21648
G1 F1511.3 X77.944 Y112.636 E1143.32775
G1 F1284.8 X77.776 Y113.258 E1143.36278
G1 F1119.4 X77.509 Y115.09 E1143.47829
G1 F1111.1 X77.391 Y115.964 E1143.53373
G1 F1039.9 X77.322 Y116.803 E1143.59028
G1 F982 X77.275 Y117.819 E1143.66262
G1 F934.6 X77.279 Y118.241 E1143.69416
G0 F9000 X77.707 Y120.243
G0 X78.423 Y122.966
G0 X79.969 Y125.505
G0 X82.623 Y127.373
G0 X85.986 Y128.891
G0 X85.978 Y129.204
G1 F1500 X87.421 Y128.983 E1143.76214
G1 F1327.4 X88.299 Y128.534 E1143.81402
G1 F1214.6 X88.746 Y128.344 E1143.84196
G1 F1425.2 X89.765 Y127.69 E1143.9013
G1 F1321.6 X89.91 Y127.467 E1143.91535
G1 F990.1 X89.986 Y127.314 E1143.92741
G1 F1181.1 X89.59 Y127.381 E1143.95116
G1 F1542.4 X88.391 Y127.98 E1144.01185
G1 F1298.7 X88.16 Y128.056 E1144.02493
G1 F1327.4 X87.236 Y128.142 E1144.07376
G1 F1500 X86.575 Y128.241 E1144.10488
G1 X82.576 Y127.518 E1144.29411
G1 X79.855 Y125.612 E1144.4488
G1 X78.738 Y123.772 E1144.54903
G1 F1395.3 X78.251 Y123.026 E1144.59363
G1 F1310 X77.782 Y121.226 E1144.6928
G1 F1459.9 X77.586 Y120.309 E1144.73766
G1 F1657.5 X77.462 Y118.629 E1144.80865
G1 F1171.9 X77.279 Y118.241 E1144.83422
G1 X77.106 Y118.633 E1144.85976
G1 F1657.5 X77.225 Y120.365 E1144.93292
G1 F1459.9 X77.337 Y121.319 E1144.97888
G1 F1301.5 X77.824 Y123.197 E1145.08299
G1 F1382.5 X78.029 Y124.131 E1145.1313
G1 F1500 X79.525 Y126.65 E1145.26773
G1 X82.058 Y128.478 E1145.41318
G1 X85.978 Y129.204 E1145.59882
G0 F9000 X85.986 Y128.891
G0 X89.986 Y127.314
G1 F990.1 X90.47 Y126.908 E1145.64338
G1 F1204.8 X90.954 Y126.501 E1145.68004
G1 F1435.4 X91.17 Y126.26 E1145.69579
G1 F1500 E1139.19579
G0 F9000 X92.376 Y124.675
G0 X92.95 Y123.878
G0 X92.957 Y124.168
G1 F1500 E1145.69579
G1 F1734.1 X92.892 Y124.131 E1145.6988
G1 X92.893 Y124.205 E1145.70178
G1 X92.957 Y124.168 E1145.70476
G1 F1500 E1139.20476
G0 F9000 X92.95 Y123.878
G0 X93.451 Y124.673
G0 X94.654 Y126.26
G1 F1500 E1145.70476
G1 F1435.4 X94.87 Y126.501 E1145.72051
G1 F1204.8 X95.35 Y126.904 E1145.75684
G1 F993.4 X95.831 Y127.308 E1145.80101
G0 F9000 X99.843 Y128.891
G0 X99.846 Y129.204
G1 F1500 X103.766 Y128.478 E1145.98664
G1 X106.299 Y126.65 E1146.1321
G1 X107.796 Y124.131 E1146.26854
G1 F1421.8 X107.985 Y123.304 E1146.31022
G1 F1321.6 X108.002 Y123.198 E1146.31589
G1 F1310 X108.491 Y121.319 E1146.41941
G1 F1470.6 X108.602 Y120.363 E1146.46512
G1 F1666.7 X108.719 Y118.666 E1146.53641
G1 F1174.2 X108.546 Y118.274 E1146.56189
G1 X108.365 Y118.662 E1146.58736
G1 F1676 X108.251 Y120.265 E1146.65434
G1 F1474.2 X108.047 Y121.225 E1146.70084
G1 F1310 X107.566 Y123.045 E1146.8012
G1 F1388.9 X107.09 Y123.773 E1146.84494
G1 F1500 X105.974 Y125.61 E1146.94503
G1 X103.265 Y127.516 E1147.09927
G1 X99.249 Y128.241 E1147.28929
G1 X98.592 Y128.143 E1147.32022
G1 F1342.3 X97.602 Y128.04 E1147.37201
G1 F1227 X97.295 Y127.911 E1147.39097
G1 F1428.6 X96.225 Y127.376 E1147.44946
G1 F1185.8 X95.83 Y127.307 E1147.47308
G1 F1000 X95.908 Y127.465 E1147.48539
G1 F1333.3 X96.05 Y127.683 E1147.49902
G1 F1428.6 X97.078 Y128.344 E1147.55877
G1 F1227 X97.442 Y128.503 E1147.58138
G1 F1239.7 X97.519 Y128.548 E1147.58641
G1 F1376.1 X98.407 Y128.982 E1147.63657
G1 F1500 X99.846 Y129.204 E1147.70437
G0 F9000 X99.843 Y128.891
G0 X103.206 Y127.373
G0 X105.86 Y125.505
G0 X107.406 Y122.966
G0 X107.812 Y121.422
G0 X108.546 Y118.274
G1 F943.4 X108.55 Y117.733 E1147.74443
G1 F988.5 X108.503 Y116.783 E1147.81164
G1 F1039.9 X108.432 Y115.974 E1147.86618
G1 F1113.2 X108.368 Y115.473 E1147.89788
G1 F1121.5 X108.049 Y113.258 E1148.03725
G1 F1295.9 X107.883 Y112.641 E1148.07169
G1 F1522.8 X106.982 Y110.402 E1148.18238
G1 F1680.7 X106.739 Y109.921 E1148.20478
G1 F1840.5 X105.184 Y107.406 E1148.31699
G1 F1875 X104.991 Y107.131 E1148.32951
G1 X102.711 Y104.271 E1148.46576
G1 F1709.4 X101.335 Y102.799 E1148.54809
G1 F1591.5 X99.959 Y101.326 E1148.63655
G1 F1500 X99.734 Y101.098 E1148.65147
G1 F1385.7 X96.818 Y98.285 E1148.8557
G1 F1268.5 X96.277 Y97.78 E1148.89645
G1 F1192.8 X94.818 Y96.46 E1149.01165
G1 F1134.2 X93.358 Y95.139 E1149.1329
G0 F9000 X93.359 Y95.14
G1 F1312.9 X93.038 Y94.732 E1149.16052
G1 F1612.9 X92.912 Y94.616 E1149.16793
G1 X92.787 Y94.731 E1149.17529
G1 F1312.9 X92.465 Y95.14 E1149.20298
G1 X92.912 Y95.054 E1149.2272
G1 X93.359 Y95.14 E1149.25142
G1 F1500 E1142.75142
G0 F9000 X99.848 Y101.421
G0 X102.606 Y104.332
G0 X104.889 Y107.162
G0 X106.627 Y109.927
G0 X107.738 Y112.646
G0 X108.211 Y115.971
G0 X108.3 Y117.772
G0 X108.122 Y120.243
G0 X107.406 Y122.966
G0 X105.86 Y125.505
G0 X103.206 Y127.373
G0 X99.299 Y128.139
G0 X99.245 Y127.832
;TYPE:WALL-OUTER
G1 F1500 E1149.25142
G1 X97.711 Y127.606 E1149.32362
G1 X96.3 Y126.992 E1149.39527
G1 X95.1 Y126.144 E1149.46369
G1 X94.93 Y125.978 E1149.47475
G1 F1242.2 X94.587 Y125.758 E1149.49767
G1 F1127.8 X94.102 Y125.239 E1149.54166
G1 F1282.1 X93.668 Y124.633 E1149.58227
G1 F1449.3 X93.542 Y124.435 E1149.59358
G1 F1522.8 X93.367 Y124.21 E1149.60665
G1 F1507.5 X92.914 Y123.412 E1149.64916
G1 X92.461 Y124.21 E1149.69168
G1 F1515.2 X92.286 Y124.433 E1149.70475
G1 F1449.3 X92.161 Y124.629 E1149.71595
G1 F1287.6 X91.722 Y125.239 E1149.75672
G1 F1127.8 X91.238 Y125.758 E1149.80067
G1 F1242.2 X90.895 Y125.977 E1149.82355
G1 F1500 X90.721 Y126.147 E1149.83488
G1 X89.524 Y126.992 E1149.9031
G1 X88.121 Y127.606 E1149.97442
G1 X86.581 Y127.835 E1150.04691
G1 X82.725 Y127.138 E1150.22937
G1 X80.154 Y125.332 E1150.37567
G1 X78.657 Y122.867 E1150.50996
G1 X77.957 Y120.217 E1150.63759
G1 X77.78 Y117.758 E1150.75239
G1 X77.865 Y115.97 E1150.83574
G1 X77.97 Y115.158 E1150.87387
G1 X78.332 Y112.718 E1150.98873
G1 X79.414 Y110.056 E1151.12253
G1 X81.148 Y107.298 E1151.27422
G1 X83.414 Y104.49 E1151.44224
G1 X86.157 Y101.591 E1151.62808
G1 X89.31 Y98.59 E1151.83077
G1 X92.778 Y95.49 E1152.04736
G1 X92.912 Y95.44 E1152.05402
G1 X93.046 Y95.49 E1152.06068
G1 X96.523 Y98.595 E1152.27775
G1 X99.674 Y101.598 E1152.48043
G1 X102.424 Y104.502 E1152.66666
G1 X104.694 Y107.317 E1152.83505
G1 X106.394 Y110.025 E1152.98393
G1 X107.497 Y112.722 E1153.11961
G1 X107.907 Y115.525 E1153.25152
G1 X107.96 Y115.997 E1153.27364
G1 X108.048 Y117.758 E1153.35574
G1 X107.87 Y120.219 E1153.47063
G1 X107.172 Y122.867 E1153.59815
G1 X105.677 Y125.323 E1153.73203
G1 X103.114 Y127.133 E1153.87813
G1 X99.245 Y127.832 E1154.06121
G1 F1500 E1147.56121
G0 F9000 X99.299 Y128.139
G0 X99.85 Y129.298
G0 X99.852 Y129.609
G1 F1500 E1154.06121
G1 X103.927 Y128.855 E1154.25418
G1 X106.601 Y126.926 E1154.40771
G1 X108.169 Y124.286 E1154.55068
G1 X108.913 Y121.387 E1154.69005
G1 X109.099 Y118.705 E1154.81523
G1 X109.006 Y116.759 E1154.90595
G1 X108.938 Y116.174 E1154.93337
G1 X108.505 Y113.137 E1155.07622
G1 X107.34 Y110.222 E1155.22239
G1 X105.487 Y107.195 E1155.38766
G1 X103.002 Y104.044 E1155.57452
G1 X100.017 Y100.809 E1155.77948
G1 X96.588 Y97.462 E1156.0026
G1 X92.912 Y94.092 E1156.23482
G1 X89.229 Y97.47 E1156.46752
G1 X85.786 Y100.836 E1156.69173
G1 X82.804 Y104.065 E1156.89639
G1 X80.337 Y107.195 E1157.08197
G1 X78.484 Y110.222 E1157.24723
G1 X77.319 Y113.136 E1157.39336
G1 X76.882 Y116.184 E1157.53674
G1 X76.82 Y116.764 E1157.5639
G1 X76.725 Y118.705 E1157.65439
G1 X76.914 Y121.387 E1157.77959
G1 X77.655 Y124.286 E1157.91892
G1 X79.223 Y126.926 E1158.06189
G1 X81.897 Y128.855 E1158.21542
G1 X85.972 Y129.609 E1158.40839
G1 X87.535 Y129.37 E1158.48202
G1 X88.967 Y128.729 E1158.55507
G1 X90.218 Y127.83 E1158.62681
G1 X91.272 Y126.779 E1158.69612
G1 X91.485 Y126.499 E1158.7125
G1 F1242.2 X91.66 Y126.131 E1158.73541
G1 F1098.9 X91.998 Y125.716 E1158.76943
G1 F1250 X92.533 Y124.845 E1158.82654
G1 F1456.3 X92.633 Y124.62 E1158.83835
G1 F1522.8 X92.729 Y124.54 E1158.84409
G1 F1515.2 X93.098 Y124.54 E1158.8611
G1 F1526.7 X93.194 Y124.62 E1158.86681
G1 F1449.3 X93.292 Y124.847 E1158.87873
G1 F1293.1 X93.678 Y125.487 E1158.9191
G1 F1176.5 X93.826 Y125.716 E1158.93529
G1 F1098.9 X94.163 Y126.13 E1158.96922
G1 F1242.2 X94.338 Y126.498 E1158.99213
G1 F1500 X94.551 Y126.78 E1159.00858
G1 X95.606 Y127.831 E1159.07793
G1 X96.857 Y128.729 E1159.14963
G1 X98.293 Y129.37 E1159.22286
G1 X99.852 Y129.609 E1159.2963
G0 F9000 X99.85 Y129.298
G0 X103.156 Y128.277
G0 X103.197 Y128.503
;TYPE:FILL
G1 F3000 X103.475 Y127.466 E1159.34629
G0 F9000 X103.607 Y127.655
G0 X106.158 Y125.784
G0 X106.474 Y125.383
G0 X106.279 Y125.263
G1 F3000 X107.172 Y125.024 E1159.38934
G1 F1500 E1152.88934
G0 F9000 X106.978 Y124.908
G0 X108.122 Y120.243
G0 X108.3 Y117.772
G0 X108.128 Y115.305
G0 X107.738 Y112.646
G0 X106.627 Y109.927
G0 X104.889 Y107.162
G0 X102.606 Y104.332
G0 X99.848 Y101.421
G0 X96.693 Y98.415
G0 X92.914 Y95.05
G0 X89.135 Y98.415
G0 X85.98 Y101.421
G0 X83.223 Y104.332
G0 X80.94 Y107.162
G0 X79.202 Y109.927
G0 X78.091 Y112.646
G0 X77.617 Y115.97
G0 X77.529 Y117.772
G0 X77.707 Y120.243
G0 X78.287 Y122.449
G0 X79.125 Y125.004
G0 X79.32 Y124.886
G1 F1500 E1159.38934
G1 F3000 X79.087 Y125.755 E1159.43123
G1 F1500 E1152.93123
G0 F9000 X79.285 Y125.638
G0 X78.423 Y122.966
G0 X77.707 Y120.243
G0 X77.529 Y117.772
G0 X77.617 Y115.97
G0 X78.091 Y112.646
G0 X79.202 Y109.927
G0 X80.94 Y107.162
G0 X83.223 Y104.332
G0 X85.98 Y101.421
G0 X89.135 Y98.415
G0 X92.914 Y95.05
G0 X96.693 Y98.415
G0 X99.848 Y101.421
G0 X102.606 Y104.332
G0 X104.889 Y107.162
G0 X106.627 Y109.927
G0 X107.738 Y112.646
G0 X108.211 Y115.971
G0 X108.283 Y117.43
G0 X107.958 Y124.197
G0 X109.017 Y124.468
G0 X112.632 Y123.697
G0 X113.572 Y123.138
G0 X120.157 Y125.256
G0 X120.15 Y125.567
;TYPE:WALL-INNER
G1 F1500 E1159.43123
G1 X121.593 Y125.347 E1159.4992
G1 X122.939 Y124.745 E1159.56786
G1 X124.134 Y123.888 E1159.63633
G1 X125.138 Y122.885 E1159.70241
G1 X125.883 Y121.9 E1159.75992
G1 X126.346 Y121.063 E1159.80446
G1 X126.45 Y120.78 E1159.8185
G1 X126.692 Y120.564 E1159.8336
G1 X126.897 Y120.506 E1159.84352
G1 X127.267 Y120.502 E1159.86075
G1 X127.472 Y120.561 E1159.87069
G1 X127.612 Y120.655 E1159.87854
G1 X127.759 Y120.86 E1159.89029
G1 X127.82 Y121.059 E1159.89998
G1 X128.285 Y121.9 E1159.94473
G1 X129.03 Y122.885 E1160.00223
G1 X130.034 Y123.888 E1160.06831
G1 X131.229 Y124.745 E1160.13679
G1 X132.575 Y125.347 E1160.20545
G1 X134.018 Y125.567 E1160.27342
G1 X137.938 Y124.842 E1160.45904
G1 X140.471 Y123.014 E1160.6045
G1 X141.968 Y120.495 E1160.74094
G1 X142.689 Y117.687 E1160.87594
G1 X142.871 Y115.065 E1160.99832
G1 X142.777 Y113.141 E1161.08802
G1 X142.709 Y112.6 E1161.11341
G1 X142.287 Y109.608 E1161.25411
G1 X141.153 Y106.766 E1161.39659
G1 X139.33 Y103.788 E1161.55917
G1 X136.879 Y100.678 E1161.74356
G1 X133.909 Y97.459 E1161.9475
G1 X130.479 Y94.113 E1162.17062
G1 X127.084 Y91.002 E1162.38504
G1 X123.681 Y94.121 E1162.59999
G1 X120.247 Y97.471 E1162.82337
G1 X117.289 Y100.678 E1163.02653
G1 X114.838 Y103.788 E1163.21091
G1 X113.015 Y106.766 E1163.3735
G1 X111.88 Y109.609 E1163.51604
G1 X111.452 Y112.597 E1163.65659
G1 X111.387 Y113.161 E1163.68303
G1 X111.297 Y115.065 E1163.77178
G1 X111.479 Y117.687 E1163.89417
G1 X112.2 Y120.495 E1164.02916
G1 X113.697 Y123.014 E1164.16561
G1 X116.23 Y124.842 E1164.31106
G1 X120.15 Y125.567 E1164.49669
G0 F9000 X120.144 Y125.973
;TYPE:WALL-OUTER
G1 F1500 X121.707 Y125.734 E1164.57031
G1 X123.139 Y125.093 E1164.64337
G1 X124.394 Y124.194 E1164.71525
G1 X125.44 Y123.148 E1164.78413
G1 X126.219 Y122.118 E1164.84427
G1 X126.72 Y121.213 E1164.89244
G1 X126.775 Y121.017 E1164.90191
G1 X126.901 Y120.911 E1164.90958
G1 X127.228 Y120.9 E1164.92482
G1 X127.327 Y120.938 E1164.92975
G1 X127.394 Y121.024 E1164.93483
G1 X127.447 Y121.211 E1164.94388
G1 X127.949 Y122.118 E1164.99215
G1 X128.728 Y123.148 E1165.05229
G1 X129.774 Y124.194 E1165.12117
G1 X131.029 Y125.093 E1165.19305
G1 X132.461 Y125.734 E1165.26611
G1 X134.024 Y125.973 E1165.33973
G1 X138.099 Y125.219 E1165.5327
G1 X140.773 Y123.29 E1165.68623
G1 X142.341 Y120.65 E1165.82921
G1 X143.085 Y117.751 E1165.96857
G1 X143.271 Y115.069 E1166.09376
G1 X143.176 Y113.106 E1166.18527
G1 X143.096 Y112.483 E1166.21452
G1 X142.677 Y109.504 E1166.3546
G1 X141.512 Y106.586 E1166.5009
G1 X139.659 Y103.559 E1166.66616
G1 X137.183 Y100.418 E1166.8524
G1 X134.196 Y97.18 E1167.05753
G1 X130.754 Y93.822 E1167.28144
G1 X127.084 Y90.46 E1167.5132
G1 X123.406 Y93.83 E1167.74548
G1 X119.96 Y97.192 E1167.96966
G1 X116.985 Y100.418 E1168.174
G1 X114.509 Y103.559 E1168.36024
G1 X112.656 Y106.586 E1168.5255
G1 X111.491 Y109.505 E1168.67184
G1 X111.055 Y112.546 E1168.81489
G1 X110.988 Y113.129 E1168.84222
G1 X110.897 Y115.069 E1168.93265
G1 X111.083 Y117.751 E1169.05784
G1 X111.827 Y120.65 E1169.1972
G1 X113.395 Y123.29 E1169.34018
G1 X116.069 Y125.219 E1169.49371
G1 X120.144 Y125.973 E1169.68668
G0 F9000 X120.15 Y125.663
G0 X119.286 Y125.094
G0 X119.266 Y125.2
;TYPE:FILL
G1 F3000 X121.222 Y125.2 E1169.77776
G0 F9000 X121.206 Y125.093
G0 X122.281 Y124.704
G0 X122.323 Y124.8
G1 F3000 X117.106 Y124.8 E1170.02069
G0 F9000 X116.605 Y124.831
G1 F3000 X116.808 Y124.076 E1170.05709
G1 X116.828 Y124
G1 X123.633 Y124 E1170.37396
G0 F9000 X124.139 Y123.6
G1 F3000 X116.935 Y123.6 E1170.70941
G0 F9000 X117.029 Y123.249
G1 F3000 X125.17 Y92.865 E1172.17412
G0 F9000 X125.324 Y93.034
G0 X126.066 Y92.355
G0 X125.992 Y92.273
G1 F3000 X128.056 Y94.581 E1172.31829
G0 F9000 X128.489 Y94.465
G1 F3000 X126.288 Y92.003 E1172.47207
G0 F9000 X126.582 Y91.733
G1 F3000 X128.922 Y94.349 E1172.6355
G1 X128.898 Y94.356
G1 X121.531 Y96.33 E1172.99064
G0 F9000 X121.692 Y96.496
G0 X118.897 Y99.394
G0 X118.727 Y99.237
G1 F3000 X140.148 Y120.658 E1174.40125
G1 X140.288 Y120.8
G1 X140.148 Y120.658 E1174.41054
G1 X141.629 Y115.791 E1174.64742
G1 X142.041 Y115.679 E1174.6673
G1 X138.53 Y104.199 E1175.2263
G1 X138.917 Y104.095 E1175.24496
G0 F9000 X138.53 Y104.199
G1 F3000 X138.48 Y104.211 E1175.24736
G0 F9000 X139.353 Y103.978
G1 F3000 X138.917 Y104.095 E1175.26838
G1 X142.428 Y115.575 E1175.82737
G1 X142.084 Y115.669 E1175.84398
G1 X140.469 Y120.978 E1176.10237
G1 X140.79 Y121.299 E1176.12351
G0 F9000 X140.469 Y120.978
G1 F3000 X140.288 Y120.8 E1176.13533
G1 X130.108 Y120.8 E1176.60936
G1 X129.464 Y123.205 E1176.72529
G1 X129.628 Y123.2
G1 X139.871 Y123.2 E1177.20225
G0 F9000 X140.366 Y122.8
G1 F3000 X129.572 Y122.8 E1177.70486
G0 F9000 X129.679 Y122.4
G1 F3000 X140.603 Y122.4 E1178.21353
G0 F9000 X141.17 Y121.681
G1 F3000 X140.79 Y121.299 E1178.23862
G1 X142.539 Y115.548 E1178.51852
G1 X142.76 Y115.488 E1178.52918
G0 F9000 X142.539 Y115.548
G1 F3000 X142.428 Y115.575 E1178.5345
G0 F9000 X142.084 Y115.669
G1 F3000 X142.041 Y115.679 E1178.53656
G0 F9000 X141.629 Y115.791
G1 F3000 X128.905 Y119.2 E1179.14993
G0 F9000 X128.4 Y119.335
G1 F3000 X128.4 Y121.694 E1179.25978
G0 F9000 X128 Y120.964
G1 F3000 X128 Y119.442 E1179.33065
G0 F9000 X126.738 Y119.731
G0 X125.6 Y120.085
G1 F3000 X125.6 Y121.941 E1179.41707
G0 F9000 X125.196 Y122.677
G1 F3000 X121.719 Y119.2 E1179.64604
G0 F9000 X123.015 Y124.314
G0 X123.075 Y124.4
G1 F3000 X116.72 Y124.4 E1179.94196
G0 F9000 X116.152 Y122.617
G1 F3000 X115.59 Y122.768 E1179.96905
G0 F9000 X115.204 Y122.871
G1 F3000 X115.156 Y122.885 E1179.97138
G1 X116.808 Y124.076 E1180.06621
G1 X117.029 Y123.249 E1180.10607
G1 X116.152 Y122.617 E1180.15641
G1 X128.905 Y119.2 E1180.77119
G1 X121.719 Y119.2 E1181.1058
G1 X112.011 Y109.493 E1181.74505
G0 F9000 X112.049 Y109.851
G1 F3000 X113.264 Y110.785 E1181.81641
G0 F9000 X112.951 Y110.431
G1 F3000 X117.909 Y100.302 E1182.34153
G0 F9000 X117.989 Y100.377
G0 X116.93 Y101.632
G0 X116.846 Y101.565
G1 F3000 X112.652 Y110.132 E1182.78569
G0 F9000 X112.353 Y109.833
G1 F3000 X115.671 Y103.054 E1183.13713
G0 F9000 X115.757 Y103.122
G0 X112.525 Y111.165
G1 F3000 X112.139 Y111.269 E1183.15574
G1 X115.204 Y122.871 E1183.71451
G1 X115.59 Y122.768 E1183.73311
G1 X112.525 Y111.165 E1184.29193
G1 X138.48 Y104.211 E1185.54313
G1 X135.55 Y100.488 E1185.76374
G1 X135.594 Y100.324 E1185.77164
G1 X129.348 Y94.236 E1186.17779
G1 X130.236 Y93.997 E1186.22061
G0 F9000 X129.355 Y94.233
G1 F3000 X126.877 Y91.462 E1186.3937
G0 F9000 X126.951 Y91.543
G0 X129.348 Y94.236
G1 F3000 X128.898 Y94.356 E1186.41539
G1 X135.475 Y100.767 E1186.84306
G1 X135.55 Y100.488 E1186.85652
G1 X135.594 Y100.324
G1 X135.785 Y99.612 E1186.89084
G0 F9000 X135.617 Y99.765
G0 X135.475 Y100.767
G1 F3000 X130.108 Y120.8 E1187.85656
G0 F9000 X130.107 Y123.523
G0 X130.029 Y123.6
G1 F3000 X139.317 Y123.6 E1188.28905
G0 F9000 X138.762 Y124
G1 F3000 X130.535 Y124 E1188.67213
G0 F9000 X131.093 Y124.4
G1 F3000 X138.208 Y124.4 E1189.00344
G0 F9000 X138.147 Y124.314
G0 X137.044 Y124.694
G0 X137.063 Y124.8
G1 F3000 X131.846 Y124.8 E1189.24636
G0 F9000 X131.889 Y124.704
G0 X132.963 Y125.094
G0 X132.946 Y125.2
G1 F3000 X134.901 Y125.2 E1189.33739
G0 F9000 X134.882 Y125.093
G0 X142.559 Y114.989
G0 X142.666 Y114.985
G1 F3000 X139.387 Y104.264 E1189.85944
G0 F9000 X139.294 Y104.32
G0 X140.132 Y105.686
G0 X140.223 Y105.631
G1 F3000 X142.588 Y113.363 E1190.23594
G0 F9000 X142.482 Y113.367
G0 X115.156 Y122.885
G1 F3000 X114.06 Y123.178 E1190.28876
G0 F9000 X113.99 Y122.978
G1 F3000 X111.559 Y113.772 E1190.73213
G0 F9000 X111.669 Y113.777
G0 X111.771 Y112.591
G0 X111.657 Y112.577
G1 F3000 X114.431 Y123.078 E1191.23787
G0 F9000 X114.817 Y122.975
G1 F3000 X111.802 Y111.561 E1191.78758
G0 F9000 X111.707 Y111.385
G1 F3000 X112.139 Y111.269 E1191.80841
G0 F9000 X111.612 Y115.122
G0 X111.503 Y115.128
G1 F3000 X113.311 Y121.972 E1192.13803
G0 F9000 X113.405 Y121.917
G0 X112.659 Y120.662
G0 X112.566 Y120.717
G1 F3000 X111.649 Y117.247 E1192.30515
G0 F9000 X112.06 Y117.221
G1 F1500 E1185.80515
;MESH:NONMESH
G0 F300 X112.06 Y117.221 Z2.8
G0 F9000 X111.127 Y115.078
G0 X110.034 Y115.027
G0 X109.366 Y113.044
G0 X92.465 Y95.14
;TIME_ELAPSED:1262.254119
;LAYER:9
;TYPE:WALL-INNER
;MESH:tmpnqf7468lheart_box.stl
G1 F1500 E1192.30515
G1 F1134.2 X91.002 Y96.464 E1192.42666
G1 F1192.8 X89.54 Y97.789 E1192.5422
G1 F1263.2 X89.024 Y98.27 E1192.5812
G1 F1357.5 X87.455 Y99.788 E1192.69353
G1 F1477.8 X85.886 Y101.306 E1192.79671
G1 F1648.4 X83.116 Y104.27 E1192.96862
G1 F1869.2 X80.875 Y107.078 E1193.10286
G1 F1863.4 X80.641 Y107.407 E1193.118
G1 F1851.9 X79.132 Y109.838 E1193.22592
G1 F1699.7 X78.842 Y110.402 E1193.25198
G1 F1511.3 X77.944 Y112.636 E1193.36325
G1 F1284.8 X77.776 Y113.258 E1193.39828
G1 F1119.4 X77.509 Y115.09 E1193.51379
G1 F1111.1 X77.391 Y115.964 E1193.56923
G1 F1039.9 X77.322 Y116.803 E1193.62578
G1 F982 X77.275 Y117.819 E1193.69812
G1 F934.6 X77.279 Y118.241 E1193.72966
G0 F9000 X77.707 Y120.243
G0 X78.423 Y122.966
G0 X79.969 Y125.505
G0 X82.623 Y127.373
G0 X85.986 Y128.891
G0 X85.978 Y129.204
G1 F1500 X87.421 Y128.983 E1193.79764
G1 F1327.4 X88.299 Y128.534 E1193.84952
G1 F1214.6 X88.746 Y128.344 E1193.87746
G1 F1425.2 X89.765 Y127.69 E1193.9368
G1 F1321.6 X89.91 Y127.467 E1193.95085
G1 F990.1 X89.986 Y127.314 E1193.96291
G1 F1181.1 X89.59 Y127.381 E1193.98666
G1 F1542.4 X88.391 Y127.98 E1194.04735
G1 F1298.7 X88.16 Y128.056 E1194.06043
G1 F1327.4 X87.236 Y128.142 E1194.10926
G1 F1500 X86.575 Y128.241 E1194.14038
G1 X82.576 Y127.518 E1194.32961
G1 X79.855 Y125.612 E1194.4843
G1 X78.738 Y123.772 E1194.58453
G1 F1395.3 X78.251 Y123.026 E1194.62913
G1 F1310 X77.782 Y121.226 E1194.7283
G1 F1459.9 X77.586 Y120.309 E1194.77316
G1 F1657.5 X77.462 Y118.629 E1194.84415
G1 F1171.9 X77.279 Y118.241 E1194.86972
G1 X77.106 Y118.633 E1194.89526
G1 F1657.5 X77.225 Y120.365 E1194.96842
G1 F1459.9 X77.337 Y121.319 E1195.01438
G1 F1301.5 X77.824 Y123.197 E1195.11849
G1 F1382.5 X78.029 Y124.131 E1195.1668
G1 F1500 X79.525 Y126.65 E1195.30323
G1 X82.058 Y128.478 E1195.44868
G1 X85.978 Y129.204 E1195.63431
G0 F9000 X85.986 Y128.891
G0 X89.986 Y127.314
G1 F990.1 X90.47 Y126.908 E1195.67888
G1 F1204.8 X90.954 Y126.501 E1195.71554
G1 F1435.4 X91.17 Y126.26 E1195.73129
G1 F1500 E1189.23129
G0 F9000 X92.376 Y124.675
G0 X92.95 Y123.878
G0 X92.957 Y124.168
G1 F1500 E1195.73129
G1 F1734.1 X92.892 Y124.131 E1195.7343
G1 X92.893 Y124.205 E1195.73728
G1 X92.957 Y124.168 E1195.74026
G1 F1500 E1189.24026
G0 F9000 X92.95 Y123.878
G0 X93.451 Y124.673
G0 X94.654 Y126.26
G1 F1500 E1195.74026
G1 F1435.4 X94.87 Y126.501 E1195.75601
G1 F1204.8 X95.35 Y126.904 E1195.79234
G1 F993.4 X95.831 Y127.308 E1195.83651
G0 F9000 X99.843 Y128.891
G0 X99.846 Y129.204
G1 F1500 X103.766 Y128.478 E1196.02214
G1 X106.299 Y126.65 E1196.1676
G1 X107.796 Y124.131 E1196.30404
G1 F1421.8 X107.985 Y123.304 E1196.34572
G1 F1321.6 X108.002 Y123.198 E1196.35139
G1 F1310 X108.491 Y121.319 E1196.45491
G1 F1470.6 X108.602 Y120.363 E1196.50062
G1 F1666.7 X108.719 Y118.666 E1196.5719
G1 F1174.2 X108.546 Y118.274 E1196.59739
G1 X108.365 Y118.662 E1196.62286
G1 F1676 X108.251 Y120.265 E1196.68984
G1 F1474.2 X108.047 Y121.225 E1196.73633
G1 F1310 X107.566 Y123.045 E1196.8367
G1 F1388.9 X107.09 Y123.773 E1196.88044
G1 F1500 X105.974 Y125.61 E1196.98053
G1 X103.265 Y127.516 E1197.13477
G1 X99.249 Y128.241 E1197.32479
G1 X98.592 Y128.143 E1197.35572
G1 F1342.3 X97.602 Y128.04 E1197.40751
G1 F1227 X97.295 Y127.911 E1197.42647
G1 F1428.6 X96.225 Y127.376 E1197.48496
G1 F1185.8 X95.83 Y127.307 E1197.50858
G1 F1000 X95.908 Y127.465 E1197.52089
G1 F1333.3 X96.05 Y127.683 E1197.53452
G1 F1428.6 X97.078 Y128.344 E1197.59427
G1 F1227 X97.442 Y128.503 E1197.61688
G1 F1239.7 X97.519 Y128.548 E1197.62191
G1 F1376.1 X98.407 Y128.982 E1197.67207
G1 F1500 X99.846 Y129.204 E1197.73987
G0 F9000 X99.843 Y128.891
G0 X103.206 Y127.373
G0 X105.86 Y125.505
G0 X107.406 Y122.966
G0 X107.812 Y121.422
G0 X108.546 Y118.274
G1 F943.4 X108.55 Y117.733 E1197.77993
G1 F988.5 X108.503 Y116.783 E1197.84714
G1 F1041.7 X108.431 Y115.963 E1197.90233
G1 F1109.1 X108.049 Y113.258 E1198.07438
G1 F1295.9 X107.882 Y112.637 E1198.10904
G1 F1522.8 X106.982 Y110.402 E1198.21955
G1 F1680.7 X106.739 Y109.921 E1198.24194
G1 F1840.5 X105.184 Y107.406 E1198.35415
G1 F1875 X104.991 Y107.131 E1198.36667
G1 X102.711 Y104.271 E1198.50292
G1 F1709.4 X101.335 Y102.799 E1198.58525
G1 F1591.5 X99.959 Y101.326 E1198.67372
G1 F1500 X99.734 Y101.098 E1198.68863
G1 F1385.7 X96.818 Y98.285 E1198.89286
G1 F1268.5 X96.277 Y97.78 E1198.93361
G1 F1192.8 X94.818 Y96.46 E1199.04882
G1 F1134.2 X93.358 Y95.139 E1199.17006
G0 F9000 X93.359 Y95.14
G1 F1312.9 X93.038 Y94.732 E1199.19768
G1 F1612.9 X92.912 Y94.616 E1199.2051
G1 X92.787 Y94.731 E1199.21245
G1 F1312.9 X92.465 Y95.14 E1199.24015
G1 X92.912 Y95.054 E1199.26436
G1 X93.359 Y95.14 E1199.28858
G1 F1500 E1192.78858
G0 F9000 X99.848 Y101.421
G0 X102.606 Y104.332
G0 X104.889 Y107.162
G0 X106.627 Y109.927
G0 X107.738 Y112.646
G0 X108.211 Y115.97
G0 X108.3 Y117.772
G0 X108.122 Y120.243
G0 X107.406 Y122.966
G0 X105.86 Y125.505
G0 X103.206 Y127.373
G0 X99.299 Y128.139
G0 X99.245 Y127.832
;TYPE:WALL-OUTER
G1 F1500 E1199.28858
G1 X97.711 Y127.606 E1199.36078
G1 X96.3 Y126.992 E1199.43243
G1 X95.1 Y126.144 E1199.50085
G1 X94.93 Y125.978 E1199.51192
G1 F1242.2 X94.587 Y125.758 E1199.53483
G1 F1127.8 X94.102 Y125.239 E1199.57882
G1 F1282.1 X93.668 Y124.633 E1199.61943
G1 F1449.3 X93.542 Y124.435 E1199.63074
G1 F1522.8 X93.367 Y124.21 E1199.64381
G1 F1507.5 X92.914 Y123.412 E1199.68633
G1 X92.461 Y124.21 E1199.72884
G1 F1515.2 X92.286 Y124.433 E1199.74191
G1 F1449.3 X92.161 Y124.629 E1199.75311
G1 F1287.6 X91.722 Y125.239 E1199.79388
G1 F1127.8 X91.238 Y125.758 E1199.83783
G1 F1242.2 X90.895 Y125.977 E1199.86071
G1 F1500 X90.721 Y126.147 E1199.87204
G1 X89.524 Y126.992 E1199.94027
G1 X88.121 Y127.606 E1200.01158
G1 X86.581 Y127.835 E1200.08408
G1 X82.725 Y127.138 E1200.26654
G1 X80.154 Y125.332 E1200.41284
G1 X78.657 Y122.867 E1200.54713
G1 X77.957 Y120.217 E1200.67475
G1 X77.78 Y117.758 E1200.78955
G1 X77.865 Y115.97 E1200.8729
G1 X77.97 Y115.158 E1200.91103
G1 X78.332 Y112.718 E1201.02589
G1 X79.414 Y110.056 E1201.15969
G1 X81.148 Y107.298 E1201.31139
G1 X83.414 Y104.49 E1201.4794
G1 X86.157 Y101.591 E1201.66524
G1 X89.31 Y98.59 E1201.86793
G1 X92.778 Y95.49 E1202.08453
G1 X92.912 Y95.44 E1202.09119
G1 X93.046 Y95.49 E1202.09785
G1 X96.523 Y98.595 E1202.31491
G1 X99.674 Y101.598 E1202.51759
G1 X102.424 Y104.502 E1202.70383
G1 X104.694 Y107.317 E1202.87221
G1 X106.394 Y110.025 E1203.0211
G1 X107.496 Y112.718 E1203.15659
G1 X107.85 Y115.161 E1203.27153
G1 X107.959 Y115.969 E1203.3095
G1 X108.048 Y117.758 E1203.3929
G1 X107.87 Y120.219 E1203.5078
G1 X107.172 Y122.867 E1203.63531
G1 X105.677 Y125.323 E1203.76919
G1 X103.114 Y127.133 E1203.9153
G1 X99.245 Y127.832 E1204.09837
G1 F1500 E1197.59837
G0 F9000 X99.299 Y128.139
G0 X99.85 Y129.298
G0 X99.852 Y129.609
G1 F1500 E1204.09837
G1 X103.927 Y128.855 E1204.29134
G1 X106.601 Y126.926 E1204.44487
G1 X108.169 Y124.286 E1204.58785
G1 X108.913 Y121.387 E1204.72721
G1 X109.099 Y118.705 E1204.8524
G1 X109.006 Y116.759 E1204.94311
G1 X108.938 Y116.174 E1204.97054
G1 X108.505 Y113.137 E1205.11338
G1 X107.34 Y110.222 E1205.25956
G1 X105.487 Y107.195 E1205.42482
G1 X103.002 Y104.044 E1205.61168
G1 X100.017 Y100.809 E1205.81664
G1 X96.588 Y97.462 E1206.03977
G1 X92.912 Y94.092 E1206.27198
G1 X89.229 Y97.47 E1206.50469
G1 X85.786 Y100.836 E1206.72889
G1 X82.804 Y104.065 E1206.93356
G1 X80.337 Y107.195 E1207.11913
G1 X78.484 Y110.222 E1207.28439
G1 X77.319 Y113.136 E1207.43052
G1 X76.882 Y116.184 E1207.5739
G1 X76.82 Y116.764 E1207.60106
G1 X76.725 Y118.705 E1207.69155
G1 X76.914 Y121.387 E1207.81675
G1 X77.655 Y124.286 E1207.95608
G1 X79.223 Y126.926 E1208.09905
G1 X81.897 Y128.855 E1208.25258
G1 X85.972 Y129.609 E1208.44555
G1 X87.535 Y129.37 E1208.51918
G1 X88.967 Y128.729 E1208.59224
G1 X90.218 Y127.83 E1208.66397
G1 X91.272 Y126.779 E1208.73328
G1 X91.485 Y126.499 E1208.74966
G1 F1242.2 X91.66 Y126.131 E1208.77257
G1 F1098.9 X91.998 Y125.716 E1208.80659
G1 F1250 X92.533 Y124.845 E1208.86371
G1 F1456.3 X92.633 Y124.62 E1208.87552
G1 F1522.8 X92.729 Y124.54 E1208.88125
G1 F1515.2 X93.098 Y124.54 E1208.89826
G1 F1526.7 X93.194 Y124.62 E1208.90397
G1 F1449.3 X93.292 Y124.847 E1208.91589
G1 F1293.1 X93.678 Y125.487 E1208.95626
G1 F1176.5 X93.826 Y125.716 E1208.97245
G1 F1098.9 X94.163 Y126.13 E1209.00638
G1 F1242.2 X94.338 Y126.498 E1209.02929
G1 F1500 X94.551 Y126.78 E1209.04575
G1 X95.606 Y127.831 E1209.11509
G1 X96.857 Y128.729 E1209.18679
G1 X98.293 Y129.37 E1209.26002
G1 X99.852 Y129.609 E1209.33346
G0 F9000 X99.85 Y129.298
G0 X102.941 Y128.317
G0 X102.982 Y128.543
;TYPE:FILL
G1 F3000 X103.238 Y127.585 E1209.37963
G0 F9000 X103.281 Y127.829
G0 X106.324 Y125.627
G0 X106.13 Y125.508
G1 F3000 X107.028 Y125.268 E1209.42292
G1 F1500 E1202.92292
G0 F9000 X106.834 Y125.151
G0 X108.122 Y120.243
G0 X108.3 Y117.772
G0 X108.211 Y115.97
G0 X107.738 Y112.646
G0 X106.627 Y109.927
G0 X104.889 Y107.162
G0 X102.606 Y104.332
G0 X99.848 Y101.421
G0 X96.693 Y98.415
G0 X92.914 Y95.05
G0 X89.135 Y98.415
G0 X85.98 Y101.421
G0 X83.223 Y104.332
G0 X80.94 Y107.162
G0 X79.202 Y109.927
G0 X78.091 Y112.646
G0 X77.617 Y115.97
G0 X77.529 Y117.772
G0 X77.707 Y120.243
G0 X78.113 Y121.787
G0 X78.982 Y124.77
G0 X79.178 Y124.651
G1 F1500 E1209.42292
G1 F3000 X78.946 Y125.517 E1209.46466
G1 F1500 E1202.96466
G0 F9000 X79.143 Y125.4
G0 X78.423 Y122.966
G0 X77.707 Y120.243
G0 X77.529 Y117.772
G0 X77.617 Y115.97
G0 X78.091 Y112.646
G0 X79.202 Y109.927
G0 X80.94 Y107.162
G0 X83.223 Y104.332
G0 X85.98 Y101.421
G0 X89.135 Y98.415
G0 X92.914 Y95.05
G0 X96.693 Y98.415
G0 X99.848 Y101.421
G0 X102.606 Y104.332
G0 X104.889 Y107.162
G0 X106.627 Y109.927
G0 X107.738 Y112.646
G0 X108.211 Y115.97
G0 X108.283 Y117.43
G0 X107.958 Y124.197
G0 X109.017 Y124.468
G0 X112.632 Y123.697
G0 X120.15 Y125.567
;TYPE:WALL-INNER
G1 F1500 E1209.46466
G1 X121.593 Y125.347 E1209.53263
G1 X122.939 Y124.745 E1209.60129
G1 X124.134 Y123.888 E1209.66976
G1 X125.138 Y122.885 E1209.73585
G1 X125.883 Y121.9 E1209.79335
G1 X126.346 Y121.063 E1209.83789
G1 X126.45 Y120.78 E1209.85193
G1 X126.692 Y120.564 E1209.86704
G1 X126.897 Y120.506 E1209.87696
G1 X127.267 Y120.502 E1209.89419
G1 X127.472 Y120.561 E1209.90412
G1 X127.612 Y120.655 E1209.91197
G1 X127.759 Y120.86 E1209.92372
G1 X127.82 Y121.059 E1209.93341
G1 X128.285 Y121.9 E1209.97816
G1 X129.03 Y122.885 E1210.03567
G1 X130.034 Y123.888 E1210.10175
G1 X131.229 Y124.745 E1210.17022
G1 X132.575 Y125.347 E1210.23888
G1 X134.018 Y125.567 E1210.30685
G1 X137.938 Y124.842 E1210.49248
G1 X140.471 Y123.014 E1210.63793
G1 X141.968 Y120.495 E1210.77438
G1 X142.689 Y117.687 E1210.90937
G1 X142.871 Y115.065 E1211.03175
G1 X142.777 Y113.141 E1211.12145
G1 X142.709 Y112.6 E1211.14684
G1 X142.287 Y109.608 E1211.28754
G1 X141.153 Y106.766 E1211.43002
G1 X139.33 Y103.788 E1211.59261
G1 X136.879 Y100.678 E1211.77699
G1 X133.909 Y97.459 E1211.98093
G1 X130.479 Y94.113 E1212.20405
G1 X127.084 Y91.002 E1212.41847
G1 X123.681 Y94.121 E1212.63342
G1 X120.247 Y97.471 E1212.85681
G1 X117.289 Y100.678 E1213.05996
G1 X114.838 Y103.788 E1213.24434
G1 X113.015 Y106.766 E1213.40693
G1 X111.88 Y109.609 E1213.54947
G1 X111.452 Y112.597 E1213.69002
G1 X111.387 Y113.161 E1213.71646
G1 X111.297 Y115.065 E1213.80522
G1 X111.479 Y117.687 E1213.9276
G1 X112.2 Y120.495 E1214.0626
G1 X113.697 Y123.014 E1214.19904
G1 X116.23 Y124.842 E1214.34449
G1 X120.15 Y125.567 E1214.53012
G0 F9000 X120.144 Y125.973
;TYPE:WALL-OUTER
G1 F1500 X121.707 Y125.734 E1214.60375
G1 X123.139 Y125.093 E1214.6768
G1 X124.394 Y124.194 E1214.74869
G1 X125.44 Y123.148 E1214.81757
G1 X126.219 Y122.118 E1214.8777
G1 X126.72 Y121.213 E1214.92587
G1 X126.775 Y121.017 E1214.93535
G1 X126.901 Y120.911 E1214.94302
G1 X127.228 Y120.9 E1214.95825
G1 X127.327 Y120.938 E1214.96319
G1 X127.394 Y121.024 E1214.96826
G1 X127.447 Y121.211 E1214.97731
G1 X127.949 Y122.118 E1215.02559
G1 X128.728 Y123.148 E1215.08572
G1 X129.774 Y124.194 E1215.1546
G1 X131.029 Y125.093 E1215.22648
G1 X132.461 Y125.734 E1215.29954
G1 X134.024 Y125.973 E1215.37317
G1 X138.099 Y125.219 E1215.56614
G1 X140.773 Y123.29 E1215.71967
G1 X142.341 Y120.65 E1215.86264
G1 X143.085 Y117.751 E1216.00201
G1 X143.271 Y115.069 E1216.12719
G1 X143.176 Y113.106 E1216.2187
G1 X143.096 Y112.483 E1216.24795
G1 X142.677 Y109.504 E1216.38803
G1 X141.512 Y106.586 E1216.53434
G1 X139.659 Y103.559 E1216.6996
G1 X137.183 Y100.418 E1216.88583
G1 X134.196 Y97.18 E1217.09096
G1 X130.754 Y93.822 E1217.31488
G1 X127.084 Y90.46 E1217.54663
G1 X123.406 Y93.83 E1217.77892
G1 X119.96 Y97.192 E1218.00309
G1 X116.985 Y100.418 E1218.20743
G1 X114.509 Y103.559 E1218.39367
G1 X112.656 Y106.586 E1218.55893
G1 X111.491 Y109.505 E1218.70528
G1 X111.055 Y112.546 E1218.84833
G1 X110.988 Y113.129 E1218.87565
G1 X110.897 Y115.069 E1218.96609
G1 X111.083 Y117.751 E1219.09127
G1 X111.827 Y120.65 E1219.23064
G1 X113.395 Y123.29 E1219.37361
G1 X116.069 Y125.219 E1219.52714
G1 X120.144 Y125.973 E1219.72011
G0 F9000 X120.15 Y125.663
G0 X121.547 Y125.191
G0 X122.858 Y124.604
G0 X124.029 Y123.765
G0 X125.017 Y122.779
G0 X125.748 Y121.811
G0 X126.135 Y121.097
G0 X125.661 Y120.327
G0 X117.065 Y122.643
G0 X116.938 Y122.821
;TYPE:FILL
G1 F3000 X124.15 Y95.904 E1221.01769
G1 X124.267 Y95.802
G1 X128.606 Y94.639 E1221.22686
G0 F9000 X128.459 Y94.802
G0 X135.039 Y101.188
G0 X135.198 Y101.038
G1 F3000 X129.593 Y121.956 E1222.23526
G0 F9000 X129.746 Y121.799
G0 X128.073 Y119.626
G0 X127.861 Y119.685
G1 F3000 X141.221 Y116.105 E1222.8793
G0 F9000 X141.004 Y116.089
G0 X139.769 Y120.072
G0 X139.956 Y120.186
G1 F3000 X119.864 Y100.095 E1224.20236
G0 F9000 X120.023 Y100.247
G0 X113.463 Y110.479
G0 X113.246 Y110.447
G1 F3000 X124.666 Y121.868 E1224.95442
G0 F9000 X124.514 Y121.711
G0 X125.866 Y120.061
G0 X126.057 Y120.169
G1 F3000 X116.723 Y122.67 E1225.40438
G0 F9000 X116.85 Y122.491
G0 X113.352 Y111.24
G0 X113.136 Y111.208
G1 F3000 X138.113 Y104.515 E1226.60845
G1 F1500 E1220.10845
G0 F9000 X137.941 Y104.652
G0 X121.955 Y122.968
G0 X125.661 Y120.327
G0 X126.135 Y121.097
G0 X125.748 Y121.811
G0 X125.017 Y122.779
G0 X124.029 Y123.765
G0 X122.858 Y124.604
G0 X121.547 Y125.191
G0 X120.153 Y125.403
G0 X116.296 Y124.69
G0 X113.818 Y122.902
G0 X112.351 Y120.432
G0 X111.709 Y117.938
G0 X111.496 Y116.481
G0 X112.147 Y116.437
;TYPE:SKIN
G1 F1500 E1226.60845
G1 F1538.5 X112.05 Y115.049 E1226.67162
G1 F1612.9 X112.06 Y114.492 E1226.69574
G1 F1685.4 X112.118 Y113.247 E1226.74739
G1 F1724.1 X112.172 Y112.692 E1226.76998
G1 F1769.9 X112.585 Y109.796 E1226.88542
G1 F1875 X112.692 Y109.478 E1226.89792
G1 F1967.2 X113.669 Y107.048 E1226.99091
G1 F1948.1 X115.422 Y104.196 E1227.11094
G1 F1875 X117.848 Y101.145 E1227.25615
G1 F1694.9 X120.756 Y98.014 E1227.43224
G1 F1554.4 X122.844 Y95.988 E1227.56297
G1 F1519 X123.12 Y96.274 E1227.58124
G1 F1591.5 X120.66 Y98.634 E1227.73085
G1 F1764.7 X117.931 Y101.549 E1227.8889
G1 F1923.1 X115.719 Y104.303 E1228.01719
G1 F2000 X113.99 Y107.079 E1228.13141
G1 F1993.4 X112.977 Y109.574 E1228.22576
G1 F1869.2 X112.917 Y109.865 E1228.23686
G1 F1785.7 X112.61 Y111.959 E1228.31964
G1 F1775.1 X112.511 Y112.706 E1228.34929
G1 F1724.1 X112.474 Y113.265 E1228.37199
G1 F1685.4 X112.414 Y114.489 E1228.42277
G1 F1612.9 X112.438 Y115.034 E1228.4464
G1 F1538.5 X112.533 Y116.373 E1228.50734
G1 X112.147 Y116.437 E1228.52511
G0 F9000 X111.496 Y116.481
G0 X111.638 Y117.661
G0 X112.351 Y120.432
G0 X113.818 Y122.902
G0 X116.296 Y124.69
G0 X120.104 Y125.456
G0 X120.152 Y125.201
G1 F1500 X116.377 Y124.503 E1228.70386
G1 X113.967 Y122.762 E1228.8423
G1 X112.535 Y120.354 E1228.97276
G1 X111.835 Y117.632 E1229.10363
G1 X111.657 Y115.057 E1229.22382
G1 X111.743 Y113.217 E1229.30959
G1 X111.806 Y112.644 E1229.33643
G1 X112.227 Y109.701 E1229.47487
G1 X113.336 Y106.931 E1229.6138
G1 X115.133 Y103.995 E1229.77409
G1 X117.573 Y100.902 E1229.95753
G1 X120.486 Y97.738 E1230.15779
G1 X123.915 Y94.393 E1230.38085
G1 X127.084 Y91.488 E1230.58103
G1 X130.22 Y94.364 E1230.77917
G1 X133.634 Y97.694 E1231.00124
G1 X136.605 Y100.918 E1231.20538
G1 X139.035 Y103.995 E1231.38795
G1 X140.832 Y106.93 E1231.5482
G1 X141.937 Y109.7 E1231.68707
G1 X142.418 Y113.212 E1231.85213
G1 X142.507 Y115.057 E1231.93814
G1 X142.329 Y117.631 E1232.05828
G1 X141.629 Y120.354 E1232.1892
G1 X140.201 Y122.762 E1232.31956
G1 X137.787 Y124.503 E1232.45815
G1 X134.012 Y125.201 E1232.63691
G1 X132.678 Y124.998 E1232.69974
G1 X131.405 Y124.425 E1232.76474
G1 X130.189 Y123.553 E1232.83442
G1 F1214.6 X129.937 Y123.145 E1232.86199
G1 F1071.4 X129.352 Y122.605 E1232.91389
G1 F1234.6 X128.594 Y121.675 E1232.98177
G1 F1357.5 X128.292 Y121.13 E1233.01383
G1 X128.484 Y120.961 E1233.02699
G1 X128.933 Y121.397 E1233.0592
G1 F1229.5 X129.802 Y122.303 E1233.13051
G1 F1067.6 X130.314 Y122.695 E1233.1727
G1 F1214.6 X130.695 Y122.846 E1233.19627
G1 F1500 X130.913 Y122.997 E1233.20861
G1 X132.118 Y123.518 E1233.26974
G1 X133.405 Y123.704 E1233.3303
G1 X136.949 Y123.069 E1233.49795
G1 X139.221 Y121.463 E1233.6275
G1 X140.559 Y119.264 E1233.74736
G1 X141.206 Y116.803 E1233.86585
G1 X141.376 Y114.503 E1233.97324
G1 X141.291 Y112.778 E1234.05366
G1 X141.191 Y112.017 E1234.0894
G1 X140.851 Y109.679 E1234.19941
G1 X139.83 Y107.168 E1234.32563
G1 X138.174 Y104.529 E1234.47071
G1 X135.96 Y101.786 E1234.63485
G1 X133.254 Y98.926 E1234.81818
G1 X130.102 Y95.922 E1235.02093
G1 X127.218 Y93.346 E1235.20099
G1 X127.084 Y93.296 E1235.20765
G1 X126.95 Y93.346 E1235.21431
G1 X124.066 Y95.926 E1235.3945
G1 X120.91 Y98.926 E1235.59725
G1 X118.218 Y101.774 E1235.77973
G1 X116.004 Y104.514 E1235.94377
G1 X114.338 Y107.172 E1236.08984
G1 X113.32 Y109.666 E1236.21527
G1 X112.974 Y112.01 E1236.3256
G1 X112.877 Y112.766 E1236.36109
G1 X112.792 Y114.482 E1236.44109
G1 X112.961 Y116.804 E1236.5495
G1 X113.609 Y119.267 E1236.66809
G1 X114.956 Y121.476 E1236.78857
G1 X117.224 Y123.073 E1236.91773
G1 X120.764 Y123.707 E1237.08519
G1 X122.061 Y123.518 E1237.14622
G1 X123.244 Y123.004 E1237.20628
G1 X123.465 Y122.854 E1237.21872
G1 F1212.1 X123.845 Y122.703 E1237.24228
G1 F1071.4 X124.397 Y122.274 E1237.28785
G1 F1234.6 X125.228 Y121.404 E1237.35592
G1 F1357.5 X125.676 Y120.97 E1237.38801
G1 X125.868 Y121.14 E1237.40121
G1 X125.566 Y121.683 E1237.43318
G1 F1237.1 X124.816 Y122.602 E1237.50015
G1 F1073.3 X124.222 Y123.152 E1237.55283
G1 F1212.1 X123.972 Y123.559 E1237.58035
G1 F1500 X122.759 Y124.425 E1237.64975
G1 X121.486 Y124.998 E1237.71476
G1 X120.152 Y125.201 E1237.77759
G1 F1500 E1231.27759
G0 F9000 X120.104 Y125.456
G0 X121.547 Y125.191
G0 X122.858 Y124.604
G0 X125.251 Y122.989
G0 X126.198 Y120.944
G0 X125.37 Y120.483
G0 X126.236 Y118.32
G0 X140.552 Y117.105
G0 X128.499 Y120.317
G0 X128.027 Y121.084
G0 X128.42 Y121.811
G0 X129.151 Y122.779
G0 X130.139 Y123.765
G0 X131.31 Y124.604
G0 X132.621 Y125.191
G0 X134.015 Y125.403
G0 X137.872 Y124.69
G0 X140.35 Y122.902
G0 X141.817 Y120.432
G0 X142.458 Y117.938
G0 X142.669 Y116.5
G0 X142.014 Y116.455
G1 F1500 E1237.77759
G1 F1558.4 X141.632 Y116.391 E1237.79495
G1 F1562.5 X141.728 Y115.034 E1237.85576
G1 F1621.6 X141.749 Y114.533 E1237.87736
G1 F1694.9 X141.687 Y113.249 E1237.93033
G1 F1754.4 X141.654 Y112.76 E1237.94984
G1 F1796.4 X141.245 Y109.863 E1238.0636
G1 F1869.2 X141.191 Y109.598 E1238.0737
G1 F1986.8 X140.176 Y107.082 E1238.16908
G1 X138.47 Y104.339 E1238.28265
G1 F1910.8 X136.242 Y101.559 E1238.41287
G1 F1759.5 X133.514 Y98.649 E1238.57121
G1 F1630.4 X133.095 Y98.235 E1238.59644
G1 F1554.4 X130.802 Y96.04 E1238.73907
G1 F1519 X131.075 Y95.75 E1238.75739
G1 F1554.4 X133.357 Y97.965 E1238.90029
G1 F1630.4 X133.763 Y98.391 E1238.9255
G1 F1734.1 X136.317 Y101.145 E1239.07678
G1 F1875 X138.738 Y104.188 E1239.22164
G1 F1948.1 X140.493 Y107.045 E1239.34186
G1 F1973.7 X141.459 Y109.452 E1239.43364
G1 F1880.9 X141.576 Y109.796 E1239.44714
G1 F1796.4 X141.98 Y112.703 E1239.56125
G1 F1754.4 X142.041 Y113.233 E1239.58249
G1 F1694.9 X142.103 Y114.537 E1239.63629
G1 F1621.6 X142.111 Y115.04 E1239.65795
G1 F1562.5 X142.014 Y116.455 E1239.72136
G0 F9000 X142.669 Y116.5
G0 X142.529 Y117.661
G0 X141.817 Y120.432
G0 X140.732 Y122.378
G0 X140.336 Y122.142
G1 F1500 X139.346 Y123.132 E1239.78655
G0 F9000 X139.616 Y123.508
G0 X137.872 Y124.69
G0 X134.015 Y125.403
G0 X132.621 Y125.191
G0 X131.31 Y124.604
G0 X130.139 Y123.765
G0 X129.151 Y122.779
G0 X128.42 Y121.811
G0 X128.027 Y121.084
G0 X128.499 Y120.317
G0 X138.441 Y121.703
G0 X138.703 Y122.078
G1 F1500 X136.185 Y124.596 E1239.95236
G0 F9000 X135.492 Y124.724
G1 F1500 X136.938 Y123.277 E1240.04762
G0 F9000 X136.251 Y123.399
G1 F1500 X134.797 Y124.852 E1240.14333
G0 F9000 X134.103 Y124.981
G1 F1500 X135.563 Y123.521 E1240.23948
G0 F9000 X134.875 Y123.643
G1 F1500 X133.584 Y124.934 E1240.32449
G0 F9000 X133.093 Y124.86
G1 F1500 X134.188 Y123.765 E1240.3966
G0 F9000 X133.5 Y123.887
G1 F1500 X132.629 Y124.758 E1240.45396
G0 F9000 X132.24 Y124.582
G1 F1500 X132.98 Y123.841 E1240.50272
G0 F9000 X132.486 Y123.77
G1 F1500 X131.849 Y124.406 E1240.54463
G0 F9000 X131.466 Y124.224
G1 F1500 X132.006 Y123.684 E1240.58019
G0 F9000 X131.61 Y123.514
G1 F1500 X131.136 Y123.988 E1240.61141
G0 F9000 X130.807 Y123.751
G1 F1500 X131.215 Y123.343 E1240.63827
G0 F9000 X130.82 Y123.172
G1 F1500 X130.478 Y123.515 E1240.66083
G0 F9000 X130.236 Y123.191
G1 F1500 X130.441 Y122.986 E1240.67433
G0 F9000 X130.74 Y122.562
G0 X127.933 Y118.32
G0 X126.236 Y118.32
G0 X125.37 Y120.483
G0 X126.198 Y120.944
G0 X125.661 Y122.103
G0 X124.213 Y123.666
G0 X123.877 Y123.328
G1 F1500 X123.693 Y123.512 E1240.68645
G0 F9000 X123.629 Y123.01
G1 F1500 X122.165 Y124.473 E1240.78282
G0 F9000 X121.742 Y123.766
G1 F1500 X120.573 Y124.934 E1240.85977
G0 F9000 X119.976 Y124.966
G1 F1500 X121.079 Y123.862 E1240.93243
G0 F9000 X120.512 Y123.864
G1 F1500 X119.499 Y124.877 E1240.99914
G0 F9000 X119.022 Y124.789
G1 F1500 X120.032 Y123.778 E1241.06569
G0 F9000 X119.553 Y123.692
G1 F1500 X118.544 Y124.7 E1241.1321
G0 F9000 X118.067 Y124.612
G1 F1500 X119.073 Y123.607 E1241.19831
G0 F9000 X118.592 Y123.521
G1 F1500 X117.589 Y124.524 E1241.26436
G0 F9000 X117.112 Y124.436
G1 F1500 X118.113 Y123.435 E1241.33028
G0 F9000 X117.633 Y123.349
G1 F1500 X116.634 Y124.348 E1241.39606
G0 F9000 X116.251 Y124.165
G1 F1500 X117.167 Y123.249 E1241.45638
G0 F9000 X116.818 Y123.032
G1 F1500 X115.922 Y123.928 E1241.51539
G0 F9000 X115.594 Y123.691
G1 F1500 X116.487 Y122.798 E1241.57419
G0 F9000 X116.155 Y122.564
G1 F1500 X115.265 Y123.454 E1241.6328
G0 F9000 X114.937 Y123.216
G1 F1500 X115.823 Y122.331 E1241.69111
G0 F9000 X115.491 Y122.097
G1 F1500 X114.609 Y122.979 E1241.74919
G0 F9000 X114.28 Y122.742
G1 F1500 X115.159 Y121.863 E1241.80708
G0 F9000 X114.827 Y121.629
G1 F1500 X114.012 Y122.445 E1241.86078
G0 F9000 X113.801 Y122.09
G1 F1500 X114.607 Y121.284 E1241.91386
G0 F9000 X114.393 Y120.932
G1 F1500 X113.59 Y121.735 E1241.96673
G0 F9000 X113.379 Y121.381
G1 F1500 X114.179 Y120.581 E1242.01942
G0 F9000 X113.964 Y120.229
G1 F1500 X113.168 Y121.026 E1242.07187
G0 F9000 X112.957 Y120.671
G1 F1500 X113.75 Y119.878 E1242.12409
G0 F9000 X113.535 Y119.527
G1 F1500 X112.747 Y120.316 E1242.17601
G0 F9000 X112.62 Y119.877
G1 F1500 X113.368 Y119.128 E1242.2253
G0 F9000 X113.25 Y118.681
G1 F1500 X112.504 Y119.427 E1242.27443
G0 F9000 X112.388 Y118.977
G1 F1500 X113.131 Y118.234 E1242.32335
G0 F9000 X113.013 Y117.786
G1 F1500 X112.273 Y118.527 E1242.37212
G0 F9000 X112.157 Y118.077
G1 F1500 X112.895 Y117.339 E1242.42072
G0 F9000 X112.777 Y116.891
G1 F1500 X112.041 Y117.627 E1242.46918
G0 F9000 X111.999 Y117.103
G1 F1500 X112.532 Y116.571 E1242.50425
G0 F9000 X113.199 Y116.525
G0 X125.661 Y120.327
G0 X126.135 Y121.097
G0 X125.748 Y121.811
G0 X125.017 Y122.779
G0 X124.029 Y123.765
G0 X122.975 Y124.52
G0 X121.31 Y125.288
G0 X121.241 Y124.833
G1 F1500 X122.55 Y123.523 E1242.59048
G0 F9000 X122.37 Y123.102
G0 X126.236 Y118.32
G0 X127.933 Y118.32
G0 X128.803 Y120.497
G0 X127.971 Y120.937
G0 X128.92 Y122.989
G0 X131.31 Y124.604
G0 X132.621 Y125.191
G0 X134.015 Y125.403
G0 X136.963 Y124.921
G0 X136.88 Y124.467
G1 F1500 X141.571 Y119.775 E1242.89942
G0 F9000 X141.767 Y119.014
G1 F1500 X139.661 Y121.12 E1243.03811
G0 F9000 X139.274 Y120.884
G0 X128.499 Y120.317
G0 X128.027 Y121.084
G0 X128.42 Y121.811
G0 X129.151 Y122.779
G0 X130.139 Y123.765
G0 X131.31 Y124.604
G0 X132.621 Y125.191
G0 X134.015 Y125.403
G0 X137.872 Y124.69
G0 X140.35 Y122.902
G0 X141.556 Y120.99
G0 X141.16 Y120.753
G1 F1500 X137.574 Y124.338 E1243.27422
G0 F9000 X137.657 Y124.793
G0 X134.015 Y125.403
G0 X132.621 Y125.191
G0 X131.31 Y124.604
G0 X130.139 Y123.765
G0 X129.151 Y122.779
G0 X128.42 Y121.811
G0 X128.027 Y121.084
G0 X128.444 Y120.718
G0 X140.159 Y119.431
G0 X140.547 Y119.668
G1 F1500 X141.963 Y118.252 E1243.36747
G0 F9000 X142.137 Y117.513
G1 F1500 X140.902 Y118.747 E1243.44876
G0 F9000 X141.104 Y117.98
G1 F1500 X142.178 Y116.906 E1243.51948
G0 F9000 X141.888 Y116.63
G1 F1500 X141.305 Y117.213 E1243.55788
G0 F9000 X140.865 Y117.097
G0 X130.054 Y96.235
G0 X130.375 Y95.899
G1 F1500 X130.935 Y95.339 E1243.59475
G0 F9000 X130.649 Y95.06
G1 F1500 X130.076 Y95.633 E1243.63249
G0 F9000 X129.777 Y95.365
G1 F1500 X130.362 Y94.781 E1243.67098
G0 F9000 X130.076 Y94.501
G1 F1500 X129.478 Y95.099 E1243.71036
G0 F9000 X129.18 Y94.832
G1 F1500 X129.781 Y94.23 E1243.74997
G0 F9000 X129.485 Y93.96
G1 F1500 X128.881 Y94.565 E1243.78977
G0 F9000 X128.582 Y94.298
G1 F1500 X129.191 Y93.69 E1243.82984
G0 F9000 X128.896 Y93.419
G1 F1500 X128.284 Y94.03 E1243.87011
G0 F9000 X127.985 Y93.764
G1 F1500 X128.6 Y93.149 E1243.91061
G0 F9000 X128.305 Y92.878
G1 F1500 X127.687 Y93.496 E1243.95131
G0 F9000 X127.387 Y93.23
G1 F1500 X128.01 Y92.607 E1243.99233
G0 F9000 X127.715 Y92.337
G1 F1500 X126.878 Y93.174 E1244.04745
G0 F9000 X127.101 Y93.56
G0 X128.499 Y120.317
G0 X128.027 Y121.084
G0 X128.42 Y121.811
G0 X129.151 Y122.779
G0 X130.139 Y123.765
G0 X131.31 Y124.604
G0 X132.621 Y125.191
G0 X134.015 Y125.403
G0 X137.872 Y124.69
G0 X140.35 Y122.902
G0 X141.817 Y120.432
G0 X142.529 Y117.661
G0 X142.709 Y115.063
G0 X142.55 Y112.622
G0 X142.131 Y109.65
G0 X141.009 Y106.839
G0 X139.198 Y103.881
G0 X136.756 Y100.783
G0 X133.794 Y97.571
G0 X127.729 Y91.73
G0 X127.42 Y92.066
G1 F1500 X123.305 Y96.181 E1244.31843
G0 F9000 X123.027 Y95.893
G1 F1500 X127.125 Y91.795 E1244.58829
G1 F1500 E1238.08829
G0 F9000 X127.434 Y91.459
G0 X133.794 Y97.571
G0 X136.756 Y100.783
G0 X139.198 Y103.881
G0 X141.009 Y106.839
G0 X142.131 Y109.65
G0 X142.617 Y113.155
G0 X142.709 Y115.063
G0 X142.529 Y117.661
G0 X141.817 Y120.432
G0 X140.35 Y122.902
G0 X137.872 Y124.69
G0 X134.015 Y125.403
G0 X132.621 Y125.191
G0 X131.31 Y124.604
G0 X130.139 Y123.765
G0 X129.151 Y122.779
G0 X128.42 Y121.811
G0 X128.027 Y121.084
G0 X137.725 Y104.863
G0 X127.074 Y93.967
G0 X125.37 Y120.483
G0 X125.935 Y120.771
G0 X126.126 Y120.597
G1 F1500 E1244.58829
G1 X125.962 Y120.416 E1244.59966
G1 X126.325 Y119.774 E1244.63401
G1 X126.596 Y118.796 E1244.68126
G1 X127.568 Y118.796 E1244.72652
G1 X127.844 Y119.772 E1244.77375
G1 X128.209 Y120.421 E1244.80842
G1 X128.025 Y120.614 E1244.82084
G1 X127.78 Y120.324 E1244.83852
G1 X127.393 Y120.135 E1244.85857
G1 X126.764 Y120.149 E1244.88787
G1 X126.445 Y120.288 E1244.90407
G1 X126.126 Y120.597 E1244.92475
G0 F9000 X125.935 Y120.771
G0 X125.749 Y120.476
G0 X126.124 Y119.538
G0 X126.784 Y119.722
G1 F1321.6 X126.921 Y119.223 E1244.9521
G1 X127.244 Y119.223 E1244.96917
G1 X127.382 Y119.708 E1244.99582
G1 X126.784 Y119.722 E1245.02743
G0 F9000 X125.835 Y119.456
G1 F1500 E1238.52743
;MESH:NONMESH
G0 F300 X125.835 Y119.456 Z3.08
G0 F9000 X125.67 Y120.687
G0 X126.135 Y121.097
G0 X125.748 Y121.811
G0 X125.017 Y122.779
G0 X124.029 Y123.765
G0 X122.858 Y124.604
G0 X121.547 Y125.191
G0 X120.153 Y125.403
G0 X116.296 Y124.69
G0 X113.818 Y122.902
G0 X112.351 Y120.432
G0 X111.638 Y117.661
G0 X111.459 Y115.063
G0 X111.611 Y112.618
G0 X111.994 Y109.948
G0 X112.864 Y106.685
G0 X111.847 Y106.281
G0 X100.662 Y100.233
G0 X92.465 Y95.14
;TIME_ELAPSED:1338.856384
;LAYER:10
;TYPE:WALL-INNER
;MESH:tmpnqf7468lheart_box.stl
G1 F1500 E1245.02743
G1 F1134.2 X91.002 Y96.464 E1245.14894
G1 F1192.8 X89.54 Y97.789 E1245.26447
G1 F1263.2 X89.024 Y98.27 E1245.30348
G1 F1357.5 X87.455 Y99.788 E1245.41581
G1 F1477.8 X85.886 Y101.306 E1245.51899
G1 F1648.4 X83.116 Y104.27 E1245.69089
G1 F1869.2 X80.875 Y107.078 E1245.82514
G1 F1863.4 X80.641 Y107.407 E1245.84028
G1 F1851.9 X79.132 Y109.838 E1245.94819
G1 F1699.7 X78.842 Y110.402 E1245.97426
G1 F1511.3 X77.944 Y112.636 E1246.08553
G1 F1284.8 X77.776 Y113.258 E1246.12055
G1 F1119.4 X77.509 Y115.09 E1246.23607
G1 F1111.1 X77.391 Y115.964 E1246.29151
G1 F1039.9 X77.322 Y116.803 E1246.34806
G1 F982 X77.275 Y117.819 E1246.4204
G1 F934.6 X77.279 Y118.241 E1246.45194
G0 F9000 X77.707 Y120.243
G0 X78.423 Y122.966
G0 X79.969 Y125.505
G0 X82.623 Y127.373
G0 X85.986 Y128.891
G0 X85.978 Y129.204
G1 F1500 X87.421 Y128.983 E1246.51991
G1 F1327.4 X88.299 Y128.534 E1246.5718
G1 F1214.6 X88.746 Y128.344 E1246.59973
G1 F1425.2 X89.765 Y127.69 E1246.65907
G1 F1321.6 X89.91 Y127.467 E1246.67313
G1 F990.1 X89.986 Y127.314 E1246.68518
G1 F1181.1 X89.59 Y127.381 E1246.70893
G1 F1542.4 X88.391 Y127.98 E1246.76963
G1 F1298.7 X88.16 Y128.056 E1246.78271
G1 F1327.4 X87.236 Y128.142 E1246.83154
G1 F1500 X86.575 Y128.241 E1246.86266
G1 X82.576 Y127.518 E1247.05189
G1 X79.855 Y125.612 E1247.20658
G1 X78.738 Y123.772 E1247.30681
G1 F1395.3 X78.251 Y123.026 E1247.3514
G1 F1310 X77.782 Y121.226 E1247.45058
G1 F1459.9 X77.586 Y120.309 E1247.49544
G1 F1657.5 X77.462 Y118.629 E1247.56643
G1 F1171.9 X77.279 Y118.241 E1247.592
G1 X77.106 Y118.633 E1247.61754
G1 F1657.5 X77.225 Y120.365 E1247.6907
G1 F1459.9 X77.337 Y121.319 E1247.73665
G1 F1301.5 X77.824 Y123.197 E1247.84077
G1 F1382.5 X78.029 Y124.131 E1247.88908
G1 F1500 X79.525 Y126.65 E1248.0255
G1 X82.058 Y128.478 E1248.17096
G1 X85.978 Y129.204 E1248.35659
G0 F9000 X85.986 Y128.891
G0 X89.986 Y127.314
G1 F990.1 X90.47 Y126.908 E1248.40116
G1 F1204.8 X90.954 Y126.501 E1248.43782
G1 F1435.4 X91.17 Y126.26 E1248.45357
G1 F1500 E1241.95357
G0 F9000 X92.376 Y124.675
G0 X92.95 Y123.878
G0 X92.957 Y124.168
G1 F1500 E1248.45357
G1 F1734.1 X92.892 Y124.131 E1248.45658
G1 X92.893 Y124.205 E1248.45956
G1 X92.957 Y124.168 E1248.46254
G1 F1500 E1241.96254
G0 F9000 X92.95 Y123.878
G0 X93.451 Y124.673
G0 X94.654 Y126.26
G1 F1500 E1248.46254
G1 F1435.4 X94.87 Y126.501 E1248.47829
G1 F1204.8 X95.35 Y126.904 E1248.51462
G1 F993.4 X95.831 Y127.308 E1248.55879
G0 F9000 X99.843 Y128.891
G0 X99.846 Y129.204
G1 F1500 X103.766 Y128.478 E1248.74442
G1 X106.299 Y126.65 E1248.88988
G1 X107.796 Y124.131 E1249.02632
G1 F1421.8 X107.985 Y123.304 E1249.06799
G1 F1321.6 X108.002 Y123.198 E1249.07367
G1 F1310 X108.491 Y121.319 E1249.17719
G1 F1470.6 X108.602 Y120.363 E1249.2229
G1 F1666.7 X108.719 Y118.666 E1249.29418
G1 F1174.2 X108.546 Y118.274 E1249.31967
G1 X108.365 Y118.662 E1249.34514
G1 F1676 X108.251 Y120.265 E1249.41211
G1 F1474.2 X108.047 Y121.225 E1249.45861
G1 F1310 X107.566 Y123.045 E1249.55898
G1 F1388.9 X107.09 Y123.773 E1249.60272
G1 F1500 X105.974 Y125.61 E1249.70281
G1 X103.265 Y127.516 E1249.85704
G1 X99.249 Y128.241 E1250.04707
G1 X98.592 Y128.143 E1250.078
G1 F1342.3 X97.602 Y128.04 E1250.12979
G1 F1227 X97.295 Y127.911 E1250.14875
G1 F1428.6 X96.225 Y127.376 E1250.20724
G1 F1185.8 X95.83 Y127.307 E1250.23086
G1 F1000 X95.908 Y127.465 E1250.24316
G1 F1333.3 X96.05 Y127.683 E1250.25679
G1 F1428.6 X97.078 Y128.344 E1250.31655
G1 F1227 X97.442 Y128.503 E1250.33916
G1 F1239.7 X97.519 Y128.548 E1250.34418
G1 F1376.1 X98.407 Y128.982 E1250.39435
G1 F1500 X99.846 Y129.204 E1250.46215
G0 F9000 X99.843 Y128.891
G0 X103.206 Y127.373
G0 X105.86 Y125.505
G0 X107.406 Y122.966
G0 X107.812 Y121.422
G0 X108.546 Y118.274
G1 F943.4 X108.55 Y117.733 E1250.5022
G1 F988.5 X108.503 Y116.783 E1250.56941
G1 F1041.7 X108.431 Y115.963 E1250.62461
G1 F1109.1 X108.049 Y113.258 E1250.79665
G1 F1295.9 X107.882 Y112.637 E1250.83131
G1 F1522.8 X106.982 Y110.402 E1250.94182
G1 F1680.7 X106.739 Y109.921 E1250.96422
G1 F1840.5 X105.184 Y107.406 E1251.07643
G1 F1875 X104.991 Y107.131 E1251.08895
G1 X102.711 Y104.271 E1251.2252
G1 F1709.4 X101.335 Y102.799 E1251.30753
G1 F1591.5 X99.959 Y101.326 E1251.39599
G1 F1500 X99.734 Y101.098 E1251.41091
G1 F1385.7 X96.818 Y98.285 E1251.61514
G1 F1268.5 X96.277 Y97.78 E1251.65589
G1 F1192.8 X94.818 Y96.46 E1251.77109
G1 F1134.2 X93.358 Y95.139 E1251.89234
G0 F9000 X93.359 Y95.14
G1 F1312.9 X93.038 Y94.732 E1251.91996
G1 F1612.9 X92.912 Y94.616 E1251.92738
G1 X92.787 Y94.731 E1251.93473
G1 F1312.9 X92.465 Y95.14 E1251.96242
G1 X92.912 Y95.054 E1251.98664
G1 X93.359 Y95.14 E1252.01086
G1 F1500 E1245.51086
G0 F9000 X99.848 Y101.421
G0 X102.606 Y104.332
G0 X104.889 Y107.162
G0 X106.627 Y109.927
G0 X107.738 Y112.646
G0 X108.211 Y115.97
G0 X108.3 Y117.772
G0 X108.122 Y120.243
G0 X107.406 Y122.966
G0 X105.86 Y125.505
G0 X103.206 Y127.373
G0 X99.299 Y128.139
G0 X99.245 Y127.832
;TYPE:WALL-OUTER
G1 F1500 E1252.01086
G1 X97.711 Y127.606 E1252.08306
G1 X96.3 Y126.992 E1252.15471
G1 X95.1 Y126.144 E1252.22313
G1 X94.93 Y125.978 E1252.2342
G1 F1242.2 X94.587 Y125.758 E1252.25711
G1 F1127.8 X94.102 Y125.239 E1252.3011
G1 F1282.1 X93.668 Y124.633 E1252.34171
G1 F1449.3 X93.542 Y124.435 E1252.35302
G1 F1522.8 X93.367 Y124.21 E1252.36609
G1 F1507.5 X92.914 Y123.412 E1252.40861
G1 X92.461 Y124.21 E1252.45112
G1 F1515.2 X92.286 Y124.433 E1252.46419
G1 F1449.3 X92.161 Y124.629 E1252.47539
G1 F1287.6 X91.722 Y125.239 E1252.51616
G1 F1127.8 X91.238 Y125.758 E1252.56011
G1 F1242.2 X90.895 Y125.977 E1252.58299
G1 F1500 X90.721 Y126.147 E1252.59432
G1 X89.524 Y126.992 E1252.66254
G1 X88.121 Y127.606 E1252.73386
G1 X86.581 Y127.835 E1252.80635
G1 X82.725 Y127.138 E1252.98882
G1 X80.154 Y125.332 E1253.13512
G1 X78.657 Y122.867 E1253.26941
G1 X77.957 Y120.217 E1253.39703
G1 X77.78 Y117.758 E1253.51183
G1 X77.865 Y115.97 E1253.59518
G1 X77.97 Y115.158 E1253.63331
G1 X78.332 Y112.718 E1253.74817
G1 X79.414 Y110.056 E1253.88197
G1 X81.148 Y107.298 E1254.03367
G1 X83.414 Y104.49 E1254.20168
G1 X86.157 Y101.591 E1254.38752
G1 X89.31 Y98.59 E1254.59021
G1 X92.778 Y95.49 E1254.8068
G1 X92.912 Y95.44 E1254.81346
G1 X93.046 Y95.49 E1254.82012
G1 X96.523 Y98.595 E1255.03719
G1 X99.674 Y101.598 E1255.23987
G1 X102.424 Y104.502 E1255.4261
G1 X104.694 Y107.317 E1255.59449
G1 X106.394 Y110.025 E1255.74337
G1 X107.496 Y112.718 E1255.87886
G1 X107.85 Y115.161 E1255.99381
G1 X107.959 Y115.969 E1256.03177
G1 X108.048 Y117.783 E1256.11634
G1 X107.87 Y120.219 E1256.23008
G1 X107.172 Y122.867 E1256.35759
G1 X105.677 Y125.323 E1256.49147
G1 X103.114 Y127.133 E1256.63758
G1 X99.245 Y127.832 E1256.82065
G1 F1500 E1250.32065
G0 F9000 X99.299 Y128.139
G0 X99.85 Y129.298
G0 X99.852 Y129.609
G1 F1500 E1256.82065
G1 X103.927 Y128.855 E1257.01362
G1 X106.601 Y126.926 E1257.16715
G1 X108.169 Y124.286 E1257.31013
G1 X108.913 Y121.387 E1257.44949
G1 X109.099 Y118.705 E1257.57468
G1 X109.006 Y116.759 E1257.66539
G1 X108.938 Y116.174 E1257.69282
G1 X108.505 Y113.137 E1257.83566
G1 X107.34 Y110.222 E1257.98184
G1 X105.487 Y107.195 E1258.1471
G1 X103.002 Y104.044 E1258.33396
G1 X100.017 Y100.809 E1258.53892
G1 X96.588 Y97.462 E1258.76205
G1 X92.912 Y94.092 E1258.99426
G1 X89.229 Y97.47 E1259.22697
G1 X85.786 Y100.836 E1259.45117
G1 X82.804 Y104.065 E1259.65584
G1 X80.337 Y107.195 E1259.84141
G1 X78.484 Y110.222 E1260.00667
G1 X77.319 Y113.136 E1260.1528
G1 X76.882 Y116.184 E1260.29618
G1 X76.82 Y116.764 E1260.32334
G1 X76.725 Y118.705 E1260.41383
G1 X76.914 Y121.387 E1260.53903
G1 X77.655 Y124.286 E1260.67836
G1 X79.223 Y126.926 E1260.82133
G1 X81.897 Y128.855 E1260.97486
G1 X85.972 Y129.609 E1261.16783
G1 X87.535 Y129.37 E1261.24146
G1 X88.967 Y128.729 E1261.31452
G1 X90.218 Y127.83 E1261.38625
G1 X91.272 Y126.779 E1261.45556
G1 X91.485 Y126.499 E1261.47194
G1 F1242.2 X91.66 Y126.131 E1261.49485
G1 F1098.9 X91.998 Y125.716 E1261.52887
G1 F1250 X92.533 Y124.845 E1261.58599
G1 F1456.3 X92.633 Y124.62 E1261.5978
G1 F1522.8 X92.729 Y124.54 E1261.60353
G1 F1515.2 X93.098 Y124.54 E1261.62054
G1 F1526.7 X93.194 Y124.62 E1261.62625
G1 F1449.3 X93.292 Y124.847 E1261.63817
G1 F1293.1 X93.678 Y125.487 E1261.67854
G1 F1176.5 X93.826 Y125.716 E1261.69473
G1 F1098.9 X94.163 Y126.13 E1261.72866
G1 F1242.2 X94.338 Y126.498 E1261.75157
G1 F1500 X94.551 Y126.78 E1261.76803
G1 X95.606 Y127.831 E1261.83737
G1 X96.857 Y128.729 E1261.90907
G1 X98.293 Y129.37 E1261.9823
G1 X99.852 Y129.609 E1262.05574
G0 F9000 X99.85 Y129.298
G0 X97.661 Y128.313
G0 X97.596 Y128.459
;TYPE:FILL
G1 F3000 X97.402 Y128.264 E1262.06855
G0 F9000 X97.427 Y128.209
G0 X99.07 Y128.464
G0 X102.725 Y128.357
G0 X102.766 Y128.583
G1 F3000 X103.018 Y127.641 E1262.11395
G0 F9000 X103.058 Y127.869
G0 X105.996 Y125.972
G0 X105.865 Y125.784
G1 F3000 X106.883 Y125.511 E1262.16303
G1 F1500 E1255.66303
G0 F9000 X106.689 Y125.395
G0 X107.406 Y122.966
G0 X108.122 Y120.243
G0 X108.3 Y117.772
G0 X108.211 Y115.97
G0 X107.738 Y112.646
G0 X106.627 Y109.927
G0 X104.889 Y107.162
G0 X102.606 Y104.332
G0 X99.848 Y101.421
G0 X96.693 Y98.415
G0 X92.914 Y95.05
G0 X89.135 Y98.415
G0 X85.98 Y101.421
G0 X83.223 Y104.332
G0 X80.94 Y107.162
G0 X79.202 Y109.927
G0 X78.091 Y112.646
G0 X77.617 Y115.97
G0 X77.529 Y117.772
G0 X77.707 Y120.243
G0 X78.839 Y124.536
G0 X79.036 Y124.417
G1 F1500 E1262.16303
G1 F3000 X78.805 Y125.279 E1262.20459
G1 F1500 E1255.70459
G0 F9000 X79.002 Y125.162
G0 X82.623 Y127.373
G0 X79.969 Y125.505
G0 X78.423 Y122.966
G0 X77.707 Y120.243
G0 X77.529 Y117.772
G0 X77.617 Y115.97
G0 X78.091 Y112.646
G0 X79.202 Y109.927
G0 X80.94 Y107.162
G0 X83.223 Y104.332
G0 X85.98 Y101.421
G0 X89.135 Y98.415
G0 X92.914 Y95.05
G0 X96.693 Y98.415
G0 X99.848 Y101.421
G0 X102.606 Y104.332
G0 X104.889 Y107.162
G0 X106.627 Y109.927
G0 X107.738 Y112.646
G0 X108.211 Y115.97
G0 X108.283 Y117.43
G0 X107.958 Y124.197
G0 X109.017 Y124.468
G0 X112.632 Y123.697
G0 X120.15 Y125.567
;TYPE:WALL-INNER
G1 F1500 E1262.20459
G1 X121.593 Y125.347 E1262.27256
G1 X122.939 Y124.745 E1262.34121
G1 X124.134 Y123.888 E1262.40969
G1 X125.138 Y122.885 E1262.47577
G1 X125.883 Y121.9 E1262.53328
G1 X126.346 Y121.063 E1262.57782
G1 X126.45 Y120.78 E1262.59186
G1 X126.692 Y120.564 E1262.60696
G1 X126.897 Y120.506 E1262.61688
G1 X127.267 Y120.502 E1262.63411
G1 X127.472 Y120.561 E1262.64404
G1 X127.612 Y120.655 E1262.6519
G1 X127.759 Y120.86 E1262.66364
G1 X127.82 Y121.059 E1262.67333
G1 X128.285 Y121.9 E1262.71808
G1 X129.03 Y122.885 E1262.77559
G1 X130.034 Y123.888 E1262.84167
G1 X131.229 Y124.745 E1262.91015
G1 X132.575 Y125.347 E1262.9788
G1 X134.018 Y125.567 E1263.04677
G1 X137.938 Y124.842 E1263.2324
G1 X140.471 Y123.014 E1263.37785
G1 X141.968 Y120.495 E1263.5143
G1 X142.689 Y117.687 E1263.64929
G1 X142.871 Y115.065 E1263.77168
G1 X142.777 Y113.141 E1263.86137
G1 X142.709 Y112.6 E1263.88676
G1 X142.287 Y109.608 E1264.02746
G1 X141.153 Y106.766 E1264.16994
G1 X139.33 Y103.788 E1264.33253
G1 X136.879 Y100.678 E1264.51691
G1 X133.909 Y97.459 E1264.72086
G1 X130.479 Y94.113 E1264.94398
G1 X127.084 Y91.002 E1265.1584
G1 X123.681 Y94.121 E1265.37334
G1 X120.247 Y97.471 E1265.59673
G1 X117.289 Y100.678 E1265.79988
G1 X114.838 Y103.788 E1265.98426
G1 X113.015 Y106.766 E1266.14685
G1 X111.88 Y109.609 E1266.28939
G1 X111.452 Y112.597 E1266.42995
G1 X111.387 Y113.161 E1266.45638
G1 X111.297 Y115.065 E1266.54514
G1 X111.479 Y117.687 E1266.66753
G1 X112.2 Y120.495 E1266.80252
G1 X113.697 Y123.014 E1266.93896
G1 X116.23 Y124.842 E1267.08442
G1 X120.15 Y125.567 E1267.27005
G0 F9000 X120.144 Y125.973
;TYPE:WALL-OUTER
G1 F1500 X121.707 Y125.734 E1267.34367
G1 X123.139 Y125.093 E1267.41673
G1 X124.394 Y124.194 E1267.48861
G1 X125.44 Y123.148 E1267.55749
G1 X126.219 Y122.118 E1267.61763
G1 X126.72 Y121.213 E1267.66579
G1 X126.775 Y121.017 E1267.67527
G1 X126.901 Y120.911 E1267.68294
G1 X127.228 Y120.9 E1267.69817
G1 X127.327 Y120.938 E1267.70311
G1 X127.394 Y121.024 E1267.70819
G1 X127.447 Y121.211 E1267.71724
G1 X127.949 Y122.118 E1267.76551
G1 X128.728 Y123.148 E1267.82564
G1 X129.774 Y124.194 E1267.89452
G1 X131.029 Y125.093 E1267.96641
G1 X132.461 Y125.734 E1268.03946
G1 X134.024 Y125.973 E1268.11309
G1 X138.099 Y125.219 E1268.30606
G1 X140.773 Y123.29 E1268.45959
G1 X142.341 Y120.65 E1268.60257
G1 X143.085 Y117.751 E1268.74193
G1 X143.271 Y115.069 E1268.86712
G1 X143.176 Y113.106 E1268.95863
G1 X143.096 Y112.483 E1268.98788
G1 X142.677 Y109.504 E1269.12796
G1 X141.512 Y106.586 E1269.27426
G1 X139.659 Y103.559 E1269.43952
G1 X137.183 Y100.418 E1269.62576
G1 X134.196 Y97.18 E1269.83089
G1 X130.754 Y93.822 E1270.0548
G1 X127.084 Y90.46 E1270.28656
G1 X123.406 Y93.83 E1270.51884
G1 X119.96 Y97.192 E1270.74302
G1 X116.985 Y100.418 E1270.94736
G1 X114.509 Y103.559 E1271.13359
G1 X112.656 Y106.586 E1271.29885
G1 X111.491 Y109.505 E1271.4452
G1 X111.055 Y112.546 E1271.58825
G1 X110.988 Y113.129 E1271.61558
G1 X110.897 Y115.069 E1271.70601
G1 X111.083 Y117.751 E1271.8312
G1 X111.827 Y120.65 E1271.97056
G1 X113.395 Y123.29 E1272.11354
G1 X116.069 Y125.219 E1272.26707
G1 X120.144 Y125.973 E1272.46004
G0 F9000 X120.15 Y125.663
G0 X121.547 Y125.191
G0 X122.858 Y124.604
G0 X124.029 Y123.765
G0 X125.017 Y122.779
G0 X125.748 Y121.811
G0 X126.135 Y121.097
G0 X125.661 Y120.327
G0 X117.061 Y122.64
G0 X116.934 Y122.818
;TYPE:FILL
G1 F3000 X125.92 Y120.41 E1272.89323
G0 F9000 X125.73 Y120.302
G0 X124.657 Y121.572
G0 X124.809 Y121.73
G1 F3000 X113.282 Y110.203 E1273.6523
G0 F9000 X113.499 Y110.235
G0 X113.32 Y111.453
G0 X113.105 Y111.421
G1 F3000 X138.228 Y104.689 E1274.8634
G0 F9000 X138.041 Y104.806
G0 X134.879 Y101.019
G0 X135.038 Y100.87
G1 F3000 X129.431 Y121.797 E1275.87222
G0 F9000 X129.584 Y121.641
G0 X128.136 Y119.762
G0 X127.944 Y119.868
G1 F3000 X141.206 Y116.315 E1276.51153
G0 F9000 X140.989 Y116.299
G0 X139.875 Y119.898
G0 X140.062 Y120.012
G1 F3000 X120.001 Y99.952 E1277.83255
G0 F9000 X120.16 Y100.103
G0 X124.026 Y96.322
G0 X123.876 Y96.162
G1 F3000 X116.766 Y122.699 E1279.11181
G0 F9000 X116.892 Y122.521
G0 X124.102 Y96.25
G0 X123.952 Y96.091
G1 F3000 X128.781 Y94.797 E1279.3446
G1 F1500 E1272.8446
G0 F9000 X128.635 Y94.959
G0 X125.661 Y120.327
G0 X126.135 Y121.097
G0 X125.748 Y121.811
G0 X125.017 Y122.779
G0 X124.029 Y123.765
G0 X122.858 Y124.604
G0 X121.547 Y125.191
G0 X120.153 Y125.403
G0 X116.296 Y124.69
G0 X113.818 Y122.902
G0 X112.351 Y120.432
G0 X111.709 Y117.938
G0 X111.496 Y116.481
G0 X112.147 Y116.437
;TYPE:SKIN
G1 F1500 E1279.3446
G1 F1538.5 X112.05 Y115.049 E1279.40777
G1 F1612.9 X112.06 Y114.492 E1279.43189
G1 F1685.4 X112.118 Y113.247 E1279.48354
G1 F1724.1 X112.172 Y112.692 E1279.50613
G1 F1769.9 X112.585 Y109.796 E1279.62158
G1 F1875 X112.692 Y109.478 E1279.63407
G1 F1967.2 X113.669 Y107.048 E1279.72706
G1 F1948.1 X115.422 Y104.196 E1279.84709
G1 F1875 X117.848 Y101.145 E1279.9923
G1 F1694.9 X120.756 Y98.014 E1280.16839
G1 F1554.4 X122.844 Y95.988 E1280.29912
G1 F1519 X123.12 Y96.274 E1280.3174
G1 F1591.5 X120.66 Y98.634 E1280.46701
G1 F1764.7 X117.931 Y101.549 E1280.62505
G1 F1923.1 X115.719 Y104.303 E1280.75334
G1 F2000 X113.99 Y107.079 E1280.86756
G1 F1993.4 X112.977 Y109.574 E1280.96191
G1 F1869.2 X112.917 Y109.865 E1280.97302
G1 F1785.7 X112.61 Y111.959 E1281.0558
G1 F1775.1 X112.511 Y112.706 E1281.08544
G1 F1724.1 X112.474 Y113.265 E1281.10814
G1 F1685.4 X112.414 Y114.489 E1281.15893
G1 F1612.9 X112.438 Y115.034 E1281.18255
G1 F1538.5 X112.533 Y116.373 E1281.24349
G1 X112.147 Y116.437 E1281.26126
G0 F9000 X111.496 Y116.481
G0 X111.638 Y117.661
G0 X112.351 Y120.432
G0 X113.818 Y122.902
G0 X116.296 Y124.69
G0 X120.104 Y125.456
G0 X120.152 Y125.201
G1 F1500 X116.377 Y124.503 E1281.44002
G1 X113.967 Y122.762 E1281.57846
G1 X112.535 Y120.354 E1281.70891
G1 X111.835 Y117.632 E1281.83978
G1 X111.657 Y115.057 E1281.95997
G1 X111.743 Y113.217 E1282.04574
G1 X111.806 Y112.644 E1282.07258
G1 X112.227 Y109.701 E1282.21102
G1 X113.336 Y106.931 E1282.34995
G1 X115.133 Y103.995 E1282.51024
G1 X117.573 Y100.902 E1282.69368
G1 X120.486 Y97.738 E1282.89395
G1 X123.915 Y94.393 E1283.117
G1 X127.084 Y91.488 E1283.31718
G1 X130.22 Y94.364 E1283.51532
G1 X133.634 Y97.694 E1283.73739
G1 X136.605 Y100.918 E1283.94153
G1 X139.035 Y103.995 E1284.1241
G1 X140.832 Y106.93 E1284.28435
G1 X141.937 Y109.7 E1284.42322
G1 X142.418 Y113.212 E1284.58828
G1 X142.507 Y115.057 E1284.67429
G1 X142.329 Y117.631 E1284.79443
G1 X141.629 Y120.354 E1284.92535
G1 X140.201 Y122.762 E1285.05571
G1 X137.787 Y124.503 E1285.1943
G1 X134.012 Y125.201 E1285.37306
G1 X132.678 Y124.998 E1285.43589
G1 X131.405 Y124.425 E1285.50089
G1 X130.189 Y123.553 E1285.57057
G1 F1214.6 X129.937 Y123.145 E1285.59815
G1 F1071.4 X129.352 Y122.605 E1285.65005
G1 F1234.6 X128.594 Y121.675 E1285.71792
G1 F1357.5 X128.292 Y121.13 E1285.74998
G1 X128.484 Y120.961 E1285.76314
G1 X128.933 Y121.397 E1285.79535
G1 F1229.5 X129.802 Y122.303 E1285.86666
G1 F1067.6 X130.314 Y122.695 E1285.90885
G1 F1214.6 X130.695 Y122.846 E1285.93242
G1 F1500 X130.913 Y122.997 E1285.94477
G1 X132.118 Y123.518 E1286.0059
G1 X133.405 Y123.704 E1286.06645
G1 X136.949 Y123.069 E1286.2341
G1 X139.221 Y121.463 E1286.36365
G1 X140.559 Y119.264 E1286.48351
G1 X141.206 Y116.803 E1286.602
G1 X141.376 Y114.503 E1286.70939
G1 X141.291 Y112.778 E1286.78981
G1 X141.191 Y112.017 E1286.82555
G1 X140.851 Y109.679 E1286.93556
G1 X139.83 Y107.168 E1287.06178
G1 X138.174 Y104.529 E1287.20686
G1 X135.96 Y101.786 E1287.371
G1 X133.254 Y98.926 E1287.55433
G1 X130.102 Y95.922 E1287.75708
G1 X127.218 Y93.346 E1287.93714
G1 X127.084 Y93.296 E1287.9438
G1 X126.95 Y93.346 E1287.95046
G1 X124.066 Y95.926 E1288.13065
G1 X120.91 Y98.926 E1288.3334
G1 X118.218 Y101.774 E1288.51589
G1 X116.004 Y104.514 E1288.67992
G1 X114.338 Y107.172 E1288.82599
G1 X113.32 Y109.666 E1288.95142
G1 X112.974 Y112.01 E1289.06175
G1 X112.877 Y112.766 E1289.09724
G1 X112.792 Y114.482 E1289.17724
G1 X112.961 Y116.804 E1289.28565
G1 X113.609 Y119.267 E1289.40424
G1 X114.956 Y121.476 E1289.52472
G1 X117.224 Y123.073 E1289.65388
G1 X120.764 Y123.707 E1289.82134
G1 X122.061 Y123.518 E1289.88237
G1 X123.244 Y123.004 E1289.94243
G1 X123.465 Y122.854 E1289.95487
G1 F1212.1 X123.845 Y122.703 E1289.97843
G1 F1071.4 X124.397 Y122.274 E1290.024
G1 F1234.6 X125.228 Y121.404 E1290.09207
G1 F1357.5 X125.676 Y120.97 E1290.12416
G1 X125.868 Y121.14 E1290.13736
G1 X125.566 Y121.683 E1290.16933
G1 F1237.1 X124.816 Y122.602 E1290.2363
G1 F1073.3 X124.222 Y123.152 E1290.28898
G1 F1212.1 X123.972 Y123.559 E1290.3165
G1 F1500 X122.759 Y124.425 E1290.3859
G1 X121.486 Y124.998 E1290.45091
G1 X120.152 Y125.201 E1290.51374
G1 F1500 E1284.01374
G0 F9000 X120.104 Y125.456
G0 X121.547 Y125.191
G0 X122.858 Y124.604
G0 X125.251 Y122.989
G0 X126.198 Y120.944
G0 X125.37 Y120.483
G0 X126.236 Y118.32
G0 X140.552 Y117.105
G0 X128.499 Y120.317
G0 X128.027 Y121.084
G0 X128.42 Y121.811
G0 X129.151 Y122.779
G0 X130.139 Y123.765
G0 X131.31 Y124.604
G0 X132.621 Y125.191
G0 X134.015 Y125.403
G0 X137.872 Y124.69
G0 X140.35 Y122.902
G0 X141.817 Y120.432
G0 X142.458 Y117.938
G0 X142.669 Y116.5
G0 X142.014 Y116.455
G1 F1500 E1290.51374
G1 F1558.4 X141.632 Y116.391 E1290.5311
G1 F1562.5 X141.728 Y115.034 E1290.59191
G1 F1621.6 X141.749 Y114.533 E1290.61351
G1 F1694.9 X141.687 Y113.249 E1290.66648
G1 F1754.4 X141.654 Y112.76 E1290.68599
G1 F1796.4 X141.245 Y109.863 E1290.79975
G1 F1869.2 X141.191 Y109.598 E1290.80986
G1 F1986.8 X140.176 Y107.082 E1290.90524
G1 X138.47 Y104.339 E1291.0188
G1 F1910.8 X136.242 Y101.559 E1291.14902
G1 F1759.5 X133.514 Y98.649 E1291.30736
G1 F1630.4 X133.095 Y98.235 E1291.33259
G1 F1554.4 X130.802 Y96.04 E1291.47523
G1 F1519 X131.075 Y95.75 E1291.49354
G1 F1554.4 X133.357 Y97.965 E1291.63644
G1 F1630.4 X133.763 Y98.391 E1291.66165
G1 F1734.1 X136.317 Y101.145 E1291.81293
G1 F1875 X138.738 Y104.188 E1291.95779
G1 F1948.1 X140.493 Y107.045 E1292.07801
G1 F1973.7 X141.459 Y109.452 E1292.16979
G1 F1880.9 X141.576 Y109.796 E1292.18329
G1 F1796.4 X141.98 Y112.703 E1292.2974
G1 F1754.4 X142.041 Y113.233 E1292.31864
G1 F1694.9 X142.103 Y114.537 E1292.37244
G1 F1621.6 X142.111 Y115.04 E1292.39411
G1 F1562.5 X142.014 Y116.455 E1292.45751
G1 F1500 E1285.95751
G0 F9000 X142.669 Y116.5
G0 X142.709 Y115.063
G0 X142.55 Y112.622
G0 X142.131 Y109.65
G0 X141.009 Y106.839
G0 X139.198 Y103.881
G0 X137 Y101.093
G0 X133.794 Y97.571
G0 X130.813 Y95.741
G1 F1500 E1292.45751
G1 X126.953 Y91.88 E1292.71173
G0 F9000 X126.657 Y92.15
G1 F1500 X130.54 Y96.034 E1292.96746
G0 F9000 X130.208 Y96.382
G0 X127.085 Y93.541
G0 X127.05 Y93.109
G1 F1500 X126.362 Y92.421 E1293.01277
G0 F9000 X126.067 Y92.691
G1 F1500 X126.687 Y93.312 E1293.05363
G0 F9000 X126.389 Y93.579
G1 F1500 X125.772 Y92.962 E1293.09426
G0 F9000 X125.477 Y93.233
G1 F1500 X126.09 Y93.846 E1293.13463
G0 F9000 X125.791 Y94.113
G1 F1500 X125.181 Y93.503 E1293.1748
G0 F9000 X124.886 Y93.774
G1 F1500 X125.493 Y94.38 E1293.21474
G0 F9000 X125.195 Y94.648
G1 F1500 X124.591 Y94.044 E1293.25451
G0 F9000 X124.296 Y94.315
G1 F1500 X124.896 Y94.915 E1293.29402
G0 F9000 X124.597 Y95.182
G1 F1500 X124.002 Y94.587 E1293.3332
G0 F9000 X123.716 Y94.866
G1 F1500 X124.299 Y95.449 E1293.37159
G0 F9000 X124 Y95.716
G1 F1500 X123.43 Y95.145 E1293.40916
G0 F9000 X123.143 Y95.425
G1 F1500 X123.708 Y95.99 E1293.44637
G0 F9000 X123.418 Y96.265
G1 F1500 X122.858 Y95.705 E1293.48325
G1 F1500 E1286.98325
G0 F9000 X122.538 Y95.376
G0 X120.362 Y97.583
G0 X117.412 Y100.783
G0 X114.97 Y103.881
G0 X113.159 Y106.839
G0 X112.037 Y109.651
G0 X111.547 Y113.174
G0 X111.459 Y115.063
G0 X111.638 Y117.661
G0 X112.351 Y120.432
G0 X113.818 Y122.902
G0 X116.296 Y124.69
G0 X120.153 Y125.403
G0 X121.547 Y125.191
G0 X122.858 Y124.604
G0 X124.029 Y123.765
G0 X125.017 Y122.779
G0 X125.748 Y121.811
G0 X126.135 Y121.097
G0 X123.309 Y116.431
G0 X113.198 Y116.519
G0 X112.6 Y116.56
G1 F1500 E1293.48325
G1 X112.723 Y116.683 E1293.49135
G0 F9000 X112.115 Y116.64
G1 F1500 X112.926 Y117.451 E1293.54475
G0 F9000 X113.129 Y118.22
G1 F1500 X111.997 Y117.088 E1293.6193
G0 F9000 X112.065 Y117.722
G1 F1500 X113.332 Y118.989 E1293.70273
G0 F9000 X112.457 Y119.245
G1 F1500 X114.785 Y121.573 E1293.85603
G1 X114.875 Y121.663
G1 X117.768 Y124.556 E1294.04654
G0 F9000 X117.074 Y124.428
G1 F1500 X112.653 Y120.007 E1294.33767
G0 F9000 X112.208 Y120.12
G0 X113.818 Y122.902
G0 X116.296 Y124.69
G0 X120.153 Y125.403
G0 X121.547 Y125.191
G0 X122.858 Y124.604
G0 X124.029 Y123.765
G0 X125.017 Y122.779
G0 X125.748 Y121.811
G0 X126.135 Y121.097
G0 X125.717 Y120.728
G0 X114.29 Y119.884
G0 X113.899 Y120.121
G1 F1500 X112.261 Y118.484 E1294.4455
G0 F9000 X111.817 Y118.597
G0 X112.298 Y120.249
G0 X112.863 Y121.413
G0 X113.258 Y121.178
G1 F1500 X116.229 Y124.149 E1294.64115
G0 F9000 X115.959 Y124.523
G0 X116.296 Y124.69
G0 X120.153 Y125.403
G0 X121.547 Y125.191
G0 X122.858 Y124.604
G0 X124.029 Y123.765
G0 X125.017 Y122.779
G0 X125.748 Y121.811
G0 X126.135 Y121.097
G0 X125.661 Y120.327
G0 X117.057 Y122.637
G0 X116.79 Y123.013
G1 F1500 X118.462 Y124.685 E1294.75125
G0 F9000 X119.156 Y124.813
G1 F1500 X117.706 Y123.363 E1294.84674
G0 F9000 X118.394 Y123.486
G1 F1500 X119.85 Y124.942 E1294.94262
G0 F9000 X120.43 Y124.956
G1 F1500 X119.084 Y123.609 E1295.03129
G0 F9000 X119.773 Y123.732
G1 F1500 X120.921 Y124.881 E1295.10692
G0 F9000 X121.412 Y124.806
G1 F1500 X120.462 Y123.856 E1295.16948
G0 F9000 X121.04 Y123.869
G1 F1500 X121.806 Y124.634 E1295.21989
G0 F9000 X122.196 Y124.459
G1 F1500 X121.534 Y123.797 E1295.26348
G0 F9000 X122.028 Y123.725
G1 F1500 X122.586 Y124.283 E1295.30023
G0 F9000 X122.928 Y124.059
G1 F1500 X122.44 Y123.572 E1295.33233
G0 F9000 X122.835 Y123.401
G1 F1500 X123.257 Y123.823 E1295.36012
G0 F9000 X123.587 Y123.587
G1 F1500 X123.23 Y123.23 E1295.38363
G0 F9000 X123.584 Y123.018
G1 F1500 X123.882 Y123.316 E1295.40325
G0 F9000 X124.222 Y123.657
G0 X126.486 Y121.128
G0 X126.198 Y120.944
G0 X125.37 Y120.483
G0 X126.236 Y118.32
G0 X127.933 Y118.32
G0 X130.649 Y122.498
G0 X130.319 Y122.965
G1 F1500 X131.687 Y124.333 E1295.49334
G0 F9000 X132.218 Y123.732
G1 F1500 X133.389 Y124.903 E1295.57045
G0 F9000 X134.043 Y124.992
G1 F1500 X132.878 Y123.827 E1295.64717
G0 F9000 X133.504 Y123.887
G1 F1500 X134.52 Y124.903 E1295.71407
G0 F9000 X134.997 Y124.815
G1 F1500 X133.984 Y123.802 E1295.78078
G0 F9000 X134.465 Y123.717
G1 F1500 X135.475 Y124.727 E1295.84729
G0 F9000 X135.952 Y124.638
G1 F1500 X134.945 Y123.631 E1295.9136
G0 F9000 X135.426 Y123.546
G1 F1500 X136.429 Y124.55 E1295.97968
G0 F9000 X136.906 Y124.461
G1 F1500 X135.906 Y123.461 E1296.04554
G0 F9000 X136.386 Y123.375
G1 F1500 X137.384 Y124.373 E1296.11126
G0 F9000 X137.813 Y124.237
G1 F1500 X136.867 Y123.29 E1296.17358
G0 F9000 X137.247 Y123.104
G1 F1500 X138.142 Y124 E1296.23255
G0 F9000 X138.47 Y123.762
G1 F1500 X137.579 Y122.871 E1296.29123
G0 F9000 X137.911 Y122.637
G1 F1500 X138.799 Y123.525 E1296.34971
G0 F9000 X139.128 Y123.288
G1 F1500 X138.242 Y122.403 E1296.40802
G0 F9000 X138.575 Y122.17
G1 F1500 X139.456 Y123.051 E1296.46603
G0 F9000 X139.785 Y122.815
G1 F1500 X138.906 Y121.936 E1296.52392
G0 F9000 X139.238 Y121.702
G1 F1500 X140.092 Y122.556 E1296.58015
G0 F9000 X140.302 Y122.2
G1 F1500 X139.494 Y121.393 E1296.63333
G0 F9000 X139.709 Y121.041
G1 F1500 X140.513 Y121.845 E1296.68627
G0 F9000 X140.723 Y121.49
G1 F1500 X139.923 Y120.69 E1296.73895
G0 F9000 X140.137 Y120.338
G1 F1500 X140.933 Y121.134 E1296.79137
G0 F9000 X141.144 Y120.779
G1 F1500 X140.352 Y119.987 E1296.84353
G0 F9000 X140.566 Y119.636
G1 F1500 X141.355 Y120.425 E1296.89548
G0 F9000 X141.51 Y120.014
G1 F1500 X140.765 Y119.269 E1296.94454
G0 F9000 X140.883 Y118.821
G1 F1500 X141.626 Y119.565 E1296.9935
G0 F9000 X141.742 Y119.114
G1 F1500 X141 Y118.373 E1297.04233
G0 F9000 X141.118 Y117.925
G1 F1500 X141.858 Y118.665 E1297.09106
G0 F9000 X141.974 Y118.215
G1 F1500 X141.235 Y117.477 E1297.1397
G0 F9000 X141.353 Y117.028
G1 F1500 X142.089 Y117.764 E1297.18816
G0 F9000 X142.155 Y117.264
G1 F1500 X141.471 Y116.581 E1297.23317
G0 F9000 X142.126 Y116.67
G1 F1500 X142.19 Y116.734 E1297.23739
G0 F9000 X142.651 Y116.766
G0 X142.529 Y117.661
G0 X141.817 Y120.432
G0 X140.35 Y122.902
G0 X137.872 Y124.69
G0 X134.015 Y125.403
G0 X132.526 Y125.214
G0 X132.714 Y124.794
G1 F1500 X131.301 Y123.381 E1297.33043
G0 F9000 X131.483 Y122.964
G0 X127.933 Y118.32
G0 X126.236 Y118.32
G0 X125.661 Y120.327
G0 X126.135 Y121.097
G0 X125.748 Y121.811
G0 X125.017 Y122.779
G0 X124.029 Y123.765
G0 X122.858 Y124.604
G0 X121.547 Y125.191
G0 X120.153 Y125.403
G0 X116.296 Y124.69
G0 X113.923 Y123.054
G0 X114.194 Y122.679
G1 F1500 X114.087 Y122.572 E1297.33748
G0 F9000 X113.691 Y122.807
G0 X116.296 Y124.69
G0 X120.153 Y125.403
G0 X121.547 Y125.191
G0 X122.858 Y124.604
G0 X124.029 Y123.765
G0 X125.017 Y122.779
G0 X125.748 Y121.811
G0 X126.135 Y121.097
G0 X125.661 Y120.327
G0 X122.994 Y121.099
G0 X126.124 Y119.538
G0 X126.784 Y119.722
G1 F1321.6 X126.921 Y119.223 E1297.36483
G1 X127.244 Y119.223 E1297.3819
G1 X127.382 Y119.708 E1297.40855
G1 X126.784 Y119.722 E1297.44016
G0 F9000 X126.124 Y119.538
G0 X125.728 Y120.443
G0 X125.935 Y120.771
G0 X126.126 Y120.597
G1 F1500 X125.962 Y120.416 E1297.45154
G1 X126.325 Y119.774 E1297.48588
G1 X126.596 Y118.796 E1297.53313
G1 X127.568 Y118.796 E1297.57839
G1 X127.844 Y119.772 E1297.62562
G1 X128.209 Y120.421 E1297.66029
G1 X128.025 Y120.614 E1297.67271
G1 X127.78 Y120.324 E1297.69039
G1 X127.393 Y120.135 E1297.71044
G1 X126.764 Y120.149 E1297.73974
G1 X126.445 Y120.288 E1297.75594
G1 X126.126 Y120.597 E1297.77662
G1 F1500 E1291.27662
;MESH:NONMESH
G0 F300 X126.126 Y120.597 Z3.36
G0 F9000 X125.935 Y120.771
G0 X126.135 Y121.097
G0 X125.748 Y121.811
G0 X125.017 Y122.779
G0 X124.029 Y123.765
G0 X122.858 Y124.604
G0 X121.547 Y125.191
G0 X120.153 Y125.403
G0 X116.296 Y124.69
G0 X113.818 Y122.902
G0 X112.351 Y120.432
G0 X111.638 Y117.661
G0 X111.459 Y115.063
G0 X111.611 Y112.618
G0 X111.994 Y109.948
G0 X112.864 Y106.685
G0 X111.847 Y106.281
G0 X100.662 Y100.233
G0 X92.465 Y95.14
;TIME_ELAPSED:1414.414197
;LAYER:11
;TYPE:WALL-INNER
;MESH:tmpnqf7468lheart_box.stl
G1 F1500 E1297.77662
G1 F1134.2 X91.002 Y96.464 E1297.89813
G1 F1192.8 X89.54 Y97.789 E1298.01366
G1 F1263.2 X89.024 Y98.27 E1298.05267
G1 F1357.5 X87.455 Y99.788 E1298.165
G1 F1477.8 X85.886 Y101.306 E1298.26818
G1 F1648.4 X83.116 Y104.27 E1298.44008
G1 F1869.2 X80.875 Y107.078 E1298.57433
G1 F1863.4 X80.641 Y107.407 E1298.58947
G1 F1851.9 X79.132 Y109.838 E1298.69738
G1 F1699.7 X78.842 Y110.402 E1298.72345
G1 F1511.3 X77.944 Y112.636 E1298.83472
G1 F1284.8 X77.776 Y113.258 E1298.86974
G1 F1119.4 X77.509 Y115.09 E1298.98526
G1 F1111.1 X77.391 Y115.964 E1299.0407
G1 F1039.9 X77.322 Y116.803 E1299.09725
G1 F982 X77.275 Y117.819 E1299.16959
G1 F934.6 X77.279 Y118.241 E1299.20113
G0 F9000 X77.707 Y120.243
G0 X78.423 Y122.966
G0 X79.969 Y125.505
G0 X82.623 Y127.373
G0 X85.986 Y128.891
G0 X85.978 Y129.204
G1 F1500 X87.421 Y128.983 E1299.2691
G1 F1327.4 X88.299 Y128.534 E1299.32099
G1 F1214.6 X88.746 Y128.344 E1299.34892
G1 F1425.2 X89.765 Y127.69 E1299.40826
G1 F1321.6 X89.91 Y127.467 E1299.42232
G1 F990.1 X89.986 Y127.314 E1299.43437
G1 F1181.1 X89.59 Y127.381 E1299.45812
G1 F1542.4 X88.391 Y127.98 E1299.51882
G1 F1298.7 X88.16 Y128.056 E1299.5319
G1 F1327.4 X87.236 Y128.142 E1299.58073
G1 F1500 X86.575 Y128.241 E1299.61185
G1 X82.576 Y127.518 E1299.80108
G1 X79.855 Y125.612 E1299.95577
G1 X78.738 Y123.772 E1300.056
G1 F1395.3 X78.251 Y123.026 E1300.10059
G1 F1310 X77.782 Y121.226 E1300.19977
G1 F1459.9 X77.586 Y120.309 E1300.24463
G1 F1657.5 X77.462 Y118.629 E1300.31562
G1 F1171.9 X77.279 Y118.241 E1300.34119
G1 X77.106 Y118.633 E1300.36673
G1 F1657.5 X77.225 Y120.365 E1300.43989
G1 F1459.9 X77.337 Y121.319 E1300.48584
G1 F1301.5 X77.824 Y123.197 E1300.58996
G1 F1382.5 X78.029 Y124.131 E1300.63827
G1 F1500 X79.525 Y126.65 E1300.77469
G1 X82.058 Y128.478 E1300.92015
G1 X85.978 Y129.204 E1301.10578
G0 F9000 X85.986 Y128.891
G0 X89.986 Y127.314
G1 F990.1 X90.47 Y126.908 E1301.15035
G1 F1204.8 X90.954 Y126.501 E1301.18701
G1 F1435.4 X91.17 Y126.26 E1301.20276
G1 F1500 E1294.70276
G0 F9000 X92.376 Y124.675
G0 X92.95 Y123.878
G0 X92.957 Y124.168
G1 F1500 E1301.20276
G1 F1734.1 X92.892 Y124.131 E1301.20577
G1 X92.893 Y124.205 E1301.20875
G1 X92.957 Y124.168 E1301.21173
G1 F1500 E1294.71173
G0 F9000 X92.95 Y123.878
G0 X93.451 Y124.673
G0 X94.654 Y126.26
G1 F1500 E1301.21173
G1 F1435.4 X94.87 Y126.501 E1301.22748
G1 F1204.8 X95.35 Y126.904 E1301.26381
G1 F993.4 X95.831 Y127.308 E1301.30798
G0 F9000 X99.843 Y128.891
G0 X99.846 Y129.204
G1 F1500 X103.766 Y128.478 E1301.49361
G1 X106.299 Y126.65 E1301.63907
G1 X107.796 Y124.131 E1301.77551
G1 F1421.8 X107.985 Y123.304 E1301.81718
G1 F1321.6 X108.002 Y123.198 E1301.82286
G1 F1310 X108.491 Y121.319 E1301.92638
G1 F1470.6 X108.602 Y120.363 E1301.97209
G1 F1666.7 X108.719 Y118.666 E1302.04337
G1 F1174.2 X108.546 Y118.274 E1302.06886
G1 X108.365 Y118.662 E1302.09433
G1 F1676 X108.251 Y120.265 E1302.1613
G1 F1474.2 X108.047 Y121.225 E1302.2078
G1 F1310 X107.566 Y123.045 E1302.30817
G1 F1388.9 X107.09 Y123.773 E1302.35191
G1 F1500 X105.974 Y125.61 E1302.452
G1 X103.265 Y127.516 E1302.60623
G1 X99.249 Y128.241 E1302.79626
G1 X98.592 Y128.143 E1302.82719
G1 F1342.3 X97.602 Y128.04 E1302.87898
G1 F1227 X97.295 Y127.911 E1302.89794
G1 F1428.6 X96.225 Y127.376 E1302.95643
G1 F1185.8 X95.83 Y127.307 E1302.98005
G1 F1000 X95.908 Y127.465 E1302.99235
G1 F1333.3 X96.05 Y127.683 E1303.00598
G1 F1428.6 X97.078 Y128.344 E1303.06574
G1 F1227 X97.442 Y128.503 E1303.08835
G1 F1239.7 X97.519 Y128.548 E1303.09337
G1 F1376.1 X98.407 Y128.982 E1303.14354
G1 F1500 X99.846 Y129.204 E1303.21134
G0 F9000 X99.843 Y128.891
G0 X103.206 Y127.373
G0 X105.86 Y125.505
G0 X107.406 Y122.966
G0 X107.812 Y121.422
G0 X108.546 Y118.274
G1 F943.4 X108.55 Y117.733 E1303.25139
G1 F988.5 X108.503 Y116.783 E1303.3186
G1 F1039.9 X108.432 Y115.974 E1303.37315
G1 F1107 X108.049 Y113.258 E1303.54621
G1 F1295.9 X107.882 Y112.637 E1303.58087
G1 F1522.8 X106.982 Y110.402 E1303.69138
G1 F1680.7 X106.739 Y109.921 E1303.71378
G1 F1840.5 X105.184 Y107.406 E1303.82599
G1 F1875 X104.991 Y107.131 E1303.83851
G1 X102.711 Y104.271 E1303.97476
G1 F1709.4 X101.335 Y102.799 E1304.05709
G1 F1591.5 X99.959 Y101.326 E1304.14555
G1 F1500 X99.734 Y101.098 E1304.16047
G1 F1385.7 X96.818 Y98.285 E1304.3647
G1 F1268.5 X96.277 Y97.78 E1304.40545
G1 F1192.8 X94.818 Y96.46 E1304.52065
G1 F1134.2 X93.358 Y95.139 E1304.6419
G0 F9000 X93.359 Y95.14
G1 F1312.9 X93.038 Y94.732 E1304.66952
G1 F1612.9 X92.912 Y94.616 E1304.67693
G1 X92.787 Y94.731 E1304.68429
G1 F1312.9 X92.465 Y95.14 E1304.71198
G1 X92.912 Y95.054 E1304.7362
G1 X93.359 Y95.14 E1304.76042
G1 F1500 E1298.26042
G0 F9000 X99.848 Y101.421
G0 X102.606 Y104.332
G0 X104.889 Y107.162
G0 X106.627 Y109.927
G0 X107.738 Y112.646
G0 X108.211 Y115.971
G0 X108.3 Y117.772
G0 X108.122 Y120.243
G0 X107.406 Y122.966
G0 X105.86 Y125.505
G0 X103.206 Y127.373
G0 X99.299 Y128.139
G0 X99.245 Y127.832
;TYPE:WALL-OUTER
G1 F1500 E1304.76042
G1 X97.711 Y127.606 E1304.83262
G1 X96.3 Y126.992 E1304.90427
G1 X95.1 Y126.144 E1304.97269
G1 X94.93 Y125.978 E1304.98375
G1 F1242.2 X94.587 Y125.758 E1305.00667
G1 F1127.8 X94.102 Y125.239 E1305.05066
G1 F1282.1 X93.668 Y124.633 E1305.09127
G1 F1449.3 X93.542 Y124.435 E1305.10258
G1 F1522.8 X93.367 Y124.21 E1305.11565
G1 F1507.5 X92.914 Y123.412 E1305.15816
G1 X92.461 Y124.21 E1305.20068
G1 F1515.2 X92.286 Y124.433 E1305.21375
G1 F1449.3 X92.161 Y124.629 E1305.22495
G1 F1287.6 X91.722 Y125.239 E1305.26572
G1 F1127.8 X91.238 Y125.758 E1305.30967
G1 F1242.2 X90.895 Y125.977 E1305.33255
G1 F1500 X90.721 Y126.147 E1305.34388
G1 X89.524 Y126.992 E1305.4121
G1 X88.121 Y127.606 E1305.48341
G1 X86.581 Y127.835 E1305.55591
G1 X82.725 Y127.138 E1305.73837
G1 X80.154 Y125.332 E1305.88467
G1 X78.657 Y122.867 E1306.01896
G1 X77.957 Y120.217 E1306.14659
G1 X77.78 Y117.758 E1306.26139
G1 X77.865 Y115.97 E1306.34474
G1 X77.97 Y115.158 E1306.38286
G1 X78.332 Y112.718 E1306.49772
G1 X79.414 Y110.056 E1306.63153
G1 X81.148 Y107.298 E1306.78322
G1 X83.414 Y104.49 E1306.95124
G1 X86.157 Y101.591 E1307.13708
G1 X89.31 Y98.59 E1307.33977
G1 X92.778 Y95.49 E1307.55636
G1 X92.912 Y95.44 E1307.56302
G1 X93.046 Y95.49 E1307.56968
G1 X96.523 Y98.595 E1307.78675
G1 X99.674 Y101.598 E1307.98943
G1 X102.424 Y104.502 E1308.17566
G1 X104.694 Y107.317 E1308.34405
G1 X106.394 Y110.025 E1308.49293
G1 X107.496 Y112.718 E1308.62842
G1 X107.887 Y115.391 E1308.75421
G1 X107.96 Y115.997 E1308.78264
G1 X108.048 Y117.783 E1308.8659
G1 X107.87 Y120.219 E1308.97963
G1 X107.172 Y122.867 E1309.10715
G1 X105.677 Y125.323 E1309.24103
G1 X103.114 Y127.133 E1309.38713
G1 X99.245 Y127.832 E1309.57021
G1 F1500 E1303.07021
G0 F9000 X99.299 Y128.139
G0 X99.85 Y129.298
G0 X99.852 Y129.609
G1 F1500 E1309.57021
G1 X103.927 Y128.855 E1309.76318
G1 X106.601 Y126.926 E1309.91671
G1 X108.169 Y124.286 E1310.05968
G1 X108.913 Y121.387 E1310.19905
G1 X109.099 Y118.705 E1310.32423
G1 X109.006 Y116.759 E1310.41495
G1 X108.938 Y116.174 E1310.44237
G1 X108.505 Y113.137 E1310.58522
G1 X107.34 Y110.222 E1310.73139
G1 X105.487 Y107.195 E1310.89665
G1 X103.002 Y104.044 E1311.08352
G1 X100.017 Y100.809 E1311.28848
G1 X96.588 Y97.462 E1311.5116
G1 X92.912 Y94.092 E1311.74382
G1 X89.229 Y97.47 E1311.97652
G1 X85.786 Y100.836 E1312.20073
G1 X82.804 Y104.065 E1312.40539
G1 X80.337 Y107.195 E1312.59097
G1 X78.484 Y110.222 E1312.75623
G1 X77.319 Y113.136 E1312.90236
G1 X76.882 Y116.184 E1313.04574
G1 X76.82 Y116.764 E1313.0729
G1 X76.725 Y118.705 E1313.16339
G1 X76.914 Y121.387 E1313.28858
G1 X77.655 Y124.286 E1313.42791
G1 X79.223 Y126.926 E1313.57089
G1 X81.897 Y128.855 E1313.72442
G1 X85.972 Y129.609 E1313.91739
G1 X87.535 Y129.37 E1313.99102
G1 X88.967 Y128.729 E1314.06407
G1 X90.218 Y127.83 E1314.13581
G1 X91.272 Y126.779 E1314.20511
G1 X91.485 Y126.499 E1314.2215
G1 F1242.2 X91.66 Y126.131 E1314.24441
G1 F1098.9 X91.998 Y125.716 E1314.27843
G1 F1250 X92.533 Y124.845 E1314.33554
G1 F1456.3 X92.633 Y124.62 E1314.34735
G1 F1522.8 X92.729 Y124.54 E1314.35308
G1 F1515.2 X93.098 Y124.54 E1314.37009
G1 F1526.7 X93.194 Y124.62 E1314.37581
G1 F1449.3 X93.292 Y124.847 E1314.38773
G1 F1293.1 X93.678 Y125.487 E1314.4281
G1 F1176.5 X93.826 Y125.716 E1314.44429
G1 F1098.9 X94.163 Y126.13 E1314.47822
G1 F1242.2 X94.338 Y126.498 E1314.50113
G1 F1500 X94.551 Y126.78 E1314.51758
G1 X95.606 Y127.831 E1314.58692
G1 X96.857 Y128.729 E1314.65863
G1 X98.293 Y129.37 E1314.73186
G1 X99.852 Y129.609 E1314.8053
G0 F9000 X99.85 Y129.298
G0 X98.284 Y128.591
G0 X98.199 Y128.782
;TYPE:FILL
G1 F3000 X97.57 Y128.152 E1314.84675
G1 X97.748 Y128.164
G1 X97.406 Y128.256 E1314.86324
G0 F9000 X97.427 Y128.209
G0 X99.07 Y128.464
G0 X102.509 Y128.397
G0 X102.55 Y128.623
G1 F3000 X102.803 Y127.68 E1314.90871
G0 F9000 X102.843 Y127.908
G0 X103.265 Y127.781
G0 X105.526 Y126.303
G0 X105.395 Y126.115
G1 F3000 X106.738 Y125.755 E1314.97345
G1 F1500 E1308.47345
G0 F9000 X106.544 Y125.639
G0 X107.406 Y122.966
G0 X108.122 Y120.243
G0 X108.3 Y117.772
G0 X108.135 Y115.362
G0 X107.738 Y112.646
G0 X106.627 Y109.927
G0 X104.889 Y107.162
G0 X102.606 Y104.332
G0 X99.848 Y101.421
G0 X96.693 Y98.415
G0 X92.914 Y95.05
G0 X89.135 Y98.415
G0 X85.98 Y101.421
G0 X83.223 Y104.332
G0 X80.94 Y107.162
G0 X79.202 Y109.927
G0 X78.091 Y112.646
G0 X77.617 Y115.97
G0 X77.529 Y117.772
G0 X77.689 Y119.996
G0 X78.697 Y124.303
G0 X78.893 Y124.184
G1 F1500 E1314.97345
G1 F3000 X78.663 Y125.041 E1315.01477
G1 F1500 E1308.51477
G0 F9000 X78.861 Y124.924
G0 X77.707 Y120.243
G0 X77.529 Y117.772
G0 X77.617 Y115.97
G0 X78.091 Y112.646
G0 X79.202 Y109.927
G0 X80.94 Y107.162
G0 X83.223 Y104.332
G0 X85.98 Y101.421
G0 X89.135 Y98.415
G0 X92.914 Y95.05
G0 X96.693 Y98.415
G0 X99.848 Y101.421
G0 X102.606 Y104.332
G0 X104.889 Y107.162
G0 X106.627 Y109.927
G0 X107.738 Y112.646
G0 X108.211 Y115.971
G0 X108.283 Y117.43
G0 X107.958 Y124.197
G0 X109.017 Y124.468
G0 X112.632 Y123.697
G0 X120.15 Y125.567
;TYPE:WALL-INNER
G1 F1500 E1315.01477
G1 X121.593 Y125.347 E1315.08273
G1 X122.939 Y124.745 E1315.15139
G1 X124.134 Y123.888 E1315.21987
G1 X125.138 Y122.885 E1315.28595
G1 X125.883 Y121.9 E1315.34346
G1 X126.346 Y121.063 E1315.388
G1 X126.45 Y120.78 E1315.40204
G1 X126.692 Y120.564 E1315.41714
G1 X126.897 Y120.506 E1315.42706
G1 X127.267 Y120.502 E1315.44429
G1 X127.472 Y120.561 E1315.45422
G1 X127.612 Y120.655 E1315.46208
G1 X127.759 Y120.86 E1315.47382
G1 X127.82 Y121.059 E1315.48351
G1 X128.285 Y121.9 E1315.52826
G1 X129.03 Y122.885 E1315.58577
G1 X130.034 Y123.888 E1315.65185
G1 X131.229 Y124.745 E1315.72033
G1 X132.575 Y125.347 E1315.78898
G1 X134.018 Y125.567 E1315.85695
G1 X137.938 Y124.842 E1316.04258
G1 X140.471 Y123.014 E1316.18803
G1 X141.968 Y120.495 E1316.32448
G1 X142.689 Y117.687 E1316.45947
G1 X142.871 Y115.065 E1316.58186
G1 X142.777 Y113.141 E1316.67155
G1 X142.709 Y112.6 E1316.69694
G1 X142.287 Y109.608 E1316.83764
G1 X141.153 Y106.766 E1316.98012
G1 X139.33 Y103.788 E1317.14271
G1 X136.879 Y100.678 E1317.32709
G1 X133.909 Y97.459 E1317.53103
G1 X130.479 Y94.113 E1317.75416
G1 X127.084 Y91.002 E1317.96858
G1 X123.681 Y94.121 E1318.18352
G1 X120.247 Y97.471 E1318.40691
G1 X117.289 Y100.678 E1318.61006
G1 X114.838 Y103.788 E1318.79444
G1 X113.015 Y106.766 E1318.95703
G1 X111.88 Y109.609 E1319.09957
G1 X111.452 Y112.597 E1319.24013
G1 X111.387 Y113.161 E1319.26656
G1 X111.297 Y115.065 E1319.35532
G1 X111.479 Y117.687 E1319.47771
G1 X112.2 Y120.495 E1319.6127
G1 X113.697 Y123.014 E1319.74914
G1 X116.23 Y124.842 E1319.8946
G1 X120.15 Y125.567 E1320.08023
G0 F9000 X120.144 Y125.973
;TYPE:WALL-OUTER
G1 F1500 X121.707 Y125.734 E1320.15385
G1 X123.139 Y125.093 E1320.22691
G1 X124.394 Y124.194 E1320.29879
G1 X125.44 Y123.148 E1320.36767
G1 X126.219 Y122.118 E1320.42781
G1 X126.72 Y121.213 E1320.47597
G1 X126.775 Y121.017 E1320.48545
G1 X126.901 Y120.911 E1320.49312
G1 X127.228 Y120.9 E1320.50835
G1 X127.327 Y120.938 E1320.51329
G1 X127.394 Y121.024 E1320.51837
G1 X127.447 Y121.211 E1320.52742
G1 X127.949 Y122.118 E1320.57569
G1 X128.728 Y123.148 E1320.63582
G1 X129.774 Y124.194 E1320.7047
G1 X131.029 Y125.093 E1320.77659
G1 X132.461 Y125.734 E1320.84964
G1 X134.024 Y125.973 E1320.92327
G1 X138.099 Y125.219 E1321.11624
G1 X140.773 Y123.29 E1321.26977
G1 X142.341 Y120.65 E1321.41275
G1 X143.085 Y117.751 E1321.55211
G1 X143.271 Y115.069 E1321.6773
G1 X143.176 Y113.106 E1321.76881
G1 X143.096 Y112.483 E1321.79806
G1 X142.677 Y109.504 E1321.93814
G1 X141.512 Y106.586 E1322.08444
G1 X139.659 Y103.559 E1322.2497
G1 X137.183 Y100.418 E1322.43594
G1 X134.196 Y97.18 E1322.64107
G1 X130.754 Y93.822 E1322.86498
G1 X127.084 Y90.46 E1323.09674
G1 X123.406 Y93.83 E1323.32902
G1 X119.96 Y97.192 E1323.5532
G1 X116.985 Y100.418 E1323.75754
G1 X114.509 Y103.559 E1323.94377
G1 X112.656 Y106.586 E1324.10903
G1 X111.491 Y109.505 E1324.25538
G1 X111.055 Y112.546 E1324.39843
G1 X110.988 Y113.129 E1324.42576
G1 X110.897 Y115.069 E1324.51619
G1 X111.083 Y117.751 E1324.64138
G1 X111.827 Y120.65 E1324.78074
G1 X113.395 Y123.29 E1324.92372
G1 X116.069 Y125.219 E1325.07725
G1 X120.144 Y125.973 E1325.27022
G0 F9000 X120.15 Y125.663
G0 X121.547 Y125.191
G0 X122.858 Y124.604
G0 X124.029 Y123.765
G0 X125.017 Y122.779
G0 X125.748 Y121.811
G0 X126.135 Y121.097
G0 X125.661 Y120.327
G0 X117.272 Y122.789
G0 X117.145 Y122.967
;TYPE:FILL
G1 F3000 X126.056 Y120.579 E1325.69979
G0 F9000 X125.894 Y120.726
G0 X124.799 Y121.434
G0 X124.951 Y121.592
G1 F3000 X113.317 Y109.959 E1326.46588
G0 F9000 X113.535 Y109.991
G0 X113.289 Y111.666
G0 X113.073 Y111.634
G1 F3000 X138.338 Y104.865 E1327.68381
G0 F9000 X138.152 Y104.982
G0 X134.719 Y100.85
G0 X134.879 Y100.7
G1 F3000 X129.268 Y121.64 E1328.69326
G0 F9000 X129.421 Y121.483
G0 X128.236 Y119.939
G0 X128.043 Y120.046
G1 F3000 X141.191 Y116.523 E1329.32709
G0 F9000 X140.974 Y116.507
G0 X139.98 Y119.724
G0 X140.168 Y119.838
G1 F3000 X120.137 Y99.808 E1330.64613
G0 F9000 X120.296 Y99.959
G0 X123.752 Y96.584
G0 X123.601 Y96.424
G1 F3000 X116.593 Y122.578 E1331.90693
G0 F9000 X116.719 Y122.4
G0 X123.802 Y96.535
G0 X123.652 Y96.376
G1 F3000 X128.958 Y94.955 E1332.16271
G1 F1500 E1325.66271
G0 F9000 X128.812 Y95.118
G0 X125.661 Y120.327
G0 X126.135 Y121.097
G0 X125.748 Y121.811
G0 X125.017 Y122.779
G0 X124.029 Y123.765
G0 X122.858 Y124.604
G0 X121.547 Y125.191
G0 X120.153 Y125.403
G0 X116.296 Y124.69
G0 X113.818 Y122.902
G0 X112.351 Y120.432
G0 X111.709 Y117.938
G0 X111.496 Y116.481
G0 X112.147 Y116.437
;TYPE:SKIN
G1 F1500 E1332.16271
G1 F1538.5 X112.05 Y115.049 E1332.22588
G1 F1612.9 X112.06 Y114.492 E1332.25
G1 F1685.4 X112.118 Y113.247 E1332.30165
G1 F1724.1 X112.172 Y112.692 E1332.32424
G1 F1769.9 X112.585 Y109.796 E1332.43968
G1 F1875 X112.692 Y109.478 E1332.45218
G1 F1967.2 X113.669 Y107.048 E1332.54517
G1 F1948.1 X115.422 Y104.196 E1332.6652
G1 F1875 X117.848 Y101.145 E1332.81041
G1 F1694.9 X120.756 Y98.014 E1332.9865
G1 F1554.4 X122.844 Y95.988 E1333.11723
G1 F1519 X123.12 Y96.274 E1333.13551
G1 F1591.5 X120.66 Y98.634 E1333.28511
G1 F1764.7 X117.931 Y101.549 E1333.44316
G1 F1923.1 X115.719 Y104.303 E1333.57145
G1 F2000 X113.99 Y107.079 E1333.68567
G1 F1993.4 X112.977 Y109.574 E1333.78002
G1 F1869.2 X112.917 Y109.865 E1333.79112
G1 F1785.7 X112.61 Y111.959 E1333.8739
G1 F1775.1 X112.511 Y112.706 E1333.90355
G1 F1724.1 X112.474 Y113.265 E1333.92625
G1 F1685.4 X112.414 Y114.489 E1333.97703
G1 F1612.9 X112.438 Y115.034 E1334.00066
G1 F1538.5 X112.533 Y116.373 E1334.0616
G1 X112.147 Y116.437 E1334.07937
G0 F9000 X111.496 Y116.481
G0 X111.638 Y117.661
G0 X112.351 Y120.432
G0 X113.818 Y122.902
G0 X116.296 Y124.69
G0 X120.104 Y125.456
G0 X120.152 Y125.201
G1 F1500 X116.377 Y124.503 E1334.25813
G1 X113.967 Y122.762 E1334.39656
G1 X112.535 Y120.354 E1334.52702
G1 X111.835 Y117.632 E1334.65789
G1 X111.657 Y115.057 E1334.77808
G1 X111.743 Y113.217 E1334.86385
G1 X111.806 Y112.644 E1334.89069
G1 X112.227 Y109.701 E1335.02913
G1 X113.336 Y106.931 E1335.16806
G1 X115.133 Y103.995 E1335.32835
G1 X117.573 Y100.902 E1335.51179
G1 X120.486 Y97.738 E1335.71205
G1 X123.915 Y94.393 E1335.93511
G1 X127.084 Y91.488 E1336.13529
G1 X130.22 Y94.364 E1336.33343
G1 X133.634 Y97.694 E1336.5555
G1 X136.605 Y100.918 E1336.75964
G1 X139.035 Y103.995 E1336.94221
G1 X140.832 Y106.93 E1337.10246
G1 X141.937 Y109.7 E1337.24133
G1 X142.418 Y113.212 E1337.40639
G1 X142.507 Y115.057 E1337.4924
G1 X142.329 Y117.631 E1337.61254
G1 X141.629 Y120.354 E1337.74346
G1 X140.201 Y122.762 E1337.87382
G1 X137.787 Y124.503 E1338.01241
G1 X134.012 Y125.201 E1338.19117
G1 X132.678 Y124.998 E1338.254
G1 X131.405 Y124.425 E1338.319
G1 X130.189 Y123.553 E1338.38868
G1 F1214.6 X129.937 Y123.145 E1338.41626
G1 F1071.4 X129.352 Y122.605 E1338.46815
G1 F1234.6 X128.594 Y121.675 E1338.53603
G1 F1357.5 X128.292 Y121.13 E1338.56809
G1 X128.484 Y120.961 E1338.58125
G1 X128.933 Y121.397 E1338.61346
G1 F1229.5 X129.802 Y122.303 E1338.68477
G1 F1067.6 X130.314 Y122.695 E1338.72696
G1 F1214.6 X130.695 Y122.846 E1338.75053
G1 F1500 X130.913 Y122.997 E1338.76288
G1 X132.118 Y123.518 E1338.82401
G1 X133.405 Y123.704 E1338.88456
G1 X136.949 Y123.069 E1339.05221
G1 X139.221 Y121.463 E1339.18176
G1 X140.559 Y119.264 E1339.30162
G1 X141.206 Y116.803 E1339.42011
G1 X141.376 Y114.503 E1339.5275
G1 X141.291 Y112.778 E1339.60792
G1 X141.191 Y112.017 E1339.64366
G1 X140.851 Y109.679 E1339.75367
G1 X139.83 Y107.168 E1339.87989
G1 X138.174 Y104.529 E1340.02497
G1 X135.96 Y101.786 E1340.18911
G1 X133.254 Y98.926 E1340.37244
G1 X130.102 Y95.922 E1340.57519
G1 X127.218 Y93.346 E1340.75525
G1 X127.084 Y93.296 E1340.76191
G1 X126.95 Y93.346 E1340.76857
G1 X124.066 Y95.926 E1340.94876
G1 X120.91 Y98.926 E1341.15151
G1 X118.218 Y101.774 E1341.334
G1 X116.004 Y104.514 E1341.49803
G1 X114.338 Y107.172 E1341.6441
G1 X113.32 Y109.666 E1341.76953
G1 X112.974 Y112.01 E1341.87986
G1 X112.877 Y112.766 E1341.91535
G1 X112.792 Y114.482 E1341.99535
G1 X112.961 Y116.804 E1342.10376
G1 X113.609 Y119.267 E1342.22235
G1 X114.956 Y121.476 E1342.34283
G1 X117.224 Y123.073 E1342.47199
G1 X120.764 Y123.707 E1342.63945
G1 X122.061 Y123.518 E1342.70048
G1 X123.244 Y123.004 E1342.76054
G1 X123.465 Y122.854 E1342.77298
G1 F1212.1 X123.845 Y122.703 E1342.79654
G1 F1071.4 X124.397 Y122.274 E1342.84211
G1 F1234.6 X125.228 Y121.404 E1342.91018
G1 F1357.5 X125.676 Y120.97 E1342.94227
G1 X125.868 Y121.14 E1342.95547
G1 X125.566 Y121.683 E1342.98744
G1 F1237.1 X124.816 Y122.602 E1343.05441
G1 F1073.3 X124.222 Y123.152 E1343.10709
G1 F1212.1 X123.972 Y123.559 E1343.13461
G1 F1500 X122.759 Y124.425 E1343.20401
G1 X121.486 Y124.998 E1343.26902
G1 X120.152 Y125.201 E1343.33185
G1 F1500 E1336.83185
G0 F9000 X120.104 Y125.456
G0 X121.547 Y125.191
G0 X122.858 Y124.604
G0 X125.251 Y122.989
G0 X126.198 Y120.944
G0 X125.37 Y120.483
G0 X126.236 Y118.32
G0 X140.552 Y117.105
G0 X128.499 Y120.317
G0 X128.027 Y121.084
G0 X128.42 Y121.811
G0 X129.151 Y122.779
G0 X130.139 Y123.765
G0 X131.31 Y124.604
G0 X132.621 Y125.191
G0 X134.015 Y125.403
G0 X137.872 Y124.69
G0 X140.35 Y122.902
G0 X141.817 Y120.432
G0 X142.458 Y117.938
G0 X142.669 Y116.5
G0 X142.014 Y116.455
G1 F1500 E1343.33185
G1 F1558.4 X141.632 Y116.391 E1343.34921
G1 F1562.5 X141.728 Y115.034 E1343.41002
G1 F1621.6 X141.749 Y114.533 E1343.43162
G1 F1694.9 X141.687 Y113.249 E1343.48459
G1 F1754.4 X141.654 Y112.76 E1343.5041
G1 F1796.4 X141.245 Y109.863 E1343.61786
G1 F1869.2 X141.191 Y109.598 E1343.62797
G1 F1986.8 X140.176 Y107.082 E1343.72334
G1 X138.47 Y104.339 E1343.83691
G1 F1910.8 X136.242 Y101.559 E1343.96713
G1 F1759.5 X133.514 Y98.649 E1344.12547
G1 F1630.4 X133.095 Y98.235 E1344.1507
G1 F1554.4 X130.802 Y96.04 E1344.29334
G1 F1519 X131.075 Y95.75 E1344.31165
G1 F1554.4 X133.357 Y97.965 E1344.45455
G1 F1630.4 X133.763 Y98.391 E1344.47976
G1 F1734.1 X136.317 Y101.145 E1344.63104
G1 F1875 X138.738 Y104.188 E1344.7759
G1 F1948.1 X140.493 Y107.045 E1344.89612
G1 F1973.7 X141.459 Y109.452 E1344.9879
G1 F1880.9 X141.576 Y109.796 E1345.0014
G1 F1796.4 X141.98 Y112.703 E1345.11551
G1 F1754.4 X142.041 Y113.233 E1345.13675
G1 F1694.9 X142.103 Y114.537 E1345.19055
G1 F1621.6 X142.111 Y115.04 E1345.21221
G1 F1562.5 X142.014 Y116.455 E1345.27562
G0 F9000 X142.669 Y116.5
G0 X142.529 Y117.661
G0 X141.817 Y120.432
G0 X140.732 Y122.378
G0 X140.336 Y122.142
G1 F1500 X139.346 Y123.132 E1345.34081
G0 F9000 X139.616 Y123.508
G0 X137.872 Y124.69
G0 X134.015 Y125.403
G0 X132.621 Y125.191
G0 X131.31 Y124.604
G0 X130.139 Y123.765
G0 X129.151 Y122.779
G0 X128.42 Y121.811
G0 X128.027 Y121.084
G0 X128.499 Y120.317
G0 X138.441 Y121.703
G0 X138.703 Y122.078
G1 F1500 X136.185 Y124.596 E1345.50662
G0 F9000 X135.492 Y124.724
G1 F1500 X136.938 Y123.277 E1345.60188
G0 F9000 X136.251 Y123.399
G1 F1500 X134.797 Y124.852 E1345.69759
G0 F9000 X134.103 Y124.981
G1 F1500 X135.563 Y123.521 E1345.79374
G0 F9000 X134.875 Y123.643
G1 F1500 X133.584 Y124.934 E1345.87875
G0 F9000 X133.093 Y124.86
G1 F1500 X134.188 Y123.765 E1345.95086
G0 F9000 X133.5 Y123.887
G1 F1500 X132.629 Y124.758 E1346.00822
G0 F9000 X132.24 Y124.582
G1 F1500 X132.98 Y123.841 E1346.05698
G0 F9000 X132.486 Y123.77
G1 F1500 X131.849 Y124.406 E1346.09889
G0 F9000 X131.466 Y124.224
G1 F1500 X132.006 Y123.684 E1346.13445
G0 F9000 X131.61 Y123.514
G1 F1500 X131.136 Y123.988 E1346.16567
G0 F9000 X130.807 Y123.751
G1 F1500 X131.215 Y123.343 E1346.19254
G0 F9000 X130.82 Y123.172
G1 F1500 X130.478 Y123.515 E1346.21509
G0 F9000 X130.236 Y123.191
G1 F1500 X130.441 Y122.986 E1346.22859
G0 F9000 X130.74 Y122.562
G0 X127.933 Y118.32
G0 X126.236 Y118.32
G0 X125.37 Y120.483
G0 X126.198 Y120.944
G0 X125.661 Y122.103
G0 X124.213 Y123.666
G0 X123.877 Y123.328
G1 F1500 X123.693 Y123.512 E1346.24071
G0 F9000 X123.629 Y123.01
G1 F1500 X122.165 Y124.473 E1346.33708
G0 F9000 X121.742 Y123.766
G1 F1500 X120.573 Y124.934 E1346.41403
G0 F9000 X119.976 Y124.966
G1 F1500 X121.079 Y123.862 E1346.48669
G0 F9000 X120.512 Y123.864
G1 F1500 X119.499 Y124.877 E1346.5534
G0 F9000 X119.022 Y124.789
G1 F1500 X120.032 Y123.778 E1346.61995
G0 F9000 X119.553 Y123.692
G1 F1500 X118.544 Y124.7 E1346.68636
G0 F9000 X118.067 Y124.612
G1 F1500 X119.073 Y123.607 E1346.75257
G0 F9000 X118.592 Y123.521
G1 F1500 X117.589 Y124.524 E1346.81862
G0 F9000 X117.112 Y124.436
G1 F1500 X118.113 Y123.435 E1346.88454
G0 F9000 X117.633 Y123.349
G1 F1500 X116.634 Y124.348 E1346.95032
G0 F9000 X116.251 Y124.165
G1 F1500 X117.167 Y123.249 E1347.01064
G0 F9000 X116.818 Y123.032
G1 F1500 X115.922 Y123.928 E1347.06965
G0 F9000 X115.594 Y123.691
G1 F1500 X116.487 Y122.798 E1347.12845
G0 F9000 X116.155 Y122.564
G1 F1500 X115.265 Y123.454 E1347.18706
G0 F9000 X114.937 Y123.216
G1 F1500 X115.823 Y122.331 E1347.24537
G0 F9000 X115.491 Y122.097
G1 F1500 X114.609 Y122.979 E1347.30345
G0 F9000 X114.28 Y122.742
G1 F1500 X115.159 Y121.863 E1347.36134
G0 F9000 X114.827 Y121.629
G1 F1500 X114.012 Y122.445 E1347.41504
G0 F9000 X113.801 Y122.09
G1 F1500 X114.607 Y121.284 E1347.46812
G0 F9000 X114.393 Y120.932
G1 F1500 X113.59 Y121.735 E1347.52099
G0 F9000 X113.379 Y121.381
G1 F1500 X114.179 Y120.581 E1347.57368
G0 F9000 X113.964 Y120.229
G1 F1500 X113.168 Y121.026 E1347.62613
G0 F9000 X112.957 Y120.671
G1 F1500 X113.75 Y119.878 E1347.67835
G0 F9000 X113.535 Y119.527
G1 F1500 X112.747 Y120.316 E1347.73027
G0 F9000 X112.62 Y119.877
G1 F1500 X113.368 Y119.128 E1347.77956
G0 F9000 X113.25 Y118.681
G1 F1500 X112.504 Y119.427 E1347.82869
G0 F9000 X112.388 Y118.977
G1 F1500 X113.131 Y118.234 E1347.87761
G0 F9000 X113.013 Y117.786
G1 F1500 X112.273 Y118.527 E1347.92638
G0 F9000 X112.157 Y118.077
G1 F1500 X112.895 Y117.339 E1347.97498
G0 F9000 X112.777 Y116.891
G1 F1500 X112.041 Y117.627 E1348.02344
G0 F9000 X111.999 Y117.103
G1 F1500 X112.532 Y116.571 E1348.05851
G0 F9000 X113.199 Y116.525
G0 X125.661 Y120.327
G0 X126.135 Y121.097
G0 X125.748 Y121.811
G0 X125.017 Y122.779
G0 X124.029 Y123.765
G0 X122.975 Y124.52
G0 X121.31 Y125.288
G0 X121.241 Y124.833
G1 F1500 X122.55 Y123.523 E1348.14474
G0 F9000 X122.37 Y123.102
G0 X126.236 Y118.32
G0 X127.933 Y118.32
G0 X128.803 Y120.497
G0 X127.971 Y120.937
G0 X128.92 Y122.989
G0 X131.31 Y124.604
G0 X132.621 Y125.191
G0 X134.015 Y125.403
G0 X136.963 Y124.921
G0 X136.88 Y124.467
G1 F1500 X141.571 Y119.775 E1348.45369
G0 F9000 X141.767 Y119.014
G1 F1500 X139.661 Y121.12 E1348.59237
G0 F9000 X139.274 Y120.884
G0 X128.499 Y120.317
G0 X128.027 Y121.084
G0 X128.42 Y121.811
G0 X129.151 Y122.779
G0 X130.139 Y123.765
G0 X131.31 Y124.604
G0 X132.621 Y125.191
G0 X134.015 Y125.403
G0 X137.872 Y124.69
G0 X140.35 Y122.902
G0 X141.556 Y120.99
G0 X141.16 Y120.753
G1 F1500 X137.574 Y124.338 E1348.82848
G0 F9000 X137.657 Y124.793
G0 X134.015 Y125.403
G0 X132.621 Y125.191
G0 X131.31 Y124.604
G0 X130.139 Y123.765
G0 X129.151 Y122.779
G0 X128.42 Y121.811
G0 X128.027 Y121.084
G0 X128.444 Y120.718
G0 X140.159 Y119.431
G0 X140.547 Y119.668
G1 F1500 X141.963 Y118.252 E1348.92173
G0 F9000 X142.137 Y117.513
G1 F1500 X140.902 Y118.747 E1349.00302
G0 F9000 X141.104 Y117.98
G1 F1500 X142.178 Y116.906 E1349.07375
G0 F9000 X141.888 Y116.63
G1 F1500 X141.305 Y117.213 E1349.11214
G0 F9000 X140.865 Y117.097
G0 X130.054 Y96.235
G0 X130.375 Y95.899
G1 F1500 X130.935 Y95.339 E1349.14901
G0 F9000 X130.649 Y95.06
G1 F1500 X130.076 Y95.633 E1349.18675
G0 F9000 X129.777 Y95.365
G1 F1500 X130.362 Y94.781 E1349.22524
G0 F9000 X130.076 Y94.501
G1 F1500 X129.478 Y95.099 E1349.26462
G0 F9000 X129.18 Y94.832
G1 F1500 X129.781 Y94.23 E1349.30423
G0 F9000 X129.485 Y93.96
G1 F1500 X128.881 Y94.565 E1349.34403
G0 F9000 X128.582 Y94.298
G1 F1500 X129.191 Y93.69 E1349.3841
G0 F9000 X128.896 Y93.419
G1 F1500 X128.284 Y94.03 E1349.42437
G0 F9000 X127.985 Y93.764
G1 F1500 X128.6 Y93.149 E1349.46487
G0 F9000 X128.305 Y92.878
G1 F1500 X127.687 Y93.496 E1349.50557
G0 F9000 X127.387 Y93.23
G1 F1500 X128.01 Y92.607 E1349.54659
G0 F9000 X127.715 Y92.337
G1 F1500 X126.878 Y93.174 E1349.60171
G0 F9000 X127.101 Y93.56
G0 X128.499 Y120.317
G0 X128.027 Y121.084
G0 X128.42 Y121.811
G0 X129.151 Y122.779
G0 X130.139 Y123.765
G0 X131.31 Y124.604
G0 X132.621 Y125.191
G0 X134.015 Y125.403
G0 X137.872 Y124.69
G0 X140.35 Y122.902
G0 X141.817 Y120.432
G0 X142.529 Y117.661
G0 X142.709 Y115.063
G0 X142.55 Y112.622
G0 X142.131 Y109.65
G0 X141.009 Y106.839
G0 X139.198 Y103.881
G0 X136.756 Y100.783
G0 X133.794 Y97.571
G0 X127.729 Y91.73
G0 X127.42 Y92.066
G1 F1500 X123.305 Y96.181 E1349.87269
G0 F9000 X123.027 Y95.893
G1 F1500 X127.125 Y91.795 E1350.14255
G1 F1500 E1343.64255
G0 F9000 X127.434 Y91.459
G0 X133.794 Y97.571
G0 X136.756 Y100.783
G0 X139.198 Y103.881
G0 X141.009 Y106.839
G0 X142.131 Y109.65
G0 X142.617 Y113.155
G0 X142.709 Y115.063
G0 X142.529 Y117.661
G0 X141.817 Y120.432
G0 X140.35 Y122.902
G0 X137.872 Y124.69
G0 X134.015 Y125.403
G0 X132.621 Y125.191
G0 X131.31 Y124.604
G0 X130.139 Y123.765
G0 X129.151 Y122.779
G0 X128.42 Y121.811
G0 X128.027 Y121.084
G0 X137.725 Y104.863
G0 X127.074 Y93.967
G0 X125.37 Y120.483
G0 X125.935 Y120.771
G0 X126.126 Y120.597
G1 F1500 E1350.14255
G1 X125.962 Y120.416 E1350.15392
G1 X126.325 Y119.774 E1350.18827
G1 X126.596 Y118.796 E1350.23552
G1 X127.568 Y118.796 E1350.28078
G1 X127.844 Y119.772 E1350.32801
G1 X128.209 Y120.421 E1350.36268
G1 X128.025 Y120.614 E1350.3751
G1 X127.78 Y120.324 E1350.39278
G1 X127.393 Y120.135 E1350.41283
G1 X126.764 Y120.149 E1350.44213
G1 X126.445 Y120.288 E1350.45833
G1 X126.126 Y120.597 E1350.47901
G0 F9000 X125.935 Y120.771
G0 X125.749 Y120.476
G0 X126.124 Y119.538
G0 X126.784 Y119.722
G1 F1321.6 X126.921 Y119.223 E1350.50636
G1 X127.244 Y119.223 E1350.52343
G1 X127.382 Y119.708 E1350.55008
G1 X126.784 Y119.722 E1350.58169
G0 F9000 X125.835 Y119.456
G1 F1500 E1344.08169
;MESH:NONMESH
G0 F300 X125.835 Y119.456 Z3.64
G0 F9000 X125.67 Y120.687
G0 X126.135 Y121.097
G0 X125.748 Y121.811
G0 X125.017 Y122.779
G0 X124.029 Y123.765
G0 X122.858 Y124.604
G0 X121.547 Y125.191
G0 X120.153 Y125.403
G0 X116.296 Y124.69
G0 X113.818 Y122.902
G0 X112.351 Y120.432
G0 X111.638 Y117.661
G0 X111.459 Y115.063
G0 X111.611 Y112.618
G0 X111.994 Y109.948
G0 X112.864 Y106.685
G0 X111.847 Y106.281
G0 X100.662 Y100.233
G0 X92.465 Y95.14
;TIME_ELAPSED:1491.165089
;LAYER:12
;TYPE:WALL-INNER
;MESH:tmpnqf7468lheart_box.stl
G1 F1500 E1350.58169
G1 F1134.2 X91.002 Y96.464 E1350.7032
G1 F1192.8 X89.54 Y97.789 E1350.81873
G1 F1263.2 X89.024 Y98.27 E1350.85774
G1 F1357.5 X87.455 Y99.788 E1350.97007
G1 F1477.8 X85.886 Y101.306 E1351.07325
G1 F1648.4 X83.116 Y104.27 E1351.24516
G1 F1869.2 X80.875 Y107.078 E1351.3794
G1 F1863.4 X80.641 Y107.407 E1351.39454
G1 F1851.9 X79.132 Y109.838 E1351.50246
G1 F1699.7 X78.842 Y110.402 E1351.52852
G1 F1511.3 X77.944 Y112.636 E1351.63979
G1 F1284.8 X77.776 Y113.258 E1351.67481
G1 F1119.4 X77.509 Y115.09 E1351.79033
G1 F1111.1 X77.391 Y115.964 E1351.84577
G1 F1039.9 X77.322 Y116.803 E1351.90232
G1 F982 X77.275 Y117.819 E1351.97466
G1 F934.6 X77.279 Y118.241 E1352.0062
G0 F9000 X77.707 Y120.243
G0 X78.423 Y122.966
G0 X79.969 Y125.505
G0 X82.623 Y127.373
G0 X85.986 Y128.891
G0 X85.978 Y129.204
G1 F1500 X87.421 Y128.983 E1352.07417
G1 F1327.4 X88.299 Y128.534 E1352.12606
G1 F1214.6 X88.746 Y128.344 E1352.15399
G1 F1425.2 X89.765 Y127.69 E1352.21333
G1 F1321.6 X89.91 Y127.467 E1352.22739
G1 F990.1 X89.986 Y127.314 E1352.23944
G1 F1181.1 X89.59 Y127.381 E1352.2632
G1 F1542.4 X88.391 Y127.98 E1352.32389
G1 F1298.7 X88.16 Y128.056 E1352.33697
G1 F1327.4 X87.236 Y128.142 E1352.3858
G1 F1500 X86.575 Y128.241 E1352.41692
G1 X82.576 Y127.518 E1352.60615
G1 X79.855 Y125.612 E1352.76084
G1 X78.738 Y123.772 E1352.86107
G1 F1395.3 X78.251 Y123.026 E1352.90567
G1 F1310 X77.782 Y121.226 E1353.00484
G1 F1459.9 X77.586 Y120.309 E1353.0497
G1 F1657.5 X77.462 Y118.629 E1353.12069
G1 F1171.9 X77.279 Y118.241 E1353.14626
G1 X77.106 Y118.633 E1353.1718
G1 F1657.5 X77.225 Y120.365 E1353.24496
G1 F1459.9 X77.337 Y121.319 E1353.29092
G1 F1301.5 X77.824 Y123.197 E1353.39503
G1 F1382.5 X78.029 Y124.131 E1353.44334
G1 F1500 X79.525 Y126.65 E1353.57976
G1 X82.058 Y128.478 E1353.72522
G1 X85.978 Y129.204 E1353.91085
G0 F9000 X85.986 Y128.891
G0 X89.986 Y127.314
G1 F990.1 X90.47 Y126.908 E1353.95542
G1 F1204.8 X90.954 Y126.501 E1353.99208
G1 F1435.4 X91.17 Y126.26 E1354.00783
G1 F1500 E1347.50783
G0 F9000 X92.376 Y124.675
G0 X92.95 Y123.878
G0 X92.957 Y124.168
G1 F1500 E1354.00783
G1 F1734.1 X92.892 Y124.131 E1354.01084
G1 X92.893 Y124.205 E1354.01382
G1 X92.957 Y124.168 E1354.0168
G1 F1500 E1347.5168
G0 F9000 X92.95 Y123.878
G0 X93.451 Y124.673
G0 X94.654 Y126.26
G1 F1500 E1354.0168
G1 F1435.4 X94.87 Y126.501 E1354.03255
G1 F1204.8 X95.35 Y126.904 E1354.06888
G1 F993.4 X95.831 Y127.308 E1354.11305
G0 F9000 X99.843 Y128.891
G0 X99.846 Y129.204
G1 F1500 X103.766 Y128.478 E1354.29868
G1 X106.299 Y126.65 E1354.44414
G1 X107.796 Y124.131 E1354.58058
G1 F1421.8 X107.985 Y123.304 E1354.62226
G1 F1321.6 X108.002 Y123.198 E1354.62793
G1 F1310 X108.491 Y121.319 E1354.73145
G1 F1470.6 X108.602 Y120.363 E1354.77716
G1 F1666.7 X108.719 Y118.666 E1354.84844
G1 F1174.2 X108.546 Y118.274 E1354.87393
G1 X108.365 Y118.662 E1354.8994
G1 F1676 X108.251 Y120.265 E1354.96637
G1 F1474.2 X108.047 Y121.225 E1355.01287
G1 F1310 X107.566 Y123.045 E1355.11324
G1 F1388.9 X107.09 Y123.773 E1355.15698
G1 F1500 X105.974 Y125.61 E1355.25707
G1 X103.265 Y127.516 E1355.4113
G1 X99.249 Y128.241 E1355.60133
G1 X98.592 Y128.143 E1355.63226
G1 F1342.3 X97.602 Y128.04 E1355.68405
G1 F1227 X97.295 Y127.911 E1355.70301
G1 F1428.6 X96.225 Y127.376 E1355.7615
G1 F1185.8 X95.83 Y127.307 E1355.78512
G1 F1000 X95.908 Y127.465 E1355.79743
G1 F1333.3 X96.05 Y127.683 E1355.81105
G1 F1428.6 X97.078 Y128.344 E1355.87081
G1 F1227 X97.442 Y128.503 E1355.89342
G1 F1239.7 X97.519 Y128.548 E1355.89845
G1 F1376.1 X98.407 Y128.982 E1355.94861
G1 F1500 X99.846 Y129.204 E1356.01641
G0 F9000 X99.843 Y128.891
G0 X103.206 Y127.373
G0 X105.86 Y125.505
G0 X107.406 Y122.966
G0 X107.812 Y121.422
G0 X108.546 Y118.274
G1 F943.4 X108.55 Y117.733 E1356.05646
G1 F988.5 X108.503 Y116.783 E1356.12367
G1 F1041.7 X108.431 Y115.963 E1356.17887
G1 F1109.1 X108.049 Y113.258 E1356.35092
G1 F1295.9 X107.882 Y112.637 E1356.38557
G1 F1522.8 X106.982 Y110.402 E1356.49608
G1 F1680.7 X106.739 Y109.921 E1356.51848
G1 F1840.5 X105.184 Y107.406 E1356.63069
G1 F1875 X104.991 Y107.131 E1356.64321
G1 X102.711 Y104.271 E1356.77946
G1 F1709.4 X101.335 Y102.799 E1356.86179
G1 F1591.5 X99.959 Y101.326 E1356.95025
G1 F1500 X99.734 Y101.098 E1356.96517
G1 F1385.7 X96.818 Y98.285 E1357.1694
G1 F1268.5 X96.277 Y97.78 E1357.21015
G1 F1192.8 X94.818 Y96.46 E1357.32535
G1 F1134.2 X93.358 Y95.139 E1357.4466
G0 F9000 X93.359 Y95.14
G1 F1312.9 X93.038 Y94.732 E1357.47422
G1 F1612.9 X92.912 Y94.616 E1357.48164
G1 X92.787 Y94.731 E1357.48899
G1 F1312.9 X92.465 Y95.14 E1357.51668
G1 X92.912 Y95.054 E1357.5409
G1 X93.359 Y95.14 E1357.56512
G1 F1500 E1351.06512
G0 F9000 X99.848 Y101.421
G0 X102.606 Y104.332
G0 X104.889 Y107.162
G0 X106.627 Y109.927
G0 X107.738 Y112.646
G0 X108.211 Y115.97
G0 X108.3 Y117.772
G0 X108.122 Y120.243
G0 X107.406 Y122.966
G0 X105.86 Y125.505
G0 X103.206 Y127.373
G0 X99.299 Y128.139
G0 X99.245 Y127.832
;TYPE:WALL-OUTER
G1 F1500 E1357.56512
G1 X97.711 Y127.606 E1357.63732
G1 X96.3 Y126.992 E1357.70897
G1 X95.1 Y126.144 E1357.77739
G1 X94.93 Y125.978 E1357.78846
G1 F1242.2 X94.587 Y125.758 E1357.81137
G1 F1127.8 X94.102 Y125.239 E1357.85536
G1 F1282.1 X93.668 Y124.633 E1357.89597
G1 F1449.3 X93.542 Y124.435 E1357.90728
G1 F1522.8 X93.367 Y124.21 E1357.92035
G1 F1507.5 X92.914 Y123.412 E1357.96287
G1 X92.461 Y124.21 E1358.00538
G1 F1515.2 X92.286 Y124.433 E1358.01845
G1 F1449.3 X92.161 Y124.629 E1358.02965
G1 F1287.6 X91.722 Y125.239 E1358.07042
G1 F1127.8 X91.238 Y125.758 E1358.11437
G1 F1242.2 X90.895 Y125.977 E1358.13725
G1 F1500 X90.721 Y126.147 E1358.14858
G1 X89.524 Y126.992 E1358.21681
G1 X88.121 Y127.606 E1358.28812
G1 X86.581 Y127.835 E1358.36061
G1 X82.725 Y127.138 E1358.54308
G1 X80.154 Y125.332 E1358.68938
G1 X78.657 Y122.867 E1358.82367
G1 X77.957 Y120.217 E1358.95129
G1 X77.78 Y117.758 E1359.06609
G1 X77.865 Y115.97 E1359.14944
G1 X77.97 Y115.158 E1359.18757
G1 X78.332 Y112.718 E1359.30243
G1 X79.414 Y110.056 E1359.43623
G1 X81.148 Y107.298 E1359.58793
G1 X83.414 Y104.49 E1359.75594
G1 X86.157 Y101.591 E1359.94178
G1 X89.31 Y98.59 E1360.14447
G1 X92.778 Y95.49 E1360.36106
G1 X92.912 Y95.44 E1360.36772
G1 X93.046 Y95.49 E1360.37438
G1 X96.523 Y98.595 E1360.59145
G1 X99.674 Y101.598 E1360.79413
G1 X102.424 Y104.502 E1360.98036
G1 X104.694 Y107.317 E1361.14875
G1 X106.394 Y110.025 E1361.29763
G1 X107.496 Y112.718 E1361.43313
G1 X107.85 Y115.161 E1361.54807
G1 X107.959 Y115.969 E1361.58603
G1 X108.048 Y117.783 E1361.6706
G1 X107.87 Y120.219 E1361.78434
G1 X107.172 Y122.867 E1361.91185
G1 X105.677 Y125.323 E1362.04573
G1 X103.114 Y127.133 E1362.19184
G1 X99.245 Y127.832 E1362.37491
G1 F1500 E1355.87491
G0 F9000 X99.299 Y128.139
G0 X99.85 Y129.298
G0 X99.852 Y129.609
G1 F1500 E1362.37491
G1 X103.927 Y128.855 E1362.56788
G1 X106.601 Y126.926 E1362.72141
G1 X108.169 Y124.286 E1362.86439
G1 X108.913 Y121.387 E1363.00375
G1 X109.099 Y118.705 E1363.12894
G1 X109.006 Y116.759 E1363.21965
G1 X108.938 Y116.174 E1363.24708
G1 X108.505 Y113.137 E1363.38992
G1 X107.34 Y110.222 E1363.5361
G1 X105.487 Y107.195 E1363.70136
G1 X103.002 Y104.044 E1363.88822
G1 X100.017 Y100.809 E1364.09318
G1 X96.588 Y97.462 E1364.31631
G1 X92.912 Y94.092 E1364.54852
G1 X89.229 Y97.47 E1364.78123
G1 X85.786 Y100.836 E1365.00543
G1 X82.804 Y104.065 E1365.2101
G1 X80.337 Y107.195 E1365.39567
G1 X78.484 Y110.222 E1365.56093
G1 X77.319 Y113.136 E1365.70706
G1 X76.882 Y116.184 E1365.85044
G1 X76.82 Y116.764 E1365.8776
G1 X76.725 Y118.705 E1365.96809
G1 X76.914 Y121.387 E1366.09329
G1 X77.655 Y124.286 E1366.23262
G1 X79.223 Y126.926 E1366.37559
G1 X81.897 Y128.855 E1366.52912
G1 X85.972 Y129.609 E1366.72209
G1 X87.535 Y129.37 E1366.79572
G1 X88.967 Y128.729 E1366.86878
G1 X90.218 Y127.83 E1366.94051
G1 X91.272 Y126.779 E1367.00982
G1 X91.485 Y126.499 E1367.0262
G1 F1242.2 X91.66 Y126.131 E1367.04911
G1 F1098.9 X91.998 Y125.716 E1367.08313
G1 F1250 X92.533 Y124.845 E1367.14025
G1 F1456.3 X92.633 Y124.62 E1367.15206
G1 F1522.8 X92.729 Y124.54 E1367.15779
G1 F1515.2 X93.098 Y124.54 E1367.1748
G1 F1526.7 X93.194 Y124.62 E1367.18052
G1 F1449.3 X93.292 Y124.847 E1367.19243
G1 F1293.1 X93.678 Y125.487 E1367.2328
G1 F1176.5 X93.826 Y125.716 E1367.24899
G1 F1098.9 X94.163 Y126.13 E1367.28292
G1 F1242.2 X94.338 Y126.498 E1367.30583
G1 F1500 X94.551 Y126.78 E1367.32229
G1 X95.606 Y127.831 E1367.39163
G1 X96.857 Y128.729 E1367.46333
G1 X98.293 Y129.37 E1367.53656
G1 X99.852 Y129.609 E1367.61
G0 F9000 X99.85 Y129.298
G0 X98.667 Y128.71
G0 X98.632 Y128.935
;TYPE:FILL
G1 F3000 X97.871 Y128.173 E1367.66015
G0 F9000 X97.538 Y128.425
G1 F3000 X98.356 Y128.206 E1367.69958
G0 F9000 X98.325 Y128.414
G0 X98.851 Y128.458
G0 X102.294 Y128.436
G0 X102.335 Y128.662
G1 F3000 X102.588 Y127.719 E1367.74504
G0 F9000 X102.628 Y127.946
G0 X103.29 Y127.77
G0 X105.056 Y126.634
G0 X104.925 Y126.446
G1 F3000 X106.593 Y125.999 E1367.82545
G1 F1500 E1361.32545
G0 F9000 X106.399 Y125.883
G0 X107.406 Y122.966
G0 X108.122 Y120.243
G0 X108.3 Y117.772
G0 X108.211 Y115.97
G0 X107.738 Y112.646
G0 X106.627 Y109.927
G0 X104.889 Y107.162
G0 X102.606 Y104.332
G0 X99.848 Y101.421
G0 X96.693 Y98.415
G0 X92.914 Y95.05
G0 X89.135 Y98.415
G0 X85.98 Y101.421
G0 X83.223 Y104.332
G0 X80.94 Y107.162
G0 X79.202 Y109.927
G0 X78.091 Y112.646
G0 X77.617 Y115.97
G0 X77.529 Y117.772
G0 X77.689 Y119.996
G0 X78.554 Y124.068
G0 X78.751 Y123.949
G1 F1500 E1367.82545
G1 F3000 X78.522 Y124.804 E1367.86667
G1 F1500 E1361.36667
G0 F9000 X78.72 Y124.687
G0 X77.707 Y120.243
G0 X77.529 Y117.772
G0 X77.617 Y115.97
G0 X78.091 Y112.646
G0 X79.202 Y109.927
G0 X80.94 Y107.162
G0 X83.223 Y104.332
G0 X85.98 Y101.421
G0 X89.135 Y98.415
G0 X92.914 Y95.05
G0 X96.693 Y98.415
G0 X99.848 Y101.421
G0 X102.606 Y104.332
G0 X104.889 Y107.162
G0 X106.627 Y109.927
G0 X107.738 Y112.646
G0 X108.211 Y115.97
G0 X108.283 Y117.43
G0 X107.958 Y124.197
G0 X109.017 Y124.468
G0 X112.632 Y123.697
G0 X120.15 Y125.567
;TYPE:WALL-INNER
G1 F1500 E1367.86667
G1 X121.593 Y125.347 E1367.93464
G1 X122.939 Y124.745 E1368.00329
G1 X124.134 Y123.888 E1368.07177
G1 X125.138 Y122.885 E1368.13785
G1 X125.883 Y121.9 E1368.19536
G1 X126.346 Y121.063 E1368.2399
G1 X126.45 Y120.78 E1368.25394
G1 X126.692 Y120.564 E1368.26904
G1 X126.897 Y120.506 E1368.27896
G1 X127.267 Y120.502 E1368.29619
G1 X127.472 Y120.561 E1368.30612
G1 X127.612 Y120.655 E1368.31398
G1 X127.759 Y120.86 E1368.32572
G1 X127.82 Y121.059 E1368.33541
G1 X128.285 Y121.9 E1368.38016
G1 X129.03 Y122.885 E1368.43767
G1 X130.034 Y123.888 E1368.50375
G1 X131.229 Y124.745 E1368.57223
G1 X132.575 Y125.347 E1368.64088
G1 X134.018 Y125.567 E1368.70885
G1 X137.938 Y124.842 E1368.89448
G1 X140.471 Y123.014 E1369.03993
G1 X141.968 Y120.495 E1369.17638
G1 X142.689 Y117.687 E1369.31137
G1 X142.871 Y115.065 E1369.43376
G1 X142.777 Y113.141 E1369.52345
G1 X142.709 Y112.6 E1369.54884
G1 X142.287 Y109.608 E1369.68954
G1 X141.153 Y106.766 E1369.83202
G1 X139.33 Y103.788 E1369.99461
G1 X136.879 Y100.678 E1370.17899
G1 X133.909 Y97.459 E1370.38293
G1 X130.479 Y94.113 E1370.60606
G1 X127.084 Y91.002 E1370.82048
G1 X123.681 Y94.121 E1371.03542
G1 X120.247 Y97.471 E1371.25881
G1 X117.289 Y100.678 E1371.46196
G1 X114.838 Y103.788 E1371.64634
G1 X113.015 Y106.766 E1371.80893
G1 X111.88 Y109.609 E1371.95147
G1 X111.452 Y112.597 E1372.09203
G1 X111.387 Y113.161 E1372.11846
G1 X111.297 Y115.065 E1372.20722
G1 X111.479 Y117.687 E1372.32961
G1 X112.2 Y120.495 E1372.4646
G1 X113.697 Y123.014 E1372.60104
G1 X116.23 Y124.842 E1372.7465
G1 X120.15 Y125.567 E1372.93213
G0 F9000 X120.144 Y125.973
;TYPE:WALL-OUTER
G1 F1500 X121.707 Y125.734 E1373.00575
G1 X123.139 Y125.093 E1373.07881
G1 X124.394 Y124.194 E1373.15069
G1 X125.44 Y123.148 E1373.21957
G1 X126.219 Y122.118 E1373.27971
G1 X126.72 Y121.213 E1373.32787
G1 X126.775 Y121.017 E1373.33735
G1 X126.901 Y120.911 E1373.34502
G1 X127.228 Y120.9 E1373.36025
G1 X127.327 Y120.938 E1373.36519
G1 X127.394 Y121.024 E1373.37027
G1 X127.447 Y121.211 E1373.37932
G1 X127.949 Y122.118 E1373.42759
G1 X128.728 Y123.148 E1373.48772
G1 X129.774 Y124.194 E1373.5566
G1 X131.029 Y125.093 E1373.62849
G1 X132.461 Y125.734 E1373.70154
G1 X134.024 Y125.973 E1373.77517
G1 X138.099 Y125.219 E1373.96814
G1 X140.773 Y123.29 E1374.12167
G1 X142.341 Y120.65 E1374.26465
G1 X143.085 Y117.751 E1374.40401
G1 X143.271 Y115.069 E1374.5292
G1 X143.176 Y113.106 E1374.62071
G1 X143.096 Y112.483 E1374.64996
G1 X142.677 Y109.504 E1374.79004
G1 X141.512 Y106.586 E1374.93634
G1 X139.659 Y103.559 E1375.1016
G1 X137.183 Y100.418 E1375.28784
G1 X134.196 Y97.18 E1375.49297
G1 X130.754 Y93.822 E1375.71688
G1 X127.084 Y90.46 E1375.94864
G1 X123.406 Y93.83 E1376.18092
G1 X119.96 Y97.192 E1376.4051
G1 X116.985 Y100.418 E1376.60944
G1 X114.509 Y103.559 E1376.79567
G1 X112.656 Y106.586 E1376.96093
G1 X111.491 Y109.505 E1377.10728
G1 X111.055 Y112.546 E1377.25033
G1 X110.988 Y113.129 E1377.27766
G1 X110.897 Y115.069 E1377.36809
G1 X111.083 Y117.751 E1377.49328
G1 X111.827 Y120.65 E1377.63264
G1 X113.395 Y123.29 E1377.77562
G1 X116.069 Y125.219 E1377.92915
G1 X120.144 Y125.973 E1378.12212
G0 F9000 X120.15 Y125.663
G0 X121.547 Y125.191
G0 X122.858 Y124.604
G0 X124.029 Y123.765
G0 X125.017 Y122.779
G0 X125.748 Y121.811
G0 X126.135 Y121.097
G0 X125.661 Y120.327
G0 X117.53 Y122.864
G0 X117.491 Y123.079
;TYPE:FILL
G1 F3000 X126.206 Y120.744 E1378.54224
G0 F9000 X126.044 Y120.891
G0 X125.67 Y120.687
G0 X124.941 Y121.296
G0 X125.093 Y121.454
G1 F3000 X113.353 Y109.715 E1379.3153
G0 F9000 X113.57 Y109.747
G0 X113.258 Y111.88
G0 X113.042 Y111.848
G1 F3000 X138.449 Y105.04 E1380.5401
G0 F9000 X138.262 Y105.157
G0 X134.559 Y100.681
G0 X134.719 Y100.531
G1 F3000 X129.105 Y121.481 E1381.55003
G0 F9000 X129.258 Y121.325
G0 X128.336 Y120.118
G0 X128.144 Y120.224
G1 F3000 X141.176 Y116.733 E1382.17825
G0 F9000 X140.958 Y116.717
G0 X140.086 Y119.55
G0 X140.274 Y119.664
G1 F3000 X120.273 Y99.664 E1383.49532
G0 F9000 X120.432 Y99.815
G0 X123.476 Y96.846
G0 X123.326 Y96.687
G1 F3000 X116.421 Y122.457 E1384.73761
G0 F9000 X116.547 Y122.279
G0 X123.503 Y96.821
G0 X123.353 Y96.662
G1 F3000 X129.135 Y95.112 E1385.01635
G0 F9000 X128.988 Y95.275
G0 X123.559 Y96.767
G0 X123.088 Y96.272
;TYPE:SKIN
G1 F1382.5 X120.617 Y98.625 E1385.18874
G1 F1376.1 X117.897 Y101.5 E1385.38961
G1 F1366.7 X115.662 Y104.268 E1385.57143
G1 F1363.6 X113.964 Y106.979 E1385.73527
G1 F1354.4 X112.911 Y109.551 E1385.8786
G1 F1357.5 X112.542 Y112.078 E1386.01
G1 F1366.7 X112.461 Y112.717 E1386.04291
G1 X112.372 Y114.486 E1386.13343
G1 F1354.4 X112.504 Y116.348 E1386.2297
G0 F9000 X113.183 Y116.301
G0 X125.661 Y120.327
G0 X126.135 Y121.097
G0 X125.748 Y121.811
G0 X125.017 Y122.779
G0 X124.029 Y123.765
G0 X122.858 Y124.604
G0 X121.678 Y125.132
G0 X120.104 Y125.456
G0 X120.152 Y125.201
G1 F1500 X116.377 Y124.503 E1386.40846
G1 X113.967 Y122.762 E1386.54689
G1 X112.535 Y120.354 E1386.67735
G1 X111.835 Y117.632 E1386.80822
G1 X111.657 Y115.057 E1386.92841
G1 X111.743 Y113.217 E1387.01418
G1 X111.806 Y112.644 E1387.04102
G1 X112.227 Y109.701 E1387.17946
G1 X113.336 Y106.931 E1387.31839
G1 X115.133 Y103.995 E1387.47868
G1 X117.573 Y100.902 E1387.66212
G1 X120.486 Y97.738 E1387.86239
G1 X123.915 Y94.393 E1388.08544
G1 X127.084 Y91.488 E1388.28562
G1 X130.22 Y94.364 E1388.48376
G1 X133.634 Y97.694 E1388.70583
G1 X136.591 Y100.902 E1388.90898
G1 X139.035 Y103.995 E1389.09254
G1 X140.832 Y106.93 E1389.25279
G1 X141.937 Y109.7 E1389.39166
G1 X142.416 Y113.187 E1389.55555
G1 X142.507 Y115.057 E1389.64273
G1 X142.329 Y117.631 E1389.76287
G1 X141.629 Y120.354 E1389.89379
G1 X140.201 Y122.762 E1390.02415
G1 X137.787 Y124.503 E1390.16274
G1 X134.012 Y125.201 E1390.3415
G1 X132.678 Y124.998 E1390.40433
G1 X131.405 Y124.425 E1390.46933
G1 X130.189 Y123.553 E1390.53901
G1 F1214.6 X129.937 Y123.145 E1390.56659
G1 F1071.4 X129.352 Y122.605 E1390.61849
G1 F1234.6 X128.594 Y121.675 E1390.68636
G1 F1357.5 X128.292 Y121.13 E1390.71842
G1 X128.484 Y120.961 E1390.73158
G1 X128.933 Y121.397 E1390.76379
G1 F1229.5 X129.802 Y122.303 E1390.8351
G1 F1067.6 X130.314 Y122.695 E1390.87729
G1 F1214.6 X130.695 Y122.846 E1390.90086
G1 F1500 X130.913 Y122.997 E1390.91321
G1 X132.118 Y123.518 E1390.97434
G1 X133.405 Y123.704 E1391.03489
G1 X136.949 Y123.069 E1391.20254
G1 X139.221 Y121.463 E1391.33209
G1 X140.559 Y119.264 E1391.45195
G1 X141.206 Y116.803 E1391.57044
G1 X141.376 Y114.503 E1391.67783
G1 X141.291 Y112.778 E1391.75825
G1 X141.191 Y112.017 E1391.79399
G1 X140.851 Y109.679 E1391.904
G1 X139.83 Y107.168 E1392.03022
G1 X138.174 Y104.529 E1392.1753
G1 X135.96 Y101.786 E1392.33944
G1 X133.254 Y98.926 E1392.52277
G1 X130.102 Y95.922 E1392.72552
G1 X127.218 Y93.346 E1392.90558
G1 X127.084 Y93.296 E1392.91224
G1 X126.95 Y93.346 E1392.9189
G1 X124.066 Y95.926 E1393.09909
G1 X120.91 Y98.926 E1393.30184
G1 X118.218 Y101.774 E1393.48433
G1 X116.004 Y104.514 E1393.64836
G1 X114.338 Y107.172 E1393.79443
G1 X113.32 Y109.666 E1393.91986
G1 X112.974 Y112.01 E1394.03019
G1 X112.877 Y112.766 E1394.06568
G1 X112.792 Y114.482 E1394.14568
G1 X112.961 Y116.804 E1394.25409
G1 X113.609 Y119.267 E1394.37268
G1 X114.956 Y121.476 E1394.49316
G1 X117.224 Y123.073 E1394.62232
G1 X120.764 Y123.707 E1394.78978
G1 X122.061 Y123.518 E1394.85081
G1 X123.244 Y123.004 E1394.91087
G1 X123.465 Y122.854 E1394.92331
G1 F1212.1 X123.845 Y122.703 E1394.94687
G1 F1071.4 X124.397 Y122.274 E1394.99244
G1 F1234.6 X125.228 Y121.404 E1395.06051
G1 F1357.5 X125.676 Y120.97 E1395.0926
G1 X125.868 Y121.14 E1395.1058
G1 X125.566 Y121.683 E1395.13777
G1 F1237.1 X124.816 Y122.602 E1395.20474
G1 F1073.3 X124.222 Y123.152 E1395.25742
G1 F1212.1 X123.972 Y123.559 E1395.28494
G1 F1500 X122.759 Y124.425 E1395.35434
G1 X121.486 Y124.998 E1395.41935
G1 X120.152 Y125.201 E1395.48218
G0 F9000 X120.104 Y125.456
G0 X121.547 Y125.191
G0 X122.858 Y124.604
G0 X125.251 Y122.989
G0 X126.198 Y120.944
G0 X125.37 Y120.483
G0 X126.236 Y118.32
G0 X140.987 Y116.319
G0 X141.662 Y116.368
G1 F1354.4 X141.793 Y114.485 E1395.57952
G1 F1348.3 X141.71 Y112.757 E1395.66914
G1 F1345.3 X141.254 Y109.551 E1395.83727
G1 X140.201 Y106.974 E1395.9818
G1 F1351.4 X138.507 Y104.273 E1396.14659
G1 F1357.5 X136.27 Y101.501 E1396.32987
G1 F1360.5 X133.544 Y98.62 E1396.53348
G1 F1363.6 X130.833 Y96.039 E1396.72521
G1 F1500 E1390.22521
G0 F9000 X130.364 Y96.531
G0 X128.499 Y120.317
G0 X128.027 Y121.084
G0 X128.42 Y121.811
G0 X129.151 Y122.779
G0 X130.139 Y123.765
G0 X131.31 Y124.604
G0 X132.621 Y125.191
G0 X134.015 Y125.403
G0 X137.872 Y124.69
G0 X140.35 Y122.902
G0 X141.817 Y120.432
G0 X142.529 Y117.661
G0 X142.709 Y115.063
G0 X142.55 Y112.622
G0 X142.131 Y109.65
G0 X141.009 Y106.839
G0 X139.198 Y103.881
G0 X137 Y101.093
G0 X134.073 Y97.785
G0 X133.734 Y98.096
G1 F1500 E1396.72521
G1 X132.691 Y97.053 E1396.79389
G1 F1500 E1390.29389
G0 F9000 X133.012 Y96.724
G0 X131.339 Y95.203
G0 X130.813 Y95.741
G1 F1500 E1396.79389
G1 X126.953 Y91.88 E1397.04811
G0 F9000 X126.657 Y92.15
G1 F1500 X130.54 Y96.034 E1397.30385
G0 F9000 X130.208 Y96.382
G0 X127.085 Y93.541
G0 X127.05 Y93.109
G1 F1500 X126.362 Y92.421 E1397.34916
G0 F9000 X126.067 Y92.691
G1 F1500 X126.687 Y93.312 E1397.39002
G0 F9000 X126.389 Y93.579
G1 F1500 X125.772 Y92.962 E1397.43065
G0 F9000 X125.477 Y93.233
G1 F1500 X126.09 Y93.846 E1397.47101
G0 F9000 X125.791 Y94.113
G1 F1500 X125.181 Y93.503 E1397.51118
G0 F9000 X124.886 Y93.774
G1 F1500 X125.493 Y94.38 E1397.55112
G0 F9000 X125.195 Y94.648
G1 F1500 X124.591 Y94.044 E1397.5909
G0 F9000 X124.296 Y94.315
G1 F1500 X124.896 Y94.915 E1397.63041
G0 F9000 X124.597 Y95.182
G1 F1500 X124.002 Y94.587 E1397.66959
G0 F9000 X123.716 Y94.866
G1 F1500 X124.299 Y95.449 E1397.70798
G0 F9000 X124 Y95.716
G1 F1500 X123.43 Y95.145 E1397.74555
G0 F9000 X123.143 Y95.425
G1 F1500 X123.708 Y95.99 E1397.78276
G0 F9000 X123.418 Y96.265
G1 F1500 X122.857 Y95.704 E1397.8197
G0 F9000 X122.571 Y95.983
G1 F1500 X122.817 Y96.23 E1397.83593
G0 F9000 X122.527 Y96.506
G1 F1500 X122.284 Y96.263 E1397.85193
G0 F9000 X121.999 Y96.543
G1 F1500 X122.238 Y96.782 E1397.86767
G0 F9000 X121.948 Y97.058
G1 F1500 X121.712 Y96.822 E1397.88321
G0 F9000 X121.426 Y97.101
G1 F1500 X121.658 Y97.334 E1397.89852
G0 F9000 X121.369 Y97.61
G1 F1500 X121.139 Y97.381 E1397.91364
G0 F9000 X120.853 Y97.66
G1 F1500 X121.079 Y97.886 E1397.92852
G0 F9000 X120.789 Y98.162
G1 F1500 X120.569 Y97.942 E1397.94301
G0 F9000 X120.299 Y98.237
G1 F1500 X120.5 Y98.438 E1397.95624
G0 F9000 X120.224 Y98.728
G1 F1500 X120.028 Y98.532 E1397.96915
G0 F9000 X119.756 Y98.826
G1 F1500 X119.949 Y99.018 E1397.98183
G0 F9000 X119.674 Y99.309
G1 F1500 X119.485 Y99.121 E1397.99424
G0 F9000 X119.215 Y99.416
G1 F1500 X119.399 Y99.6 E1398.00636
G0 F9000 X119.123 Y99.89
G1 F1500 X118.943 Y99.71 E1398.01821
G0 F9000 X118.672 Y100.005
G1 F1500 X118.848 Y100.181 E1398.0298
G0 F9000 X118.573 Y100.471
G1 F1500 X118.401 Y100.3 E1398.04109
G0 F9000 X118.13 Y100.594
G1 F1500 X118.298 Y100.762 E1398.05216
G0 F9000 X118.023 Y101.053
G1 F1500 X117.859 Y100.889 E1398.06296
G0 F9000 X117.598 Y101.193
G1 F1500 X117.748 Y101.343 E1398.07283
G0 F9000 X117.494 Y101.655
G1 F1500 X117.349 Y101.509 E1398.08241
G0 F9000 X117.099 Y101.825
G1 F1500 X117.242 Y101.968 E1398.09183
G0 F9000 X116.989 Y102.281
G1 F1500 X116.849 Y102.142 E1398.10102
G0 F9000 X116.6 Y102.458
G1 F1500 X116.736 Y102.594 E1398.10997
G0 F9000 X116.484 Y102.907
G1 F1500 X116.351 Y102.774 E1398.11873
G0 F9000 X116.101 Y103.091
G1 F1500 X116.231 Y103.22 E1398.12726
G0 F9000 X115.978 Y103.533
G1 F1500 X115.852 Y103.407 E1398.13556
G0 F9000 X115.602 Y103.723
G1 F1500 X115.726 Y103.846 E1398.14369
G0 F9000 X115.474 Y104.16
G1 F1500 X115.352 Y104.039 E1398.15169
G0 F9000 X115.13 Y104.382
G1 F1500 X115.256 Y104.508 E1398.15999
G0 F9000 X114.915 Y104.732
G1 F1500 X115.037 Y104.855 E1398.16806
G0 F9000 X114.7 Y105.084
G1 F1500 X114.819 Y105.202 E1398.17586
G0 F9000 X114.486 Y105.435
G1 F1500 X114.6 Y105.549 E1398.18337
G0 F9000 X114.271 Y105.785
G1 F1500 X114.382 Y105.896 E1398.19068
G0 F9000 X114.056 Y106.137
G1 F1500 X114.163 Y106.244 E1398.19772
G0 F9000 X113.841 Y106.487
G1 F1500 X113.945 Y106.591 E1398.20457
G0 F9000 X113.626 Y106.838
G1 F1500 X113.739 Y106.951 E1398.21201
G0 F9000 X113.438 Y107.215
G1 F1500 X113.575 Y107.352 E1398.22103
G0 F9000 X113.276 Y107.619
G1 F1500 X113.41 Y107.753 E1398.22986
G0 F9000 X113.114 Y108.023
G1 F1500 X113.246 Y108.155 E1398.23855
G0 F9000 X112.952 Y108.426
G1 F1500 X113.082 Y108.556 E1398.24711
G0 F9000 X112.791 Y108.831
G1 F1500 X112.918 Y108.958 E1398.25547
G0 F9000 X112.629 Y109.235
G1 F1500 X112.754 Y109.36 E1398.2637
G0 F9000 X112.467 Y109.638
G1 F1500 X112.651 Y109.822 E1398.27582
G0 F9000 X112.371 Y110.108
G1 F1500 X112.578 Y110.316 E1398.28949
G0 F9000 X112.3 Y110.603
G1 F1500 X112.506 Y110.809 E1398.30305
G0 F9000 X112.229 Y111.098
G1 F1500 X112.434 Y111.302 E1398.31652
G0 F9000 X112.158 Y111.593
G1 F1500 X112.361 Y111.796 E1398.32989
G0 F9000 X112.088 Y112.088
G1 F1500 X112.294 Y112.294 E1398.34345
G0 F9000 X112.017 Y112.583
G1 F1500 X112.235 Y112.801 E1398.35781
G0 F9000 X111.957 Y113.088
G1 F1500 X112.209 Y113.34 E1398.3744
G0 F9000 X111.924 Y113.621
G1 F1500 X112.182 Y113.88 E1398.39142
G0 F9000 X111.898 Y114.161
G1 F1500 X112.156 Y114.419 E1398.40841
G0 F9000 X111.873 Y114.702
G1 F1500 X112.19 Y115.018 E1398.42926
G0 F9000 X111.871 Y115.265
G1 F1500 X112.233 Y115.627 E1398.45309
G0 F9000 X111.914 Y115.874
G1 F1500 X112.276 Y116.236 E1398.47693
G0 F9000 X111.956 Y116.481
G1 F1500 X112.926 Y117.451 E1398.54081
G0 F9000 X112.723 Y116.683
G1 F1500 X112.6 Y116.559 E1398.54894
G0 F9000 X111.998 Y117.089
G1 F1500 X113.129 Y118.22 E1398.62342
G0 F9000 X113.332 Y118.989
G1 F1500 X112.064 Y117.721 E1398.70692
G0 F9000 X112.26 Y118.483
G1 F1500 X113.899 Y120.121 E1398.81482
G0 F9000 X114.29 Y119.884
G0 X125.661 Y120.327
G0 X126.135 Y121.097
G0 X125.748 Y121.811
G0 X125.017 Y122.779
G0 X124.029 Y123.765
G0 X122.858 Y124.604
G0 X121.547 Y125.191
G0 X120.153 Y125.403
G0 X116.296 Y124.69
G0 X113.818 Y122.902
G0 X112.861 Y121.411
G0 X113.257 Y121.176
G1 F1500 X116.229 Y124.149 E1399.01056
G0 F9000 X117.074 Y124.428
G1 F1500 X112.652 Y120.006 E1399.30176
G0 F9000 X112.456 Y119.244
G1 F1500 X114.785 Y121.573 E1399.45513
G1 X114.875 Y121.663
G1 X117.768 Y124.556 E1399.64564
G0 F9000 X118.462 Y124.685
G1 F1500 X116.79 Y123.013 E1399.75574
G0 F9000 X117.706 Y123.363
G1 F1500 X119.156 Y124.813 E1399.85123
G0 F9000 X119.85 Y124.942
G1 F1500 X118.394 Y123.486 E1399.94711
G0 F9000 X119.084 Y123.609
G1 F1500 X120.43 Y124.956 E1400.03577
G0 F9000 X120.921 Y124.881
G1 F1500 X119.773 Y123.732 E1400.11141
G0 F9000 X120.462 Y123.856
G1 F1500 X121.412 Y124.806 E1400.17396
G0 F9000 X121.806 Y124.634
G1 F1500 X121.04 Y123.869 E1400.22437
G0 F9000 X121.534 Y123.797
G1 F1500 X122.196 Y124.459 E1400.26797
G0 F9000 X122.586 Y124.283
G1 F1500 X122.028 Y123.725 E1400.30471
G0 F9000 X122.44 Y123.572
G1 F1500 X122.928 Y124.059 E1400.33682
G0 F9000 X123.257 Y123.823
G1 F1500 X122.835 Y123.401 E1400.36461
G0 F9000 X123.23 Y123.23
G1 F1500 X123.587 Y123.587 E1400.38811
G0 F9000 X123.882 Y123.316
G1 F1500 X123.584 Y123.018 E1400.40774
G0 F9000 X123.32 Y122.641
G0 X126.453 Y118.607
G0 X127.716 Y118.607
G0 X130.648 Y122.498
G0 X130.319 Y122.965
G1 F1500 X131.687 Y124.333 E1400.49782
G0 F9000 X132.218 Y123.732
G1 F1500 X133.389 Y124.903 E1400.57494
G0 F9000 X134.043 Y124.992
G1 F1500 X132.878 Y123.827 E1400.65165
G0 F9000 X133.504 Y123.887
G1 F1500 X134.52 Y124.903 E1400.71856
G0 F9000 X134.997 Y124.815
G1 F1500 X133.984 Y123.802 E1400.78527
G0 F9000 X134.465 Y123.717
G1 F1500 X135.475 Y124.727 E1400.85178
G0 F9000 X135.952 Y124.638
G1 F1500 X134.945 Y123.631 E1400.91809
G0 F9000 X135.426 Y123.546
G1 F1500 X136.429 Y124.55 E1400.98417
G0 F9000 X136.906 Y124.461
G1 F1500 X135.906 Y123.461 E1401.05002
G0 F9000 X136.386 Y123.375
G1 F1500 X137.384 Y124.373 E1401.11574
G0 F9000 X137.813 Y124.237
G1 F1500 X136.867 Y123.29 E1401.17807
G0 F9000 X137.247 Y123.104
G1 F1500 X138.142 Y124 E1401.23704
G0 F9000 X138.47 Y123.762
G1 F1500 X137.579 Y122.871 E1401.29572
G0 F9000 X137.911 Y122.637
G1 F1500 X138.799 Y123.525 E1401.35419
G0 F9000 X139.128 Y123.288
G1 F1500 X138.242 Y122.403 E1401.4125
G0 F9000 X138.575 Y122.17
G1 F1500 X139.456 Y123.051 E1401.47052
G0 F9000 X139.785 Y122.815
G1 F1500 X138.906 Y121.936 E1401.5284
G0 F9000 X139.238 Y121.702
G1 F1500 X140.092 Y122.556 E1401.58464
G0 F9000 X140.302 Y122.2
G1 F1500 X139.494 Y121.393 E1401.63781
G0 F9000 X139.709 Y121.041
G1 F1500 X140.513 Y121.845 E1401.69076
G0 F9000 X140.723 Y121.49
G1 F1500 X139.923 Y120.69 E1401.74344
G0 F9000 X140.138 Y120.339
G1 F1500 X140.933 Y121.134 E1401.79579
G0 F9000 X141.144 Y120.779
G1 F1500 X140.352 Y119.988 E1401.84791
G0 F9000 X140.566 Y119.636
G1 F1500 X141.355 Y120.425 E1401.89987
G0 F9000 X141.51 Y120.014
G1 F1500 X140.764 Y119.268 E1401.949
G0 F9000 X140.883 Y118.821
G1 F1500 X141.626 Y119.564 E1401.99793
G0 F9000 X141.742 Y119.114
G1 F1500 X141 Y118.373 E1402.04675
G0 F9000 X141.118 Y117.925
G1 F1500 X141.858 Y118.665 E1402.09548
G0 F9000 X141.974 Y118.215
G1 F1500 X141.235 Y117.477 E1402.14412
G0 F9000 X141.353 Y117.028
G1 F1500 X142.089 Y117.764 E1402.19258
G0 F9000 X142.155 Y117.264
G1 F1500 X141.471 Y116.581 E1402.23759
G0 F9000 X141.88 Y116.424
G1 F1500 X142.191 Y116.736 E1402.25811
G0 F9000 X142.227 Y116.206
G1 F1500 X141.918 Y115.897 E1402.27845
G0 F9000 X142.264 Y115.677
G1 F1500 X141.956 Y115.369 E1402.29874
G0 F9000 X142.3 Y115.147
G1 F1500 X141.994 Y114.841 E1402.31889
G0 F9000 X142.283 Y114.565
G1 F1500 X142.009 Y114.29 E1402.33696
G0 F9000 X142.254 Y113.97
G1 F1500 X141.981 Y113.696 E1402.35497
G0 F9000 X142.225 Y113.375
G1 F1500 X141.952 Y113.102 E1402.37295
G0 F9000 X142.153 Y112.737
G1 F1500 X141.901 Y112.486 E1402.38951
G0 F9000 X142.063 Y112.081
G1 F1500 X141.813 Y111.832 E1402.40594
G0 F9000 X141.972 Y111.425
G1 F1500 X141.717 Y111.17 E1402.42273
G0 F9000 X141.882 Y110.77
G1 F1500 X141.62 Y110.507 E1402.44002
G0 F9000 X141.792 Y110.113
G1 F1500 X141.524 Y109.846 E1402.45764
G0 F9000 X141.574 Y109.33
G1 F1500 X141.29 Y109.046 E1402.47634
G0 F9000 X141.199 Y108.389
G1 F1500 X140.9 Y108.09 E1402.49603
G0 F9000 X140.824 Y107.448
G1 F1500 X140.508 Y107.133 E1402.5168
G0 F9000 X140.166 Y106.225
G1 F1500 X139.71 Y105.769 E1402.54683
G0 F9000 X140.231 Y105.451
G0 X139.666 Y104.528
G0 X139.274 Y104.767
G1 F1500 X138.75 Y104.243 E1402.58134
G0 F9000 X139.289 Y103.914
G0 X138.063 Y102.344
G0 X137.701 Y102.628
G1 F1500 X136.466 Y101.393 E1402.66267
G1 F1500 E1396.16267
G0 F9000 X136.989 Y100.982
G0 X139.198 Y103.881
G0 X141.009 Y106.839
G0 X142.131 Y109.65
G0 X142.617 Y113.155
G0 X142.709 Y115.063
G0 X142.529 Y117.661
G0 X141.817 Y120.432
G0 X140.35 Y122.902
G0 X137.872 Y124.69
G0 X134.015 Y125.403
G0 X132.621 Y125.191
G0 X131.31 Y124.604
G0 X130.139 Y123.765
G0 X129.151 Y122.779
G0 X128.42 Y121.811
G0 X128.027 Y121.084
G0 X130.856 Y116.422
G0 X131.483 Y122.964
G0 X131.301 Y123.381
G1 F1500 E1402.66267
G1 X132.714 Y124.794 E1402.75571
G1 F1500 E1396.25571
G0 F9000 X132.526 Y125.214
G0 X129.934 Y124.001
G0 X127.45 Y120.359
G0 X127.971 Y120.937
G0 X128.803 Y120.497
G0 X127.933 Y118.32
G0 X126.236 Y118.32
G0 X125.37 Y120.483
G0 X126.198 Y120.944
G0 X125.251 Y122.989
G0 X122.858 Y124.604
G0 X121.547 Y125.191
G0 X120.153 Y125.403
G0 X116.296 Y124.69
G0 X113.923 Y123.054
G0 X114.194 Y122.679
G1 F1500 E1402.75571
G1 X114.087 Y122.572 E1402.76276
G0 F9000 X113.691 Y122.807
G0 X116.296 Y124.69
G0 X120.153 Y125.403
G0 X121.547 Y125.191
G0 X122.858 Y124.604
G0 X124.029 Y123.765
G0 X125.017 Y122.779
G0 X125.748 Y121.811
G0 X126.135 Y121.097
G0 X125.935 Y120.771
G0 X126.126 Y120.597
G1 F1500 X125.962 Y120.416 E1402.77413
G1 X126.325 Y119.774 E1402.80848
G1 X126.596 Y118.796 E1402.85573
G1 X127.568 Y118.796 E1402.90099
G1 X127.844 Y119.772 E1402.94822
G1 X128.209 Y120.421 E1402.98289
G1 X128.025 Y120.614 E1402.99531
G1 X127.78 Y120.324 E1403.01299
G1 X127.393 Y120.135 E1403.03304
G1 X126.764 Y120.149 E1403.06234
G1 X126.445 Y120.288 E1403.07854
G1 X126.126 Y120.597 E1403.09922
G0 F9000 X126.738 Y119.949
G1 F1500 X126.54 Y119.751 E1403.11226
G0 F9000 X126.662 Y119.308
G1 F1500 X127.291 Y119.937 E1403.15368
G0 F9000 X127.616 Y119.696
G1 F1500 X126.916 Y118.996 E1403.19978
G0 F9000 X126.916 Y118.238
G1 F1500 E1396.69978
;MESH:NONMESH
G0 F300 X126.916 Y118.238 Z3.92
G0 F9000 X120.771 Y123.509
G0 X125.67 Y120.687
G0 X126.135 Y121.097
G0 X125.748 Y121.811
G0 X125.017 Y122.779
G0 X124.029 Y123.765
G0 X122.858 Y124.604
G0 X121.547 Y125.191
G0 X120.153 Y125.403
G0 X116.296 Y124.69
G0 X113.818 Y122.902
G0 X112.351 Y120.432
G0 X111.638 Y117.661
G0 X111.459 Y115.063
G0 X111.611 Y112.618
G0 X111.994 Y109.948
G0 X112.864 Y106.685
G0 X111.847 Y106.281
G0 X100.662 Y100.233
G0 X92.465 Y95.14
;TIME_ELAPSED:1569.286244
;LAYER:13
;TYPE:WALL-INNER
;MESH:tmpnqf7468lheart_box.stl
G1 F1500 E1403.19978
G1 F1134.2 X91.002 Y96.464 E1403.32128
G1 F1192.8 X89.54 Y97.789 E1403.43682
G1 F1263.2 X89.01 Y98.284 E1403.47692
G1 F1345.3 X87.545 Y99.697 E1403.58259
G1 F1435.4 X86.08 Y101.11 E1403.68163
G1 F1519 X85.865 Y101.328 E1403.69571
G1 F1652.9 X83.116 Y104.27 E1403.86586
G1 F1857.6 X80.836 Y107.13 E1404.00339
G1 F1851.9 X80.641 Y107.407 E1404.01616
G1 X79.132 Y109.838 E1404.12408
G1 F1699.7 X78.842 Y110.402 E1404.15014
G1 F1511.3 X77.944 Y112.636 E1404.26142
G1 F1284.8 X77.776 Y113.258 E1404.29644
G1 F1119.4 X77.507 Y115.103 E1404.41278
G1 F1111.1 X77.391 Y115.964 E1404.46739
G1 F1039.9 X77.322 Y116.803 E1404.52394
G1 F982 X77.275 Y117.819 E1404.59628
G1 F934.6 X77.279 Y118.241 E1404.62782
G0 F9000 X77.707 Y120.243
G0 X78.423 Y122.966
G0 X79.969 Y125.505
G0 X82.623 Y127.373
G0 X85.986 Y128.891
G0 X85.978 Y129.204
G1 F1500 X87.421 Y128.983 E1404.69579
G1 F1327.4 X88.299 Y128.534 E1404.74768
G1 F1214.6 X88.746 Y128.344 E1404.77561
G1 F1425.2 X89.765 Y127.69 E1404.83496
G1 F1321.6 X89.91 Y127.467 E1404.84901
G1 F990.1 X89.986 Y127.314 E1404.86106
G1 F1181.1 X89.59 Y127.381 E1404.88482
G1 F1542.4 X88.391 Y127.98 E1404.94551
G1 F1298.7 X88.16 Y128.056 E1404.95859
G1 F1327.4 X87.236 Y128.142 E1405.00742
G1 F1500 X86.575 Y128.241 E1405.03854
G1 X82.576 Y127.518 E1405.22777
G1 X79.855 Y125.612 E1405.38246
G1 X78.738 Y123.772 E1405.48269
G1 F1395.3 X78.251 Y123.026 E1405.52729
G1 F1310 X77.782 Y121.226 E1405.62646
G1 F1459.9 X77.586 Y120.309 E1405.67132
G1 F1657.5 X77.462 Y118.629 E1405.74231
G1 F1171.9 X77.279 Y118.241 E1405.76788
G1 X77.106 Y118.633 E1405.79342
G1 F1657.5 X77.225 Y120.365 E1405.86658
G1 F1459.9 X77.337 Y121.319 E1405.91254
G1 F1301.5 X77.824 Y123.197 E1406.01665
G1 F1382.5 X78.029 Y124.131 E1406.06496
G1 F1500 X79.525 Y126.65 E1406.20138
G1 X82.058 Y128.478 E1406.34684
G1 X85.978 Y129.204 E1406.53247
G0 F9000 X85.986 Y128.891
G0 X89.986 Y127.314
G1 F990.1 X90.47 Y126.908 E1406.57704
G1 F1204.8 X90.954 Y126.501 E1406.6137
G1 F1435.4 X91.17 Y126.26 E1406.62945
G1 F1500 E1400.12945
G0 F9000 X92.376 Y124.675
G0 X92.95 Y123.878
G0 X92.957 Y124.168
G1 F1500 E1406.62945
G1 F1734.1 X92.892 Y124.131 E1406.63246
G1 X92.893 Y124.205 E1406.63544
G1 X92.957 Y124.168 E1406.63842
G1 F1500 E1400.13842
G0 F9000 X92.95 Y123.878
G0 X93.451 Y124.673
G0 X94.654 Y126.26
G1 F1500 E1406.63842
G1 F1435.4 X94.87 Y126.501 E1406.65417
G1 F1204.8 X95.35 Y126.904 E1406.6905
G1 F993.4 X95.831 Y127.308 E1406.73467
G0 F9000 X99.843 Y128.891
G0 X99.846 Y129.204
G1 F1500 X103.766 Y128.478 E1406.9203
G1 X106.299 Y126.65 E1407.06576
G1 X107.796 Y124.131 E1407.2022
G1 F1421.8 X107.985 Y123.304 E1407.24388
G1 F1321.6 X108.002 Y123.198 E1407.24955
G1 F1310 X108.491 Y121.319 E1407.35307
G1 F1470.6 X108.602 Y120.363 E1407.39878
G1 F1666.7 X108.719 Y118.666 E1407.47006
G1 F1174.2 X108.546 Y118.274 E1407.49555
G1 X108.365 Y118.662 E1407.52102
G1 F1676 X108.251 Y120.265 E1407.58799
G1 F1474.2 X108.047 Y121.225 E1407.63449
G1 F1310 X107.566 Y123.045 E1407.73486
G1 F1388.9 X107.09 Y123.773 E1407.7786
G1 F1500 X105.974 Y125.61 E1407.87869
G1 X103.265 Y127.516 E1408.03292
G1 X99.249 Y128.241 E1408.22295
G1 X98.592 Y128.143 E1408.25388
G1 F1342.3 X97.602 Y128.04 E1408.30567
G1 F1227 X97.295 Y127.911 E1408.32463
G1 F1428.6 X96.225 Y127.376 E1408.38312
G1 F1185.8 X95.83 Y127.307 E1408.40674
G1 F1000 X95.908 Y127.465 E1408.41905
G1 F1333.3 X96.05 Y127.683 E1408.43267
G1 F1428.6 X97.078 Y128.344 E1408.49243
G1 F1227 X97.442 Y128.503 E1408.51504
G1 F1239.7 X97.519 Y128.548 E1408.52007
G1 F1376.1 X98.407 Y128.982 E1408.57023
G1 F1500 X99.846 Y129.204 E1408.63803
G0 F9000 X99.843 Y128.891
G0 X103.206 Y127.373
G0 X105.86 Y125.505
G0 X107.406 Y122.966
G0 X107.812 Y121.422
G0 X108.546 Y118.274
G1 F943.4 X108.55 Y117.733 E1408.67808
G1 F988.5 X108.503 Y116.783 E1408.7453
G1 F1041.7 X108.431 Y115.963 E1408.80049
G1 F1109.1 X108.049 Y113.258 E1408.97254
G1 F1295.9 X107.882 Y112.637 E1409.0072
G1 F1522.8 X106.982 Y110.402 E1409.1177
G1 F1699.7 X106.692 Y109.838 E1409.14377
G1 F1863.4 X105.184 Y107.406 E1409.25103
G1 F1880.9 X104.952 Y107.079 E1409.26592
G1 X102.711 Y104.271 E1409.39933
G1 F1709.4 X101.325 Y102.788 E1409.48227
G1 F1591.5 X99.939 Y101.305 E1409.57135
G1 F1500 X99.734 Y101.098 E1409.58492
G1 F1385.7 X96.803 Y98.271 E1409.79018
G1 F1268.5 X96.277 Y97.78 E1409.8298
G1 F1192.8 X94.818 Y96.46 E1409.94501
G1 F1134.2 X93.358 Y95.139 E1410.06626
G0 F9000 X93.359 Y95.14
G1 F1312.9 X93.038 Y94.732 E1410.09387
G1 F1612.9 X92.912 Y94.616 E1410.10129
G1 X92.787 Y94.731 E1410.10865
G1 F1312.9 X92.465 Y95.14 E1410.13634
G1 X92.912 Y95.054 E1410.16055
G1 X93.359 Y95.14 E1410.18477
G1 F1500 E1403.68477
G0 F9000 X99.848 Y101.421
G0 X102.606 Y104.332
G0 X104.889 Y107.162
G0 X106.627 Y109.927
G0 X107.738 Y112.646
G0 X108.211 Y115.97
G0 X108.3 Y117.772
G0 X108.122 Y120.243
G0 X107.406 Y122.966
G0 X105.86 Y125.505
G0 X103.206 Y127.373
G0 X99.299 Y128.139
G0 X99.245 Y127.832
;TYPE:WALL-OUTER
G1 F1500 E1410.18477
G1 X97.711 Y127.606 E1410.25697
G1 X96.3 Y126.992 E1410.32862
G1 X95.1 Y126.144 E1410.39705
G1 X94.93 Y125.978 E1410.40811
G1 F1242.2 X94.587 Y125.758 E1410.43102
G1 F1127.8 X94.102 Y125.239 E1410.47501
G1 F1282.1 X93.668 Y124.633 E1410.51562
G1 F1449.3 X93.542 Y124.435 E1410.52693
G1 F1522.8 X93.367 Y124.21 E1410.54001
G1 F1507.5 X92.914 Y123.412 E1410.58252
G1 X92.461 Y124.21 E1410.62503
G1 F1515.2 X92.286 Y124.433 E1410.6381
G1 F1449.3 X92.161 Y124.629 E1410.6493
G1 F1287.6 X91.722 Y125.239 E1410.69007
G1 F1127.8 X91.238 Y125.758 E1410.73402
G1 F1242.2 X90.895 Y125.977 E1410.7569
G1 F1500 X90.721 Y126.147 E1410.76823
G1 X89.524 Y126.992 E1410.83646
G1 X88.121 Y127.606 E1410.90777
G1 X86.581 Y127.835 E1410.98027
G1 X82.725 Y127.138 E1411.16273
G1 X80.154 Y125.332 E1411.30903
G1 X78.657 Y122.867 E1411.44332
G1 X77.957 Y120.217 E1411.57095
G1 X77.78 Y117.758 E1411.68574
G1 X77.865 Y115.97 E1411.76909
G1 X77.97 Y115.158 E1411.80722
G1 X78.332 Y112.718 E1411.92208
G1 X79.414 Y110.056 E1412.05588
G1 X81.148 Y107.298 E1412.20758
G1 X83.414 Y104.49 E1412.3756
G1 X86.157 Y101.591 E1412.56143
G1 X89.31 Y98.59 E1412.76412
G1 X92.778 Y95.49 E1412.98072
G1 X92.912 Y95.44 E1412.98738
G1 X93.046 Y95.49 E1412.99404
G1 X96.523 Y98.595 E1413.2111
G1 X99.674 Y101.598 E1413.41379
G1 X102.424 Y104.502 E1413.60002
G1 X104.694 Y107.317 E1413.7684
G1 X106.394 Y110.025 E1413.91729
G1 X107.496 Y112.718 E1414.05278
G1 X107.85 Y115.161 E1414.16772
G1 X107.959 Y115.969 E1414.20569
G1 X108.048 Y117.783 E1414.29026
G1 X107.87 Y120.219 E1414.40399
G1 X107.172 Y122.867 E1414.5315
G1 X105.677 Y125.323 E1414.66539
G1 X103.114 Y127.133 E1414.81149
G1 X99.245 Y127.832 E1414.99456
G1 F1500 E1408.49456
G0 F9000 X99.299 Y128.139
G0 X99.85 Y129.298
G0 X99.852 Y129.609
G1 F1500 E1414.99456
G1 X103.927 Y128.855 E1415.18753
G1 X106.601 Y126.926 E1415.34106
G1 X108.169 Y124.286 E1415.48404
G1 X108.913 Y121.387 E1415.6234
G1 X109.099 Y118.705 E1415.74859
G1 X109.006 Y116.759 E1415.83931
G1 X108.938 Y116.174 E1415.86673
G1 X108.505 Y113.137 E1416.00958
G1 X107.34 Y110.222 E1416.15575
G1 X105.487 Y107.195 E1416.32101
G1 X103.002 Y104.044 E1416.50787
G1 X100.017 Y100.809 E1416.71284
G1 X96.588 Y97.462 E1416.93596
G1 X92.912 Y94.092 E1417.16817
G1 X89.229 Y97.47 E1417.40088
G1 X85.786 Y100.836 E1417.62509
G1 X82.804 Y104.065 E1417.82975
G1 X80.337 Y107.195 E1418.01532
G1 X78.484 Y110.222 E1418.18059
G1 X77.319 Y113.136 E1418.32672
G1 X76.882 Y116.184 E1418.4701
G1 X76.82 Y116.764 E1418.49726
G1 X76.725 Y118.705 E1418.58775
G1 X76.914 Y121.387 E1418.71294
G1 X77.655 Y124.286 E1418.85227
G1 X79.223 Y126.926 E1418.99525
G1 X81.897 Y128.855 E1419.14878
G1 X85.972 Y129.609 E1419.34175
G1 X87.535 Y129.37 E1419.41537
G1 X88.967 Y128.729 E1419.48843
G1 X90.218 Y127.83 E1419.56016
G1 X91.272 Y126.779 E1419.62947
G1 X91.485 Y126.499 E1419.64585
G1 F1242.2 X91.66 Y126.131 E1419.66876
G1 F1098.9 X91.998 Y125.716 E1419.70278
G1 F1250 X92.533 Y124.845 E1419.7599
G1 F1456.3 X92.633 Y124.62 E1419.77171
G1 F1522.8 X92.729 Y124.54 E1419.77744
G1 F1515.2 X93.098 Y124.54 E1419.79445
G1 F1526.7 X93.194 Y124.62 E1419.80017
G1 F1449.3 X93.292 Y124.847 E1419.81208
G1 F1293.1 X93.678 Y125.487 E1419.85245
G1 F1176.5 X93.826 Y125.716 E1419.86864
G1 F1098.9 X94.163 Y126.13 E1419.90257
G1 F1242.2 X94.338 Y126.498 E1419.92548
G1 F1500 X94.551 Y126.78 E1419.94194
G1 X95.606 Y127.831 E1420.01128
G1 X96.857 Y128.729 E1420.08299
G1 X98.293 Y129.37 E1420.15621
G1 X99.852 Y129.609 E1420.22965
G0 F9000 X99.85 Y129.298
G0 X98.999 Y128.761
G0 X98.964 Y128.986
;TYPE:FILL
G1 F3000 X98.172 Y128.194 E1420.28181
G0 F9000 X97.791 Y128.563
G1 F3000 X98.89 Y128.268 E1420.33479
G0 F9000 X98.856 Y128.493
G0 X102.078 Y128.476
G0 X102.119 Y128.703
G1 F3000 X102.372 Y127.758 E1420.38035
G0 F9000 X102.412 Y127.985
G0 X103.269 Y127.774
G0 X104.586 Y126.965
G0 X104.455 Y126.777
G1 F3000 X106.448 Y126.243 E1420.47642
G1 F1500 E1413.97642
G0 F9000 X106.254 Y126.127
G0 X108.669 Y121.347
G0 X108.265 Y113.204
G0 X105.282 Y107.335
G0 X99.845 Y100.989
G0 X92.914 Y94.419
G0 X82.997 Y104.223
G0 X78.71 Y110.329
G0 X77.07 Y116.769
G0 X77.143 Y120.477
G0 X79.775 Y126.451
G0 X79.642 Y126.635
G1 F1500 E1420.47642
G1 F3000 X79.563 Y126.556 E1420.48163
G0 F9000 X79.76 Y126.439
G0 X78.579 Y124.449
G0 X78.381 Y124.566
G1 F3000 X78.606 Y123.725 E1420.52216
G1 F1500 E1414.02216
G0 F9000 X78.416 Y123.84
G0 X77.707 Y120.243
G0 X77.529 Y117.772
G0 X77.617 Y115.97
G0 X78.091 Y112.646
G0 X79.202 Y109.927
G0 X80.94 Y107.162
G0 X83.223 Y104.332
G0 X85.98 Y101.421
G0 X89.135 Y98.415
G0 X92.914 Y95.05
G0 X96.693 Y98.415
G0 X99.848 Y101.421
G0 X102.606 Y104.332
G0 X104.889 Y107.162
G0 X106.627 Y109.927
G0 X107.738 Y112.646
G0 X108.121 Y115.339
G0 X108.689 Y121.35
G0 X109.78 Y121.425
G0 X113.862 Y122.189
G0 X114.795 Y121.621
G0 X120.771 Y123.439
G0 X120.765 Y123.748
;TYPE:WALL-INNER
G1 F1500 E1420.52216
G1 X122.069 Y123.554 E1420.58355
G1 X123.281 Y123.029 E1420.64505
G1 X124.371 Y122.264 E1420.70706
G1 X125.275 Y121.383 E1420.76584
G1 X125.951 Y120.513 E1420.81714
G1 X126.361 Y119.791 E1420.8558
G1 X126.45 Y119.564 E1420.86716
G1 X126.559 Y119.437 E1420.87495
G1 X126.819 Y119.29 E1420.88886
G1 X127.248 Y119.285 E1420.90884
G1 X127.436 Y119.33 E1420.91784
G1 X127.615 Y119.446 E1420.92777
G1 X127.71 Y119.56 E1420.93468
G1 X127.798 Y119.772 E1420.94537
G1 X128.217 Y120.514 E1420.98505
G1 X128.893 Y121.383 E1421.03631
G1 X129.797 Y122.264 E1421.09509
G1 X130.887 Y123.029 E1421.1571
G1 X132.099 Y123.554 E1421.2186
G1 X133.403 Y123.748 E1421.27999
G1 X136.959 Y123.112 E1421.4482
G1 X139.248 Y121.501 E1421.57853
G1 X140.597 Y119.279 E1421.69958
G1 X141.249 Y116.797 E1421.81907
G1 X141.415 Y114.481 E1421.92719
G1 X141.333 Y112.8 E1422.00556
G1 X141.267 Y112.273 E1422.03029
G1 X140.888 Y109.651 E1422.15365
G1 X139.86 Y107.14 E1422.27999
G1 X138.198 Y104.494 E1422.42549
G1 X135.984 Y101.752 E1422.58959
G1 X133.267 Y98.884 E1422.77355
G1 X130.144 Y95.909 E1422.97439
G1 X127.084 Y93.173 E1423.16553
G1 X124.016 Y95.917 E1423.35719
G1 X120.89 Y98.896 E1423.55826
G1 X118.184 Y101.752 E1423.74146
G1 X115.97 Y104.494 E1423.90556
G1 X114.308 Y107.14 E1424.05106
G1 X113.28 Y109.652 E1424.17745
G1 X112.919 Y112.129 E1424.294
G1 X112.835 Y112.8 E1424.32549
G1 X112.754 Y114.481 E1424.40386
G1 X112.919 Y116.797 E1424.51197
G1 X113.571 Y119.278 E1424.63142
G1 X114.924 Y121.501 E1424.7526
G1 X117.209 Y123.112 E1424.88278
G1 X120.765 Y123.748 E1425.05099
G0 F9000 X120.759 Y124.153
;TYPE:WALL-OUTER
G1 F1500 X122.18 Y123.942 E1425.11789
G1 X123.477 Y123.38 E1425.18371
G1 X124.627 Y122.573 E1425.24912
G1 X125.574 Y121.65 E1425.3107
G1 X126.285 Y120.736 E1425.36462
G1 X126.736 Y119.941 E1425.40718
G1 X126.787 Y119.78 E1425.41504
G1 X126.895 Y119.689 E1425.42162
G1 X127.219 Y119.684 E1425.43671
G1 X127.308 Y119.718 E1425.44115
G1 X127.883 Y120.736 E1425.49559
G1 X128.594 Y121.65 E1425.54951
G1 X129.541 Y122.573 E1425.61108
G1 X130.691 Y123.38 E1425.6765
G1 X131.988 Y123.942 E1425.74232
G1 X133.409 Y124.153 E1425.80921
G1 X137.117 Y123.49 E1425.98461
G1 X139.546 Y121.78 E1426.12293
G1 X140.969 Y119.437 E1426.25058
G1 X141.645 Y116.863 E1426.3745
G1 X141.815 Y114.485 E1426.48551
G1 X141.732 Y112.766 E1426.56565
G1 X141.663 Y112.216 E1426.59146
G1 X141.277 Y109.545 E1426.71713
G1 X140.217 Y106.956 E1426.84739
G1 X138.524 Y104.261 E1426.99559
G1 X136.285 Y101.488 E1427.16155
G1 X133.55 Y98.602 E1427.34669
G1 X130.416 Y95.615 E1427.54829
G1 X127.084 Y92.637 E1427.75638
G1 X123.744 Y95.623 E1427.96499
G1 X120.606 Y98.614 E1428.16685
G1 X117.883 Y101.488 E1428.35121
G1 X115.644 Y104.261 E1428.51717
G1 X113.951 Y106.956 E1428.66536
G1 X112.891 Y109.546 E1428.79567
G1 X112.523 Y112.075 E1428.91467
G1 X112.436 Y112.766 E1428.9471
G1 X112.353 Y114.485 E1429.02724
G1 X112.523 Y116.863 E1429.13825
G1 X113.199 Y119.436 E1429.26213
G1 X114.626 Y121.78 E1429.38991
G1 X117.051 Y123.49 E1429.52808
G1 X120.759 Y124.153 E1429.70348
G0 F9000 X120.769 Y123.845
G0 X117.985 Y122.937
G0 X117.945 Y123.162
;TYPE:FILL
G1 F3000 X125.328 Y121.184 E1430.05939
G1 X125.231 Y121.312
G1 X113.425 Y109.506 E1430.83683
G0 F9000 X113.64 Y109.594
G0 X113.236 Y112.094
G0 X113.01 Y112.061
G1 F3000 X138.558 Y105.216 E1432.06841
G0 F9000 X138.364 Y105.337
G0 X134.393 Y100.521
G0 X134.559 Y100.365
G1 F3000 X128.944 Y121.319 E1433.07854
G0 F9000 X129.125 Y121.18
G0 X128.445 Y120.29
G0 X128.245 Y120.402
G1 F3000 X141.126 Y116.951 E1433.69949
G0 F9000 X140.909 Y116.893
G0 X140.184 Y119.37
G0 X140.377 Y119.488
G1 F3000 X120.409 Y99.52 E1435.01441
G0 F9000 X120.575 Y99.678
G0 X123.207 Y97.115
G0 X123.05 Y96.948
G1 F3000 X129.31 Y95.27 E1435.3162
G0 F9000 X129.157 Y95.44
G0 X123.209 Y97.113
G0 X123.051 Y96.946
G1 F3000 X116.248 Y122.336 E1436.54016
G0 F9000 X116.553 Y121.904
G1 F1500 E1430.04016
;MESH:NONMESH
G0 F300 X116.553 Y121.904 Z4.2
G0 F9000 X112.748 Y116.826
G0 X111.658 Y116.903
G0 X109.366 Y113.044
G0 X92.465 Y95.14
;TIME_ELAPSED:1609.173108
;LAYER:14
;TYPE:WALL-INNER
;MESH:tmpnqf7468lheart_box.stl
G1 F1500 E1436.54016
G1 F1134.2 X91.002 Y96.464 E1436.66167
G1 F1192.8 X89.54 Y97.789 E1436.77721
G1 F1263.2 X89.024 Y98.27 E1436.81621
G1 F1357.5 X87.455 Y99.788 E1436.92854
G1 F1477.8 X85.886 Y101.306 E1437.03172
G1 F1648.4 X83.116 Y104.27 E1437.20363
G1 F1869.2 X80.875 Y107.078 E1437.33788
G1 F1863.4 X80.641 Y107.407 E1437.35301
G1 F1851.9 X79.132 Y109.838 E1437.46093
G1 F1699.7 X78.842 Y110.402 E1437.48699
G1 F1511.3 X77.944 Y112.636 E1437.59826
G1 F1284.8 X77.776 Y113.258 E1437.63329
G1 F1119.4 X77.509 Y115.09 E1437.7488
G1 F1111.1 X77.391 Y115.964 E1437.80424
G1 F1039.9 X77.322 Y116.803 E1437.86079
G1 F982 X77.275 Y117.819 E1437.93313
G1 F934.6 X77.279 Y118.241 E1437.96467
G0 F9000 X77.707 Y120.243
G0 X78.423 Y122.966
G0 X79.969 Y125.505
G0 X82.623 Y127.373
G0 X85.986 Y128.891
G0 X85.978 Y129.204
G1 F1500 X87.421 Y128.983 E1438.03265
G1 F1327.4 X88.299 Y128.534 E1438.08453
G1 F1214.6 X88.746 Y128.344 E1438.11247
G1 F1425.2 X89.765 Y127.69 E1438.17181
G1 F1321.6 X89.91 Y127.467 E1438.18586
G1 F990.1 X89.986 Y127.314 E1438.19792
G1 F1181.1 X89.59 Y127.381 E1438.22167
G1 F1542.4 X88.391 Y127.98 E1438.28236
G1 F1298.7 X88.16 Y128.056 E1438.29544
G1 F1327.4 X87.236 Y128.142 E1438.34427
G1 F1500 X86.575 Y128.241 E1438.37539
G1 X82.576 Y127.518 E1438.56462
G1 X79.855 Y125.612 E1438.71931
G1 X78.738 Y123.772 E1438.81954
G1 F1395.3 X78.251 Y123.026 E1438.86414
G1 F1310 X77.782 Y121.226 E1438.96331
G1 F1459.9 X77.586 Y120.309 E1439.00817
G1 F1657.5 X77.462 Y118.629 E1439.07916
G1 F1171.9 X77.279 Y118.241 E1439.10473
G1 X77.106 Y118.633 E1439.13027
G1 F1657.5 X77.225 Y120.365 E1439.20343
G1 F1459.9 X77.337 Y121.319 E1439.24939
G1 F1301.5 X77.824 Y123.197 E1439.3535
G1 F1382.5 X78.029 Y124.131 E1439.40181
G1 F1500 X79.525 Y126.65 E1439.53824
G1 X82.058 Y128.478 E1439.68369
G1 X85.978 Y129.204 E1439.86933
G0 F9000 X85.986 Y128.891
G0 X89.986 Y127.314
G1 F990.1 X90.47 Y126.908 E1439.91389
G1 F1204.8 X90.954 Y126.501 E1439.95055
G1 F1435.4 X91.17 Y126.26 E1439.9663
G1 F1500 E1433.4663
G0 F9000 X92.376 Y124.675
G0 X92.95 Y123.878
G0 X92.957 Y124.168
G1 F1500 E1439.9663
G1 F1734.1 X92.892 Y124.131 E1439.96931
G1 X92.893 Y124.205 E1439.97229
G1 X92.957 Y124.168 E1439.97527
G1 F1500 E1433.47527
G0 F9000 X92.95 Y123.878
G0 X93.451 Y124.673
G0 X94.654 Y126.26
G1 F1500 E1439.97527
G1 F1435.4 X94.87 Y126.501 E1439.99102
G1 F1204.8 X95.35 Y126.904 E1440.02735
G1 F993.4 X95.831 Y127.308 E1440.07152
G0 F9000 X99.843 Y128.891
G0 X99.846 Y129.204
G1 F1500 X103.766 Y128.478 E1440.25715
G1 X106.299 Y126.65 E1440.40261
G1 X107.796 Y124.131 E1440.53905
G1 F1421.8 X107.985 Y123.304 E1440.58073
G1 F1321.6 X108.002 Y123.198 E1440.5864
G1 F1310 X108.491 Y121.319 E1440.68992
G1 F1470.6 X108.602 Y120.363 E1440.73563
G1 F1666.7 X108.719 Y118.666 E1440.80692
G1 F1174.2 X108.546 Y118.274 E1440.8324
G1 X108.365 Y118.662 E1440.85787
G1 F1676 X108.251 Y120.265 E1440.92485
G1 F1474.2 X108.047 Y121.225 E1440.97135
G1 F1310 X107.566 Y123.045 E1441.07171
G1 F1388.9 X107.09 Y123.773 E1441.11545
G1 F1500 X105.974 Y125.61 E1441.21554
G1 X103.265 Y127.516 E1441.36978
G1 X99.249 Y128.241 E1441.5598
G1 X98.592 Y128.143 E1441.59073
G1 F1342.3 X97.602 Y128.04 E1441.64252
G1 F1227 X97.295 Y127.911 E1441.66148
G1 F1428.6 X96.225 Y127.376 E1441.71997
G1 F1185.8 X95.83 Y127.307 E1441.74359
G1 F1000 X95.908 Y127.465 E1441.7559
G1 F1333.3 X96.05 Y127.683 E1441.76953
G1 F1428.6 X97.078 Y128.344 E1441.82928
G1 F1227 X97.442 Y128.503 E1441.85189
G1 F1239.7 X97.519 Y128.548 E1441.85692
G1 F1376.1 X98.407 Y128.982 E1441.90708
G1 F1500 X99.846 Y129.204 E1441.97488
G0 F9000 X99.843 Y128.891
G0 X103.206 Y127.373
G0 X105.86 Y125.505
G0 X107.406 Y122.966
G0 X107.812 Y121.422
G0 X108.546 Y118.274
G1 F943.4 X108.55 Y117.733 E1442.01494
G1 F988.5 X108.503 Y116.783 E1442.08215
G1 F1041.7 X108.431 Y115.963 E1442.13734
G1 F1109.1 X108.049 Y113.258 E1442.30939
G1 F1295.9 X107.882 Y112.637 E1442.34405
G1 F1522.8 X106.982 Y110.402 E1442.45456
G1 F1680.7 X106.739 Y109.921 E1442.47695
G1 F1840.5 X105.184 Y107.406 E1442.58917
G1 F1875 X104.991 Y107.131 E1442.60168
G1 X102.711 Y104.271 E1442.73793
G1 F1709.4 X101.335 Y102.799 E1442.82026
G1 F1591.5 X99.959 Y101.326 E1442.90873
G1 F1500 X99.734 Y101.098 E1442.92364
G1 F1385.7 X96.818 Y98.285 E1443.12787
G1 F1268.5 X96.277 Y97.78 E1443.16862
G1 F1192.8 X94.818 Y96.46 E1443.28383
G1 F1134.2 X93.358 Y95.139 E1443.40507
G0 F9000 X93.359 Y95.14
G1 F1312.9 X93.038 Y94.732 E1443.43269
G1 F1612.9 X92.912 Y94.616 E1443.44011
G1 X92.787 Y94.731 E1443.44746
G1 F1312.9 X92.465 Y95.14 E1443.47516
G1 X92.912 Y95.054 E1443.49937
G1 X93.359 Y95.14 E1443.52359
G1 F1500 E1437.02359
G0 F9000 X99.848 Y101.421
G0 X102.606 Y104.332
G0 X104.889 Y107.162
G0 X106.627 Y109.927
G0 X107.738 Y112.646
G0 X108.211 Y115.97
G0 X108.3 Y117.772
G0 X108.122 Y120.243
G0 X107.406 Y122.966
G0 X105.86 Y125.505
G0 X103.206 Y127.373
G0 X99.299 Y128.139
G0 X99.245 Y127.832
;TYPE:WALL-OUTER
G1 F1500 E1443.52359
G1 X97.711 Y127.606 E1443.59579
G1 X96.3 Y126.992 E1443.66744
G1 X95.1 Y126.144 E1443.73586
G1 X94.93 Y125.978 E1443.74693
G1 F1242.2 X94.587 Y125.758 E1443.76984
G1 F1127.8 X94.102 Y125.239 E1443.81383
G1 F1282.1 X93.668 Y124.633 E1443.85444
G1 F1449.3 X93.542 Y124.435 E1443.86575
G1 F1522.8 X93.367 Y124.21 E1443.87882
G1 F1507.5 X92.914 Y123.412 E1443.92134
G1 X92.461 Y124.21 E1443.96385
G1 F1515.2 X92.286 Y124.433 E1443.97692
G1 F1449.3 X92.161 Y124.629 E1443.98812
G1 F1287.6 X91.722 Y125.239 E1444.02889
G1 F1127.8 X91.238 Y125.758 E1444.07284
G1 F1242.2 X90.895 Y125.977 E1444.09572
G1 F1500 X90.721 Y126.147 E1444.10705
G1 X89.524 Y126.992 E1444.17528
G1 X88.121 Y127.606 E1444.24659
G1 X86.581 Y127.835 E1444.31909
G1 X82.725 Y127.138 E1444.50155
G1 X80.154 Y125.332 E1444.64785
G1 X78.657 Y122.867 E1444.78214
G1 X77.957 Y120.217 E1444.90977
G1 X77.78 Y117.758 E1445.02456
G1 X77.865 Y115.97 E1445.10791
G1 X77.97 Y115.158 E1445.14604
G1 X78.332 Y112.718 E1445.2609
G1 X79.414 Y110.056 E1445.3947
G1 X81.148 Y107.298 E1445.5464
G1 X83.414 Y104.49 E1445.71441
G1 X86.157 Y101.591 E1445.90025
G1 X89.31 Y98.59 E1446.10294
G1 X92.778 Y95.49 E1446.31954
G1 X92.912 Y95.44 E1446.3262
G1 X93.046 Y95.49 E1446.33286
G1 X96.523 Y98.595 E1446.54992
G1 X99.674 Y101.598 E1446.7526
G1 X102.424 Y104.502 E1446.93884
G1 X104.694 Y107.317 E1447.10722
G1 X106.394 Y110.025 E1447.25611
G1 X107.496 Y112.718 E1447.3916
G1 X107.85 Y115.161 E1447.50654
G1 X107.959 Y115.969 E1447.54451
G1 X108.048 Y117.783 E1447.62907
G1 X107.87 Y120.219 E1447.74281
G1 X107.172 Y122.867 E1447.87032
G1 X105.677 Y125.323 E1448.0042
G1 X103.114 Y127.133 E1448.15031
G1 X99.245 Y127.832 E1448.33338
G1 F1500 E1441.83338
G0 F9000 X99.299 Y128.139
G0 X99.85 Y129.298
G0 X99.852 Y129.609
G1 F1500 E1448.33338
G1 X103.927 Y128.855 E1448.52635
G1 X106.601 Y126.926 E1448.67988
G1 X108.169 Y124.286 E1448.82286
G1 X108.913 Y121.387 E1448.96222
G1 X109.099 Y118.705 E1449.08741
G1 X109.006 Y116.759 E1449.17813
G1 X108.938 Y116.174 E1449.20555
G1 X108.505 Y113.137 E1449.34839
G1 X107.34 Y110.222 E1449.49457
G1 X105.487 Y107.195 E1449.65983
G1 X103.002 Y104.044 E1449.84669
G1 X100.017 Y100.809 E1450.05166
G1 X96.588 Y97.462 E1450.27478
G1 X92.912 Y94.092 E1450.50699
G1 X89.229 Y97.47 E1450.7397
G1 X85.786 Y100.836 E1450.9639
G1 X82.804 Y104.065 E1451.16857
G1 X80.337 Y107.195 E1451.35414
G1 X78.484 Y110.222 E1451.51941
G1 X77.319 Y113.136 E1451.66554
G1 X76.882 Y116.184 E1451.80891
G1 X76.82 Y116.764 E1451.83608
G1 X76.725 Y118.705 E1451.92656
G1 X76.914 Y121.387 E1452.05176
G1 X77.655 Y124.286 E1452.19109
G1 X79.223 Y126.926 E1452.33407
G1 X81.897 Y128.855 E1452.4876
G1 X85.972 Y129.609 E1452.68057
G1 X87.535 Y129.37 E1452.75419
G1 X88.967 Y128.729 E1452.82725
G1 X90.218 Y127.83 E1452.89898
G1 X91.272 Y126.779 E1452.96829
G1 X91.485 Y126.499 E1452.98467
G1 F1242.2 X91.66 Y126.131 E1453.00758
G1 F1098.9 X91.998 Y125.716 E1453.0416
G1 F1250 X92.533 Y124.845 E1453.09872
G1 F1456.3 X92.633 Y124.62 E1453.11053
G1 F1522.8 X92.729 Y124.54 E1453.11626
G1 F1515.2 X93.098 Y124.54 E1453.13327
G1 F1526.7 X93.194 Y124.62 E1453.13899
G1 F1449.3 X93.292 Y124.847 E1453.1509
G1 F1293.1 X93.678 Y125.487 E1453.19127
G1 F1176.5 X93.826 Y125.716 E1453.20746
G1 F1098.9 X94.163 Y126.13 E1453.24139
G1 F1242.2 X94.338 Y126.498 E1453.2643
G1 F1500 X94.551 Y126.78 E1453.28076
G1 X95.606 Y127.831 E1453.3501
G1 X96.857 Y128.729 E1453.42181
G1 X98.293 Y129.37 E1453.49503
G1 X99.852 Y129.609 E1453.56847
G0 F9000 X99.295 Y129.038
;TYPE:FILL
G1 F3000 X98.472 Y128.215 E1453.62267
G0 F9000 X98.045 Y128.7
G1 F3000 X99.869 Y128.211 E1453.7106
G0 F9000 X99.908 Y128.436
G0 X101.862 Y128.516
G0 X101.903 Y128.742
G1 F3000 X102.157 Y127.797 E1453.75617
G0 F9000 X102.197 Y128.024
G0 X103.247 Y127.778
G0 X104.116 Y127.296
G0 X103.984 Y127.108
G1 F3000 X106.303 Y126.487 E1453.86795
G1 F1500 E1447.36795
G0 F9000 X106.109 Y126.371
G0 X108.669 Y121.347
G0 X108.265 Y113.204
G0 X105.282 Y107.335
G0 X99.845 Y100.989
G0 X92.914 Y94.419
G0 X82.997 Y104.223
G0 X78.71 Y110.329
G0 X77.07 Y116.769
G0 X77.151 Y120.889
G0 X80.784 Y127.178
G0 X80.65 Y127.363
G1 F1500 E1453.86795
G1 F3000 X79.154 Y125.866 E1453.9665
G0 F9000 X79.351 Y125.749
G0 X78.437 Y124.211
G0 X78.239 Y124.328
G1 F3000 X78.458 Y123.513 E1454.0058
G1 F1500 E1447.5058
G0 F9000 X78.281 Y123.62
G0 X77.707 Y120.243
G0 X77.529 Y117.772
G0 X77.617 Y115.97
G0 X78.091 Y112.646
G0 X79.202 Y109.927
G0 X80.94 Y107.162
G0 X83.223 Y104.332
G0 X85.98 Y101.421
G0 X89.135 Y98.415
G0 X92.914 Y95.05
G0 X96.693 Y98.415
G0 X99.848 Y101.421
G0 X102.606 Y104.332
G0 X104.889 Y107.162
G0 X106.627 Y109.927
G0 X107.738 Y112.646
G0 X108.121 Y115.339
G0 X108.689 Y121.35
G0 X109.78 Y121.425
G0 X113.862 Y122.189
G0 X114.795 Y121.621
G0 X120.771 Y123.439
G0 X120.765 Y123.748
;TYPE:WALL-INNER
G1 F1500 E1454.0058
G1 X122.069 Y123.554 E1454.06718
G1 X123.281 Y123.029 E1454.12869
G1 X124.371 Y122.264 E1454.1907
G1 X125.275 Y121.383 E1454.24947
G1 X125.951 Y120.513 E1454.30078
G1 X126.361 Y119.791 E1454.33944
G1 X126.45 Y119.564 E1454.35079
G1 X126.559 Y119.437 E1454.35858
G1 X126.819 Y119.29 E1454.37249
G1 X127.248 Y119.285 E1454.39247
G1 X127.436 Y119.33 E1454.40147
G1 X127.616 Y119.447 E1454.41147
G1 X127.71 Y119.56 E1454.41831
G1 X127.798 Y119.772 E1454.429
G1 X128.217 Y120.514 E1454.46868
G1 X128.893 Y121.383 E1454.51994
G1 X129.797 Y122.264 E1454.57872
G1 X130.887 Y123.029 E1454.64073
G1 X132.099 Y123.554 E1454.70223
G1 X133.403 Y123.748 E1454.76362
G1 X136.959 Y123.112 E1454.93183
G1 X139.248 Y121.501 E1455.06217
G1 X140.597 Y119.279 E1455.18321
G1 X141.249 Y116.797 E1455.3027
G1 X141.415 Y114.481 E1455.41082
G1 X141.333 Y112.801 E1455.48914
G1 X141.263 Y112.249 E1455.51505
G1 X140.888 Y109.651 E1455.63728
G1 X139.86 Y107.14 E1455.76362
G1 X138.198 Y104.494 E1455.90912
G1 X135.984 Y101.752 E1456.07322
G1 X133.267 Y98.884 E1456.25718
G1 X130.144 Y95.909 E1456.45802
G1 X127.084 Y93.173 E1456.64916
G1 X124.016 Y95.917 E1456.84082
G1 X120.89 Y98.896 E1457.04189
G1 X118.184 Y101.752 E1457.22509
G1 X115.97 Y104.494 E1457.38919
G1 X114.308 Y107.14 E1457.53469
G1 X113.28 Y109.652 E1457.66108
G1 X112.919 Y112.129 E1457.77763
G1 X112.835 Y112.8 E1457.80912
G1 X112.754 Y114.481 E1457.88749
G1 X112.919 Y116.797 E1457.9956
G1 X113.571 Y119.278 E1458.11505
G1 X114.924 Y121.501 E1458.23623
G1 X117.209 Y123.112 E1458.36641
G1 X120.765 Y123.748 E1458.53462
G0 F9000 X120.759 Y124.153
;TYPE:WALL-OUTER
G1 F1500 X122.18 Y123.942 E1458.60152
G1 X123.477 Y123.38 E1458.66734
G1 X124.627 Y122.573 E1458.73275
G1 X125.574 Y121.65 E1458.79433
G1 X126.285 Y120.736 E1458.84825
G1 X126.736 Y119.941 E1458.89081
G1 X126.787 Y119.78 E1458.89868
G1 X126.895 Y119.689 E1458.90525
G1 X127.219 Y119.684 E1458.92034
G1 X127.308 Y119.718 E1458.92478
G1 X127.883 Y120.736 E1458.97922
G1 X128.594 Y121.65 E1459.03314
G1 X129.541 Y122.573 E1459.09472
G1 X130.691 Y123.38 E1459.16013
G1 X131.988 Y123.942 E1459.22595
G1 X133.409 Y124.153 E1459.29285
G1 X137.117 Y123.49 E1459.46824
G1 X139.546 Y121.78 E1459.60657
G1 X140.969 Y119.437 E1459.73421
G1 X141.645 Y116.863 E1459.85813
G1 X141.815 Y114.485 E1459.96914
G1 X141.732 Y112.766 E1460.04928
G1 X141.659 Y112.192 E1460.07622
G1 X141.277 Y109.545 E1460.20076
G1 X140.217 Y106.956 E1460.33102
G1 X138.524 Y104.261 E1460.47922
G1 X136.285 Y101.488 E1460.64518
G1 X133.55 Y98.602 E1460.83032
G1 X130.416 Y95.615 E1461.03192
G1 X127.084 Y92.637 E1461.24001
G1 X123.744 Y95.623 E1461.44862
G1 X120.606 Y98.614 E1461.65048
G1 X117.883 Y101.488 E1461.83484
G1 X115.644 Y104.261 E1462.0008
G1 X113.951 Y106.956 E1462.14899
G1 X112.891 Y109.546 E1462.2793
G1 X112.523 Y112.075 E1462.3983
G1 X112.436 Y112.766 E1462.43073
G1 X112.353 Y114.485 E1462.51087
G1 X112.523 Y116.863 E1462.62188
G1 X113.199 Y119.436 E1462.74576
G1 X114.626 Y121.78 E1462.87354
G1 X117.051 Y123.49 E1463.01171
G1 X120.759 Y124.153 E1463.18711
G0 F9000 X120.769 Y123.845
G0 X118.443 Y123.019
G0 X118.403 Y123.244
;TYPE:FILL
G1 F3000 X125.088 Y121.453 E1463.50937
G0 F9000 X125.353 Y121.154
G1 F3000 X113.506 Y109.307 E1464.28951
G0 F9000 X113.721 Y109.395
G0 X113.209 Y112.303
G0 X112.982 Y112.274
G1 F3000 X138.668 Y105.391 E1465.52776
G0 F9000 X138.474 Y105.512
G0 X134.233 Y100.352
G0 X134.399 Y100.196
G1 F3000 X128.792 Y121.123 E1466.53658
G0 F9000 X128.365 Y120.575
G1 F3000 X141.068 Y117.171 E1467.14895
G0 F9000 X140.851 Y117.114
G0 X140.29 Y119.196
G0 X140.483 Y119.314
G1 F3000 X120.545 Y99.375 E1468.46194
G0 F9000 X120.712 Y99.534
G0 X122.908 Y97.4
G0 X122.751 Y97.233
G1 F3000 X129.487 Y95.428 E1468.78666
G0 F9000 X129.334 Y95.599
G0 X122.933 Y97.376
G0 X122.776 Y97.209
G1 F3000 X116.076 Y122.214 E1469.99207
G0 F9000 X116.381 Y121.783
G1 F1500 E1463.49207
;MESH:NONMESH
G0 F300 X116.381 Y121.783 Z4.48
G0 F9000 X112.748 Y116.826
G0 X111.658 Y116.903
G0 X109.366 Y113.044
G0 X92.465 Y95.14
;TIME_ELAPSED:1649.012852
;LAYER:15
;TYPE:WALL-INNER
;MESH:tmpnqf7468lheart_box.stl
G1 F1500 E1469.99207
G1 F1134.2 X91.002 Y96.464 E1470.11358
G1 F1192.8 X89.54 Y97.789 E1470.22911
G1 F1263.2 X89.024 Y98.27 E1470.26812
G1 F1357.5 X87.455 Y99.788 E1470.38045
G1 F1477.8 X85.886 Y101.306 E1470.48363
G1 F1648.4 X83.116 Y104.27 E1470.65553
G1 F1869.2 X80.875 Y107.078 E1470.78978
G1 F1863.4 X80.641 Y107.407 E1470.80491
G1 F1851.9 X79.132 Y109.838 E1470.91283
G1 F1699.7 X78.842 Y110.402 E1470.93889
G1 F1511.3 X77.944 Y112.636 E1471.05016
G1 F1284.8 X77.776 Y113.258 E1471.08519
G1 F1119.4 X77.509 Y115.09 E1471.20071
G1 F1111.1 X77.391 Y115.964 E1471.25615
G1 F1039.9 X77.322 Y116.803 E1471.31269
G1 F982 X77.275 Y117.819 E1471.38503
G1 F934.6 X77.279 Y118.241 E1471.41657
G0 F9000 X77.707 Y120.243
G0 X78.423 Y122.966
G0 X79.969 Y125.505
G0 X82.623 Y127.373
G0 X85.986 Y128.891
G0 X85.978 Y129.204
G1 F1500 X87.421 Y128.983 E1471.48455
G1 F1327.4 X88.299 Y128.534 E1471.53644
G1 F1214.6 X88.746 Y128.344 E1471.56437
G1 F1425.2 X89.765 Y127.69 E1471.62371
G1 F1321.6 X89.91 Y127.467 E1471.63777
G1 F990.1 X89.986 Y127.314 E1471.64982
G1 F1181.1 X89.59 Y127.381 E1471.67357
G1 F1542.4 X88.391 Y127.98 E1471.73426
G1 F1298.7 X88.16 Y128.056 E1471.74734
G1 F1327.4 X87.236 Y128.142 E1471.79617
G1 F1500 X86.575 Y128.241 E1471.82729
G1 X82.576 Y127.518 E1472.01652
G1 X79.855 Y125.612 E1472.17122
G1 X78.738 Y123.772 E1472.27145
G1 F1395.3 X78.251 Y123.026 E1472.31604
G1 F1310 X77.782 Y121.226 E1472.41521
G1 F1459.9 X77.586 Y120.309 E1472.46008
G1 F1657.5 X77.462 Y118.629 E1472.53107
G1 F1171.9 X77.279 Y118.241 E1472.55664
G1 X77.106 Y118.633 E1472.58217
G1 F1657.5 X77.225 Y120.365 E1472.65533
G1 F1459.9 X77.337 Y121.319 E1472.70129
G1 F1301.5 X77.824 Y123.197 E1472.80541
G1 F1382.5 X78.029 Y124.131 E1472.85372
G1 F1500 X79.525 Y126.65 E1472.99014
G1 X82.058 Y128.478 E1473.13559
G1 X85.978 Y129.204 E1473.32123
G0 F9000 X85.986 Y128.891
G0 X89.986 Y127.314
G1 F990.1 X90.47 Y126.908 E1473.36579
G1 F1204.8 X90.954 Y126.501 E1473.40246
G1 F1435.4 X91.17 Y126.26 E1473.4182
G1 F1500 E1466.9182
G0 F9000 X92.376 Y124.675
G0 X92.95 Y123.878
G0 X92.957 Y124.168
G1 F1500 E1473.4182
G1 F1734.1 X92.892 Y124.131 E1473.42122
G1 X92.893 Y124.205 E1473.4242
G1 X92.957 Y124.168 E1473.42717
G1 F1500 E1466.92717
G0 F9000 X92.95 Y123.878
G0 X93.451 Y124.673
G0 X94.654 Y126.26
G1 F1500 E1473.42717
G1 F1435.4 X94.87 Y126.501 E1473.44292
G1 F1204.8 X95.35 Y126.904 E1473.47926
G1 F993.4 X95.831 Y127.308 E1473.52342
G0 F9000 X99.843 Y128.891
G0 X99.846 Y129.204
G1 F1500 X103.766 Y128.478 E1473.70906
G1 X106.299 Y126.65 E1473.85451
G1 X107.796 Y124.131 E1473.99096
G1 F1421.8 X107.985 Y123.304 E1474.03263
G1 F1321.6 X108.002 Y123.198 E1474.0383
G1 F1310 X108.491 Y121.319 E1474.14182
G1 F1470.6 X108.602 Y120.363 E1474.18753
G1 F1666.7 X108.719 Y118.666 E1474.25882
G1 F1174.2 X108.546 Y118.274 E1474.28431
G1 X108.365 Y118.662 E1474.30978
G1 F1676 X108.251 Y120.265 E1474.37675
G1 F1474.2 X108.047 Y121.225 E1474.42325
G1 F1310 X107.566 Y123.045 E1474.52362
G1 F1388.9 X107.09 Y123.773 E1474.56736
G1 F1500 X105.974 Y125.61 E1474.66744
G1 X103.265 Y127.516 E1474.82168
G1 X99.249 Y128.241 E1475.0117
G1 X98.592 Y128.143 E1475.04264
G1 F1342.3 X97.602 Y128.04 E1475.09443
G1 F1227 X97.295 Y127.911 E1475.11338
G1 F1428.6 X96.225 Y127.376 E1475.17187
G1 F1185.8 X95.83 Y127.307 E1475.19549
G1 F1000 X95.908 Y127.465 E1475.2078
G1 F1333.3 X96.05 Y127.683 E1475.22143
G1 F1428.6 X97.078 Y128.344 E1475.28118
G1 F1227 X97.442 Y128.503 E1475.3038
G1 F1239.7 X97.519 Y128.548 E1475.30882
G1 F1376.1 X98.407 Y128.982 E1475.35899
G1 F1500 X99.846 Y129.204 E1475.42678
G0 F9000 X99.843 Y128.891
G0 X103.206 Y127.373
G0 X105.86 Y125.505
G0 X107.406 Y122.966
G0 X107.812 Y121.422
G0 X108.546 Y118.274
G1 F943.4 X108.55 Y117.733 E1475.46684
G1 F988.5 X108.503 Y116.783 E1475.53405
G1 F1041.7 X108.431 Y115.963 E1475.58924
G1 F1109.1 X108.049 Y113.258 E1475.76129
G1 F1295.9 X107.882 Y112.637 E1475.79595
G1 F1522.8 X106.982 Y110.402 E1475.90646
G1 F1680.7 X106.739 Y109.921 E1475.92886
G1 F1840.5 X105.184 Y107.406 E1476.04107
G1 F1875 X104.991 Y107.131 E1476.05358
G1 X102.711 Y104.271 E1476.18983
G1 F1709.4 X101.335 Y102.799 E1476.27217
G1 F1591.5 X99.959 Y101.326 E1476.36063
G1 F1500 X99.734 Y101.098 E1476.37555
G1 F1385.7 X96.818 Y98.285 E1476.57977
G1 F1268.5 X96.277 Y97.78 E1476.62052
G1 F1192.8 X94.818 Y96.46 E1476.73573
G1 F1134.2 X93.358 Y95.139 E1476.85698
G0 F9000 X93.359 Y95.14
G1 F1312.9 X93.038 Y94.732 E1476.8846
G1 F1612.9 X92.912 Y94.616 E1476.89201
G1 X92.787 Y94.731 E1476.89937
G1 F1312.9 X92.465 Y95.14 E1476.92706
G1 X92.912 Y95.054 E1476.95128
G1 X93.359 Y95.14 E1476.97549
G1 F1500 E1470.47549
G0 F9000 X99.848 Y101.421
G0 X102.606 Y104.332
G0 X104.889 Y107.162
G0 X106.627 Y109.927
G0 X107.738 Y112.646
G0 X108.211 Y115.97
G0 X108.3 Y117.772
G0 X108.122 Y120.243
G0 X107.406 Y122.966
G0 X105.86 Y125.505
G0 X103.206 Y127.373
G0 X99.299 Y128.139
G0 X99.245 Y127.832
;TYPE:WALL-OUTER
G1 F1500 E1476.97549
G1 X97.711 Y127.606 E1477.04769
G1 X96.3 Y126.992 E1477.11935
G1 X95.1 Y126.144 E1477.18777
G1 X94.93 Y125.978 E1477.19883
G1 F1242.2 X94.587 Y125.758 E1477.22174
G1 F1127.8 X94.102 Y125.239 E1477.26573
G1 F1282.1 X93.668 Y124.633 E1477.30634
G1 F1449.3 X93.542 Y124.435 E1477.31765
G1 F1522.8 X93.367 Y124.21 E1477.33073
G1 F1507.5 X92.914 Y123.412 E1477.37324
G1 X92.461 Y124.21 E1477.41576
G1 F1515.2 X92.286 Y124.433 E1477.42882
G1 F1449.3 X92.161 Y124.629 E1477.44003
G1 F1287.6 X91.722 Y125.239 E1477.4808
G1 F1127.8 X91.238 Y125.758 E1477.52475
G1 F1242.2 X90.895 Y125.977 E1477.54763
G1 F1500 X90.721 Y126.147 E1477.55895
G1 X89.524 Y126.992 E1477.62718
G1 X88.121 Y127.606 E1477.69849
G1 X86.581 Y127.835 E1477.77099
G1 X82.725 Y127.138 E1477.95345
G1 X80.154 Y125.332 E1478.09975
G1 X78.657 Y122.867 E1478.23404
G1 X77.957 Y120.217 E1478.36167
G1 X77.78 Y117.758 E1478.47647
G1 X77.865 Y115.97 E1478.55982
G1 X77.97 Y115.158 E1478.59794
G1 X78.332 Y112.718 E1478.7128
G1 X79.414 Y110.056 E1478.8466
G1 X81.148 Y107.298 E1478.9983
G1 X83.414 Y104.49 E1479.16632
G1 X86.157 Y101.591 E1479.35216
G1 X89.31 Y98.59 E1479.55484
G1 X92.778 Y95.49 E1479.77144
G1 X92.912 Y95.44 E1479.7781
G1 X93.046 Y95.49 E1479.78476
G1 X96.523 Y98.595 E1480.00182
G1 X99.674 Y101.598 E1480.20451
G1 X102.424 Y104.502 E1480.39074
G1 X104.694 Y107.317 E1480.55913
G1 X106.394 Y110.025 E1480.70801
G1 X107.496 Y112.718 E1480.8435
G1 X107.85 Y115.161 E1480.95844
G1 X107.959 Y115.969 E1480.99641
G1 X108.048 Y117.783 E1481.08098
G1 X107.87 Y120.219 E1481.19471
G1 X107.172 Y122.867 E1481.32222
G1 X105.677 Y125.323 E1481.45611
G1 X103.114 Y127.133 E1481.60221
G1 X99.245 Y127.832 E1481.78529
G1 F1500 E1475.28529
G0 F9000 X99.299 Y128.139
G0 X99.85 Y129.298
G0 X99.852 Y129.609
G1 F1500 E1481.78529
G1 X103.927 Y128.855 E1481.97825
G1 X106.601 Y126.926 E1482.13178
G1 X108.169 Y124.286 E1482.27476
G1 X108.913 Y121.387 E1482.41413
G1 X109.099 Y118.705 E1482.53931
G1 X109.006 Y116.759 E1482.63003
G1 X108.938 Y116.174 E1482.65745
G1 X108.505 Y113.137 E1482.8003
G1 X107.34 Y110.222 E1482.94647
G1 X105.487 Y107.195 E1483.11173
G1 X103.002 Y104.044 E1483.29859
G1 X100.017 Y100.809 E1483.50356
G1 X96.588 Y97.462 E1483.72668
G1 X92.912 Y94.092 E1483.9589
G1 X89.229 Y97.47 E1484.1916
G1 X85.786 Y100.836 E1484.41581
G1 X82.804 Y104.065 E1484.62047
G1 X80.337 Y107.195 E1484.80605
G1 X78.484 Y110.222 E1484.97131
G1 X77.319 Y113.136 E1485.11744
G1 X76.882 Y116.184 E1485.26082
G1 X76.82 Y116.764 E1485.28798
G1 X76.725 Y118.705 E1485.37847
G1 X76.914 Y121.387 E1485.50366
G1 X77.655 Y124.286 E1485.64299
G1 X79.223 Y126.926 E1485.78597
G1 X81.897 Y128.855 E1485.9395
G1 X85.972 Y129.609 E1486.13247
G1 X87.535 Y129.37 E1486.2061
G1 X88.967 Y128.729 E1486.27915
G1 X90.218 Y127.83 E1486.35088
G1 X91.272 Y126.779 E1486.42019
G1 X91.485 Y126.499 E1486.43657
G1 F1242.2 X91.66 Y126.131 E1486.45949
G1 F1098.9 X91.998 Y125.716 E1486.49351
G1 F1250 X92.533 Y124.845 E1486.55062
G1 F1456.3 X92.633 Y124.62 E1486.56243
G1 F1522.8 X92.729 Y124.54 E1486.56816
G1 F1515.2 X93.098 Y124.54 E1486.58517
G1 F1526.7 X93.194 Y124.62 E1486.59089
G1 F1449.3 X93.292 Y124.847 E1486.60281
G1 F1293.1 X93.678 Y125.487 E1486.64318
G1 F1176.5 X93.826 Y125.716 E1486.65936
G1 F1098.9 X94.163 Y126.13 E1486.69329
G1 F1242.2 X94.338 Y126.498 E1486.71621
G1 F1500 X94.551 Y126.78 E1486.73266
G1 X95.606 Y127.831 E1486.802
G1 X96.857 Y128.729 E1486.87371
G1 X98.293 Y129.37 E1486.94693
G1 X99.852 Y129.609 E1487.02038
G0 F9000 X99.627 Y129.089
;TYPE:FILL
G1 F3000 X98.792 Y128.254 E1487.07536
G0 F9000 X98.3 Y128.836
G1 F3000 X102.218 Y127.786 E1487.26424
G0 F9000 X101.941 Y127.835
G1 F3000 X101.688 Y128.782 E1487.30988
G0 F9000 X101.647 Y128.556
G0 X103.646 Y127.627
G0 X103.515 Y127.439
G1 F3000 X105.988 Y126.776 E1487.4291
G1 F1500 E1480.9291
G0 F9000 X105.857 Y126.592
G0 X108.669 Y121.347
G0 X108.265 Y113.204
G0 X105.282 Y107.335
G0 X99.845 Y100.989
G0 X92.914 Y94.419
G0 X82.997 Y104.223
G0 X78.71 Y110.329
G0 X77.07 Y116.769
G0 X77.16 Y121.347
G0 X79.902 Y125.472
G0 X81.792 Y127.906
G0 X81.658 Y128.091
G1 F1500 E1487.4291
G1 F3000 X78.743 Y125.176 E1487.62106
G0 F9000 X78.941 Y125.059
G0 X78.319 Y124.013
G0 X78.1 Y124.085
G1 F3000 X78.309 Y123.302 E1487.6588
G1 F1500 E1481.1588
G0 F9000 X78.147 Y123.4
G0 X77.707 Y120.243
G0 X77.529 Y117.772
G0 X77.617 Y115.97
G0 X78.091 Y112.646
G0 X79.202 Y109.927
G0 X80.94 Y107.162
G0 X83.223 Y104.332
G0 X85.98 Y101.421
G0 X89.135 Y98.415
G0 X92.914 Y95.05
G0 X96.693 Y98.415
G0 X99.848 Y101.421
G0 X102.606 Y104.332
G0 X104.889 Y107.162
G0 X106.627 Y109.927
G0 X107.738 Y112.646
G0 X108.121 Y115.339
G0 X108.689 Y121.35
G0 X109.78 Y121.425
G0 X113.862 Y122.189
G0 X114.795 Y121.621
G0 X120.771 Y123.439
G0 X120.765 Y123.748
;TYPE:WALL-INNER
G1 F1500 E1487.6588
G1 X122.069 Y123.554 E1487.72018
G1 X123.281 Y123.029 E1487.78169
G1 X124.371 Y122.264 E1487.84369
G1 X125.275 Y121.383 E1487.90247
G1 X125.951 Y120.513 E1487.95377
G1 X126.361 Y119.791 E1487.99244
G1 X126.45 Y119.564 E1488.00379
G1 X126.559 Y119.437 E1488.01158
G1 X126.819 Y119.29 E1488.02549
G1 X127.248 Y119.285 E1488.04547
G1 X127.436 Y119.33 E1488.05447
G1 X127.616 Y119.447 E1488.06447
G1 X127.71 Y119.56 E1488.07131
G1 X127.798 Y119.772 E1488.082
G1 X128.217 Y120.514 E1488.12168
G1 X128.893 Y121.383 E1488.17294
G1 X129.797 Y122.264 E1488.23172
G1 X130.887 Y123.029 E1488.29373
G1 X132.099 Y123.554 E1488.35523
G1 X133.403 Y123.748 E1488.41662
G1 X136.959 Y123.112 E1488.58483
G1 X139.248 Y121.501 E1488.71517
G1 X140.597 Y119.279 E1488.83621
G1 X141.249 Y116.797 E1488.9557
G1 X141.415 Y114.481 E1489.06382
G1 X141.333 Y112.801 E1489.14214
G1 X141.263 Y112.249 E1489.16805
G1 X140.888 Y109.651 E1489.29028
G1 X139.86 Y107.14 E1489.41662
G1 X138.198 Y104.494 E1489.56212
G1 X135.984 Y101.752 E1489.72622
G1 X133.267 Y98.884 E1489.91018
G1 X130.144 Y95.909 E1490.11102
G1 X127.084 Y93.173 E1490.30216
G1 X124.016 Y95.917 E1490.49382
G1 X120.89 Y98.896 E1490.69489
G1 X118.184 Y101.752 E1490.87809
G1 X115.97 Y104.494 E1491.04219
G1 X114.308 Y107.14 E1491.18769
G1 X113.28 Y109.652 E1491.31408
G1 X112.919 Y112.129 E1491.43063
G1 X112.835 Y112.8 E1491.46212
G1 X112.754 Y114.481 E1491.54049
G1 X112.919 Y116.797 E1491.6486
G1 X113.571 Y119.278 E1491.76805
G1 X114.924 Y121.501 E1491.88923
G1 X117.209 Y123.112 E1492.01941
G1 X120.765 Y123.748 E1492.18762
G0 F9000 X120.759 Y124.153
;TYPE:WALL-OUTER
G1 F1500 X122.18 Y123.942 E1492.25452
G1 X123.477 Y123.38 E1492.32034
G1 X124.627 Y122.573 E1492.38575
G1 X125.574 Y121.65 E1492.44733
G1 X126.285 Y120.736 E1492.50125
G1 X126.736 Y119.941 E1492.54381
G1 X126.787 Y119.78 E1492.55168
G1 X126.895 Y119.689 E1492.55825
G1 X127.219 Y119.684 E1492.57334
G1 X127.308 Y119.718 E1492.57778
G1 X127.883 Y120.736 E1492.63222
G1 X128.594 Y121.65 E1492.68614
G1 X129.541 Y122.573 E1492.74771
G1 X130.691 Y123.38 E1492.81313
G1 X131.988 Y123.942 E1492.87895
G1 X133.409 Y124.153 E1492.94585
G1 X137.117 Y123.49 E1493.12124
G1 X139.546 Y121.78 E1493.25956
G1 X140.969 Y119.437 E1493.38721
G1 X141.645 Y116.863 E1493.51113
G1 X141.815 Y114.485 E1493.62214
G1 X141.732 Y112.766 E1493.70228
G1 X141.659 Y112.192 E1493.72922
G1 X141.277 Y109.545 E1493.85376
G1 X140.217 Y106.956 E1493.98402
G1 X138.524 Y104.261 E1494.13222
G1 X136.285 Y101.488 E1494.29818
G1 X133.55 Y98.602 E1494.48332
G1 X130.416 Y95.615 E1494.68492
G1 X127.084 Y92.637 E1494.89301
G1 X123.744 Y95.623 E1495.10162
G1 X120.606 Y98.614 E1495.30348
G1 X117.883 Y101.488 E1495.48784
G1 X115.644 Y104.261 E1495.65379
G1 X113.951 Y106.956 E1495.80199
G1 X112.891 Y109.546 E1495.9323
G1 X112.523 Y112.075 E1496.0513
G1 X112.436 Y112.766 E1496.08373
G1 X112.353 Y114.485 E1496.16387
G1 X112.523 Y116.863 E1496.27488
G1 X113.199 Y119.436 E1496.39876
G1 X114.626 Y121.78 E1496.52654
G1 X117.051 Y123.49 E1496.66471
G1 X120.759 Y124.153 E1496.84011
G0 F9000 X120.769 Y123.845
G0 X118.902 Y123.102
G0 X118.862 Y123.326
;TYPE:FILL
G1 F3000 X124.798 Y121.736 E1497.12626
G0 F9000 X124.641 Y121.574
G0 X125.297 Y120.857
G0 X125.475 Y120.997
G1 F3000 X113.588 Y109.109 E1497.90907
G0 F9000 X113.802 Y109.197
G0 X113.182 Y112.515
G0 X112.955 Y112.486
G1 F3000 X138.778 Y105.567 E1499.15391
G0 F9000 X138.585 Y105.688
G0 X134.074 Y100.183
G0 X134.239 Y100.028
G1 F3000 X128.639 Y120.927 E1500.16139
G0 F9000 X128.497 Y120.745
G1 F3000 X141.01 Y117.392 E1500.7646
G0 F9000 X140.793 Y117.335
G0 X140.342 Y119.052
G0 X140.559 Y119.11
G1 F3000 X120.681 Y99.232 E1502.0736
G0 F9000 X120.848 Y99.391
G0 X122.609 Y97.685
G0 X122.452 Y97.518
G1 F3000 X129.663 Y95.586 E1502.42122
G0 F9000 X129.51 Y95.756
G0 X122.658 Y97.638
G0 X122.501 Y97.472
G1 F3000 X115.903 Y122.093 E1503.60813
G0 F9000 X116.208 Y121.661
G1 F1500 E1497.10813
;MESH:NONMESH
G0 F300 X116.208 Y121.661 Z4.76
G0 F9000 X112.748 Y116.826
G0 X111.658 Y116.903
G0 X109.366 Y113.044
G0 X92.465 Y95.14
;TIME_ELAPSED:1688.872783
;LAYER:16
;TYPE:WALL-INNER
;MESH:tmpnqf7468lheart_box.stl
G1 F1500 E1503.60813
G1 F1134.2 X91.002 Y96.464 E1503.72963
G1 F1192.8 X89.54 Y97.789 E1503.84517
G1 F1263.2 X89.024 Y98.27 E1503.88417
G1 F1357.5 X87.455 Y99.788 E1503.9965
G1 F1477.8 X85.886 Y101.306 E1504.09968
G1 F1648.4 X83.116 Y104.27 E1504.27159
G1 F1869.2 X80.875 Y107.078 E1504.40584
G1 F1863.4 X80.641 Y107.407 E1504.42097
G1 F1851.9 X79.132 Y109.838 E1504.52889
G1 F1699.7 X78.842 Y110.402 E1504.55495
G1 F1511.3 X77.944 Y112.636 E1504.66622
G1 F1284.8 X77.776 Y113.258 E1504.70125
G1 F1119.4 X77.509 Y115.09 E1504.81677
G1 F1111.1 X77.391 Y115.964 E1504.8722
G1 F1039.9 X77.322 Y116.803 E1504.92875
G1 F982 X77.275 Y117.819 E1505.00109
G1 F934.6 X77.279 Y118.241 E1505.03263
G0 F9000 X77.707 Y120.243
G0 X78.423 Y122.966
G0 X79.969 Y125.505
G0 X82.623 Y127.373
G0 X85.986 Y128.891
G0 X85.978 Y129.204
G1 F1500 X87.421 Y128.983 E1505.10061
G1 F1327.4 X88.299 Y128.534 E1505.1525
G1 F1214.6 X88.746 Y128.344 E1505.18043
G1 F1425.2 X89.765 Y127.69 E1505.23977
G1 F1321.6 X89.91 Y127.467 E1505.25383
G1 F990.1 X89.986 Y127.314 E1505.26588
G1 F1181.1 X89.59 Y127.381 E1505.28963
G1 F1542.4 X88.391 Y127.98 E1505.35032
G1 F1298.7 X88.16 Y128.056 E1505.3634
G1 F1327.4 X87.236 Y128.142 E1505.41223
G1 F1500 X86.575 Y128.241 E1505.44335
G1 X82.576 Y127.518 E1505.63258
G1 X79.855 Y125.612 E1505.78727
G1 X78.738 Y123.772 E1505.8875
G1 F1395.3 X78.251 Y123.026 E1505.9321
G1 F1310 X77.782 Y121.226 E1506.03127
G1 F1459.9 X77.586 Y120.309 E1506.07614
G1 F1657.5 X77.462 Y118.629 E1506.14712
G1 F1171.9 X77.279 Y118.241 E1506.17269
G1 X77.106 Y118.633 E1506.19823
G1 F1657.5 X77.225 Y120.365 E1506.27139
G1 F1459.9 X77.337 Y121.319 E1506.31735
G1 F1301.5 X77.824 Y123.197 E1506.42147
G1 F1382.5 X78.029 Y124.131 E1506.46978
G1 F1500 X79.525 Y126.65 E1506.6062
G1 X82.058 Y128.478 E1506.75165
G1 X85.978 Y129.204 E1506.93729
G0 F9000 X85.986 Y128.891
G0 X89.986 Y127.314
G1 F990.1 X90.47 Y126.908 E1506.98185
G1 F1204.8 X90.954 Y126.501 E1507.01851
G1 F1435.4 X91.17 Y126.26 E1507.03426
G1 F1500 E1500.53426
G0 F9000 X92.376 Y124.675
G0 X92.95 Y123.878
G0 X92.957 Y124.168
G1 F1500 E1507.03426
G1 F1734.1 X92.892 Y124.131 E1507.03727
G1 X92.893 Y124.205 E1507.04025
G1 X92.957 Y124.168 E1507.04323
G1 F1500 E1500.54323
G0 F9000 X92.95 Y123.878
G0 X93.451 Y124.673
G0 X94.654 Y126.26
G1 F1500 E1507.04323
G1 F1435.4 X94.87 Y126.501 E1507.05898
G1 F1204.8 X95.35 Y126.904 E1507.09531
G1 F993.4 X95.831 Y127.308 E1507.13948
G0 F9000 X99.843 Y128.891
G0 X99.846 Y129.204
G1 F1500 X103.766 Y128.478 E1507.32512
G1 X106.299 Y126.65 E1507.47057
G1 X107.796 Y124.131 E1507.60701
G1 F1421.8 X107.985 Y123.304 E1507.64869
G1 F1321.6 X108.002 Y123.198 E1507.65436
G1 F1310 X108.491 Y121.319 E1507.75788
G1 F1470.6 X108.602 Y120.363 E1507.80359
G1 F1666.7 X108.719 Y118.666 E1507.87488
G1 F1174.2 X108.546 Y118.274 E1507.90037
G1 X108.365 Y118.662 E1507.92583
G1 F1676 X108.251 Y120.265 E1507.99281
G1 F1474.2 X108.047 Y121.225 E1508.03931
G1 F1310 X107.566 Y123.045 E1508.13967
G1 F1388.9 X107.09 Y123.773 E1508.18342
G1 F1500 X105.974 Y125.61 E1508.2835
G1 X103.265 Y127.516 E1508.43774
G1 X99.249 Y128.241 E1508.62776
G1 X98.592 Y128.143 E1508.65869
G1 F1342.3 X97.602 Y128.04 E1508.71049
G1 F1227 X97.295 Y127.911 E1508.72944
G1 F1428.6 X96.225 Y127.376 E1508.78793
G1 F1185.8 X95.83 Y127.307 E1508.81155
G1 F1000 X95.908 Y127.465 E1508.82386
G1 F1333.3 X96.05 Y127.683 E1508.83749
G1 F1428.6 X97.078 Y128.344 E1508.89724
G1 F1227 X97.442 Y128.503 E1508.91985
G1 F1239.7 X97.519 Y128.548 E1508.92488
G1 F1376.1 X98.407 Y128.982 E1508.97504
G1 F1500 X99.846 Y129.204 E1509.04284
G0 F9000 X99.843 Y128.891
G0 X103.206 Y127.373
G0 X105.86 Y125.505
G0 X107.406 Y122.966
G0 X107.812 Y121.422
G0 X108.546 Y118.274
G1 F943.4 X108.55 Y117.733 E1509.0829
G1 F988.5 X108.503 Y116.783 E1509.15011
G1 F1041.7 X108.431 Y115.963 E1509.2053
G1 F1109.1 X108.049 Y113.258 E1509.37735
G1 F1295.9 X107.882 Y112.637 E1509.41201
G1 F1522.8 X106.982 Y110.402 E1509.52252
G1 F1680.7 X106.739 Y109.921 E1509.54491
G1 F1840.5 X105.184 Y107.406 E1509.65713
G1 F1875 X104.991 Y107.131 E1509.66964
G1 X102.711 Y104.271 E1509.80589
G1 F1709.4 X101.335 Y102.799 E1509.88822
G1 F1591.5 X99.959 Y101.326 E1509.97669
G1 F1500 X99.734 Y101.098 E1509.9916
G1 F1385.7 X96.818 Y98.285 E1510.19583
G1 F1268.5 X96.277 Y97.78 E1510.23658
G1 F1192.8 X94.818 Y96.46 E1510.35179
G1 F1134.2 X93.358 Y95.139 E1510.47304
G0 F9000 X93.359 Y95.14
G1 F1312.9 X93.038 Y94.732 E1510.50065
G1 F1612.9 X92.912 Y94.616 E1510.50807
G1 X92.787 Y94.731 E1510.51543
G1 F1312.9 X92.465 Y95.14 E1510.54312
G1 X92.912 Y95.054 E1510.56733
G1 X93.359 Y95.14 E1510.59155
G1 F1500 E1504.09155
G0 F9000 X99.848 Y101.421
G0 X102.606 Y104.332
G0 X104.889 Y107.162
G0 X106.627 Y109.927
G0 X107.738 Y112.646
G0 X108.211 Y115.97
G0 X108.3 Y117.772
G0 X108.122 Y120.243
G0 X107.406 Y122.966
G0 X105.86 Y125.505
G0 X103.206 Y127.373
G0 X99.299 Y128.139
G0 X99.245 Y127.832
;TYPE:WALL-OUTER
G1 F1500 E1510.59155
G1 X97.711 Y127.606 E1510.66375
G1 X96.3 Y126.992 E1510.7354
G1 X95.1 Y126.144 E1510.80383
G1 X94.93 Y125.978 E1510.81489
G1 F1242.2 X94.587 Y125.758 E1510.8378
G1 F1127.8 X94.102 Y125.239 E1510.88179
G1 F1282.1 X93.668 Y124.633 E1510.9224
G1 F1449.3 X93.542 Y124.435 E1510.93371
G1 F1522.8 X93.367 Y124.21 E1510.94679
G1 F1507.5 X92.914 Y123.412 E1510.9893
G1 X92.461 Y124.21 E1511.03181
G1 F1515.2 X92.286 Y124.433 E1511.04488
G1 F1449.3 X92.161 Y124.629 E1511.05608
G1 F1287.6 X91.722 Y125.239 E1511.09685
G1 F1127.8 X91.238 Y125.758 E1511.1408
G1 F1242.2 X90.895 Y125.977 E1511.16368
G1 F1500 X90.721 Y126.147 E1511.17501
G1 X89.524 Y126.992 E1511.24324
G1 X88.121 Y127.606 E1511.31455
G1 X86.581 Y127.835 E1511.38705
G1 X82.725 Y127.138 E1511.56951
G1 X80.154 Y125.332 E1511.71581
G1 X78.657 Y122.867 E1511.8501
G1 X77.957 Y120.217 E1511.97773
G1 X77.78 Y117.783 E1512.09136
G1 X77.865 Y115.97 E1512.17588
G1 X77.97 Y115.158 E1512.214
G1 X78.332 Y112.718 E1512.32886
G1 X79.414 Y110.056 E1512.46266
G1 X81.148 Y107.298 E1512.61436
G1 X83.414 Y104.49 E1512.78238
G1 X86.157 Y101.591 E1512.96822
G1 X89.31 Y98.59 E1513.1709
G1 X92.778 Y95.49 E1513.3875
G1 X92.912 Y95.44 E1513.39416
G1 X93.046 Y95.49 E1513.40082
G1 X96.523 Y98.595 E1513.61788
G1 X99.674 Y101.598 E1513.82057
G1 X102.424 Y104.502 E1514.0068
G1 X104.694 Y107.317 E1514.17519
G1 X106.394 Y110.025 E1514.32407
G1 X107.496 Y112.718 E1514.45956
G1 X107.85 Y115.161 E1514.5745
G1 X107.959 Y115.969 E1514.61247
G1 X108.048 Y117.783 E1514.69704
G1 X107.87 Y120.219 E1514.81077
G1 X107.172 Y122.867 E1514.93828
G1 X105.677 Y125.323 E1515.07217
G1 X103.114 Y127.133 E1515.21827
G1 X99.245 Y127.832 E1515.40134
G1 F1500 E1508.90134
G0 F9000 X99.299 Y128.139
G0 X99.85 Y129.298
G0 X99.852 Y129.609
G1 F1500 E1515.40134
G1 X103.927 Y128.855 E1515.59431
G1 X106.601 Y126.926 E1515.74784
G1 X108.169 Y124.286 E1515.89082
G1 X108.913 Y121.387 E1516.03019
G1 X109.099 Y118.705 E1516.15537
G1 X109.006 Y116.759 E1516.24609
G1 X108.938 Y116.174 E1516.27351
G1 X108.505 Y113.137 E1516.41636
G1 X107.34 Y110.222 E1516.56253
G1 X105.487 Y107.195 E1516.72779
G1 X103.002 Y104.044 E1516.91465
G1 X100.017 Y100.809 E1517.11962
G1 X96.588 Y97.462 E1517.34274
G1 X92.912 Y94.092 E1517.57495
G1 X89.229 Y97.47 E1517.80766
G1 X85.786 Y100.836 E1518.03187
G1 X82.804 Y104.065 E1518.23653
G1 X80.337 Y107.195 E1518.42211
G1 X78.484 Y110.222 E1518.58737
G1 X77.319 Y113.136 E1518.7335
G1 X76.882 Y116.184 E1518.87688
G1 X76.82 Y116.764 E1518.90404
G1 X76.725 Y118.705 E1518.99453
G1 X76.914 Y121.387 E1519.11972
G1 X77.655 Y124.286 E1519.25905
G1 X79.223 Y126.926 E1519.40203
G1 X81.897 Y128.855 E1519.55556
G1 X85.972 Y129.609 E1519.74853
G1 X87.535 Y129.37 E1519.82216
G1 X88.967 Y128.729 E1519.89521
G1 X90.218 Y127.83 E1519.96694
G1 X91.272 Y126.779 E1520.03625
G1 X91.485 Y126.499 E1520.05263
G1 F1242.2 X91.66 Y126.131 E1520.07555
G1 F1098.9 X91.998 Y125.716 E1520.10957
G1 F1250 X92.533 Y124.845 E1520.16668
G1 F1456.3 X92.633 Y124.62 E1520.17849
G1 F1522.8 X92.729 Y124.54 E1520.18422
G1 F1515.2 X93.098 Y124.54 E1520.20123
G1 F1526.7 X93.194 Y124.62 E1520.20695
G1 F1449.3 X93.292 Y124.847 E1520.21887
G1 F1293.1 X93.678 Y125.487 E1520.25924
G1 F1176.5 X93.826 Y125.716 E1520.27542
G1 F1098.9 X94.163 Y126.13 E1520.30935
G1 F1242.2 X94.338 Y126.498 E1520.33227
G1 F1500 X94.551 Y126.78 E1520.34872
G1 X95.606 Y127.831 E1520.41806
G1 X96.857 Y128.729 E1520.48977
G1 X98.293 Y129.37 E1520.56299
G1 X99.852 Y129.609 E1520.63644
G0 F9000 X99.926 Y129.108
;TYPE:FILL
G1 F3000 X99.121 Y128.303 E1520.68945
G0 F9000 X98.672 Y128.941
G1 F3000 X105.536 Y127.102 E1521.02034
G0 F9000 X105.405 Y126.918
G0 X103.568 Y127.668
G0 X101.766 Y128.102
G0 X101.726 Y127.875
G1 F3000 X101.472 Y128.822 E1521.06599
G1 F1500 E1514.56599
G0 F9000 X101.431 Y128.596
G0 X107.94 Y124.189
G0 X108.668 Y116.025
G0 X107.118 Y110.329
G0 X102.831 Y104.223
G0 X92.914 Y94.419
G0 X82.997 Y104.223
G0 X78.71 Y110.329
G0 X77.07 Y116.769
G0 X77.16 Y121.347
G0 X79.902 Y125.472
G0 X82.329 Y128.215
G0 X82.287 Y128.44
G1 F1500 E1521.06599
G1 F3000 X78.333 Y124.486 E1521.32637
G0 F9000 X78.014 Y123.641
G1 F3000 X78.161 Y123.091 E1521.35288
G1 F1500 E1514.85288
G0 F9000 X78.014 Y123.18
G0 X77.707 Y120.243
G0 X77.529 Y117.772
G0 X77.617 Y115.97
G0 X78.091 Y112.646
G0 X79.202 Y109.927
G0 X80.94 Y107.162
G0 X83.223 Y104.332
G0 X85.98 Y101.421
G0 X89.135 Y98.415
G0 X92.914 Y95.05
G0 X96.693 Y98.415
G0 X99.848 Y101.421
G0 X102.606 Y104.332
G0 X104.889 Y107.162
G0 X106.627 Y109.927
G0 X107.738 Y112.646
G0 X108.121 Y115.339
G0 X108.689 Y121.35
G0 X109.78 Y121.425
G0 X113.862 Y122.189
G0 X114.795 Y121.621
G0 X120.771 Y123.439
G0 X120.765 Y123.748
;TYPE:WALL-INNER
G1 F1500 E1521.35288
G1 X122.069 Y123.554 E1521.41427
G1 X123.281 Y123.029 E1521.47577
G1 X124.371 Y122.264 E1521.53778
G1 X125.275 Y121.383 E1521.59655
G1 X125.951 Y120.513 E1521.64786
G1 X126.361 Y119.791 E1521.68652
G1 X126.45 Y119.564 E1521.69787
G1 X126.559 Y119.437 E1521.70566
G1 X126.819 Y119.29 E1521.71957
G1 X127.248 Y119.285 E1521.73955
G1 X127.436 Y119.33 E1521.74855
G1 X127.616 Y119.447 E1521.75855
G1 X127.71 Y119.56 E1521.76539
G1 X127.798 Y119.772 E1521.77608
G1 X128.217 Y120.514 E1521.81576
G1 X128.893 Y121.383 E1521.86702
G1 X129.797 Y122.264 E1521.9258
G1 X130.887 Y123.029 E1521.98781
G1 X132.099 Y123.554 E1522.04931
G1 X133.403 Y123.748 E1522.1107
G1 X136.959 Y123.112 E1522.27891
G1 X139.248 Y121.501 E1522.40925
G1 X140.597 Y119.279 E1522.53029
G1 X141.249 Y116.797 E1522.64978
G1 X141.415 Y114.481 E1522.7579
G1 X141.333 Y112.801 E1522.83622
G1 X141.263 Y112.249 E1522.86213
G1 X140.888 Y109.651 E1522.98436
G1 X139.86 Y107.14 E1523.1107
G1 X138.198 Y104.494 E1523.2562
G1 X135.984 Y101.752 E1523.4203
G1 X133.267 Y98.884 E1523.60426
G1 X130.144 Y95.909 E1523.8051
G1 X127.084 Y93.173 E1523.99624
G1 X124.016 Y95.917 E1524.1879
G1 X120.89 Y98.896 E1524.38897
G1 X118.184 Y101.752 E1524.57217
G1 X115.97 Y104.494 E1524.73627
G1 X114.308 Y107.14 E1524.88177
G1 X113.28 Y109.652 E1525.00816
G1 X112.919 Y112.129 E1525.12472
G1 X112.835 Y112.8 E1525.1562
G1 X112.754 Y114.481 E1525.23457
G1 X112.919 Y116.797 E1525.34268
G1 X113.571 Y119.278 E1525.46213
G1 X114.924 Y121.501 E1525.58331
G1 X117.209 Y123.112 E1525.7135
G1 X120.765 Y123.748 E1525.8817
G0 F9000 X120.759 Y124.153
;TYPE:WALL-OUTER
G1 F1500 X122.18 Y123.942 E1525.9486
G1 X123.477 Y123.38 E1526.01442
G1 X124.627 Y122.573 E1526.07984
G1 X125.574 Y121.65 E1526.14141
G1 X126.285 Y120.736 E1526.19533
G1 X126.736 Y119.941 E1526.23789
G1 X126.787 Y119.78 E1526.24576
G1 X126.895 Y119.689 E1526.25233
G1 X127.219 Y119.684 E1526.26742
G1 X127.308 Y119.718 E1526.27186
G1 X127.883 Y120.736 E1526.3263
G1 X128.594 Y121.65 E1526.38022
G1 X129.541 Y122.573 E1526.4418
G1 X130.691 Y123.38 E1526.50721
G1 X131.988 Y123.942 E1526.57303
G1 X133.409 Y124.153 E1526.63993
G1 X137.117 Y123.49 E1526.81533
G1 X139.546 Y121.78 E1526.95365
G1 X140.969 Y119.437 E1527.08129
G1 X141.645 Y116.863 E1527.20521
G1 X141.815 Y114.485 E1527.31622
G1 X141.732 Y112.766 E1527.39636
G1 X141.659 Y112.192 E1527.4233
G1 X141.277 Y109.545 E1527.54784
G1 X140.217 Y106.956 E1527.6781
G1 X138.524 Y104.261 E1527.8263
G1 X136.285 Y101.488 E1527.99226
G1 X133.55 Y98.602 E1528.1774
G1 X130.416 Y95.615 E1528.379
G1 X127.084 Y92.637 E1528.58709
G1 X123.744 Y95.623 E1528.7957
G1 X120.606 Y98.614 E1528.99757
G1 X117.883 Y101.488 E1529.18192
G1 X115.644 Y104.261 E1529.34788
G1 X113.951 Y106.956 E1529.49607
G1 X112.891 Y109.546 E1529.62638
G1 X112.523 Y112.075 E1529.74539
G1 X112.436 Y112.766 E1529.77782
G1 X112.353 Y114.485 E1529.85795
G1 X112.523 Y116.863 E1529.96897
G1 X113.199 Y119.436 E1530.09284
G1 X114.626 Y121.78 E1530.22062
G1 X117.051 Y123.49 E1530.35879
G1 X120.759 Y124.153 E1530.53419
G0 F9000 X120.769 Y123.845
G0 X119.36 Y123.184
G0 X119.32 Y123.409
;TYPE:FILL
G1 F3000 X124.508 Y122.019 E1530.78429
G0 F9000 X124.351 Y121.857
G0 X125.42 Y120.699
G0 X125.598 Y120.839
G1 F3000 X113.669 Y108.91 E1531.56983
G0 F9000 X113.883 Y108.998
G0 X113.155 Y112.727
G0 X112.928 Y112.698
G1 F3000 X138.889 Y105.742 E1532.82132
G0 F9000 X138.695 Y105.863
G0 X133.914 Y100.014
G0 X134.079 Y99.859
G1 F3000 X128.487 Y120.731 E1533.82749
G0 F9000 X128.629 Y120.914
G1 F3000 X140.952 Y117.612 E1534.42154
G0 F9000 X140.735 Y117.555
G0 X140.4 Y118.831
G0 X140.617 Y118.888
G1 F3000 X120.818 Y99.088 E1535.72537
G0 F9000 X120.984 Y99.246
G0 X122.31 Y97.97
G0 X122.153 Y97.803
G1 F3000 X129.839 Y95.743 E1536.0959
G0 F9000 X129.686 Y95.913
G0 X122.383 Y97.9
G0 X122.225 Y97.733
G1 F3000 X115.731 Y121.971 E1537.26433
G0 F9000 X116.036 Y121.54
G1 F1500 E1530.76433
;MESH:NONMESH
G0 F300 X116.036 Y121.54 Z5.04
G0 F9000 X112.748 Y116.826
G0 X111.658 Y116.903
G0 X109.366 Y113.044
G0 X92.465 Y95.14
;TIME_ELAPSED:1728.708521
;LAYER:17
;TYPE:WALL-INNER
;MESH:tmpnqf7468lheart_box.stl
G1 F1500 E1537.26433
G1 F1134.2 X91.002 Y96.464 E1537.38584
G1 F1192.8 X89.54 Y97.789 E1537.50137
G1 F1263.2 X89.024 Y98.27 E1537.54037
G1 F1357.5 X87.455 Y99.788 E1537.6527
G1 F1477.8 X85.886 Y101.306 E1537.75589
G1 F1648.4 X83.116 Y104.27 E1537.92779
G1 F1869.2 X80.875 Y107.078 E1538.06204
G1 F1863.4 X80.641 Y107.407 E1538.07717
G1 F1851.9 X79.132 Y109.838 E1538.18509
G1 F1699.7 X78.842 Y110.402 E1538.21115
G1 F1511.3 X77.944 Y112.636 E1538.32242
G1 F1284.8 X77.776 Y113.258 E1538.35745
G1 F1119.4 X77.509 Y115.09 E1538.47297
G1 F1111.1 X77.391 Y115.964 E1538.52841
G1 F1039.9 X77.322 Y116.803 E1538.58495
G1 F982 X77.275 Y117.819 E1538.65729
G1 F934.6 X77.279 Y118.241 E1538.68883
G0 F9000 X77.707 Y120.243
G0 X78.423 Y122.966
G0 X79.969 Y125.505
G0 X82.623 Y127.373
G0 X85.986 Y128.891
G0 X85.978 Y129.204
G1 F1500 X87.421 Y128.983 E1538.75681
G1 F1327.4 X88.299 Y128.534 E1538.8087
G1 F1214.6 X88.746 Y128.344 E1538.83663
G1 F1425.2 X89.765 Y127.69 E1538.89597
G1 F1321.6 X89.91 Y127.467 E1538.91003
G1 F990.1 X89.986 Y127.314 E1538.92208
G1 F1181.1 X89.59 Y127.381 E1538.94583
G1 F1542.4 X88.391 Y127.98 E1539.00652
G1 F1298.7 X88.16 Y128.056 E1539.0196
G1 F1327.4 X87.236 Y128.142 E1539.06843
G1 F1500 X86.575 Y128.241 E1539.09955
G1 X82.576 Y127.518 E1539.28878
G1 X79.855 Y125.612 E1539.44347
G1 X78.738 Y123.772 E1539.5437
G1 F1395.3 X78.251 Y123.026 E1539.5883
G1 F1310 X77.782 Y121.226 E1539.68747
G1 F1459.9 X77.586 Y120.309 E1539.73234
G1 F1657.5 X77.462 Y118.629 E1539.80333
G1 F1171.9 X77.279 Y118.241 E1539.82889
G1 X77.106 Y118.633 E1539.85443
G1 F1657.5 X77.225 Y120.365 E1539.92759
G1 F1459.9 X77.337 Y121.319 E1539.97355
G1 F1301.5 X77.824 Y123.197 E1540.07767
G1 F1382.5 X78.029 Y124.131 E1540.12598
G1 F1500 X79.525 Y126.65 E1540.2624
G1 X82.058 Y128.478 E1540.40785
G1 X85.978 Y129.204 E1540.59349
G0 F9000 X85.986 Y128.891
G0 X89.986 Y127.314
G1 F990.1 X90.47 Y126.908 E1540.63805
G1 F1204.8 X90.954 Y126.501 E1540.67471
G1 F1435.4 X91.17 Y126.26 E1540.69046
G1 F1500 E1534.19046
G0 F9000 X92.376 Y124.675
G0 X92.95 Y123.878
G0 X92.957 Y124.168
G1 F1500 E1540.69046
G1 F1734.1 X92.892 Y124.131 E1540.69347
G1 X92.893 Y124.205 E1540.69645
G1 X92.957 Y124.168 E1540.69943
G1 F1500 E1534.19943
G0 F9000 X92.95 Y123.878
G0 X93.451 Y124.673
G0 X94.654 Y126.26
G1 F1500 E1540.69943
G1 F1435.4 X94.87 Y126.501 E1540.71518
G1 F1204.8 X95.35 Y126.904 E1540.75151
G1 F993.4 X95.831 Y127.308 E1540.79568
G0 F9000 X99.843 Y128.891
G0 X99.846 Y129.204
G1 F1500 X103.766 Y128.478 E1540.98132
G1 X106.299 Y126.65 E1541.12677
G1 X107.796 Y124.131 E1541.26321
G1 F1421.8 X107.985 Y123.304 E1541.30489
G1 F1321.6 X108.002 Y123.198 E1541.31056
G1 F1310 X108.491 Y121.319 E1541.41408
G1 F1470.6 X108.602 Y120.363 E1541.45979
G1 F1666.7 X108.719 Y118.666 E1541.53108
G1 F1174.2 X108.546 Y118.274 E1541.55657
G1 X108.365 Y118.662 E1541.58203
G1 F1676 X108.251 Y120.265 E1541.64901
G1 F1474.2 X108.047 Y121.225 E1541.69551
G1 F1310 X107.566 Y123.045 E1541.79587
G1 F1388.9 X107.09 Y123.773 E1541.83962
G1 F1500 X105.974 Y125.61 E1541.9397
G1 X103.265 Y127.516 E1542.09394
G1 X99.249 Y128.241 E1542.28396
G1 X98.592 Y128.143 E1542.31489
G1 F1342.3 X97.602 Y128.04 E1542.36669
G1 F1227 X97.295 Y127.911 E1542.38564
G1 F1428.6 X96.225 Y127.376 E1542.44413
G1 F1185.8 X95.83 Y127.307 E1542.46775
G1 F1000 X95.908 Y127.465 E1542.48006
G1 F1333.3 X96.05 Y127.683 E1542.49369
G1 F1428.6 X97.078 Y128.344 E1542.55344
G1 F1227 X97.442 Y128.503 E1542.57605
G1 F1239.7 X97.519 Y128.548 E1542.58108
G1 F1376.1 X98.407 Y128.982 E1542.63124
G1 F1500 X99.846 Y129.204 E1542.69904
G0 F9000 X99.843 Y128.891
G0 X103.206 Y127.373
G0 X105.86 Y125.505
G0 X107.406 Y122.966
G0 X107.812 Y121.422
G0 X108.546 Y118.274
G1 F943.4 X108.55 Y117.733 E1542.7391
G1 F988.5 X108.503 Y116.783 E1542.80631
G1 F1041.7 X108.431 Y115.963 E1542.8615
G1 F1109.1 X108.049 Y113.258 E1543.03355
G1 F1295.9 X107.882 Y112.637 E1543.06821
G1 F1522.8 X106.982 Y110.402 E1543.17872
G1 F1680.7 X106.739 Y109.921 E1543.20111
G1 F1840.5 X105.184 Y107.406 E1543.31333
G1 F1875 X104.991 Y107.131 E1543.32584
G1 X102.711 Y104.271 E1543.46209
G1 F1709.4 X101.335 Y102.799 E1543.54442
G1 F1591.5 X99.959 Y101.326 E1543.63289
G1 F1500 X99.734 Y101.098 E1543.6478
G1 F1385.7 X96.818 Y98.285 E1543.85203
G1 F1268.5 X96.277 Y97.78 E1543.89278
G1 F1192.8 X94.818 Y96.46 E1544.00799
G1 F1134.2 X93.358 Y95.139 E1544.12924
G0 F9000 X93.359 Y95.14
G1 F1312.9 X93.038 Y94.732 E1544.15685
G1 F1612.9 X92.912 Y94.616 E1544.16427
G1 X92.787 Y94.731 E1544.17163
G1 F1312.9 X92.465 Y95.14 E1544.19932
G1 X92.912 Y95.054 E1544.22353
G1 X93.359 Y95.14 E1544.24775
G1 F1500 E1537.74775
G0 F9000 X99.848 Y101.421
G0 X102.606 Y104.332
G0 X104.889 Y107.162
G0 X106.627 Y109.927
G0 X107.738 Y112.646
G0 X108.211 Y115.97
G0 X108.3 Y117.772
G0 X108.122 Y120.243
G0 X107.406 Y122.966
G0 X105.86 Y125.505
G0 X103.206 Y127.373
G0 X99.299 Y128.139
G0 X99.245 Y127.832
;TYPE:WALL-OUTER
G1 F1500 E1544.24775
G1 X97.711 Y127.606 E1544.31995
G1 X96.3 Y126.992 E1544.3916
G1 X95.1 Y126.144 E1544.46003
G1 X94.93 Y125.978 E1544.47109
G1 F1242.2 X94.587 Y125.758 E1544.494
G1 F1127.8 X94.102 Y125.239 E1544.53799
G1 F1282.1 X93.668 Y124.633 E1544.5786
G1 F1449.3 X93.542 Y124.435 E1544.58991
G1 F1522.8 X93.367 Y124.21 E1544.60299
G1 F1507.5 X92.914 Y123.412 E1544.6455
G1 X92.461 Y124.21 E1544.68801
G1 F1515.2 X92.286 Y124.433 E1544.70108
G1 F1449.3 X92.161 Y124.629 E1544.71229
G1 F1287.6 X91.722 Y125.239 E1544.75305
G1 F1127.8 X91.238 Y125.758 E1544.797
G1 F1242.2 X90.895 Y125.977 E1544.81989
G1 F1500 X90.721 Y126.147 E1544.83121
G1 X89.524 Y126.992 E1544.89944
G1 X88.121 Y127.606 E1544.97075
G1 X86.581 Y127.835 E1545.04325
G1 X82.725 Y127.138 E1545.22571
G1 X80.154 Y125.332 E1545.37201
G1 X78.657 Y122.867 E1545.5063
G1 X77.957 Y120.217 E1545.63393
G1 X77.78 Y117.758 E1545.74872
G1 X77.865 Y115.97 E1545.83208
G1 X77.97 Y115.158 E1545.8702
G1 X78.332 Y112.718 E1545.98506
G1 X79.414 Y110.056 E1546.11886
G1 X81.148 Y107.298 E1546.27056
G1 X83.414 Y104.49 E1546.43858
G1 X86.157 Y101.591 E1546.62441
G1 X89.31 Y98.59 E1546.8271
G1 X92.778 Y95.49 E1547.0437
G1 X92.912 Y95.44 E1547.05036
G1 X93.046 Y95.49 E1547.05702
G1 X96.523 Y98.595 E1547.27408
G1 X99.674 Y101.598 E1547.47677
G1 X102.424 Y104.502 E1547.663
G1 X104.694 Y107.317 E1547.83138
G1 X106.394 Y110.025 E1547.98027
G1 X107.496 Y112.718 E1548.11576
G1 X107.85 Y115.161 E1548.2307
G1 X107.959 Y115.969 E1548.26867
G1 X108.048 Y117.758 E1548.35207
G1 X107.87 Y120.219 E1548.46697
G1 X107.172 Y122.867 E1548.59448
G1 X105.677 Y125.323 E1548.72836
G1 X103.114 Y127.133 E1548.87447
G1 X99.245 Y127.832 E1549.05754
G1 F1500 E1542.55754
G0 F9000 X99.299 Y128.139
G0 X99.85 Y129.298
G0 X99.852 Y129.609
G1 F1500 E1549.05754
G1 X103.927 Y128.855 E1549.25051
G1 X106.601 Y126.926 E1549.40404
G1 X108.169 Y124.286 E1549.54702
G1 X108.913 Y121.387 E1549.68638
G1 X109.099 Y118.705 E1549.81157
G1 X109.006 Y116.759 E1549.90229
G1 X108.938 Y116.174 E1549.92971
G1 X108.505 Y113.137 E1550.07255
G1 X107.34 Y110.222 E1550.21873
G1 X105.487 Y107.195 E1550.38399
G1 X103.002 Y104.044 E1550.57085
G1 X100.017 Y100.809 E1550.77582
G1 X96.588 Y97.462 E1550.99894
G1 X92.912 Y94.092 E1551.23115
G1 X89.229 Y97.47 E1551.46386
G1 X85.786 Y100.836 E1551.68806
G1 X82.804 Y104.065 E1551.89273
G1 X80.337 Y107.195 E1552.0783
G1 X78.484 Y110.222 E1552.24357
G1 X77.319 Y113.136 E1552.3897
G1 X76.882 Y116.184 E1552.53307
G1 X76.82 Y116.764 E1552.56024
G1 X76.725 Y118.705 E1552.65072
G1 X76.914 Y121.387 E1552.77592
G1 X77.655 Y124.286 E1552.91525
G1 X79.223 Y126.926 E1553.05823
G1 X81.897 Y128.855 E1553.21176
G1 X85.972 Y129.609 E1553.40473
G1 X87.535 Y129.37 E1553.47835
G1 X88.967 Y128.729 E1553.55141
G1 X90.218 Y127.83 E1553.62314
G1 X91.272 Y126.779 E1553.69245
G1 X91.485 Y126.499 E1553.70883
G1 F1242.2 X91.66 Y126.131 E1553.73174
G1 F1098.9 X91.998 Y125.716 E1553.76576
G1 F1250 X92.533 Y124.845 E1553.82288
G1 F1456.3 X92.633 Y124.62 E1553.83469
G1 F1522.8 X92.729 Y124.54 E1553.84042
G1 F1515.2 X93.098 Y124.54 E1553.85743
G1 F1526.7 X93.194 Y124.62 E1553.86315
G1 F1449.3 X93.292 Y124.847 E1553.87506
G1 F1293.1 X93.678 Y125.487 E1553.91543
G1 F1176.5 X93.826 Y125.716 E1553.93162
G1 F1098.9 X94.163 Y126.13 E1553.96555
G1 F1242.2 X94.338 Y126.498 E1553.98846
G1 F1500 X94.551 Y126.78 E1554.00492
G1 X95.606 Y127.831 E1554.07426
G1 X96.857 Y128.729 E1554.14597
G1 X98.293 Y129.37 E1554.21919
G1 X99.852 Y129.609 E1554.29263
G0 F9000 X100.162 Y129.064
;TYPE:FILL
G1 F3000 X99.394 Y128.297 E1554.34317
G0 F9000 X99.157 Y129.017
G1 F3000 X105.084 Y127.428 E1554.62891
G0 F9000 X104.953 Y127.244
G0 X103.666 Y127.654
G0 X101.55 Y128.141
G0 X101.51 Y127.913
G1 F3000 X101.256 Y128.862 E1554.67465
G1 F1500 E1548.17465
G0 F9000 X101.215 Y128.635
G0 X106.413 Y126.76
G0 X108.853 Y118.713
G0 X108.265 Y113.204
G0 X105.282 Y107.335
G0 X99.845 Y100.989
G0 X92.914 Y94.419
G0 X82.997 Y104.223
G0 X78.71 Y110.329
G0 X77.07 Y116.769
G0 X77.16 Y121.347
G0 X79.902 Y125.472
G0 X82.672 Y128.278
G0 X82.63 Y128.503
G1 F1500 E1554.67465
G1 F3000 X78.072 Y123.945 E1554.9748
G0 F9000 X77.933 Y123.176
G1 F3000 X77.969 Y123.041 E1554.98131
G1 F1500 E1548.48131
G0 F9000 X78.015 Y123.03
G0 X77.707 Y120.243
G0 X77.529 Y117.772
G0 X77.617 Y115.97
G0 X78.091 Y112.646
G0 X79.202 Y109.927
G0 X80.94 Y107.162
G0 X83.223 Y104.332
G0 X85.98 Y101.421
G0 X89.135 Y98.415
G0 X92.914 Y95.05
G0 X96.693 Y98.415
G0 X99.848 Y101.421
G0 X102.606 Y104.332
G0 X104.889 Y107.162
G0 X106.627 Y109.927
G0 X107.738 Y112.646
G0 X108.121 Y115.339
G0 X108.689 Y121.35
G0 X109.78 Y121.425
G0 X113.862 Y122.189
G0 X114.795 Y121.621
G0 X120.771 Y123.439
G0 X120.765 Y123.748
;TYPE:WALL-INNER
G1 F1500 E1554.98131
G1 X122.069 Y123.554 E1555.0427
G1 X123.281 Y123.029 E1555.1042
G1 X124.371 Y122.264 E1555.16621
G1 X125.275 Y121.383 E1555.22499
G1 X125.951 Y120.513 E1555.27629
G1 X126.361 Y119.791 E1555.31495
G1 X126.45 Y119.564 E1555.3263
G1 X126.559 Y119.437 E1555.3341
G1 X126.819 Y119.29 E1555.348
G1 X127.248 Y119.285 E1555.36798
G1 X127.436 Y119.33 E1555.37698
G1 X127.616 Y119.447 E1555.38698
G1 X127.71 Y119.56 E1555.39382
G1 X127.798 Y119.772 E1555.40451
G1 X128.217 Y120.514 E1555.44419
G1 X128.893 Y121.383 E1555.49546
G1 X129.797 Y122.264 E1555.55423
G1 X130.887 Y123.029 E1555.61624
G1 X132.099 Y123.554 E1555.67774
G1 X133.403 Y123.748 E1555.73913
G1 X136.959 Y123.112 E1555.90734
G1 X139.248 Y121.501 E1556.03768
G1 X140.597 Y119.279 E1556.15872
G1 X141.249 Y116.797 E1556.27821
G1 X141.415 Y114.481 E1556.38633
G1 X141.333 Y112.801 E1556.46465
G1 X141.263 Y112.249 E1556.49056
G1 X140.888 Y109.651 E1556.61279
G1 X139.86 Y107.14 E1556.73913
G1 X138.198 Y104.494 E1556.88463
G1 X135.984 Y101.752 E1557.04873
G1 X133.267 Y98.884 E1557.23269
G1 X130.144 Y95.909 E1557.43353
G1 X127.084 Y93.173 E1557.62467
G1 X124.016 Y95.917 E1557.81633
G1 X120.89 Y98.896 E1558.0174
G1 X118.184 Y101.752 E1558.2006
G1 X115.97 Y104.494 E1558.36471
G1 X114.308 Y107.14 E1558.5102
G1 X113.28 Y109.652 E1558.63659
G1 X112.919 Y112.129 E1558.75315
G1 X112.835 Y112.8 E1558.78464
G1 X112.754 Y114.481 E1558.863
G1 X112.919 Y116.797 E1558.97112
G1 X113.571 Y119.278 E1559.09057
G1 X114.924 Y121.501 E1559.21174
G1 X117.209 Y123.112 E1559.34193
G1 X120.765 Y123.748 E1559.51014
G0 F9000 X120.759 Y124.153
;TYPE:WALL-OUTER
G1 F1500 X122.18 Y123.942 E1559.57703
G1 X123.477 Y123.38 E1559.64285
G1 X124.627 Y122.573 E1559.70827
G1 X125.574 Y121.65 E1559.76984
G1 X126.285 Y120.736 E1559.82376
G1 X126.736 Y119.941 E1559.86632
G1 X126.787 Y119.78 E1559.87419
G1 X126.895 Y119.689 E1559.88076
G1 X127.219 Y119.684 E1559.89585
G1 X127.308 Y119.718 E1559.90029
G1 X127.883 Y120.736 E1559.95473
G1 X128.594 Y121.65 E1560.00865
G1 X129.541 Y122.573 E1560.07023
G1 X130.691 Y123.38 E1560.13565
G1 X131.988 Y123.942 E1560.20147
G1 X133.409 Y124.153 E1560.26836
G1 X137.117 Y123.49 E1560.44376
G1 X139.546 Y121.78 E1560.58208
G1 X140.969 Y119.437 E1560.70972
G1 X141.645 Y116.863 E1560.83364
G1 X141.815 Y114.485 E1560.94466
G1 X141.732 Y112.766 E1561.02479
G1 X141.659 Y112.192 E1561.05174
G1 X141.277 Y109.545 E1561.17627
G1 X140.217 Y106.956 E1561.30654
G1 X138.524 Y104.261 E1561.45473
G1 X136.285 Y101.488 E1561.62069
G1 X133.55 Y98.602 E1561.80584
G1 X130.416 Y95.615 E1562.00743
G1 X127.084 Y92.637 E1562.21552
G1 X123.744 Y95.623 E1562.42414
G1 X120.606 Y98.614 E1562.626
G1 X117.883 Y101.488 E1562.81035
G1 X115.644 Y104.261 E1562.97631
G1 X113.951 Y106.956 E1563.12451
G1 X112.891 Y109.546 E1563.25482
G1 X112.523 Y112.075 E1563.37382
G1 X112.436 Y112.766 E1563.40625
G1 X112.353 Y114.485 E1563.48638
G1 X112.523 Y116.863 E1563.5974
G1 X113.199 Y119.436 E1563.72127
G1 X114.626 Y121.78 E1563.84905
G1 X117.051 Y123.49 E1563.98722
G1 X120.759 Y124.153 E1564.16262
G0 F9000 X120.769 Y123.845
G0 X119.819 Y123.267
G0 X119.779 Y123.491
;TYPE:FILL
G1 F3000 X124.155 Y122.318 E1564.37358
G0 F9000 X124.026 Y122.133
G0 X125.543 Y120.542
G0 X125.72 Y120.681
G1 F3000 X113.75 Y108.711 E1565.16182
G0 F9000 X113.965 Y108.799
G0 X113.138 Y112.919
G0 X112.91 Y112.908
G1 F3000 X138.999 Y105.918 E1566.41949
G0 F9000 X138.805 Y106.039
G0 X133.754 Y99.846
G0 X133.92 Y99.69
G1 F3000 X128.334 Y120.534 E1567.42432
G0 F9000 X128.761 Y121.084
G1 F3000 X140.894 Y117.833 E1568.00921
G0 F9000 X140.676 Y118.667
G1 F3000 X120.955 Y98.945 E1569.30791
G0 F9000 X121.115 Y99.108
G0 X122.011 Y98.255
G0 X121.853 Y98.088
G1 F3000 X130.016 Y95.901 E1569.70141
G0 F9000 X129.863 Y96.071
G0 X122.107 Y98.163
G0 X121.95 Y97.996
G1 F3000 X115.559 Y121.85 E1570.85133
G0 F9000 X115.864 Y121.418
G1 F1500 E1564.35133
;MESH:NONMESH
G0 F300 X115.864 Y121.418 Z5.32
G0 F9000 X112.748 Y116.826
G0 X111.658 Y116.903
G0 X109.366 Y113.044
G0 X92.465 Y95.14
;TIME_ELAPSED:1768.459858
;LAYER:18
;TYPE:WALL-INNER
;MESH:tmpnqf7468lheart_box.stl
G1 F1500 E1570.85133
G1 F1134.2 X91.002 Y96.464 E1570.97284
G1 F1192.8 X89.54 Y97.789 E1571.08837
G1 F1263.2 X89.024 Y98.27 E1571.12738
G1 F1357.5 X87.455 Y99.788 E1571.23971
G1 F1477.8 X85.886 Y101.306 E1571.34289
G1 F1648.4 X83.116 Y104.27 E1571.51479
G1 F1869.2 X80.875 Y107.078 E1571.64904
G1 F1863.4 X80.641 Y107.407 E1571.66418
G1 F1851.9 X79.132 Y109.838 E1571.77209
G1 F1699.7 X78.842 Y110.402 E1571.79815
G1 F1511.3 X77.944 Y112.636 E1571.90943
G1 F1284.8 X77.776 Y113.258 E1571.94445
G1 F1119.4 X77.509 Y115.09 E1572.05997
G1 F1111.1 X77.391 Y115.964 E1572.11541
G1 F1039.9 X77.322 Y116.803 E1572.17196
G1 F982 X77.275 Y117.819 E1572.2443
G1 F934.6 X77.279 Y118.241 E1572.27584
G0 F9000 X77.707 Y120.243
G0 X78.423 Y122.966
G0 X79.969 Y125.505
G0 X82.623 Y127.373
G0 X85.986 Y128.891
G0 X85.978 Y129.204
G1 F1500 X87.421 Y128.983 E1572.34381
G1 F1327.4 X88.299 Y128.534 E1572.3957
G1 F1214.6 X88.746 Y128.344 E1572.42363
G1 F1425.2 X89.765 Y127.69 E1572.48297
G1 F1321.6 X89.91 Y127.467 E1572.49703
G1 F990.1 X89.986 Y127.314 E1572.50908
G1 F1181.1 X89.59 Y127.381 E1572.53283
G1 F1542.4 X88.391 Y127.98 E1572.59353
G1 F1298.7 X88.16 Y128.056 E1572.60661
G1 F1327.4 X87.236 Y128.142 E1572.65543
G1 F1500 X86.575 Y128.241 E1572.68656
G1 X82.576 Y127.518 E1572.87579
G1 X79.855 Y125.612 E1573.03048
G1 X78.738 Y123.772 E1573.13071
G1 F1395.3 X78.251 Y123.026 E1573.1753
G1 F1310 X77.782 Y121.226 E1573.27448
G1 F1459.9 X77.586 Y120.309 E1573.31934
G1 F1657.5 X77.462 Y118.629 E1573.39033
G1 F1171.9 X77.279 Y118.241 E1573.4159
G1 X77.106 Y118.633 E1573.44144
G1 F1657.5 X77.225 Y120.365 E1573.5146
G1 F1459.9 X77.337 Y121.319 E1573.56055
G1 F1301.5 X77.824 Y123.197 E1573.66467
G1 F1382.5 X78.029 Y124.131 E1573.71298
G1 F1500 X79.525 Y126.65 E1573.8494
G1 X82.058 Y128.478 E1573.99486
G1 X85.978 Y129.204 E1574.18049
G0 F9000 X85.986 Y128.891
G0 X89.986 Y127.314
G1 F990.1 X90.47 Y126.908 E1574.22506
G1 F1204.8 X90.954 Y126.501 E1574.26172
G1 F1435.4 X91.17 Y126.26 E1574.27747
G1 F1500 E1567.77747
G0 F9000 X92.376 Y124.675
G0 X92.95 Y123.878
G0 X92.957 Y124.168
G1 F1500 E1574.27747
G1 F1734.1 X92.892 Y124.131 E1574.28048
G1 X92.893 Y124.205 E1574.28346
G1 X92.957 Y124.168 E1574.28644
G1 F1500 E1567.78644
G0 F9000 X92.95 Y123.878
G0 X93.451 Y124.673
G0 X94.654 Y126.26
G1 F1500 E1574.28644
G1 F1435.4 X94.87 Y126.501 E1574.30219
G1 F1204.8 X95.35 Y126.904 E1574.33852
G1 F993.4 X95.831 Y127.308 E1574.38269
G0 F9000 X99.843 Y128.891
G0 X99.846 Y129.204
G1 F1500 X103.766 Y128.478 E1574.56832
G1 X106.299 Y126.65 E1574.71378
G1 X107.796 Y124.131 E1574.85022
G1 F1421.8 X107.985 Y123.304 E1574.89189
G1 F1321.6 X108.002 Y123.198 E1574.89757
G1 F1310 X108.491 Y121.319 E1575.00109
G1 F1470.6 X108.602 Y120.363 E1575.0468
G1 F1666.7 X108.719 Y118.666 E1575.11808
G1 F1174.2 X108.546 Y118.274 E1575.14357
G1 X108.365 Y118.662 E1575.16904
G1 F1676 X108.251 Y120.265 E1575.23601
G1 F1474.2 X108.047 Y121.225 E1575.28251
G1 F1310 X107.566 Y123.045 E1575.38288
G1 F1388.9 X107.09 Y123.773 E1575.42662
G1 F1500 X105.974 Y125.61 E1575.52671
G1 X103.265 Y127.516 E1575.68094
G1 X99.249 Y128.241 E1575.87097
G1 X98.592 Y128.143 E1575.9019
G1 F1342.3 X97.602 Y128.04 E1575.95369
G1 F1227 X97.295 Y127.911 E1575.97265
G1 F1428.6 X96.225 Y127.376 E1576.03114
G1 F1185.8 X95.83 Y127.307 E1576.05476
G1 F1000 X95.908 Y127.465 E1576.06706
G1 F1333.3 X96.05 Y127.683 E1576.08069
G1 F1428.6 X97.078 Y128.344 E1576.14045
G1 F1227 X97.442 Y128.503 E1576.16306
G1 F1239.7 X97.519 Y128.548 E1576.16808
G1 F1376.1 X98.407 Y128.982 E1576.21825
G1 F1500 X99.846 Y129.204 E1576.28605
G0 F9000 X99.843 Y128.891
G0 X103.206 Y127.373
G0 X105.86 Y125.505
G0 X107.406 Y122.966
G0 X107.812 Y121.422
G0 X108.546 Y118.274
G1 F943.4 X108.55 Y117.733 E1576.3261
G1 F988.5 X108.503 Y116.783 E1576.39331
G1 F1041.7 X108.431 Y115.963 E1576.44851
G1 F1109.1 X108.049 Y113.258 E1576.62055
G1 F1295.9 X107.882 Y112.637 E1576.65521
G1 F1522.8 X106.982 Y110.402 E1576.76572
G1 F1680.7 X106.739 Y109.921 E1576.78812
G1 F1840.5 X105.184 Y107.406 E1576.90033
G1 F1875 X104.991 Y107.131 E1576.91285
G1 X102.711 Y104.271 E1577.0491
G1 F1709.4 X101.335 Y102.799 E1577.13143
G1 F1591.5 X99.959 Y101.326 E1577.21989
G1 F1500 X99.734 Y101.098 E1577.23481
G1 F1385.7 X96.818 Y98.285 E1577.43904
G1 F1268.5 X96.277 Y97.78 E1577.47979
G1 F1192.8 X94.818 Y96.46 E1577.59499
G1 F1134.2 X93.358 Y95.139 E1577.71624
G0 F9000 X93.359 Y95.14
G1 F1312.9 X93.038 Y94.732 E1577.74386
G1 F1612.9 X92.912 Y94.616 E1577.75128
G1 X92.787 Y94.731 E1577.75863
G1 F1312.9 X92.465 Y95.14 E1577.78632
G1 X92.912 Y95.054 E1577.81054
G1 X93.359 Y95.14 E1577.83476
G1 F1500 E1571.33476
G0 F9000 X99.848 Y101.421
G0 X102.606 Y104.332
G0 X104.889 Y107.162
G0 X106.627 Y109.927
G0 X107.738 Y112.646
G0 X108.211 Y115.97
G0 X108.3 Y117.772
G0 X108.122 Y120.243
G0 X107.406 Y122.966
G0 X105.86 Y125.505
G0 X103.206 Y127.373
G0 X99.299 Y128.139
G0 X99.245 Y127.832
;TYPE:WALL-OUTER
G1 F1500 E1577.83476
G1 X97.711 Y127.606 E1577.90696
G1 X96.3 Y126.992 E1577.97861
G1 X95.1 Y126.144 E1578.04703
G1 X94.93 Y125.978 E1578.05809
G1 F1242.2 X94.587 Y125.758 E1578.08101
G1 F1127.8 X94.102 Y125.239 E1578.125
G1 F1282.1 X93.668 Y124.633 E1578.16561
G1 F1449.3 X93.542 Y124.435 E1578.17692
G1 F1522.8 X93.367 Y124.21 E1578.18999
G1 F1507.5 X92.914 Y123.412 E1578.23251
G1 X92.461 Y124.21 E1578.27502
G1 F1515.2 X92.286 Y124.433 E1578.28809
G1 F1449.3 X92.161 Y124.629 E1578.29929
G1 F1287.6 X91.722 Y125.239 E1578.34006
G1 F1127.8 X91.238 Y125.758 E1578.38401
G1 F1242.2 X90.895 Y125.977 E1578.40689
G1 F1500 X90.721 Y126.147 E1578.41822
G1 X89.524 Y126.992 E1578.48644
G1 X88.121 Y127.606 E1578.55776
G1 X86.581 Y127.835 E1578.63025
G1 X82.725 Y127.138 E1578.81271
G1 X80.154 Y125.332 E1578.95902
G1 X78.657 Y122.867 E1579.0933
G1 X77.957 Y120.217 E1579.22093
G1 X77.78 Y117.758 E1579.33573
G1 X77.865 Y115.97 E1579.41908
G1 X77.97 Y115.158 E1579.45721
G1 X78.332 Y112.718 E1579.57207
G1 X79.414 Y110.056 E1579.70587
G1 X81.148 Y107.298 E1579.85756
G1 X83.414 Y104.49 E1580.02558
G1 X86.157 Y101.591 E1580.21142
G1 X89.31 Y98.59 E1580.41411
G1 X92.778 Y95.49 E1580.6307
G1 X92.912 Y95.44 E1580.63736
G1 X93.046 Y95.49 E1580.64402
G1 X96.523 Y98.595 E1580.86109
G1 X99.674 Y101.598 E1581.06377
G1 X102.424 Y104.502 E1581.25
G1 X104.694 Y107.317 E1581.41839
G1 X106.394 Y110.025 E1581.56727
G1 X107.496 Y112.718 E1581.70276
G1 X107.85 Y115.161 E1581.81771
G1 X107.959 Y115.969 E1581.85567
G1 X108.048 Y117.758 E1581.93908
G1 X107.87 Y120.219 E1582.05397
G1 X107.172 Y122.867 E1582.18149
G1 X105.677 Y125.323 E1582.31537
G1 X103.114 Y127.133 E1582.46147
G1 X99.245 Y127.832 E1582.64455
G1 F1500 E1576.14455
G0 F9000 X99.299 Y128.139
G0 X99.85 Y129.298
G0 X99.852 Y129.609
G1 F1500 E1582.64455
G1 X103.927 Y128.855 E1582.83752
G1 X106.601 Y126.926 E1582.99105
G1 X108.169 Y124.286 E1583.13402
G1 X108.913 Y121.387 E1583.27339
G1 X109.099 Y118.705 E1583.39857
G1 X109.006 Y116.759 E1583.48929
G1 X108.938 Y116.174 E1583.51671
G1 X108.505 Y113.137 E1583.65956
G1 X107.34 Y110.222 E1583.80573
G1 X105.487 Y107.195 E1583.971
G1 X103.002 Y104.044 E1584.15786
G1 X100.017 Y100.809 E1584.36282
G1 X96.588 Y97.462 E1584.58594
G1 X92.912 Y94.092 E1584.81816
G1 X89.229 Y97.47 E1585.05086
G1 X85.786 Y100.836 E1585.27507
G1 X82.804 Y104.065 E1585.47973
G1 X80.337 Y107.195 E1585.66531
G1 X78.484 Y110.222 E1585.83057
G1 X77.319 Y113.136 E1585.9767
G1 X76.882 Y116.184 E1586.12008
G1 X76.82 Y116.764 E1586.14724
G1 X76.725 Y118.705 E1586.23773
G1 X76.914 Y121.387 E1586.36292
G1 X77.655 Y124.286 E1586.50225
G1 X79.223 Y126.926 E1586.64523
G1 X81.897 Y128.855 E1586.79876
G1 X85.972 Y129.609 E1586.99173
G1 X87.535 Y129.37 E1587.06536
G1 X88.967 Y128.729 E1587.13841
G1 X90.218 Y127.83 E1587.21015
G1 X91.272 Y126.779 E1587.27945
G1 X91.485 Y126.499 E1587.29584
G1 F1242.2 X91.66 Y126.131 E1587.31875
G1 F1098.9 X91.998 Y125.716 E1587.35277
G1 F1250 X92.533 Y124.845 E1587.40988
G1 F1456.3 X92.633 Y124.62 E1587.42169
G1 F1522.8 X92.729 Y124.54 E1587.42742
G1 F1515.2 X93.098 Y124.54 E1587.44444
G1 F1526.7 X93.194 Y124.62 E1587.45015
G1 F1449.3 X93.292 Y124.847 E1587.46207
G1 F1293.1 X93.678 Y125.487 E1587.50244
G1 F1176.5 X93.826 Y125.716 E1587.51863
G1 F1098.9 X94.163 Y126.13 E1587.55256
G1 F1242.2 X94.338 Y126.498 E1587.57547
G1 F1500 X94.551 Y126.78 E1587.59192
G1 X95.606 Y127.831 E1587.66127
G1 X96.857 Y128.729 E1587.73297
G1 X98.293 Y129.37 E1587.8062
G1 X99.852 Y129.609 E1587.87964
G0 F9000 X99.641 Y129.092
;TYPE:FILL
G1 F3000 X104.632 Y127.754 E1588.12025
G0 F9000 X104.501 Y127.571
G0 X101.335 Y128.179
G0 X101.295 Y127.952
G1 F3000 X101.041 Y128.901 E1588.16599
G0 F9000 X100.398 Y129.02
G1 F3000 X99.631 Y128.254 E1588.21647
G1 F1500 E1581.71647
G0 F9000 X99.67 Y128.479
G0 X106.413 Y126.76
G0 X108.853 Y118.713
G0 X108.265 Y113.204
G0 X105.282 Y107.335
G0 X99.845 Y100.989
G0 X92.914 Y94.419
G0 X82.997 Y104.223
G0 X78.71 Y110.329
G0 X77.07 Y116.769
G0 X77.16 Y121.347
G0 X79.902 Y125.472
G0 X83.015 Y128.341
G0 X82.973 Y128.566
G1 F1500 E1588.21647
G1 F3000 X80.735 Y126.327 E1588.36388
G0 F9000 X80.603 Y126.514
G0 X79.764 Y125.857
G0 X79.168 Y125.076
G0 X79.364 Y124.957
G1 F3000 X78.004 Y123.597 E1588.45343
G1 F1500 E1581.95343
G0 F9000 X78.201 Y123.548
G0 X77.707 Y120.243
G0 X77.529 Y117.772
G0 X77.617 Y115.97
G0 X78.091 Y112.646
G0 X79.202 Y109.927
G0 X80.94 Y107.162
G0 X83.223 Y104.332
G0 X85.98 Y101.421
G0 X89.135 Y98.415
G0 X92.914 Y95.05
G0 X96.693 Y98.415
G0 X99.848 Y101.421
G0 X102.606 Y104.332
G0 X104.889 Y107.162
G0 X106.627 Y109.927
G0 X107.738 Y112.646
G0 X108.121 Y115.339
G0 X108.689 Y121.35
G0 X109.78 Y121.425
G0 X113.862 Y122.189
G0 X114.795 Y121.621
G0 X120.771 Y123.439
G0 X120.765 Y123.748
;TYPE:WALL-INNER
G1 F1500 E1588.45343
G1 X122.069 Y123.554 E1588.51482
G1 X123.281 Y123.029 E1588.57632
G1 X124.371 Y122.264 E1588.63833
G1 X125.275 Y121.383 E1588.69711
G1 X125.951 Y120.513 E1588.74841
G1 X126.361 Y119.791 E1588.78707
G1 X126.45 Y119.564 E1588.79843
G1 X126.559 Y119.437 E1588.80622
G1 X126.819 Y119.29 E1588.82013
G1 X127.248 Y119.285 E1588.84011
G1 X127.436 Y119.33 E1588.84911
G1 X127.616 Y119.447 E1588.8591
G1 X127.71 Y119.56 E1588.86595
G1 X127.798 Y119.772 E1588.87664
G1 X128.217 Y120.514 E1588.91632
G1 X128.893 Y121.383 E1588.96758
G1 X129.797 Y122.264 E1589.02636
G1 X130.887 Y123.029 E1589.08837
G1 X132.099 Y123.554 E1589.14987
G1 X133.403 Y123.748 E1589.21126
G1 X136.959 Y123.112 E1589.37947
G1 X139.248 Y121.501 E1589.5098
G1 X140.597 Y119.279 E1589.63085
G1 X141.249 Y116.797 E1589.75034
G1 X141.415 Y114.481 E1589.85846
G1 X141.333 Y112.801 E1589.93678
G1 X141.263 Y112.249 E1589.96269
G1 X140.888 Y109.651 E1590.08492
G1 X139.86 Y107.14 E1590.21126
G1 X138.198 Y104.494 E1590.35676
G1 X135.984 Y101.752 E1590.52086
G1 X133.267 Y98.884 E1590.70482
G1 X130.144 Y95.909 E1590.90566
G1 X127.084 Y93.173 E1591.09679
G1 X124.016 Y95.917 E1591.28846
G1 X120.89 Y98.896 E1591.48953
G1 X118.184 Y101.752 E1591.67273
G1 X115.97 Y104.494 E1591.83683
G1 X114.308 Y107.14 E1591.98233
G1 X113.28 Y109.652 E1592.10871
G1 X112.919 Y112.129 E1592.22527
G1 X112.835 Y112.8 E1592.25676
G1 X112.754 Y114.481 E1592.33513
G1 X112.919 Y116.797 E1592.44324
G1 X113.571 Y119.278 E1592.56269
G1 X114.924 Y121.501 E1592.68387
G1 X117.209 Y123.112 E1592.81405
G1 X120.765 Y123.748 E1592.98226
G0 F9000 X120.759 Y124.153
;TYPE:WALL-OUTER
G1 F1500 X122.18 Y123.942 E1593.04915
G1 X123.477 Y123.38 E1593.11497
G1 X124.627 Y122.573 E1593.18039
G1 X125.574 Y121.65 E1593.24197
G1 X126.285 Y120.736 E1593.29589
G1 X126.736 Y119.941 E1593.33845
G1 X126.787 Y119.78 E1593.34631
G1 X126.895 Y119.689 E1593.35289
G1 X127.219 Y119.684 E1593.36798
G1 X127.308 Y119.718 E1593.37241
G1 X127.883 Y120.736 E1593.42686
G1 X128.594 Y121.65 E1593.48078
G1 X129.541 Y122.573 E1593.54235
G1 X130.691 Y123.38 E1593.60777
G1 X131.988 Y123.942 E1593.67359
G1 X133.409 Y124.153 E1593.74048
G1 X137.117 Y123.49 E1593.91588
G1 X139.546 Y121.78 E1594.0542
G1 X140.969 Y119.437 E1594.18185
G1 X141.645 Y116.863 E1594.30577
G1 X141.815 Y114.485 E1594.41678
G1 X141.732 Y112.766 E1594.49692
G1 X141.659 Y112.192 E1594.52386
G1 X141.277 Y109.545 E1594.64839
G1 X140.217 Y106.956 E1594.77866
G1 X138.524 Y104.261 E1594.92686
G1 X136.285 Y101.488 E1595.09282
G1 X133.55 Y98.602 E1595.27796
G1 X130.416 Y95.615 E1595.47956
G1 X127.084 Y92.637 E1595.68765
G1 X123.744 Y95.623 E1595.89626
G1 X120.606 Y98.614 E1596.09812
G1 X117.883 Y101.488 E1596.28247
G1 X115.644 Y104.261 E1596.44843
G1 X113.951 Y106.956 E1596.59663
G1 X112.891 Y109.546 E1596.72694
G1 X112.523 Y112.075 E1596.84594
G1 X112.436 Y112.766 E1596.87837
G1 X112.353 Y114.485 E1596.95851
G1 X112.523 Y116.863 E1597.06952
G1 X113.199 Y119.436 E1597.1934
G1 X114.626 Y121.78 E1597.32118
G1 X117.051 Y123.49 E1597.45935
G1 X120.759 Y124.153 E1597.63475
G0 F9000 X120.238 Y123.573
;TYPE:FILL
G1 F3000 X123.682 Y122.65 E1597.80077
G0 F9000 X123.553 Y122.464
G0 X125.665 Y120.385
G0 X125.842 Y120.524
G1 F3000 X113.832 Y108.513 E1598.59168
G0 F9000 X114.046 Y108.601
G0 X113.128 Y113.127
G0 X112.899 Y113.116
G1 F3000 X139.109 Y106.093 E1599.85519
G0 F9000 X138.915 Y106.214
G0 X133.595 Y99.677
G0 X133.76 Y99.522
G1 F3000 X128.191 Y120.305 E1600.85707
G0 F9000 X128.39 Y120.194
G0 X129.074 Y121.114
G0 X128.893 Y121.254
G1 F3000 X140.836 Y118.053 E1601.43281
G0 F9000 X140.734 Y118.445
G1 F3000 X121.098 Y98.809 E1602.72588
G0 F9000 X121.554 Y98.374
G1 F3000 X130.187 Y96.06 E1603.14206
G0 F9000 X130.03 Y96.225
G0 X121.832 Y98.425
G0 X121.675 Y98.258
G1 F3000 X115.386 Y121.728 E1604.27347
G0 F9000 X115.69 Y121.296
G1 F1500 E1597.77347
;MESH:NONMESH
G0 F300 X115.69 Y121.296 Z5.6
G0 F9000 X112.748 Y116.826
G0 X111.658 Y116.903
G0 X109.366 Y113.044
G0 X92.465 Y95.14
;TIME_ELAPSED:1808.289113
;LAYER:19
;TYPE:WALL-INNER
;MESH:tmpnqf7468lheart_box.stl
G1 F1500 E1604.27347
G1 F1134.2 X91.002 Y96.464 E1604.39498
G1 F1192.8 X89.54 Y97.789 E1604.51052
G1 F1263.2 X89.024 Y98.27 E1604.54952
G1 F1357.5 X87.455 Y99.788 E1604.66185
G1 F1477.8 X85.886 Y101.306 E1604.76503
G1 F1648.4 X83.116 Y104.27 E1604.93694
G1 F1869.2 X80.875 Y107.078 E1605.07118
G1 F1863.4 X80.641 Y107.407 E1605.08632
G1 F1851.9 X79.132 Y109.838 E1605.19424
G1 F1699.7 X78.842 Y110.402 E1605.2203
G1 F1511.3 X77.944 Y112.636 E1605.33157
G1 F1284.8 X77.776 Y113.258 E1605.3666
G1 F1119.4 X77.509 Y115.09 E1605.48211
G1 F1111.1 X77.391 Y115.964 E1605.53755
G1 F1039.9 X77.322 Y116.803 E1605.5941
G1 F982 X77.275 Y117.819 E1605.66644
G1 F934.6 X77.279 Y118.241 E1605.69798
G0 F9000 X77.707 Y120.243
G0 X78.423 Y122.966
G0 X79.969 Y125.505
G0 X82.623 Y127.373
G0 X85.986 Y128.891
G0 X85.978 Y129.204
G1 F1500 X87.421 Y128.983 E1605.76595
G1 F1327.4 X88.299 Y128.534 E1605.81784
G1 F1214.6 X88.746 Y128.344 E1605.84577
G1 F1425.2 X89.765 Y127.69 E1605.90512
G1 F1321.6 X89.91 Y127.467 E1605.91917
G1 F990.1 X89.986 Y127.314 E1605.93122
G1 F1181.1 X89.59 Y127.381 E1605.95498
G1 F1542.4 X88.391 Y127.98 E1606.01567
G1 F1298.7 X88.16 Y128.056 E1606.02875
G1 F1327.4 X87.236 Y128.142 E1606.07758
G1 F1500 X86.575 Y128.241 E1606.1087
G1 X82.576 Y127.518 E1606.29793
G1 X79.855 Y125.612 E1606.45262
G1 X78.738 Y123.772 E1606.55285
G1 F1395.3 X78.251 Y123.026 E1606.59745
G1 F1310 X77.782 Y121.226 E1606.69662
G1 F1459.9 X77.586 Y120.309 E1606.74148
G1 F1657.5 X77.462 Y118.629 E1606.81247
G1 F1171.9 X77.279 Y118.241 E1606.83804
G1 X77.106 Y118.633 E1606.86358
G1 F1657.5 X77.225 Y120.365 E1606.93674
G1 F1459.9 X77.337 Y121.319 E1606.9827
G1 F1301.5 X77.824 Y123.197 E1607.08681
G1 F1382.5 X78.029 Y124.131 E1607.13512
G1 F1500 X79.525 Y126.65 E1607.27154
G1 X82.058 Y128.478 E1607.417
G1 X85.978 Y129.204 E1607.60263
G0 F9000 X85.986 Y128.891
G0 X89.986 Y127.314
G1 F990.1 X90.47 Y126.908 E1607.6472
G1 F1204.8 X90.954 Y126.501 E1607.68386
G1 F1435.4 X91.17 Y126.26 E1607.69961
G1 F1500 E1601.19961
G0 F9000 X92.376 Y124.675
G0 X92.95 Y123.878
G0 X92.957 Y124.168
G1 F1500 E1607.69961
G1 F1734.1 X92.892 Y124.131 E1607.70262
G1 X92.893 Y124.205 E1607.7056
G1 X92.957 Y124.168 E1607.70858
G1 F1500 E1601.20858
G0 F9000 X92.95 Y123.878
G0 X93.451 Y124.673
G0 X94.654 Y126.26
G1 F1500 E1607.70858
G1 F1435.4 X94.87 Y126.501 E1607.72433
G1 F1204.8 X95.35 Y126.904 E1607.76066
G1 F993.4 X95.831 Y127.308 E1607.80483
G0 F9000 X99.843 Y128.891
G0 X99.846 Y129.204
G1 F1500 X103.766 Y128.478 E1607.99046
G1 X106.299 Y126.65 E1608.13592
G1 X107.796 Y124.131 E1608.27236
G1 F1421.8 X107.985 Y123.304 E1608.31404
G1 F1321.6 X108.002 Y123.198 E1608.31971
G1 F1310 X108.491 Y121.319 E1608.42323
G1 F1470.6 X108.602 Y120.363 E1608.46894
G1 F1666.7 X108.719 Y118.666 E1608.54022
G1 F1174.2 X108.546 Y118.274 E1608.56571
G1 X108.365 Y118.662 E1608.59118
G1 F1676 X108.251 Y120.265 E1608.65815
G1 F1474.2 X108.047 Y121.225 E1608.70465
G1 F1310 X107.566 Y123.045 E1608.80502
G1 F1388.9 X107.09 Y123.773 E1608.84876
G1 F1500 X105.974 Y125.61 E1608.94885
G1 X103.265 Y127.516 E1609.10308
G1 X99.249 Y128.241 E1609.29311
G1 X98.592 Y128.143 E1609.32404
G1 F1342.3 X97.602 Y128.04 E1609.37583
G1 F1227 X97.295 Y127.911 E1609.39479
G1 F1428.6 X96.225 Y127.376 E1609.45328
G1 F1185.8 X95.83 Y127.307 E1609.4769
G1 F1000 X95.908 Y127.465 E1609.48921
G1 F1333.3 X96.05 Y127.683 E1609.50284
G1 F1428.6 X97.078 Y128.344 E1609.56259
G1 F1227 X97.442 Y128.503 E1609.5852
G1 F1239.7 X97.519 Y128.548 E1609.59023
G1 F1376.1 X98.407 Y128.982 E1609.64039
G1 F1500 X99.846 Y129.204 E1609.70819
G0 F9000 X99.843 Y128.891
G0 X103.206 Y127.373
G0 X105.86 Y125.505
G0 X107.406 Y122.966
G0 X107.812 Y121.422
G0 X108.546 Y118.274
G1 F943.4 X108.55 Y117.733 E1609.74825
G1 F988.5 X108.503 Y116.783 E1609.81546
G1 F1041.7 X108.431 Y115.963 E1609.87065
G1 F1109.1 X108.049 Y113.258 E1610.0427
G1 F1295.9 X107.882 Y112.637 E1610.07736
G1 F1522.8 X106.982 Y110.402 E1610.18786
G1 F1680.7 X106.739 Y109.921 E1610.21026
G1 F1840.5 X105.184 Y107.406 E1610.32247
G1 F1875 X104.991 Y107.131 E1610.33499
G1 X102.711 Y104.271 E1610.47124
G1 F1709.4 X101.335 Y102.799 E1610.55357
G1 F1591.5 X99.959 Y101.326 E1610.64204
G1 F1500 X99.734 Y101.098 E1610.65695
G1 F1385.7 X96.818 Y98.285 E1610.86118
G1 F1268.5 X96.277 Y97.78 E1610.90193
G1 F1192.8 X94.818 Y96.46 E1611.01713
G1 F1134.2 X93.358 Y95.139 E1611.13838
G0 F9000 X93.359 Y95.14
G1 F1312.9 X93.038 Y94.732 E1611.166
G1 F1612.9 X92.912 Y94.616 E1611.17342
G1 X92.787 Y94.731 E1611.18077
G1 F1312.9 X92.465 Y95.14 E1611.20847
G1 X92.912 Y95.054 E1611.23268
G1 X93.359 Y95.14 E1611.2569
G1 F1500 E1604.7569
G0 F9000 X99.848 Y101.421
G0 X102.606 Y104.332
G0 X104.889 Y107.162
G0 X106.627 Y109.927
G0 X107.738 Y112.646
G0 X108.211 Y115.97
G0 X108.3 Y117.772
G0 X108.122 Y120.243
G0 X107.406 Y122.966
G0 X105.86 Y125.505
G0 X103.206 Y127.373
G0 X99.299 Y128.139
G0 X99.245 Y127.832
;TYPE:WALL-OUTER
G1 F1500 E1611.2569
G1 X97.711 Y127.606 E1611.3291
G1 X96.3 Y126.992 E1611.40075
G1 X95.1 Y126.144 E1611.46917
G1 X94.93 Y125.978 E1611.48024
G1 F1242.2 X94.587 Y125.758 E1611.50315
G1 F1127.8 X94.102 Y125.239 E1611.54714
G1 F1282.1 X93.668 Y124.633 E1611.58775
G1 F1449.3 X93.542 Y124.435 E1611.59906
G1 F1522.8 X93.367 Y124.21 E1611.61213
G1 F1507.5 X92.914 Y123.412 E1611.65465
G1 X92.461 Y124.21 E1611.69716
G1 F1515.2 X92.286 Y124.433 E1611.71023
G1 F1449.3 X92.161 Y124.629 E1611.72143
G1 F1287.6 X91.722 Y125.239 E1611.7622
G1 F1127.8 X91.238 Y125.758 E1611.80615
G1 F1242.2 X90.895 Y125.977 E1611.82903
G1 F1500 X90.721 Y126.147 E1611.84036
G1 X89.524 Y126.992 E1611.90859
G1 X88.121 Y127.606 E1611.9799
G1 X86.581 Y127.835 E1612.0524
G1 X82.725 Y127.138 E1612.23486
G1 X80.154 Y125.332 E1612.38116
G1 X78.657 Y122.867 E1612.51545
G1 X77.957 Y120.217 E1612.64307
G1 X77.78 Y117.758 E1612.75787
G1 X77.865 Y115.97 E1612.84122
G1 X77.97 Y115.158 E1612.87935
G1 X78.332 Y112.718 E1612.99421
G1 X79.414 Y110.056 E1613.12801
G1 X81.148 Y107.298 E1613.27971
G1 X83.414 Y104.49 E1613.44772
G1 X86.157 Y101.591 E1613.63356
G1 X89.31 Y98.59 E1613.83625
G1 X92.778 Y95.49 E1614.05285
G1 X92.912 Y95.44 E1614.05951
G1 X93.046 Y95.49 E1614.06617
G1 X96.523 Y98.595 E1614.28323
G1 X99.674 Y101.598 E1614.48591
G1 X102.424 Y104.502 E1614.67215
G1 X104.694 Y107.317 E1614.84053
G1 X106.394 Y110.025 E1614.98942
G1 X107.496 Y112.718 E1615.12491
G1 X107.85 Y115.161 E1615.23985
G1 X107.959 Y115.969 E1615.27781
G1 X108.048 Y117.758 E1615.36122
G1 X107.87 Y120.219 E1615.47612
G1 X107.172 Y122.867 E1615.60363
G1 X105.677 Y125.323 E1615.73751
G1 X103.114 Y127.133 E1615.88362
G1 X99.245 Y127.832 E1616.06669
G1 F1500 E1609.56669
G0 F9000 X99.299 Y128.139
G0 X99.85 Y129.298
G0 X99.852 Y129.609
G1 F1500 E1616.06669
G1 X103.927 Y128.855 E1616.25966
G1 X106.601 Y126.926 E1616.41319
G1 X108.169 Y124.286 E1616.55617
G1 X108.913 Y121.387 E1616.69553
G1 X109.099 Y118.705 E1616.82072
G1 X109.006 Y116.759 E1616.91143
G1 X108.938 Y116.174 E1616.93886
G1 X108.505 Y113.137 E1617.0817
G1 X107.34 Y110.222 E1617.22787
G1 X105.487 Y107.195 E1617.39314
G1 X103.002 Y104.044 E1617.58
G1 X100.017 Y100.809 E1617.78496
G1 X96.588 Y97.462 E1618.00808
G1 X92.912 Y94.092 E1618.2403
G1 X89.229 Y97.47 E1618.47301
G1 X85.786 Y100.836 E1618.69721
G1 X82.804 Y104.065 E1618.90188
G1 X80.337 Y107.195 E1619.08745
G1 X78.484 Y110.222 E1619.25271
G1 X77.319 Y113.136 E1619.39884
G1 X76.882 Y116.184 E1619.54222
G1 X76.82 Y116.764 E1619.56938
G1 X76.725 Y118.705 E1619.65987
G1 X76.914 Y121.387 E1619.78507
G1 X77.655 Y124.286 E1619.9244
G1 X79.223 Y126.926 E1620.06737
G1 X81.897 Y128.855 E1620.2209
G1 X85.972 Y129.609 E1620.41387
G1 X87.535 Y129.37 E1620.4875
G1 X88.967 Y128.729 E1620.56055
G1 X90.218 Y127.83 E1620.63229
G1 X91.272 Y126.779 E1620.7016
G1 X91.485 Y126.499 E1620.71798
G1 F1242.2 X91.66 Y126.131 E1620.74089
G1 F1098.9 X91.998 Y125.716 E1620.77491
G1 F1250 X92.533 Y124.845 E1620.83203
G1 F1456.3 X92.633 Y124.62 E1620.84384
G1 F1522.8 X92.729 Y124.54 E1620.84957
G1 F1515.2 X93.098 Y124.54 E1620.86658
G1 F1526.7 X93.194 Y124.62 E1620.87229
G1 F1449.3 X93.292 Y124.847 E1620.88421
G1 F1293.1 X93.678 Y125.487 E1620.92458
G1 F1176.5 X93.826 Y125.716 E1620.94077
G1 F1098.9 X94.163 Y126.13 E1620.9747
G1 F1242.2 X94.338 Y126.498 E1620.99761
G1 F1500 X94.551 Y126.78 E1621.01407
G1 X95.606 Y127.831 E1621.08341
G1 X96.857 Y128.729 E1621.15511
G1 X98.293 Y129.37 E1621.22834
G1 X99.852 Y129.609 E1621.30178
G0 F9000 X99.85 Y129.298
G0 X100.594 Y128.75
G0 X100.635 Y128.977
;TYPE:FILL
G1 F3000 X99.869 Y128.211 E1621.35222
G0 F9000 X99.908 Y128.436
G0 X100.784 Y128.715
G0 X100.825 Y128.942
G1 F3000 X101.08 Y127.992 E1621.39802
G0 F9000 X101.282 Y128.857
G1 F3000 X104.18 Y128.081 E1621.53772
G1 F1500 E1615.03772
G0 F9000 X104.049 Y127.897
G0 X107.94 Y124.189
G0 X108.668 Y116.025
G0 X107.118 Y110.329
G0 X102.831 Y104.223
G0 X92.914 Y94.419
G0 X82.997 Y104.223
G0 X78.71 Y110.329
G0 X77.07 Y116.769
G0 X77.16 Y121.347
G0 X79.902 Y125.472
G0 X83.359 Y128.405
G0 X83.317 Y128.63
G1 F1500 E1621.53772
G1 F3000 X81.681 Y126.994 E1621.64546
G0 F9000 X81.549 Y127.18
G0 X79.671 Y125.784
G0 X78.733 Y124.362
G0 X78.93 Y124.243
G1 F3000 X77.938 Y123.251 E1621.71078
G1 F1500 E1615.21078
G0 F9000 X78.113 Y123.207
G0 X77.707 Y120.243
G0 X77.529 Y117.772
G0 X77.617 Y115.97
G0 X78.091 Y112.646
G0 X79.202 Y109.927
G0 X80.94 Y107.162
G0 X83.223 Y104.332
G0 X85.98 Y101.421
G0 X89.135 Y98.415
G0 X92.914 Y95.05
G0 X96.693 Y98.415
G0 X99.848 Y101.421
G0 X102.606 Y104.332
G0 X104.889 Y107.162
G0 X106.627 Y109.927
G0 X107.738 Y112.646
G0 X108.121 Y115.339
G0 X108.689 Y121.35
G0 X109.78 Y121.425
G0 X113.862 Y122.189
G0 X114.795 Y121.621
G0 X120.771 Y123.439
G0 X120.765 Y123.748
;TYPE:WALL-INNER
G1 F1500 E1621.71078
G1 X122.069 Y123.554 E1621.77217
G1 X123.281 Y123.029 E1621.83367
G1 X124.371 Y122.264 E1621.89568
G1 X125.275 Y121.383 E1621.95446
G1 X125.951 Y120.513 E1622.00576
G1 X126.361 Y119.791 E1622.04442
G1 X126.45 Y119.564 E1622.05577
G1 X126.559 Y119.437 E1622.06357
G1 X126.819 Y119.29 E1622.07747
G1 X127.248 Y119.285 E1622.09745
G1 X127.436 Y119.33 E1622.10645
G1 X127.616 Y119.447 E1622.11645
G1 X127.71 Y119.56 E1622.12329
G1 X127.798 Y119.772 E1622.13398
G1 X128.217 Y120.514 E1622.17366
G1 X128.893 Y121.383 E1622.22493
G1 X129.797 Y122.264 E1622.2837
G1 X130.887 Y123.029 E1622.34571
G1 X132.099 Y123.554 E1622.40722
G1 X133.403 Y123.748 E1622.4686
G1 X136.959 Y123.112 E1622.63681
G1 X139.248 Y121.501 E1622.76715
G1 X140.597 Y119.279 E1622.88819
G1 X141.249 Y116.797 E1623.00768
G1 X141.415 Y114.481 E1623.1158
G1 X141.333 Y112.801 E1623.19412
G1 X141.263 Y112.249 E1623.22003
G1 X140.888 Y109.651 E1623.34226
G1 X139.86 Y107.14 E1623.4686
G1 X138.198 Y104.494 E1623.6141
G1 X135.984 Y101.752 E1623.7782
G1 X133.267 Y98.884 E1623.96216
G1 X130.144 Y95.909 E1624.163
G1 X127.084 Y93.173 E1624.35414
G1 X124.016 Y95.917 E1624.5458
G1 X120.89 Y98.896 E1624.74687
G1 X118.184 Y101.752 E1624.93007
G1 X115.97 Y104.494 E1625.09418
G1 X114.308 Y107.14 E1625.23967
G1 X113.28 Y109.652 E1625.36606
G1 X112.919 Y112.129 E1625.48262
G1 X112.835 Y112.8 E1625.51411
G1 X112.754 Y114.481 E1625.59247
G1 X112.919 Y116.797 E1625.70059
G1 X113.571 Y119.278 E1625.82004
G1 X114.924 Y121.501 E1625.94121
G1 X117.209 Y123.112 E1626.0714
G1 X120.765 Y123.748 E1626.23961
G0 F9000 X120.759 Y124.153
;TYPE:WALL-OUTER
G1 F1500 X122.18 Y123.942 E1626.3065
G1 X123.477 Y123.38 E1626.37232
G1 X124.627 Y122.573 E1626.43774
G1 X125.574 Y121.65 E1626.49931
G1 X126.285 Y120.736 E1626.55324
G1 X126.736 Y119.941 E1626.5958
G1 X126.787 Y119.78 E1626.60366
G1 X126.895 Y119.689 E1626.61024
G1 X127.219 Y119.684 E1626.62532
G1 X127.308 Y119.718 E1626.62976
G1 X127.883 Y120.736 E1626.6842
G1 X128.594 Y121.65 E1626.73812
G1 X129.541 Y122.573 E1626.7997
G1 X130.691 Y123.38 E1626.86512
G1 X131.988 Y123.942 E1626.93094
G1 X133.409 Y124.153 E1626.99783
G1 X137.117 Y123.49 E1627.17323
G1 X139.546 Y121.78 E1627.31155
G1 X140.969 Y119.437 E1627.43919
G1 X141.645 Y116.863 E1627.56311
G1 X141.815 Y114.485 E1627.67413
G1 X141.732 Y112.766 E1627.75426
G1 X141.659 Y112.192 E1627.78121
G1 X141.277 Y109.545 E1627.90574
G1 X140.217 Y106.956 E1628.03601
G1 X138.524 Y104.261 E1628.1842
G1 X136.285 Y101.488 E1628.35016
G1 X133.55 Y98.602 E1628.53531
G1 X130.416 Y95.615 E1628.7369
G1 X127.084 Y92.637 E1628.94499
G1 X123.744 Y95.623 E1629.15361
G1 X120.606 Y98.614 E1629.35547
G1 X117.883 Y101.488 E1629.53982
G1 X115.644 Y104.261 E1629.70578
G1 X113.951 Y106.956 E1629.85398
G1 X112.891 Y109.546 E1629.98429
G1 X112.523 Y112.075 E1630.10329
G1 X112.436 Y112.766 E1630.13572
G1 X112.353 Y114.485 E1630.21586
G1 X112.523 Y116.863 E1630.32687
G1 X113.199 Y119.436 E1630.45074
G1 X114.626 Y121.78 E1630.57853
G1 X117.051 Y123.49 E1630.71669
G1 X120.759 Y124.153 E1630.89209
G0 F9000 X120.697 Y123.655
;TYPE:FILL
G1 F3000 X123.159 Y122.995 E1631.01078
G0 F9000 X123.07 Y122.787
G0 X125.755 Y120.241
G0 X125.951 Y120.352
G1 F3000 X113.913 Y108.315 E1631.80347
G0 F9000 X114.127 Y108.403
G0 X113.118 Y113.334
G0 X112.89 Y113.323
G1 F3000 X139.219 Y106.268 E1633.07271
G0 F9000 X139.025 Y106.389
G0 X133.435 Y99.508
G0 X133.6 Y99.353
G1 F3000 X128.052 Y120.058 E1634.07083
G0 F9000 X128.251 Y119.947
G0 X129.202 Y121.255
G0 X129.043 Y121.418
G1 F3000 X140.778 Y118.274 E1634.63653
G1 X140.792 Y118.223
G1 X121.241 Y98.672 E1635.924
G1 X121.254 Y98.659
G1 X130.355 Y96.22 E1636.36274
G0 F9000 X130.198 Y96.385
G0 X121.557 Y98.687
G0 X121.4 Y98.521
G1 F3000 X115.214 Y121.607 E1637.47564
G0 F9000 X115.519 Y121.175
G1 F1500 E1630.97564
;MESH:NONMESH
G0 F300 X115.519 Y121.175 Z5.88
G0 F9000 X112.748 Y116.826
G0 X111.658 Y116.903
G0 X109.366 Y113.044
G0 X92.465 Y95.14
;TIME_ELAPSED:1847.904118
;LAYER:20
;TYPE:WALL-INNER
;MESH:tmpnqf7468lheart_box.stl
G1 F1500 E1637.47564
G1 F1134.2 X91.002 Y96.464 E1637.59715
G1 F1192.8 X89.54 Y97.789 E1637.71268
G1 F1263.2 X89.024 Y98.27 E1637.75169
G1 F1357.5 X87.455 Y99.788 E1637.86402
G1 F1477.8 X85.886 Y101.306 E1637.9672
G1 F1648.4 X83.116 Y104.27 E1638.1391
G1 F1869.2 X80.875 Y107.078 E1638.27335
G1 F1863.4 X80.641 Y107.407 E1638.28848
G1 F1851.9 X79.132 Y109.838 E1638.3964
G1 F1699.7 X78.842 Y110.402 E1638.42246
G1 F1511.3 X77.944 Y112.636 E1638.53374
G1 F1284.8 X77.776 Y113.258 E1638.56876
G1 F1119.4 X77.509 Y115.09 E1638.68428
G1 F1111.1 X77.391 Y115.964 E1638.73972
G1 F1039.9 X77.322 Y116.803 E1638.79626
G1 F982 X77.275 Y117.819 E1638.86861
G1 F934.6 X77.279 Y118.241 E1638.90015
G0 F9000 X77.707 Y120.243
G0 X78.423 Y122.966
G0 X79.969 Y125.505
G0 X82.623 Y127.373
G0 X85.986 Y128.891
G0 X85.978 Y129.204
G1 F1500 X87.421 Y128.983 E1638.96812
G1 F1327.4 X88.299 Y128.534 E1639.02001
G1 F1214.6 X88.746 Y128.344 E1639.04794
G1 F1425.2 X89.765 Y127.69 E1639.10728
G1 F1321.6 X89.91 Y127.467 E1639.12134
G1 F990.1 X89.986 Y127.314 E1639.13339
G1 F1181.1 X89.59 Y127.381 E1639.15714
G1 F1542.4 X88.391 Y127.98 E1639.21784
G1 F1298.7 X88.16 Y128.056 E1639.23091
G1 F1327.4 X87.236 Y128.142 E1639.27974
G1 F1500 X86.575 Y128.241 E1639.31087
G1 X82.576 Y127.518 E1639.50009
G1 X79.855 Y125.612 E1639.65479
G1 X78.738 Y123.772 E1639.75502
G1 F1395.3 X78.251 Y123.026 E1639.79961
G1 F1310 X77.782 Y121.226 E1639.89879
G1 F1459.9 X77.586 Y120.309 E1639.94365
G1 F1657.5 X77.462 Y118.629 E1640.01464
G1 F1171.9 X77.279 Y118.241 E1640.04021
G1 X77.106 Y118.633 E1640.06575
G1 F1657.5 X77.225 Y120.365 E1640.13891
G1 F1459.9 X77.337 Y121.319 E1640.18486
G1 F1301.5 X77.824 Y123.197 E1640.28898
G1 F1382.5 X78.029 Y124.131 E1640.33729
G1 F1500 X79.525 Y126.65 E1640.47371
G1 X82.058 Y128.478 E1640.61917
G1 X85.978 Y129.204 E1640.8048
G0 F9000 X85.986 Y128.891
G0 X89.986 Y127.314
G1 F990.1 X90.47 Y126.908 E1640.84937
G1 F1204.8 X90.954 Y126.501 E1640.88603
G1 F1435.4 X91.17 Y126.26 E1640.90178
G1 F1500 E1634.40178
G0 F9000 X92.376 Y124.675
G0 X92.95 Y123.878
G0 X92.957 Y124.168
G1 F1500 E1640.90178
G1 F1734.1 X92.892 Y124.131 E1640.90479
G1 X92.893 Y124.205 E1640.90777
G1 X92.957 Y124.168 E1640.91075
G1 F1500 E1634.41075
G0 F9000 X92.95 Y123.878
G0 X93.451 Y124.673
G0 X94.654 Y126.26
G1 F1500 E1640.91075
G1 F1435.4 X94.87 Y126.501 E1640.92649
G1 F1204.8 X95.35 Y126.904 E1640.96283
G1 F993.4 X95.831 Y127.308 E1641.00699
G0 F9000 X99.843 Y128.891
G0 X99.846 Y129.204
G1 F1500 X103.766 Y128.478 E1641.19263
G1 X106.299 Y126.65 E1641.33808
G1 X107.796 Y124.131 E1641.47453
G1 F1421.8 X107.985 Y123.304 E1641.5162
G1 F1321.6 X108.002 Y123.198 E1641.52188
G1 F1310 X108.491 Y121.319 E1641.62539
G1 F1470.6 X108.602 Y120.363 E1641.6711
G1 F1666.7 X108.719 Y118.666 E1641.74239
G1 F1174.2 X108.546 Y118.274 E1641.76788
G1 X108.365 Y118.662 E1641.79335
G1 F1676 X108.251 Y120.265 E1641.86032
G1 F1474.2 X108.047 Y121.225 E1641.90682
G1 F1310 X107.566 Y123.045 E1642.00719
G1 F1388.9 X107.09 Y123.773 E1642.05093
G1 F1500 X105.974 Y125.61 E1642.15102
G1 X103.265 Y127.516 E1642.30525
G1 X99.249 Y128.241 E1642.49528
G1 X98.592 Y128.143 E1642.52621
G1 F1342.3 X97.602 Y128.04 E1642.578
G1 F1227 X97.295 Y127.911 E1642.59696
G1 F1428.6 X96.225 Y127.376 E1642.65545
G1 F1185.8 X95.83 Y127.307 E1642.67907
G1 F1000 X95.908 Y127.465 E1642.69137
G1 F1333.3 X96.05 Y127.683 E1642.705
G1 F1428.6 X97.078 Y128.344 E1642.76476
G1 F1227 X97.442 Y128.503 E1642.78737
G1 F1239.7 X97.519 Y128.548 E1642.79239
G1 F1376.1 X98.407 Y128.982 E1642.84256
G1 F1500 X99.846 Y129.204 E1642.91036
G0 F9000 X99.843 Y128.891
G0 X103.206 Y127.373
G0 X105.86 Y125.505
G0 X107.406 Y122.966
G0 X107.812 Y121.422
G0 X108.546 Y118.274
G1 F943.4 X108.55 Y117.733 E1642.95041
G1 F988.5 X108.503 Y116.783 E1643.01762
G1 F1041.7 X108.431 Y115.963 E1643.07282
G1 F1109.1 X108.049 Y113.258 E1643.24486
G1 F1295.9 X107.882 Y112.637 E1643.27952
G1 F1522.8 X106.982 Y110.402 E1643.39003
G1 F1680.7 X106.739 Y109.921 E1643.41243
G1 F1840.5 X105.184 Y107.406 E1643.52464
G1 F1875 X104.991 Y107.131 E1643.53716
G1 X102.711 Y104.271 E1643.67341
G1 F1709.4 X101.335 Y102.799 E1643.75574
G1 F1591.5 X99.959 Y101.326 E1643.8442
G1 F1500 X99.734 Y101.098 E1643.85912
G1 F1385.7 X96.818 Y98.285 E1644.06335
G1 F1268.5 X96.277 Y97.78 E1644.1041
G1 F1192.8 X94.818 Y96.46 E1644.2193
G1 F1134.2 X93.358 Y95.139 E1644.34055
G0 F9000 X93.359 Y95.14
G1 F1312.9 X93.038 Y94.732 E1644.36817
G1 F1612.9 X92.912 Y94.616 E1644.37558
G1 X92.787 Y94.731 E1644.38294
G1 F1312.9 X92.465 Y95.14 E1644.41063
G1 X92.912 Y95.054 E1644.43485
G1 X93.359 Y95.14 E1644.45906
G1 F1500 E1637.95906
G0 F9000 X99.848 Y101.421
G0 X102.606 Y104.332
G0 X104.889 Y107.162
G0 X106.627 Y109.927
G0 X107.738 Y112.646
G0 X108.211 Y115.97
G0 X108.3 Y117.772
G0 X108.122 Y120.243
G0 X107.406 Y122.966
G0 X105.86 Y125.505
G0 X103.206 Y127.373
G0 X99.299 Y128.139
G0 X99.245 Y127.832
;TYPE:WALL-OUTER
G1 F1500 E1644.45906
G1 X97.711 Y127.606 E1644.53127
G1 X96.3 Y126.992 E1644.60292
G1 X95.1 Y126.144 E1644.67134
G1 X94.93 Y125.978 E1644.6824
G1 F1242.2 X94.587 Y125.758 E1644.70532
G1 F1127.8 X94.102 Y125.239 E1644.74931
G1 F1282.1 X93.668 Y124.633 E1644.78992
G1 F1449.3 X93.542 Y124.435 E1644.80123
G1 F1522.8 X93.367 Y124.21 E1644.8143
G1 F1507.5 X92.914 Y123.412 E1644.85681
G1 X92.461 Y124.21 E1644.89933
G1 F1515.2 X92.286 Y124.433 E1644.9124
G1 F1449.3 X92.161 Y124.629 E1644.9236
G1 F1287.6 X91.722 Y125.239 E1644.96437
G1 F1127.8 X91.238 Y125.758 E1645.00832
G1 F1242.2 X90.895 Y125.977 E1645.0312
G1 F1500 X90.721 Y126.147 E1645.04253
G1 X89.524 Y126.992 E1645.11075
G1 X88.121 Y127.606 E1645.18206
G1 X86.581 Y127.835 E1645.25456
G1 X82.725 Y127.138 E1645.43702
G1 X80.154 Y125.332 E1645.58332
G1 X78.657 Y122.867 E1645.71761
G1 X77.957 Y120.217 E1645.84524
G1 X77.78 Y117.758 E1645.96004
G1 X77.865 Y115.97 E1646.04339
G1 X77.97 Y115.158 E1646.08151
G1 X78.332 Y112.718 E1646.19637
G1 X79.414 Y110.056 E1646.33018
G1 X81.148 Y107.298 E1646.48187
G1 X83.414 Y104.49 E1646.64989
G1 X86.157 Y101.591 E1646.83573
G1 X89.31 Y98.59 E1647.03842
G1 X92.778 Y95.49 E1647.25501
G1 X92.912 Y95.44 E1647.26167
G1 X93.046 Y95.49 E1647.26833
G1 X96.523 Y98.595 E1647.4854
G1 X99.674 Y101.598 E1647.68808
G1 X102.424 Y104.502 E1647.87431
G1 X104.694 Y107.317 E1648.0427
G1 X106.394 Y110.025 E1648.19158
G1 X107.496 Y112.718 E1648.32707
G1 X107.85 Y115.161 E1648.44202
G1 X107.959 Y115.969 E1648.47998
G1 X108.048 Y117.783 E1648.56455
G1 X107.87 Y120.219 E1648.67828
G1 X107.172 Y122.867 E1648.8058
G1 X105.677 Y125.323 E1648.93968
G1 X103.114 Y127.133 E1649.08578
G1 X99.245 Y127.832 E1649.26886
G1 F1500 E1642.76886
G0 F9000 X99.299 Y128.139
G0 X99.85 Y129.298
G0 X99.852 Y129.609
G1 F1500 E1649.26886
G1 X103.927 Y128.855 E1649.46183
G1 X106.601 Y126.926 E1649.61536
G1 X108.169 Y124.286 E1649.75833
G1 X108.913 Y121.387 E1649.8977
G1 X109.099 Y118.705 E1650.02288
G1 X109.006 Y116.759 E1650.1136
G1 X108.938 Y116.174 E1650.14102
G1 X108.505 Y113.137 E1650.28387
G1 X107.34 Y110.222 E1650.43004
G1 X105.487 Y107.195 E1650.59531
G1 X103.002 Y104.044 E1650.78217
G1 X100.017 Y100.809 E1650.98713
G1 X96.588 Y97.462 E1651.21025
G1 X92.912 Y94.092 E1651.44247
G1 X89.229 Y97.47 E1651.67517
G1 X85.786 Y100.836 E1651.89938
G1 X82.804 Y104.065 E1652.10404
G1 X80.337 Y107.195 E1652.28962
G1 X78.484 Y110.222 E1652.45488
G1 X77.319 Y113.136 E1652.60101
G1 X76.882 Y116.184 E1652.74439
G1 X76.82 Y116.764 E1652.77155
G1 X76.725 Y118.705 E1652.86204
G1 X76.914 Y121.387 E1652.98724
G1 X77.655 Y124.286 E1653.12656
G1 X79.223 Y126.926 E1653.26954
G1 X81.897 Y128.855 E1653.42307
G1 X85.972 Y129.609 E1653.61604
G1 X87.535 Y129.37 E1653.68967
G1 X88.967 Y128.729 E1653.76272
G1 X90.218 Y127.83 E1653.83446
G1 X91.272 Y126.779 E1653.90377
G1 X91.485 Y126.499 E1653.92015
G1 F1242.2 X91.66 Y126.131 E1653.94306
G1 F1098.9 X91.998 Y125.716 E1653.97708
G1 F1250 X92.533 Y124.845 E1654.03419
G1 F1456.3 X92.633 Y124.62 E1654.046
G1 F1522.8 X92.729 Y124.54 E1654.05174
G1 F1515.2 X93.098 Y124.54 E1654.06875
G1 F1526.7 X93.194 Y124.62 E1654.07446
G1 F1449.3 X93.292 Y124.847 E1654.08638
G1 F1293.1 X93.678 Y125.487 E1654.12675
G1 F1176.5 X93.826 Y125.716 E1654.14294
G1 F1098.9 X94.163 Y126.13 E1654.17687
G1 F1242.2 X94.338 Y126.498 E1654.19978
G1 F1500 X94.551 Y126.78 E1654.21623
G1 X95.606 Y127.831 E1654.28558
G1 X96.857 Y128.729 E1654.35728
G1 X98.293 Y129.37 E1654.43051
G1 X99.852 Y129.609 E1654.50395
G0 F9000 X100.609 Y128.982
;TYPE:FILL
G1 F3000 X100.864 Y128.03 E1654.54984
G0 F9000 X100.106 Y128.168
G1 F3000 X100.871 Y128.933 E1654.60022
G1 F1500 E1648.10022
G0 F9000 X100.83 Y128.706
G0 X106.413 Y126.76
G0 X108.853 Y118.713
G0 X108.265 Y113.204
G0 X105.282 Y107.335
G0 X99.845 Y100.989
G0 X92.914 Y94.419
G0 X82.997 Y104.223
G0 X78.71 Y110.329
G0 X77.07 Y116.769
G0 X77.16 Y121.347
G0 X79.902 Y125.472
G0 X83.703 Y128.468
G0 X83.661 Y128.693
G1 F1500 E1654.60022
G1 F3000 X82.535 Y127.568 E1654.67433
G0 F9000 X82.39 Y127.773
G0 X79.671 Y125.784
G0 X78.234 Y123.543
G0 X78.406 Y123.439
G1 F3000 X77.999 Y123.032 E1654.70113
G1 F1500 E1648.20113
G0 F9000 X78.014 Y123.029
G0 X77.707 Y120.243
G0 X77.529 Y117.772
G0 X77.617 Y115.97
G0 X78.091 Y112.646
G0 X79.202 Y109.927
G0 X80.94 Y107.162
G0 X83.223 Y104.332
G0 X85.98 Y101.421
G0 X89.135 Y98.415
G0 X92.914 Y95.05
G0 X96.693 Y98.415
G0 X99.848 Y101.421
G0 X102.606 Y104.332
G0 X104.889 Y107.162
G0 X106.627 Y109.927
G0 X107.738 Y112.646
G0 X108.121 Y115.339
G0 X108.689 Y121.35
G0 X109.78 Y121.425
G0 X113.862 Y122.189
G0 X114.795 Y121.621
G0 X120.771 Y123.439
G0 X120.765 Y123.748
;TYPE:WALL-INNER
G1 F1500 E1654.70113
G1 X122.069 Y123.554 E1654.76252
G1 X123.281 Y123.029 E1654.82403
G1 X124.371 Y122.264 E1654.88603
G1 X125.275 Y121.383 E1654.94481
G1 X125.951 Y120.513 E1654.99611
G1 X126.361 Y119.791 E1655.03478
G1 X126.45 Y119.564 E1655.04613
G1 X126.559 Y119.437 E1655.05392
G1 X126.819 Y119.29 E1655.06783
G1 X127.248 Y119.285 E1655.08781
G1 X127.436 Y119.33 E1655.09681
G1 X127.616 Y119.447 E1655.1068
G1 X127.71 Y119.56 E1655.11365
G1 X127.798 Y119.772 E1655.12434
G1 X128.217 Y120.514 E1655.16402
G1 X128.893 Y121.383 E1655.21528
G1 X129.797 Y122.264 E1655.27406
G1 X130.887 Y123.029 E1655.33607
G1 X132.099 Y123.554 E1655.39757
G1 X133.403 Y123.748 E1655.45896
G1 X136.959 Y123.112 E1655.62717
G1 X139.248 Y121.501 E1655.7575
G1 X140.597 Y119.279 E1655.87855
G1 X141.249 Y116.797 E1655.99804
G1 X141.415 Y114.481 E1656.10616
G1 X141.333 Y112.801 E1656.18448
G1 X141.263 Y112.249 E1656.21039
G1 X140.888 Y109.651 E1656.33262
G1 X139.86 Y107.14 E1656.45896
G1 X138.198 Y104.494 E1656.60446
G1 X135.984 Y101.752 E1656.76856
G1 X133.267 Y98.884 E1656.95252
G1 X130.144 Y95.909 E1657.15336
G1 X127.084 Y93.173 E1657.3445
G1 X124.016 Y95.917 E1657.53616
G1 X120.89 Y98.896 E1657.73723
G1 X118.184 Y101.752 E1657.92043
G1 X115.97 Y104.494 E1658.08453
G1 X114.308 Y107.14 E1658.23003
G1 X113.28 Y109.652 E1658.35641
G1 X112.919 Y112.129 E1658.47297
G1 X112.835 Y112.8 E1658.50446
G1 X112.754 Y114.481 E1658.58283
G1 X112.919 Y116.797 E1658.69094
G1 X113.571 Y119.278 E1658.81039
G1 X114.924 Y121.501 E1658.93157
G1 X117.209 Y123.112 E1659.06175
G1 X120.765 Y123.748 E1659.22996
G0 F9000 X120.759 Y124.153
;TYPE:WALL-OUTER
G1 F1500 X122.18 Y123.942 E1659.29686
G1 X123.477 Y123.38 E1659.36268
G1 X124.627 Y122.573 E1659.42809
G1 X125.574 Y121.65 E1659.48967
G1 X126.285 Y120.736 E1659.54359
G1 X126.736 Y119.941 E1659.58615
G1 X126.787 Y119.78 E1659.59401
G1 X126.895 Y119.689 E1659.60059
G1 X127.219 Y119.684 E1659.61568
G1 X127.308 Y119.718 E1659.62012
G1 X127.883 Y120.736 E1659.67456
G1 X128.594 Y121.65 E1659.72848
G1 X129.541 Y122.573 E1659.79005
G1 X130.691 Y123.38 E1659.85547
G1 X131.988 Y123.942 E1659.92129
G1 X133.409 Y124.153 E1659.98818
G1 X137.117 Y123.49 E1660.16358
G1 X139.546 Y121.78 E1660.3019
G1 X140.969 Y119.437 E1660.42955
G1 X141.645 Y116.863 E1660.55347
G1 X141.815 Y114.485 E1660.66448
G1 X141.732 Y112.766 E1660.74462
G1 X141.659 Y112.192 E1660.77156
G1 X141.277 Y109.545 E1660.89609
G1 X140.217 Y106.956 E1661.02636
G1 X138.524 Y104.261 E1661.17456
G1 X136.285 Y101.488 E1661.34052
G1 X133.55 Y98.602 E1661.52566
G1 X130.416 Y95.615 E1661.72726
G1 X127.084 Y92.637 E1661.93535
G1 X123.744 Y95.623 E1662.14396
G1 X120.606 Y98.614 E1662.34582
G1 X117.883 Y101.488 E1662.53018
G1 X115.644 Y104.261 E1662.69613
G1 X113.951 Y106.956 E1662.84433
G1 X112.891 Y109.546 E1662.97464
G1 X112.523 Y112.075 E1663.09364
G1 X112.436 Y112.766 E1663.12607
G1 X112.353 Y114.485 E1663.20621
G1 X112.523 Y116.863 E1663.31722
G1 X113.199 Y119.436 E1663.4411
G1 X114.626 Y121.78 E1663.56888
G1 X117.051 Y123.49 E1663.70705
G1 X120.759 Y124.153 E1663.88245
G0 F9000 X120.769 Y123.845
G0 X115.173 Y121.299
G0 X115.041 Y121.485
;TYPE:FILL
G1 F3000 X121.124 Y98.783 E1664.97684
G0 F9000 X120.955 Y98.944
G1 F3000 X130.523 Y96.38 E1665.43808
G0 F9000 X130.366 Y96.545
G0 X133.275 Y99.339
G0 X133.44 Y99.184
G1 F3000 X127.913 Y119.812 E1666.43249
G0 F9000 X128.113 Y119.7
G0 X127.723 Y118.597
G0 X126.446 Y118.597
G0 X125.855 Y120.062
G0 X126.052 Y120.174
G1 F3000 X113.995 Y108.116 E1667.2265
G0 F9000 X114.208 Y108.203
G0 X113.108 Y113.542
G0 X112.88 Y113.531
G1 F3000 X139.329 Y106.444 E1668.50152
G0 F9000 X139.136 Y106.565
G0 X140.953 Y116.652
G0 X141.178 Y116.669
G1 F3000 X140.46 Y119.351 E1668.6308
G0 F9000 X140.72 Y118.495
G1 F3000 X129.208 Y121.579 E1669.18575
G0 F9000 X129.368 Y121.416
G0 X140.633 Y117.943
G0 X140.851 Y118.001
G1 F3000 X121.385 Y98.535 E1670.46762
G0 F9000 X121.748 Y98.919
G1 F1500 E1663.96762
;MESH:NONMESH
G0 F300 X121.748 Y98.919 Z6.16
G0 F9000 X118.058 Y101.64
G0 X96.679 Y98.43
G0 X92.465 Y95.14
;TIME_ELAPSED:1887.768708
;LAYER:21
;TYPE:WALL-INNER
;MESH:tmpnqf7468lheart_box.stl
G1 F1500 E1670.46762
G1 F1134.2 X91.002 Y96.464 E1670.58913
G1 F1192.8 X89.54 Y97.789 E1670.70466
G1 F1263.2 X89.024 Y98.27 E1670.74367
G1 F1357.5 X87.455 Y99.788 E1670.856
G1 F1477.8 X85.886 Y101.306 E1670.95918
G1 F1648.4 X83.116 Y104.27 E1671.13108
G1 F1869.2 X80.875 Y107.078 E1671.26533
G1 F1863.4 X80.641 Y107.407 E1671.28046
G1 F1851.9 X79.132 Y109.838 E1671.38838
G1 F1699.7 X78.842 Y110.402 E1671.41444
G1 F1511.3 X77.944 Y112.636 E1671.52572
G1 F1284.8 X77.776 Y113.258 E1671.56074
G1 F1119.4 X77.509 Y115.09 E1671.67626
G1 F1111.1 X77.391 Y115.964 E1671.7317
G1 F1039.9 X77.322 Y116.803 E1671.78824
G1 F982 X77.275 Y117.819 E1671.86059
G1 F934.6 X77.279 Y118.241 E1671.89213
G0 F9000 X77.707 Y120.243
G0 X78.423 Y122.966
G0 X79.969 Y125.505
G0 X82.623 Y127.373
G0 X85.986 Y128.891
G0 X85.978 Y129.204
G1 F1500 X87.421 Y128.983 E1671.9601
G1 F1327.4 X88.299 Y128.534 E1672.01199
G1 F1214.6 X88.746 Y128.344 E1672.03992
G1 F1425.2 X89.765 Y127.69 E1672.09926
G1 F1321.6 X89.91 Y127.467 E1672.11332
G1 F990.1 X89.986 Y127.314 E1672.12537
G1 F1181.1 X89.59 Y127.381 E1672.14912
G1 F1542.4 X88.391 Y127.98 E1672.20982
G1 F1298.7 X88.16 Y128.056 E1672.2229
G1 F1327.4 X87.236 Y128.142 E1672.27172
G1 F1500 X86.575 Y128.241 E1672.30285
G1 X82.576 Y127.518 E1672.49208
G1 X79.855 Y125.612 E1672.64677
G1 X78.738 Y123.772 E1672.747
G1 F1395.3 X78.251 Y123.026 E1672.79159
G1 F1310 X77.782 Y121.226 E1672.89077
G1 F1459.9 X77.586 Y120.309 E1672.93563
G1 F1657.5 X77.462 Y118.629 E1673.00662
G1 F1171.9 X77.279 Y118.241 E1673.03219
G1 X77.106 Y118.633 E1673.05773
G1 F1657.5 X77.225 Y120.365 E1673.13089
G1 F1459.9 X77.337 Y121.319 E1673.17684
G1 F1301.5 X77.824 Y123.197 E1673.28096
G1 F1382.5 X78.029 Y124.131 E1673.32927
G1 F1500 X79.525 Y126.65 E1673.46569
G1 X82.058 Y128.478 E1673.61115
G1 X85.978 Y129.204 E1673.79678
G0 F9000 X85.986 Y128.891
G0 X89.986 Y127.314
G1 F990.1 X90.47 Y126.908 E1673.84135
G1 F1204.8 X90.954 Y126.501 E1673.87801
G1 F1435.4 X91.17 Y126.26 E1673.89376
G1 F1500 E1667.39376
G0 F9000 X92.376 Y124.675
G0 X92.95 Y123.878
G0 X92.957 Y124.168
G1 F1500 E1673.89376
G1 F1734.1 X92.892 Y124.131 E1673.89677
G1 X92.893 Y124.205 E1673.89975
G1 X92.957 Y124.168 E1673.90273
G1 F1500 E1667.40273
G0 F9000 X92.95 Y123.878
G0 X93.451 Y124.673
G0 X94.654 Y126.26
G1 F1500 E1673.90273
G1 F1435.4 X94.87 Y126.501 E1673.91847
G1 F1204.8 X95.35 Y126.904 E1673.95481
G1 F993.4 X95.831 Y127.308 E1673.99897
G0 F9000 X99.843 Y128.891
G0 X99.846 Y129.204
G1 F1500 X103.766 Y128.478 E1674.18461
G1 X106.299 Y126.65 E1674.33006
G1 X107.796 Y124.131 E1674.46651
G1 F1421.8 X107.985 Y123.304 E1674.50818
G1 F1321.6 X108.002 Y123.198 E1674.51386
G1 F1310 X108.491 Y121.319 E1674.61737
G1 F1470.6 X108.602 Y120.363 E1674.66309
G1 F1666.7 X108.719 Y118.666 E1674.73437
G1 F1174.2 X108.546 Y118.274 E1674.75986
G1 X108.365 Y118.662 E1674.78533
G1 F1676 X108.251 Y120.265 E1674.8523
G1 F1474.2 X108.047 Y121.225 E1674.8988
G1 F1310 X107.566 Y123.045 E1674.99917
G1 F1388.9 X107.09 Y123.773 E1675.04291
G1 F1500 X105.974 Y125.61 E1675.143
G1 X103.265 Y127.516 E1675.29723
G1 X99.249 Y128.241 E1675.48726
G1 X98.592 Y128.143 E1675.51819
G1 F1342.3 X97.602 Y128.04 E1675.56998
G1 F1227 X97.295 Y127.911 E1675.58894
G1 F1428.6 X96.225 Y127.376 E1675.64743
G1 F1185.8 X95.83 Y127.307 E1675.67105
G1 F1000 X95.908 Y127.465 E1675.68335
G1 F1333.3 X96.05 Y127.683 E1675.69698
G1 F1428.6 X97.078 Y128.344 E1675.75674
G1 F1227 X97.442 Y128.503 E1675.77935
G1 F1239.7 X97.519 Y128.548 E1675.78437
G1 F1376.1 X98.407 Y128.982 E1675.83454
G1 F1500 X99.846 Y129.204 E1675.90234
G0 F9000 X99.843 Y128.891
G0 X103.206 Y127.373
G0 X105.86 Y125.505
G0 X107.406 Y122.966
G0 X107.812 Y121.422
G0 X108.546 Y118.274
G1 F943.4 X108.55 Y117.733 E1675.94239
G1 F988.5 X108.503 Y116.783 E1676.0096
G1 F1041.7 X108.431 Y115.963 E1676.0648
G1 F1109.1 X108.049 Y113.258 E1676.23684
G1 F1295.9 X107.882 Y112.637 E1676.2715
G1 F1522.8 X106.982 Y110.402 E1676.38201
G1 F1680.7 X106.739 Y109.921 E1676.40441
G1 F1840.5 X105.184 Y107.406 E1676.51662
G1 F1875 X104.991 Y107.131 E1676.52914
G1 X102.711 Y104.271 E1676.66539
G1 F1709.4 X101.335 Y102.799 E1676.74772
G1 F1591.5 X99.959 Y101.326 E1676.83618
G1 F1500 X99.734 Y101.098 E1676.8511
G1 F1385.7 X96.818 Y98.285 E1677.05533
G1 F1268.5 X96.277 Y97.78 E1677.09608
G1 F1192.8 X94.818 Y96.46 E1677.21128
G1 F1134.2 X93.358 Y95.139 E1677.33253
G0 F9000 X93.359 Y95.14
G1 F1312.9 X93.038 Y94.732 E1677.36015
G1 F1612.9 X92.912 Y94.616 E1677.36756
G1 X92.787 Y94.731 E1677.37492
G1 F1312.9 X92.465 Y95.14 E1677.40261
G1 X92.912 Y95.054 E1677.42683
G1 X93.359 Y95.14 E1677.45105
G1 F1500 E1670.95105
G0 F9000 X99.848 Y101.421
G0 X102.606 Y104.332
G0 X104.889 Y107.162
G0 X106.627 Y109.927
G0 X107.738 Y112.646
G0 X108.211 Y115.97
G0 X108.3 Y117.772
G0 X108.122 Y120.243
G0 X107.406 Y122.966
G0 X105.86 Y125.505
G0 X103.206 Y127.373
G0 X99.299 Y128.139
G0 X99.245 Y127.832
;TYPE:WALL-OUTER
G1 F1500 E1677.45105
G1 X97.711 Y127.606 E1677.52325
G1 X96.3 Y126.992 E1677.5949
G1 X95.1 Y126.144 E1677.66332
G1 X94.93 Y125.978 E1677.67438
G1 F1242.2 X94.587 Y125.758 E1677.6973
G1 F1127.8 X94.102 Y125.239 E1677.74129
G1 F1282.1 X93.668 Y124.633 E1677.7819
G1 F1449.3 X93.542 Y124.435 E1677.79321
G1 F1522.8 X93.367 Y124.21 E1677.80628
G1 F1507.5 X92.914 Y123.412 E1677.84879
G1 X92.461 Y124.21 E1677.89131
G1 F1515.2 X92.286 Y124.433 E1677.90438
G1 F1449.3 X92.161 Y124.629 E1677.91558
G1 F1287.6 X91.722 Y125.239 E1677.95635
G1 F1127.8 X91.238 Y125.758 E1678.0003
G1 F1242.2 X90.895 Y125.977 E1678.02318
G1 F1500 X90.721 Y126.147 E1678.03451
G1 X89.524 Y126.992 E1678.10273
G1 X88.121 Y127.606 E1678.17404
G1 X86.581 Y127.835 E1678.24654
G1 X82.725 Y127.138 E1678.429
G1 X80.154 Y125.332 E1678.5753
G1 X78.657 Y122.867 E1678.70959
G1 X77.957 Y120.217 E1678.83722
G1 X77.78 Y117.758 E1678.95202
G1 X77.865 Y115.97 E1679.03537
G1 X77.97 Y115.158 E1679.07349
G1 X78.332 Y112.718 E1679.18835
G1 X79.414 Y110.056 E1679.32216
G1 X81.134 Y107.317 E1679.47276
G1 X83.414 Y104.49 E1679.64187
G1 X86.157 Y101.591 E1679.82771
G1 X89.31 Y98.59 E1680.0304
G1 X92.778 Y95.49 E1680.24699
G1 X92.912 Y95.44 E1680.25365
G1 X93.046 Y95.49 E1680.26031
G1 X96.523 Y98.595 E1680.47738
G1 X99.674 Y101.598 E1680.68006
G1 X102.424 Y104.502 E1680.86629
G1 X104.694 Y107.317 E1681.03468
G1 X106.394 Y110.025 E1681.18356
G1 X107.496 Y112.718 E1681.31905
G1 X107.85 Y115.161 E1681.434
G1 X107.959 Y115.969 E1681.47196
G1 X108.048 Y117.783 E1681.55653
G1 X107.87 Y120.219 E1681.67027
G1 X107.172 Y122.867 E1681.79778
G1 X105.677 Y125.323 E1681.93166
G1 X103.114 Y127.133 E1682.07777
G1 X99.245 Y127.832 E1682.26084
G1 F1500 E1675.76084
G0 F9000 X99.299 Y128.139
G0 X99.85 Y129.298
G0 X99.852 Y129.609
G1 F1500 E1682.26084
G1 X103.927 Y128.855 E1682.45381
G1 X106.601 Y126.926 E1682.60734
G1 X108.169 Y124.286 E1682.75032
G1 X108.913 Y121.387 E1682.88968
G1 X109.099 Y118.705 E1683.01487
G1 X109.006 Y116.759 E1683.10558
G1 X108.938 Y116.174 E1683.13301
G1 X108.505 Y113.137 E1683.27585
G1 X107.34 Y110.222 E1683.42203
G1 X105.487 Y107.195 E1683.58729
G1 X103.002 Y104.044 E1683.77415
G1 X100.017 Y100.809 E1683.97911
G1 X96.588 Y97.462 E1684.20224
G1 X92.912 Y94.092 E1684.43445
G1 X89.229 Y97.47 E1684.66716
G1 X85.786 Y100.836 E1684.89136
G1 X82.804 Y104.065 E1685.09603
G1 X80.337 Y107.195 E1685.2816
G1 X78.484 Y110.222 E1685.44686
G1 X77.319 Y113.136 E1685.59299
G1 X76.882 Y116.184 E1685.73637
G1 X76.82 Y116.764 E1685.76353
G1 X76.725 Y118.705 E1685.85402
G1 X76.914 Y121.387 E1685.97922
G1 X77.655 Y124.286 E1686.11855
G1 X79.223 Y126.926 E1686.26152
G1 X81.897 Y128.855 E1686.41505
G1 X85.972 Y129.609 E1686.60802
G1 X87.535 Y129.37 E1686.68165
G1 X88.967 Y128.729 E1686.75471
G1 X90.218 Y127.83 E1686.82644
G1 X91.272 Y126.779 E1686.89575
G1 X91.485 Y126.499 E1686.91213
G1 F1242.2 X91.66 Y126.131 E1686.93504
G1 F1098.9 X91.998 Y125.716 E1686.96906
G1 F1250 X92.533 Y124.845 E1687.02618
G1 F1456.3 X92.633 Y124.62 E1687.03799
G1 F1522.8 X92.729 Y124.54 E1687.04372
G1 F1515.2 X93.098 Y124.54 E1687.06073
G1 F1526.7 X93.194 Y124.62 E1687.06644
G1 F1449.3 X93.292 Y124.847 E1687.07836
G1 F1293.1 X93.678 Y125.487 E1687.11873
G1 F1176.5 X93.826 Y125.716 E1687.13492
G1 F1098.9 X94.163 Y126.13 E1687.16885
G1 F1242.2 X94.338 Y126.498 E1687.19176
G1 F1500 X94.551 Y126.78 E1687.20822
G1 X95.606 Y127.831 E1687.27756
G1 X96.857 Y128.729 E1687.34926
G1 X98.293 Y129.37 E1687.42249
G1 X99.852 Y129.609 E1687.49593
G0 F9000 X100.394 Y129.021
;TYPE:FILL
G1 F3000 X100.649 Y128.069 E1687.54182
G0 F9000 X100.343 Y128.126
G1 F3000 X101.107 Y128.889 E1687.5921
G1 F1500 E1681.0921
G0 F9000 X101.066 Y128.663
G0 X106.413 Y126.76
G0 X108.853 Y118.713
G0 X108.265 Y113.204
G0 X105.282 Y107.335
G0 X99.845 Y100.989
G0 X92.914 Y94.419
G0 X82.997 Y104.223
G0 X78.71 Y110.329
G0 X77.07 Y116.769
G0 X77.16 Y121.347
G0 X81.077 Y127.24
G0 X88.211 Y128.309
G0 X88.194 Y128.185
G1 F1500 E1687.5921
G1 F3000 X88.112 Y128.494 E1687.60699
G0 F9000 X88.055 Y128.363
G0 X87.216 Y128.436
G0 X84.046 Y128.531
G0 X84.004 Y128.757
G1 F3000 X82.907 Y127.66 E1687.67923
G0 F9000 X82.866 Y127.885
G0 X82.465 Y127.751
G0 X79.671 Y125.784
G0 X78.028 Y123.074
G0 X78.131 Y123.047
G1 F3000 X77.927 Y123.102 E1687.68906
G1 F1500 E1681.18906
G0 F9000 X78.027 Y123.077
G0 X77.707 Y120.243
G0 X77.529 Y117.772
G0 X77.617 Y115.97
G0 X78.091 Y112.646
G0 X79.202 Y109.927
G0 X80.94 Y107.162
G0 X83.223 Y104.332
G0 X85.98 Y101.421
G0 X89.135 Y98.415
G0 X92.914 Y95.05
G0 X96.693 Y98.415
G0 X99.848 Y101.421
G0 X102.606 Y104.332
G0 X104.889 Y107.162
G0 X106.627 Y109.927
G0 X107.738 Y112.646
G0 X108.121 Y115.339
G0 X108.689 Y121.35
G0 X109.78 Y121.425
G0 X113.862 Y122.189
G0 X114.795 Y121.621
G0 X120.771 Y123.439
G0 X120.765 Y123.748
;TYPE:WALL-INNER
G1 F1500 E1687.68906
G1 X122.069 Y123.554 E1687.75045
G1 X123.281 Y123.029 E1687.81196
G1 X124.371 Y122.264 E1687.87396
G1 X125.275 Y121.383 E1687.93274
G1 X125.951 Y120.513 E1687.98404
G1 X126.361 Y119.791 E1688.02271
G1 X126.45 Y119.564 E1688.03406
G1 X126.559 Y119.437 E1688.04185
G1 X126.819 Y119.29 E1688.05576
G1 X127.248 Y119.285 E1688.07574
G1 X127.436 Y119.33 E1688.08474
G1 X127.616 Y119.447 E1688.09473
G1 X127.71 Y119.56 E1688.10158
G1 X127.798 Y119.772 E1688.11227
G1 X128.217 Y120.514 E1688.15195
G1 X128.893 Y121.383 E1688.20321
G1 X129.797 Y122.264 E1688.26199
G1 X130.887 Y123.029 E1688.324
G1 X132.099 Y123.554 E1688.3855
G1 X133.403 Y123.748 E1688.44689
G1 X136.959 Y123.112 E1688.6151
G1 X139.248 Y121.501 E1688.74543
G1 X140.597 Y119.279 E1688.86648
G1 X141.249 Y116.797 E1688.98597
G1 X141.415 Y114.481 E1689.09409
G1 X141.333 Y112.801 E1689.17241
G1 X141.263 Y112.249 E1689.19832
G1 X140.888 Y109.651 E1689.32055
G1 X139.86 Y107.14 E1689.44689
G1 X138.198 Y104.494 E1689.59239
G1 X135.984 Y101.752 E1689.75649
G1 X133.267 Y98.884 E1689.94045
G1 X130.144 Y95.909 E1690.14129
G1 X127.084 Y93.173 E1690.33242
G1 X124.016 Y95.917 E1690.52409
G1 X120.89 Y98.896 E1690.72516
G1 X118.184 Y101.752 E1690.90836
G1 X115.97 Y104.494 E1691.07246
G1 X114.308 Y107.14 E1691.21796
G1 X113.28 Y109.652 E1691.34434
G1 X112.919 Y112.129 E1691.4609
G1 X112.835 Y112.8 E1691.49239
G1 X112.754 Y114.481 E1691.57076
G1 X112.919 Y116.797 E1691.67887
G1 X113.571 Y119.278 E1691.79832
G1 X114.924 Y121.501 E1691.9195
G1 X117.209 Y123.112 E1692.04968
G1 X120.765 Y123.748 E1692.21789
G0 F9000 X120.759 Y124.153
;TYPE:WALL-OUTER
G1 F1500 X122.18 Y123.942 E1692.28479
G1 X123.477 Y123.38 E1692.3506
G1 X124.627 Y122.573 E1692.41602
G1 X125.574 Y121.65 E1692.4776
G1 X126.285 Y120.736 E1692.53152
G1 X126.736 Y119.941 E1692.57408
G1 X126.787 Y119.78 E1692.58194
G1 X126.895 Y119.689 E1692.58852
G1 X127.219 Y119.684 E1692.60361
G1 X127.308 Y119.718 E1692.60805
G1 X127.883 Y120.736 E1692.66249
G1 X128.594 Y121.65 E1692.71641
G1 X129.541 Y122.573 E1692.77798
G1 X130.691 Y123.38 E1692.8434
G1 X131.988 Y123.942 E1692.90922
G1 X133.409 Y124.153 E1692.97611
G1 X137.117 Y123.49 E1693.15151
G1 X139.546 Y121.78 E1693.28983
G1 X140.969 Y119.437 E1693.41748
G1 X141.645 Y116.863 E1693.5414
G1 X141.815 Y114.485 E1693.65241
G1 X141.732 Y112.766 E1693.73255
G1 X141.659 Y112.192 E1693.75949
G1 X141.277 Y109.545 E1693.88402
G1 X140.217 Y106.956 E1694.01429
G1 X138.524 Y104.261 E1694.16249
G1 X136.285 Y101.488 E1694.32845
G1 X133.55 Y98.602 E1694.51359
G1 X130.416 Y95.615 E1694.71519
G1 X127.084 Y92.637 E1694.92328
G1 X123.744 Y95.623 E1695.13189
G1 X120.606 Y98.614 E1695.33375
G1 X117.883 Y101.488 E1695.51811
G1 X115.644 Y104.261 E1695.68406
G1 X113.951 Y106.956 E1695.83226
G1 X112.891 Y109.546 E1695.96257
G1 X112.523 Y112.075 E1696.08157
G1 X112.436 Y112.766 E1696.114
G1 X112.353 Y114.485 E1696.19414
G1 X112.523 Y116.863 E1696.30515
G1 X113.199 Y119.436 E1696.42903
G1 X114.626 Y121.78 E1696.55681
G1 X117.051 Y123.49 E1696.69498
G1 X120.759 Y124.153 E1696.87038
G0 F9000 X120.377 Y123.475
;TYPE:FILL
G1 F3000 X123.555 Y122.592 E1697.02396
G0 F9000 X123.495 Y122.505
G0 X124.348 Y121.86
G0 X124.421 Y121.936
G1 F3000 X119.469 Y123.313 E1697.2633
G0 F9000 X118.559 Y123.15
G1 F3000 X125.016 Y121.356 E1697.57535
G0 F9000 X125.461 Y120.817
G1 F3000 X117.65 Y122.988 E1697.95285
G0 F9000 X117.034 Y122.744
G1 F3000 X125.845 Y120.295 E1698.37868
G0 F9000 X126.154 Y119.995
G1 F3000 X125.567 Y119.408 E1698.41734
G1 X128.184 Y118.04 E1698.55484
G1 X127.78 Y119.544 E1698.62736
G0 F9000 X128.04 Y119.472
G0 X128.184 Y118.04
G1 F3000 X128.324 Y117.515 E1698.65266
G1 X125.271 Y119.111 E1698.81307
G1 X125.567 Y119.408 E1698.8326
G0 F9000 X125.271 Y119.111
G1 F3000 X114.49 Y108.328 E1699.54261
G1 X120.429 Y100.611 E1699.99604
G1 X114.889 Y121.289 E1700.99285
G1 X114.996 Y121.235
G1 X124.696 Y118.538 E1701.46166
G0 F9000 X125.985 Y119.831
G0 X125.996 Y119.838
G1 F3000 X116.611 Y122.446 E1701.91522
G0 F9000 X116.674 Y122.357
G0 X114.696 Y120.532
G0 X114.603 Y120.588
G1 F3000 X113.932 Y113.455 E1702.24883
G0 F9000 X113.612 Y113.541
G1 F3000 X139.2 Y106.683 E1703.48237
G1 X139.2 Y116.069 E1703.91942
G1 X121.528 Y98.399 E1705.08308
G0 F9000 X121.92 Y98.89
G1 F3000 X120.694 Y99.219 E1705.14219
G0 F9000 X120.845 Y99.059
G1 F3000 X120.495 Y100.367 E1705.20524
G1 X121.92 Y98.89 E1705.30081
G1 X130.691 Y96.54 E1705.72363
G0 F9000 X130.008 Y96.056
G1 F3000 X129.072 Y96.973 E1705.78464
G0 F9000 X127.544 Y93.999
G0 X127.617 Y93.919
G1 F3000 X122.776 Y98.662 E1706.10022
G0 F9000 X121.996 Y98.867
G1 F3000 X127.318 Y93.652 E1706.44718
G0 F9000 X127.245 Y93.732
G0 X133.115 Y99.17
G0 X133.28 Y99.015
G1 F3000 X128.324 Y117.515 E1707.33899
G0 F9000 X129.2 Y114.244
G1 F3000 X129.2 Y121.402 E1707.6723
G0 F9000 X129.373 Y121.74
G1 F3000 X140 Y118.893 E1708.18458
G0 F9000 X140.358 Y118.961
G1 F3000 X133.972 Y123.442 E1708.54784
G0 F9000 X133.176 Y123.512
G1 F3000 X139.612 Y118.996 E1708.91395
G0 F9000 X140.186 Y119.57
G1 F3000 X134.906 Y123.276 E1709.21432
G0 F9000 X135.84 Y123.109
G1 F3000 X139.669 Y120.422 E1709.43214
G0 F9000 X140.093 Y119.956
G1 F3000 X141.253 Y115.627 E1709.64083
G0 F9000 X141.029 Y115.61
G0 X140.797 Y117.319
G0 X140.8 Y117.32
G1 F3000 X140.8 Y110.446 E1709.96091
G0 F9000 X140.694 Y110.461
G0 X140.3 Y109.029
G0 X140.4 Y108.989
G1 F3000 X140.4 Y117.269 E1710.34646
G1 X140.4 Y117.272
G1 X140.909 Y117.779 E1710.37991
G0 F9000 X140.662 Y118.715
G1 F3000 X140.4 Y118.785 E1710.39254
G1 X140.4 Y117.272 E1710.46299
G1 X140 Y116.872 E1710.48933
G1 X140 Y118.893 E1710.58344
G1 X140.4 Y118.785 E1710.60273
G0 F9000 X140 Y116.872
G1 F3000 X139.2 Y116.069 E1710.65551
G0 F9000 X139.6 Y116.469
G1 F3000 X139.6 Y107.102 E1711.09168
G0 F9000 X139.439 Y106.619
G1 F3000 X139.2 Y106.683 E1711.1032
G0 F9000 X138.8 Y106.79
G1 F3000 X138.8 Y105.828 E1711.148
G0 F9000 X138.709 Y105.885
G0 X137.6 Y107.112
G1 F3000 X137.6 Y104.073 E1711.2895
G0 F9000 X137.516 Y104.14
G0 X135.521 Y101.712
G0 X135.6 Y101.639
G1 F3000 X135.6 Y107.648 E1711.56931
G0 F9000 X139.9 Y108.051
G0 X140 Y108.011
G1 F3000 X140 Y116.869 E1711.98177
G0 F9000 X138.485 Y119.298
G1 F3000 X132.602 Y123.426 E1712.31642
G0 F9000 X132.059 Y123.319
G1 F3000 X137.358 Y119.6 E1712.61787
G0 F9000 X135.104 Y120.204
G1 F3000 X131.198 Y122.945 E1712.84006
G0 F9000 X131.24 Y122.848
G0 X130.176 Y122.154
G0 X130.113 Y122.242
G1 F3000 X131.724 Y121.111 E1712.93172
G0 F9000 X127.723 Y118.597
G0 X126.689 Y118.597
G0 X114.221 Y119.751
G0 X114.128 Y119.807
G1 F3000 X113.54 Y113.56 E1713.22389
G0 F9000 X112.87 Y113.739
G1 F3000 X113.612 Y113.541 E1713.25965
G1 X114.387 Y108.229 E1713.50962
G1 X114.076 Y107.917 E1713.53013
G1 X114.204 Y108.042
G1 X120.498 Y99.866 E1714.01058
G0 F9000 X120.495 Y100.367
G1 F3000 X120.429 Y100.611 E1714.02235
G0 F9000 X118.971 Y101.373
G0 X118.891 Y101.297
G1 F3000 X115.207 Y106.084 E1714.30362
G0 F9000 X115.3 Y106.143
G0 X114.387 Y108.229
G1 F3000 X114.49 Y108.328 E1714.31027
G1 F1500 E1707.81027
;MESH:NONMESH
G0 F300 X114.49 Y108.328 Z6.44
G0 F9000 X114.16 Y107.055
G0 X113.146 Y106.641
G0 X100.662 Y100.233
G0 X92.465 Y95.14
;TIME_ELAPSED:1937.923783
;LAYER:22
;TYPE:WALL-INNER
;MESH:tmpnqf7468lheart_box.stl
G1 F1500 E1714.31027
G1 F1134.2 X91.002 Y96.464 E1714.43178
G1 F1192.8 X89.54 Y97.789 E1714.54732
G1 F1263.2 X89.024 Y98.27 E1714.58632
G1 F1357.5 X87.455 Y99.788 E1714.69865
G1 F1477.8 X85.886 Y101.306 E1714.80183
G1 F1648.4 X83.116 Y104.27 E1714.97374
G1 F1869.2 X80.875 Y107.078 E1715.10798
G1 F1863.4 X80.641 Y107.407 E1715.12312
G1 F1851.9 X79.132 Y109.838 E1715.23104
G1 F1699.7 X78.842 Y110.402 E1715.2571
G1 F1511.3 X77.944 Y112.636 E1715.36837
G1 F1284.8 X77.776 Y113.258 E1715.4034
G1 F1119.4 X77.509 Y115.09 E1715.51891
G1 F1111.1 X77.391 Y115.964 E1715.57435
G1 F1039.9 X77.322 Y116.803 E1715.6309
G1 F982 X77.275 Y117.819 E1715.70324
G1 F934.6 X77.279 Y118.241 E1715.73478
G0 F9000 X77.707 Y120.243
G0 X78.423 Y122.966
G0 X79.969 Y125.505
G0 X82.623 Y127.373
G0 X85.986 Y128.891
G0 X85.978 Y129.204
G1 F1500 X87.421 Y128.983 E1715.80275
G1 F1327.4 X88.299 Y128.534 E1715.85464
G1 F1214.6 X88.746 Y128.344 E1715.88257
G1 F1425.2 X89.765 Y127.69 E1715.94191
G1 F1321.6 X89.91 Y127.467 E1715.95597
G1 F990.1 X89.986 Y127.314 E1715.96802
G1 F1181.1 X89.59 Y127.381 E1715.99178
G1 F1542.4 X88.391 Y127.98 E1716.05247
G1 F1298.7 X88.16 Y128.056 E1716.06555
G1 F1327.4 X87.236 Y128.142 E1716.11438
G1 F1500 X86.575 Y128.241 E1716.1455
G1 X82.576 Y127.518 E1716.33473
G1 X79.855 Y125.612 E1716.48942
G1 X78.738 Y123.772 E1716.58965
G1 F1395.3 X78.251 Y123.026 E1716.63425
G1 F1310 X77.782 Y121.226 E1716.73342
G1 F1459.9 X77.586 Y120.309 E1716.77828
G1 F1657.5 X77.462 Y118.629 E1716.84927
G1 F1171.9 X77.279 Y118.241 E1716.87484
G1 X77.106 Y118.633 E1716.90038
G1 F1657.5 X77.225 Y120.365 E1716.97354
G1 F1459.9 X77.337 Y121.319 E1717.0195
G1 F1301.5 X77.824 Y123.197 E1717.12361
G1 F1382.5 X78.029 Y124.131 E1717.17192
G1 F1500 X79.525 Y126.65 E1717.30834
G1 X82.058 Y128.478 E1717.4538
G1 X85.978 Y129.204 E1717.63943
G0 F9000 X85.986 Y128.891
G0 X89.986 Y127.314
G1 F990.1 X90.47 Y126.908 E1717.684
G1 F1204.8 X90.954 Y126.501 E1717.72066
G1 F1435.4 X91.17 Y126.26 E1717.73641
G1 F1500 E1711.23641
G0 F9000 X92.376 Y124.675
G0 X92.95 Y123.878
G0 X92.957 Y124.168
G1 F1500 E1717.73641
G1 F1734.1 X92.892 Y124.131 E1717.73942
G1 X92.893 Y124.205 E1717.7424
G1 X92.957 Y124.168 E1717.74538
G1 F1500 E1711.24538
G0 F9000 X92.95 Y123.878
G0 X93.451 Y124.673
G0 X94.654 Y126.26
G1 F1500 E1717.74538
G1 F1435.4 X94.87 Y126.501 E1717.76113
G1 F1204.8 X95.35 Y126.904 E1717.79746
G1 F993.4 X95.831 Y127.308 E1717.84163
G0 F9000 X99.843 Y128.891
G0 X99.846 Y129.204
G1 F1500 X103.766 Y128.478 E1718.02726
G1 X106.299 Y126.65 E1718.17272
G1 X107.796 Y124.131 E1718.30916
G1 F1421.8 X107.985 Y123.304 E1718.35084
G1 F1321.6 X108.002 Y123.198 E1718.35651
G1 F1310 X108.491 Y121.319 E1718.46003
G1 F1470.6 X108.602 Y120.363 E1718.50574
G1 F1666.7 X108.719 Y118.666 E1718.57702
G1 F1174.2 X108.546 Y118.274 E1718.60251
G1 X108.365 Y118.662 E1718.62798
G1 F1676 X108.251 Y120.265 E1718.69495
G1 F1474.2 X108.047 Y121.225 E1718.74145
G1 F1310 X107.566 Y123.045 E1718.84182
G1 F1388.9 X107.09 Y123.773 E1718.88556
G1 F1500 X105.974 Y125.61 E1718.98565
G1 X103.265 Y127.516 E1719.13988
G1 X99.249 Y128.241 E1719.32991
G1 X98.592 Y128.143 E1719.36084
G1 F1342.3 X97.602 Y128.04 E1719.41263
G1 F1227 X97.295 Y127.911 E1719.43159
G1 F1428.6 X96.225 Y127.376 E1719.49008
G1 F1185.8 X95.83 Y127.307 E1719.5137
G1 F1000 X95.908 Y127.465 E1719.52601
G1 F1333.3 X96.05 Y127.683 E1719.53963
G1 F1428.6 X97.078 Y128.344 E1719.59939
G1 F1227 X97.442 Y128.503 E1719.622
G1 F1239.7 X97.519 Y128.548 E1719.62703
G1 F1376.1 X98.407 Y128.982 E1719.67719
G1 F1500 X99.846 Y129.204 E1719.74499
G0 F9000 X99.843 Y128.891
G0 X103.206 Y127.373
G0 X105.86 Y125.505
G0 X107.406 Y122.966
G0 X107.812 Y121.422
G0 X108.546 Y118.274
G1 F943.4 X108.55 Y117.733 E1719.78504
G1 F988.5 X108.503 Y116.783 E1719.85225
G1 F1041.7 X108.431 Y115.963 E1719.90745
G1 F1109.1 X108.049 Y113.258 E1720.0795
G1 F1295.9 X107.882 Y112.637 E1720.11416
G1 F1522.8 X106.982 Y110.402 E1720.22466
G1 F1680.7 X106.739 Y109.921 E1720.24706
G1 F1840.5 X105.184 Y107.406 E1720.35927
G1 F1875 X104.991 Y107.131 E1720.37179
G1 X102.711 Y104.271 E1720.50804
G1 F1709.4 X101.335 Y102.799 E1720.59037
G1 F1591.5 X99.959 Y101.326 E1720.67883
G1 F1500 X99.734 Y101.098 E1720.69375
G1 F1385.7 X96.818 Y98.285 E1720.89798
G1 F1268.5 X96.277 Y97.78 E1720.93873
G1 F1192.8 X94.818 Y96.46 E1721.05393
G1 F1134.2 X93.358 Y95.139 E1721.17518
G0 F9000 X93.359 Y95.14
G1 F1312.9 X93.038 Y94.732 E1721.2028
G1 F1612.9 X92.912 Y94.616 E1721.21022
G1 X92.787 Y94.731 E1721.21757
G1 F1312.9 X92.465 Y95.14 E1721.24527
G1 X92.912 Y95.054 E1721.26948
G1 X93.359 Y95.14 E1721.2937
G1 F1500 E1714.7937
G0 F9000 X99.848 Y101.421
G0 X102.606 Y104.332
G0 X104.889 Y107.162
G0 X106.627 Y109.927
G0 X107.738 Y112.646
G0 X108.211 Y115.97
G0 X108.3 Y117.772
G0 X108.122 Y120.243
G0 X107.406 Y122.966
G0 X105.86 Y125.505
G0 X103.206 Y127.373
G0 X99.299 Y128.139
G0 X99.245 Y127.832
;TYPE:WALL-OUTER
G1 F1500 E1721.2937
G1 X97.711 Y127.606 E1721.3659
G1 X96.3 Y126.992 E1721.43755
G1 X95.1 Y126.144 E1721.50597
G1 X94.93 Y125.978 E1721.51704
G1 F1242.2 X94.587 Y125.758 E1721.53995
G1 F1127.8 X94.102 Y125.239 E1721.58394
G1 F1282.1 X93.668 Y124.633 E1721.62455
G1 F1449.3 X93.542 Y124.435 E1721.63586
G1 F1522.8 X93.367 Y124.21 E1721.64893
G1 F1507.5 X92.914 Y123.412 E1721.69145
G1 X92.461 Y124.21 E1721.73396
G1 F1515.2 X92.286 Y124.433 E1721.74703
G1 F1449.3 X92.161 Y124.629 E1721.75823
G1 F1287.6 X91.722 Y125.239 E1721.799
G1 F1127.8 X91.238 Y125.758 E1721.84295
G1 F1242.2 X90.895 Y125.977 E1721.86583
G1 F1500 X90.721 Y126.147 E1721.87716
G1 X89.524 Y126.992 E1721.94539
G1 X88.121 Y127.606 E1722.0167
G1 X86.581 Y127.835 E1722.08919
G1 X82.725 Y127.138 E1722.27166
G1 X80.154 Y125.332 E1722.41796
G1 X78.657 Y122.867 E1722.55225
G1 X77.957 Y120.217 E1722.67987
G1 X77.78 Y117.758 E1722.79467
G1 X77.865 Y115.97 E1722.87802
G1 X77.97 Y115.158 E1722.91615
G1 X78.332 Y112.718 E1723.03101
G1 X79.414 Y110.056 E1723.16481
G1 X81.148 Y107.298 E1723.31651
G1 X83.414 Y104.49 E1723.48452
G1 X86.157 Y101.591 E1723.67036
G1 X89.31 Y98.59 E1723.87305
G1 X92.778 Y95.49 E1724.08965
G1 X92.912 Y95.44 E1724.0963
G1 X93.046 Y95.49 E1724.10296
G1 X96.523 Y98.595 E1724.32003
G1 X99.674 Y101.598 E1724.52271
G1 X102.424 Y104.502 E1724.70894
G1 X104.694 Y107.317 E1724.87733
G1 X106.394 Y110.025 E1725.02622
G1 X107.496 Y112.718 E1725.16171
G1 X107.85 Y115.161 E1725.27665
G1 X107.959 Y115.969 E1725.31461
G1 X108.048 Y117.783 E1725.39918
G1 X107.87 Y120.219 E1725.51292
G1 X107.172 Y122.867 E1725.64043
G1 X105.677 Y125.323 E1725.77431
G1 X103.114 Y127.133 E1725.92042
G1 X99.245 Y127.832 E1726.10349
G1 F1500 E1719.60349
G0 F9000 X99.299 Y128.139
G0 X99.85 Y129.298
G0 X99.852 Y129.609
G1 F1500 E1726.10349
G1 X103.927 Y128.855 E1726.29646
G1 X106.601 Y126.926 E1726.44999
G1 X108.169 Y124.286 E1726.59297
G1 X108.913 Y121.387 E1726.73233
G1 X109.099 Y118.705 E1726.85752
G1 X109.006 Y116.759 E1726.94823
G1 X108.938 Y116.174 E1726.97566
G1 X108.505 Y113.137 E1727.1185
G1 X107.34 Y110.222 E1727.26468
G1 X105.487 Y107.195 E1727.42994
G1 X103.002 Y104.044 E1727.6168
G1 X100.017 Y100.809 E1727.82176
G1 X96.588 Y97.462 E1728.04489
G1 X92.912 Y94.092 E1728.2771
G1 X89.229 Y97.47 E1728.50981
G1 X85.786 Y100.836 E1728.73401
G1 X82.804 Y104.065 E1728.93868
G1 X80.337 Y107.195 E1729.12425
G1 X78.484 Y110.222 E1729.28951
G1 X77.319 Y113.136 E1729.43564
G1 X76.882 Y116.184 E1729.57902
G1 X76.82 Y116.764 E1729.60618
G1 X76.725 Y118.705 E1729.69667
G1 X76.914 Y121.387 E1729.82187
G1 X77.655 Y124.286 E1729.9612
G1 X79.223 Y126.926 E1730.10417
G1 X81.897 Y128.855 E1730.2577
G1 X85.972 Y129.609 E1730.45067
G1 X87.535 Y129.37 E1730.5243
G1 X88.967 Y128.729 E1730.59736
G1 X90.218 Y127.83 E1730.66909
G1 X91.272 Y126.779 E1730.7384
G1 X91.485 Y126.499 E1730.75478
G1 F1242.2 X91.66 Y126.131 E1730.77769
G1 F1098.9 X91.998 Y125.716 E1730.81171
G1 F1250 X92.533 Y124.845 E1730.86883
G1 F1456.3 X92.633 Y124.62 E1730.88064
G1 F1522.8 X92.729 Y124.54 E1730.88637
G1 F1515.2 X93.098 Y124.54 E1730.90338
G1 F1526.7 X93.194 Y124.62 E1730.9091
G1 F1449.3 X93.292 Y124.847 E1730.92101
G1 F1293.1 X93.678 Y125.487 E1730.96138
G1 F1176.5 X93.826 Y125.716 E1730.97757
G1 F1098.9 X94.163 Y126.13 E1731.0115
G1 F1242.2 X94.338 Y126.498 E1731.03441
G1 F1500 X94.551 Y126.78 E1731.05087
G1 X95.606 Y127.831 E1731.12021
G1 X96.857 Y128.729 E1731.19191
G1 X98.293 Y129.37 E1731.26514
G1 X99.852 Y129.609 E1731.33858
G0 F9000 X100.178 Y129.062
;TYPE:FILL
G1 F3000 X100.433 Y128.108 E1731.38456
G1 X100.58 Y128.082
G1 X101.343 Y128.845 E1731.43481
G1 F1500 E1724.93481
G0 F9000 X101.302 Y128.619
G0 X107.94 Y124.189
G0 X108.668 Y116.025
G0 X107.118 Y110.329
G0 X102.831 Y104.223
G0 X92.914 Y94.419
G0 X82.997 Y104.223
G0 X78.71 Y110.329
G0 X77.07 Y116.769
G0 X77.16 Y121.347
G0 X81.077 Y127.24
G0 X88.008 Y128.339
G0 X87.987 Y128.193
G1 F1500 E1731.43481
G1 F3000 X87.869 Y128.635 E1731.45611
G0 F9000 X87.8 Y128.477
G0 X84.39 Y128.595
G0 X84.348 Y128.821
G1 F3000 X83.248 Y127.721 E1731.52855
G0 F9000 X83.207 Y127.947
G0 X82.465 Y127.751
G0 X79.671 Y125.784
G0 X78.095 Y123.314
G0 X78.253 Y123.219
G1 F3000 X77.948 Y123.301 E1731.54325
G1 F1500 E1725.04325
G0 F9000 X78.126 Y123.257
G0 X77.707 Y120.243
G0 X77.529 Y117.772
G0 X77.617 Y115.97
G0 X78.091 Y112.646
G0 X79.202 Y109.927
G0 X80.94 Y107.162
G0 X83.223 Y104.332
G0 X85.98 Y101.421
G0 X89.135 Y98.415
G0 X92.914 Y95.05
G0 X96.693 Y98.415
G0 X99.848 Y101.421
G0 X102.606 Y104.332
G0 X104.889 Y107.162
G0 X106.627 Y109.927
G0 X107.738 Y112.646
G0 X108.121 Y115.339
G0 X108.689 Y121.35
G0 X109.78 Y121.425
G0 X113.862 Y122.189
G0 X120.765 Y123.748
;TYPE:WALL-INNER
G1 F1500 E1731.54325
G1 X122.069 Y123.554 E1731.60464
G1 X123.281 Y123.029 E1731.66614
G1 X124.371 Y122.264 E1731.72815
G1 X125.275 Y121.383 E1731.78693
G1 X125.951 Y120.513 E1731.83823
G1 X126.361 Y119.791 E1731.87689
G1 X126.45 Y119.564 E1731.88825
G1 X126.559 Y119.437 E1731.89604
G1 X126.819 Y119.29 E1731.90995
G1 X127.248 Y119.285 E1731.92993
G1 X127.436 Y119.33 E1731.93893
G1 X127.616 Y119.447 E1731.94892
G1 X127.71 Y119.56 E1731.95577
G1 X127.798 Y119.772 E1731.96646
G1 X128.217 Y120.514 E1732.00614
G1 X128.893 Y121.383 E1732.0574
G1 X129.797 Y122.264 E1732.11618
G1 X130.887 Y123.029 E1732.17819
G1 X132.099 Y123.554 E1732.23969
G1 X133.403 Y123.748 E1732.30108
G1 X136.959 Y123.112 E1732.46929
G1 X139.248 Y121.501 E1732.59962
G1 X140.597 Y119.279 E1732.72066
G1 X141.249 Y116.797 E1732.84016
G1 X141.415 Y114.481 E1732.94828
G1 X141.333 Y112.801 E1733.0266
G1 X141.263 Y112.249 E1733.05251
G1 X140.888 Y109.651 E1733.17474
G1 X139.86 Y107.14 E1733.30108
G1 X138.198 Y104.494 E1733.44657
G1 X135.984 Y101.752 E1733.61068
G1 X133.267 Y98.884 E1733.79464
G1 X130.144 Y95.909 E1733.99548
G1 X127.084 Y93.173 E1734.18661
G1 X124.016 Y95.917 E1734.37828
G1 X120.89 Y98.896 E1734.57935
G1 X118.184 Y101.752 E1734.76255
G1 X115.97 Y104.494 E1734.92665
G1 X114.308 Y107.14 E1735.07215
G1 X113.28 Y109.652 E1735.19853
G1 X112.919 Y112.129 E1735.31509
G1 X112.835 Y112.8 E1735.34658
G1 X112.754 Y114.481 E1735.42495
G1 X112.919 Y116.797 E1735.53306
G1 X113.571 Y119.278 E1735.65251
G1 X114.924 Y121.501 E1735.77369
G1 X117.209 Y123.112 E1735.90387
G1 X120.765 Y123.748 E1736.07208
G0 F9000 X120.759 Y124.153
;TYPE:WALL-OUTER
G1 F1500 X122.18 Y123.942 E1736.13897
G1 X123.477 Y123.38 E1736.20479
G1 X124.627 Y122.573 E1736.27021
G1 X125.574 Y121.65 E1736.33179
G1 X126.285 Y120.736 E1736.38571
G1 X126.736 Y119.941 E1736.42827
G1 X126.787 Y119.78 E1736.43613
G1 X126.895 Y119.689 E1736.44271
G1 X127.219 Y119.684 E1736.4578
G1 X127.308 Y119.718 E1736.46223
G1 X127.883 Y120.736 E1736.51668
G1 X128.594 Y121.65 E1736.5706
G1 X129.541 Y122.573 E1736.63217
G1 X130.691 Y123.38 E1736.69759
G1 X131.988 Y123.942 E1736.76341
G1 X133.409 Y124.153 E1736.8303
G1 X137.117 Y123.49 E1737.0057
G1 X139.546 Y121.78 E1737.14402
G1 X140.969 Y119.437 E1737.27167
G1 X141.645 Y116.863 E1737.39559
G1 X141.815 Y114.485 E1737.5066
G1 X141.732 Y112.766 E1737.58674
G1 X141.659 Y112.192 E1737.61368
G1 X141.277 Y109.545 E1737.73821
G1 X140.217 Y106.956 E1737.86848
G1 X138.524 Y104.261 E1738.01668
G1 X136.285 Y101.488 E1738.18264
G1 X133.55 Y98.602 E1738.36778
G1 X130.416 Y95.615 E1738.56938
G1 X127.084 Y92.637 E1738.77747
G1 X123.744 Y95.623 E1738.98608
G1 X120.606 Y98.614 E1739.18794
G1 X117.883 Y101.488 E1739.37229
G1 X115.644 Y104.261 E1739.53825
G1 X113.951 Y106.956 E1739.68645
G1 X112.891 Y109.546 E1739.81676
G1 X112.523 Y112.075 E1739.93576
G1 X112.436 Y112.766 E1739.96819
G1 X112.353 Y114.485 E1740.04833
G1 X112.523 Y116.863 E1740.15934
G1 X113.199 Y119.436 E1740.28322
G1 X114.626 Y121.78 E1740.411
G1 X117.051 Y123.49 E1740.54917
G1 X120.759 Y124.153 E1740.72457
G0 F9000 X120.767 Y123.381
;TYPE:SKIN
G1 F1500 X117.351 Y122.77 E1740.88615
G1 X115.19 Y121.248 E1741.00923
G1 X113.907 Y119.136 E1741.1243
G1 X113.275 Y116.735 E1741.23991
G1 X113.113 Y114.469 E1741.34569
G1 X113.192 Y112.842 E1741.42154
G1 X113.275 Y112.171 E1741.45302
G1 X113.627 Y109.75 E1741.56694
G1 X114.627 Y107.304 E1741.68999
G1 X116.268 Y104.697 E1741.83343
G1 X118.455 Y101.988 E1741.99555
G1 X121.138 Y99.154 E1742.17727
G1 X124.256 Y96.183 E1742.37781
G1 X127.085 Y93.653 E1742.55453
G1 X129.896 Y96.167 E1742.73014
G1 X133.002 Y99.134 E1742.93015
G1 X135.713 Y101.992 E1743.11358
G1 X137.897 Y104.697 E1743.27546
G1 X139.537 Y107.304 E1743.41888
G1 X140.537 Y109.749 E1743.54188
G1 X140.903 Y112.283 E1743.6611
G1 X140.972 Y112.842 E1743.68733
G1 X141.051 Y114.469 E1743.76317
G1 X140.889 Y116.735 E1743.86896
G1 X140.257 Y119.137 E1743.98461
G1 X138.978 Y121.248 E1744.09954
G1 X136.813 Y122.77 E1744.22277
G1 X133.397 Y123.381 E1744.38436
G1 X132.2 Y123.202 E1744.44072
G1 X131.063 Y122.712 E1744.49837
G1 X130.025 Y121.981 E1744.55748
G1 X129.158 Y121.138 E1744.61379
G1 X128.519 Y120.32 E1744.66213
G1 X128.126 Y119.619 E1744.69955
G1 X128.052 Y119.434 E1744.70883
G1 X127.787 Y119.121 E1744.72792
G1 X127.418 Y118.924 E1744.7474
G1 X126.826 Y118.928 E1744.77497
G1 X126.586 Y118.999 E1744.78662
G1 X126.223 Y119.254 E1744.80728
G1 X126.035 Y119.63 E1744.82685
G1 X125.649 Y120.316 E1744.86351
G1 X125.006 Y121.138 E1744.9121
G1 X124.143 Y121.981 E1744.96828
G1 X123.101 Y122.712 E1745.02754
G1 X121.968 Y123.202 E1745.08502
G1 X120.767 Y123.381 E1745.14157
G0 F9000 X120.721 Y123.637
G0 X117.273 Y122.959
G0 X115.044 Y121.388
G0 X114.774 Y121.06
G0 X115.166 Y120.823
G1 F1500 X115.717 Y121.373 E1745.17782
G0 F9000 X115.451 Y121.749
G0 X117.421 Y123.047
G0 X117.502 Y122.593
G1 F1500 X114.29 Y119.381 E1745.38933
G0 F9000 X113.936 Y118.462
G1 F1500 X118.191 Y122.716 E1745.6695
G0 F9000 X118.879 Y122.839
G1 F1500 X113.734 Y117.694 E1746.00831
G0 F9000 X113.532 Y116.926
G1 F1500 X119.569 Y122.963 E1746.40585
G0 F9000 X120.258 Y123.086
G1 F1500 X113.442 Y116.27 E1746.8547
G0 F9000 X113.398 Y115.661
G1 F1500 X120.896 Y123.159 E1747.34845
G0 F9000 X121.388 Y123.085
G1 F1500 X113.355 Y115.052 E1747.87744
G0 F9000 X113.314 Y114.445
G1 F1500 X121.88 Y123.012 E1748.44156
G0 F9000 X122.282 Y122.848
G1 F1500 X113.34 Y113.906 E1749.03041
G0 F9000 X113.366 Y113.366
G1 F1500 X122.677 Y122.677 E1749.64355
G0 F9000 X123.061 Y122.496
G1 F1500 X113.394 Y112.829 E1750.28014
G0 F9000 X113.457 Y112.325
G1 F1500 X123.394 Y122.262 E1750.93451
G0 F9000 X123.726 Y122.029
G1 F1500 X113.526 Y111.829 E1751.60619
G0 F9000 X113.598 Y111.335
G1 F1500 X124.053 Y121.79 E1752.29467
G0 F9000 X124.339 Y121.511
G1 F1500 X113.67 Y110.841 E1752.99728
G0 F9000 X113.742 Y110.348
G1 F1500 X124.625 Y121.231 E1753.71394
G0 F9000 X124.904 Y120.944
G1 F1500 X113.813 Y109.853 E1754.4443
G0 F9000 X113.968 Y109.442
G1 F1500 X125.152 Y120.627 E1755.18082
G0 F9000 X125.4 Y120.309
G1 F1500 X114.132 Y109.041 E1755.92284
G0 F9000 X114.297 Y108.64
G1 F1500 X125.619 Y119.962 E1756.66841
G0 F9000 X125.823 Y119.6
G1 F1500 X114.461 Y108.238 E1757.41662
G0 F9000 X114.626 Y107.837
G1 F1500 X126.015 Y119.227 E1758.16664
G0 F9000 X126.306 Y118.952
G1 F1500 X114.79 Y107.436 E1758.92499
G0 F9000 X115.002 Y107.083
G1 F1500 X126.679 Y118.759 E1759.6939
G0 F9000 X127.21 Y118.725
G1 F1500 X115.221 Y106.736 E1760.4834
G0 F9000 X115.439 Y106.388
G1 F1500 X131.91 Y122.859 E1761.56804
G0 F9000 X132.689 Y123.072
G1 F1500 X115.658 Y106.041 E1762.68956
G0 F9000 X115.876 Y105.694
G1 F1500 X133.354 Y123.172 E1763.84052
G0 F9000 X133.845 Y123.097
G1 F1500 X116.095 Y105.347 E1765.00939
G0 F9000 X116.313 Y104.999
G1 F1500 X134.325 Y123.011 E1766.19551
G0 F9000 X134.805 Y122.926
G1 F1500 X116.547 Y104.668 E1767.39783
G0 F9000 X116.8 Y104.355
G1 F1500 X135.284 Y122.839 E1768.61503
G0 F9000 X135.765 Y122.754
G1 F1500 X117.053 Y104.042 E1769.84725
G0 F9000 X117.305 Y103.729
G1 F1500 X136.244 Y122.667 E1771.09438
G0 F9000 X136.724 Y122.582
G1 F1500 X117.559 Y103.416 E1772.35646
G0 F9000 X117.811 Y103.103
G1 F1500 X137.059 Y122.351 E1773.62398
G0 F9000 X137.392 Y122.118
G1 F1500 X118.064 Y102.791 E1774.89673
G0 F9000 X118.317 Y102.477
G1 F1500 X137.724 Y121.885 E1776.17474
G0 F9000 X138.056 Y121.651
G1 F1500 X118.57 Y102.165 E1777.45793
G0 F9000 X118.841 Y101.871
G1 F1500 X138.389 Y121.418 E1778.74517
G0 F9000 X138.721 Y121.185
G1 F1500 X119.116 Y101.58 E1780.03619
G0 F9000 X119.391 Y101.29
G1 F1500 X138.973 Y120.871 E1781.32566
G0 F9000 X139.187 Y120.519
G1 F1500 X119.667 Y100.999 E1782.61109
G0 F9000 X119.942 Y100.708
G1 F1500 X139.4 Y120.167 E1783.89246
G0 F9000 X139.613 Y119.814
G1 F1500 X120.217 Y100.418 E1785.16972
G0 F9000 X120.492 Y100.127
G1 F1500 X139.827 Y119.462 E1786.44297
G0 F9000 X140.04 Y119.11
G1 F1500 X120.767 Y99.836 E1787.71216
G0 F9000 X121.042 Y99.546
G1 F1500 X140.172 Y118.676 E1788.9719
G0 F9000 X140.29 Y118.228
G1 F1500 X121.32 Y99.258 E1790.22111
G0 F9000 X121.609 Y98.982
G1 F1500 X140.407 Y117.78 E1791.45899
G0 F9000 X140.525 Y117.332
G1 F1500 X121.899 Y98.706 E1792.68554
G0 F9000 X122.189 Y98.43
G1 F1500 X140.644 Y116.885 E1793.90084
G0 F9000 X140.714 Y116.389
G1 F1500 X122.479 Y98.154 E1795.10164
G0 F9000 X122.768 Y97.878
G1 F1500 X140.752 Y115.862 E1796.28592
G0 F9000 X140.789 Y115.333
G1 F1500 X123.058 Y97.602 E1797.45354
G0 F9000 X123.348 Y97.326
G1 F1500 X140.827 Y114.805 E1798.60456
G0 F9000 X140.841 Y114.254
G1 F1500 X123.637 Y97.05 E1799.73747
G0 F9000 X123.927 Y96.774
G1 F1500 X140.812 Y113.659 E1800.84938
G0 F9000 X140.784 Y113.065
G1 F1500 X124.217 Y96.498 E1801.94034
G0 F9000 X124.509 Y96.225
G1 F1500 X140.721 Y112.437 E1803.00793
G0 F9000 X140.629 Y111.779
G1 F1500 X124.809 Y95.959 E1804.0497
G0 F9000 X125.107 Y95.691
G1 F1500 X140.533 Y111.118 E1805.06557
G0 F9000 X140.438 Y110.456
G1 F1500 X125.405 Y95.424 E1806.05548
G0 F9000 X125.704 Y95.157
G1 F1500 X140.339 Y109.792 E1807.01922
G0 F9000 X140.766 Y109.618
G0 X140.374 Y108.662
G0 X139.948 Y108.835
G1 F1500 X126.003 Y94.89 E1807.93752
G0 F9000 X126.301 Y94.623
G1 F1500 X139.556 Y107.878 E1808.81039
G0 F9000 X139.982 Y107.705
G0 X139.272 Y106.393
G0 X138.882 Y106.638
G1 F1500 X126.6 Y94.356 E1809.61918
G0 F9000 X126.899 Y94.089
G1 F1500 X137.924 Y105.114 E1810.34519
G0 F9000 X138.315 Y104.869
G0 X136.182 Y102.159
G0 X135.823 Y102.448
G1 F1500 X129.092 Y95.716 E1810.78847
G1 F1500 E1804.28847
G0 F9000 X129.397 Y95.376
G0 X133.153 Y98.998
G0 X135.863 Y101.858
G0 X138.067 Y104.587
G0 X139.716 Y107.213
G0 X140.732 Y109.694
G0 X141.173 Y112.815
G0 X141.253 Y114.478
G0 X141.09 Y116.77
G0 X140.447 Y119.215
G0 X139.127 Y121.388
G0 X136.895 Y122.959
G0 X133.4 Y123.584
G0 X132.144 Y123.398
G0 X130.966 Y122.888
G0 X129.9 Y122.14
G0 X129.397 Y121.65
G0 X128.275 Y120.413
G0 X128.674 Y120.189
G1 F1500 E1810.78847
G1 X130.692 Y122.206 E1810.92133
G1 F1500 E1804.42133
;MESH:NONMESH
G0 F300 X130.692 Y122.206 Z6.72
G0 F9000 X130.426 Y122.583
G0 X132.058 Y123.703
G0 X137.024 Y123.254
G0 X139.361 Y121.607
G0 X140.741 Y119.342
G0 X141.57 Y114.494
G0 X141.036 Y109.612
G0 X138.329 Y104.417
G0 X130.249 Y95.8
G0 X127.085 Y92.959
G0 X118.073 Y101.653
G0 X115.865 Y104.721
G0 X113.117 Y109.61
G0 X112.102 Y109.196
G0 X103.705 Y103.533
G0 X92.465 Y95.14
;TIME_ELAPSED:2042.062539
;LAYER:23
;TYPE:WALL-INNER
;MESH:tmpnqf7468lheart_box.stl
G1 F1500 E1810.92133
G1 F1134.2 X91.002 Y96.464 E1811.04284
G1 F1192.8 X89.54 Y97.789 E1811.15837
G1 F1263.2 X89.024 Y98.27 E1811.19738
G1 F1357.5 X87.455 Y99.788 E1811.30971
G1 F1477.8 X85.886 Y101.306 E1811.41289
G1 F1648.4 X83.116 Y104.27 E1811.58479
G1 F1869.2 X80.875 Y107.078 E1811.71904
G1 F1863.4 X80.641 Y107.407 E1811.73417
G1 F1851.9 X79.132 Y109.838 E1811.84209
G1 F1699.7 X78.842 Y110.402 E1811.86815
G1 F1511.3 X77.944 Y112.636 E1811.97943
G1 F1284.8 X77.776 Y113.258 E1812.01445
G1 F1119.4 X77.509 Y115.09 E1812.12997
G1 F1111.1 X77.391 Y115.964 E1812.18541
G1 F1039.9 X77.322 Y116.803 E1812.24195
G1 F982 X77.275 Y117.819 E1812.3143
G1 F934.6 X77.279 Y118.241 E1812.34584
G0 F9000 X77.707 Y120.243
G0 X78.423 Y122.966
G0 X79.969 Y125.505
G0 X82.623 Y127.373
G0 X85.986 Y128.891
G0 X85.978 Y129.204
G1 F1500 X87.421 Y128.983 E1812.41381
G1 F1327.4 X88.299 Y128.534 E1812.4657
G1 F1214.6 X88.746 Y128.344 E1812.49363
G1 F1425.2 X89.765 Y127.69 E1812.55297
G1 F1321.6 X89.91 Y127.467 E1812.56703
G1 F990.1 X89.986 Y127.314 E1812.57908
G1 F1181.1 X89.59 Y127.381 E1812.60283
G1 F1542.4 X88.391 Y127.98 E1812.66353
G1 F1298.7 X88.16 Y128.056 E1812.67661
G1 F1327.4 X87.236 Y128.142 E1812.72543
G1 F1500 X86.575 Y128.241 E1812.75656
G1 X82.576 Y127.518 E1812.94579
G1 X79.855 Y125.612 E1813.10048
G1 X78.738 Y123.772 E1813.20071
G1 F1395.3 X78.251 Y123.026 E1813.2453
G1 F1310 X77.782 Y121.226 E1813.34448
G1 F1459.9 X77.586 Y120.309 E1813.38934
G1 F1657.5 X77.462 Y118.629 E1813.46033
G1 F1171.9 X77.279 Y118.241 E1813.4859
G1 X77.106 Y118.633 E1813.51144
G1 F1657.5 X77.225 Y120.365 E1813.5846
G1 F1459.9 X77.337 Y121.319 E1813.63055
G1 F1301.5 X77.824 Y123.197 E1813.73467
G1 F1382.5 X78.029 Y124.131 E1813.78298
G1 F1500 X79.525 Y126.65 E1813.9194
G1 X82.058 Y128.478 E1814.06486
G1 X85.978 Y129.204 E1814.25049
G0 F9000 X85.986 Y128.891
G0 X89.986 Y127.314
G1 F990.1 X90.47 Y126.908 E1814.29506
G1 F1204.8 X90.954 Y126.501 E1814.33172
G1 F1435.4 X91.17 Y126.26 E1814.34747
G1 F1500 E1807.84747
G0 F9000 X92.376 Y124.675
G0 X92.95 Y123.878
G0 X92.957 Y124.168
G1 F1500 E1814.34747
G1 F1734.1 X92.892 Y124.131 E1814.35048
G1 X92.893 Y124.205 E1814.35346
G1 X92.957 Y124.168 E1814.35644
G1 F1500 E1807.85644
G0 F9000 X92.95 Y123.878
G0 X93.451 Y124.673
G0 X94.654 Y126.26
G1 F1500 E1814.35644
G1 F1435.4 X94.87 Y126.501 E1814.37218
G1 F1204.8 X95.35 Y126.904 E1814.40852
G1 F993.4 X95.831 Y127.308 E1814.45268
G0 F9000 X99.843 Y128.891
G0 X99.846 Y129.204
G1 F1500 X103.766 Y128.478 E1814.63832
G1 X106.299 Y126.65 E1814.78377
G1 X107.796 Y124.131 E1814.92022
G1 F1421.8 X107.985 Y123.304 E1814.96189
G1 F1321.6 X108.002 Y123.198 E1814.96757
G1 F1310 X108.491 Y121.319 E1815.07108
G1 F1470.6 X108.602 Y120.363 E1815.1168
G1 F1666.7 X108.719 Y118.666 E1815.18808
G1 F1174.2 X108.546 Y118.274 E1815.21357
G1 X108.365 Y118.662 E1815.23904
G1 F1676 X108.251 Y120.265 E1815.30601
G1 F1474.2 X108.047 Y121.225 E1815.35251
G1 F1310 X107.566 Y123.045 E1815.45288
G1 F1388.9 X107.09 Y123.773 E1815.49662
G1 F1500 X105.974 Y125.61 E1815.59671
G1 X103.265 Y127.516 E1815.75094
G1 X99.249 Y128.241 E1815.94097
G1 X98.592 Y128.143 E1815.9719
G1 F1342.3 X97.602 Y128.04 E1816.02369
G1 F1227 X97.295 Y127.911 E1816.04265
G1 F1428.6 X96.225 Y127.376 E1816.10114
G1 F1185.8 X95.83 Y127.307 E1816.12476
G1 F1000 X95.908 Y127.465 E1816.13706
G1 F1333.3 X96.05 Y127.683 E1816.15069
G1 F1428.6 X97.078 Y128.344 E1816.21045
G1 F1227 X97.442 Y128.503 E1816.23306
G1 F1239.7 X97.519 Y128.548 E1816.23808
G1 F1376.1 X98.407 Y128.982 E1816.28825
G1 F1500 X99.846 Y129.204 E1816.35605
G0 F9000 X99.843 Y128.891
G0 X103.206 Y127.373
G0 X105.86 Y125.505
G0 X107.406 Y122.966
G0 X107.812 Y121.422
G0 X108.546 Y118.274
G1 F943.4 X108.55 Y117.733 E1816.3961
G1 F988.5 X108.503 Y116.783 E1816.46331
G1 F1041.7 X108.431 Y115.963 E1816.51851
G1 F1109.1 X108.049 Y113.258 E1816.69055
G1 F1295.9 X107.882 Y112.637 E1816.72521
G1 F1522.8 X106.982 Y110.402 E1816.83572
G1 F1680.7 X106.739 Y109.921 E1816.85812
G1 F1840.5 X105.184 Y107.406 E1816.97033
G1 F1875 X104.991 Y107.131 E1816.98285
G1 X102.711 Y104.271 E1817.1191
G1 F1709.4 X101.335 Y102.799 E1817.20143
G1 F1591.5 X99.959 Y101.326 E1817.28989
G1 F1500 X99.734 Y101.098 E1817.30481
G1 F1385.7 X96.818 Y98.285 E1817.50904
G1 F1268.5 X96.277 Y97.78 E1817.54979
G1 F1192.8 X94.818 Y96.46 E1817.66499
G1 F1134.2 X93.358 Y95.139 E1817.78624
G0 F9000 X93.359 Y95.14
G1 F1312.9 X93.038 Y94.732 E1817.81386
G1 F1612.9 X92.912 Y94.616 E1817.82127
G1 X92.787 Y94.731 E1817.82863
G1 F1312.9 X92.465 Y95.14 E1817.85632
G1 X92.912 Y95.054 E1817.88054
G1 X93.359 Y95.14 E1817.90476
G1 F1500 E1811.40476
G0 F9000 X99.848 Y101.421
G0 X102.606 Y104.332
G0 X104.889 Y107.162
G0 X106.627 Y109.927
G0 X107.738 Y112.646
G0 X108.211 Y115.97
G0 X108.3 Y117.772
G0 X108.122 Y120.243
G0 X107.406 Y122.966
G0 X105.86 Y125.505
G0 X103.206 Y127.373
G0 X99.299 Y128.139
G0 X99.245 Y127.832
;TYPE:WALL-OUTER
G1 F1500 E1817.90476
G1 X97.711 Y127.606 E1817.97696
G1 X96.3 Y126.992 E1818.04861
G1 X95.1 Y126.144 E1818.11703
G1 X94.93 Y125.978 E1818.12809
G1 F1242.2 X94.587 Y125.758 E1818.15101
G1 F1127.8 X94.102 Y125.239 E1818.195
G1 F1282.1 X93.668 Y124.633 E1818.23561
G1 F1449.3 X93.542 Y124.435 E1818.24692
G1 F1522.8 X93.367 Y124.21 E1818.25999
G1 F1507.5 X92.914 Y123.412 E1818.3025
G1 X92.461 Y124.21 E1818.34502
G1 F1515.2 X92.286 Y124.433 E1818.35809
G1 F1449.3 X92.161 Y124.629 E1818.36929
G1 F1287.6 X91.722 Y125.239 E1818.41006
G1 F1127.8 X91.238 Y125.758 E1818.45401
G1 F1242.2 X90.895 Y125.977 E1818.47689
G1 F1500 X90.721 Y126.147 E1818.48822
G1 X89.524 Y126.992 E1818.55644
G1 X88.121 Y127.606 E1818.62775
G1 X86.581 Y127.835 E1818.70025
G1 X82.725 Y127.138 E1818.88271
G1 X80.154 Y125.332 E1819.02901
G1 X78.657 Y122.867 E1819.1633
G1 X77.957 Y120.217 E1819.29093
G1 X77.78 Y117.758 E1819.40573
G1 X77.865 Y115.97 E1819.48908
G1 X77.97 Y115.158 E1819.5272
G1 X78.332 Y112.718 E1819.64206
G1 X79.414 Y110.056 E1819.77587
G1 X81.148 Y107.298 E1819.92756
G1 X83.414 Y104.49 E1820.09558
G1 X86.157 Y101.591 E1820.28142
G1 X89.31 Y98.59 E1820.48411
G1 X92.778 Y95.49 E1820.7007
G1 X92.912 Y95.44 E1820.70736
G1 X93.046 Y95.49 E1820.71402
G1 X96.523 Y98.595 E1820.93109
G1 X99.674 Y101.598 E1821.13377
G1 X102.424 Y104.502 E1821.32
G1 X104.694 Y107.317 E1821.48839
G1 X106.394 Y110.025 E1821.63727
G1 X107.496 Y112.718 E1821.77276
G1 X107.85 Y115.161 E1821.88771
G1 X107.959 Y115.969 E1821.92567
G1 X108.048 Y117.783 E1822.01024
G1 X107.87 Y120.219 E1822.12397
G1 X107.172 Y122.867 E1822.25149
G1 X105.677 Y125.323 E1822.38537
G1 X103.114 Y127.133 E1822.53147
G1 X99.245 Y127.832 E1822.71455
G1 F1500 E1816.21455
G0 F9000 X99.299 Y128.139
G0 X99.85 Y129.298
G0 X99.852 Y129.609
G1 F1500 E1822.71455
G1 X103.927 Y128.855 E1822.90752
G1 X106.601 Y126.926 E1823.06105
G1 X108.169 Y124.286 E1823.20402
G1 X108.913 Y121.387 E1823.34339
G1 X109.099 Y118.705 E1823.46857
G1 X109.006 Y116.759 E1823.55929
G1 X108.938 Y116.174 E1823.58671
G1 X108.505 Y113.137 E1823.72956
G1 X107.34 Y110.222 E1823.87573
G1 X105.487 Y107.195 E1824.041
G1 X103.002 Y104.044 E1824.22786
G1 X100.017 Y100.809 E1824.43282
G1 X96.588 Y97.462 E1824.65594
G1 X92.912 Y94.092 E1824.88816
G1 X89.229 Y97.47 E1825.12086
G1 X85.786 Y100.836 E1825.34507
G1 X82.804 Y104.065 E1825.54973
G1 X80.337 Y107.195 E1825.73531
G1 X78.484 Y110.222 E1825.90057
G1 X77.319 Y113.136 E1826.0467
G1 X76.882 Y116.184 E1826.19008
G1 X76.82 Y116.764 E1826.21724
G1 X76.725 Y118.705 E1826.30773
G1 X76.914 Y121.387 E1826.43293
G1 X77.655 Y124.286 E1826.57226
G1 X79.223 Y126.926 E1826.71523
G1 X81.897 Y128.855 E1826.86876
G1 X85.972 Y129.609 E1827.06173
G1 X87.535 Y129.37 E1827.13536
G1 X88.967 Y128.729 E1827.20841
G1 X90.218 Y127.83 E1827.28015
G1 X91.272 Y126.779 E1827.34946
G1 X91.485 Y126.499 E1827.36584
G1 F1242.2 X91.66 Y126.131 E1827.38875
G1 F1098.9 X91.998 Y125.716 E1827.42277
G1 F1250 X92.533 Y124.845 E1827.47988
G1 F1456.3 X92.633 Y124.62 E1827.49169
G1 F1522.8 X92.729 Y124.54 E1827.49743
G1 F1515.2 X93.098 Y124.54 E1827.51444
G1 F1526.7 X93.194 Y124.62 E1827.52015
G1 F1449.3 X93.292 Y124.847 E1827.53207
G1 F1293.1 X93.678 Y125.487 E1827.57244
G1 F1176.5 X93.826 Y125.716 E1827.58863
G1 F1098.9 X94.163 Y126.13 E1827.62256
G1 F1242.2 X94.338 Y126.498 E1827.64547
G1 F1500 X94.551 Y126.78 E1827.66192
G1 X95.606 Y127.831 E1827.73127
G1 X96.857 Y128.729 E1827.80297
G1 X98.293 Y129.37 E1827.8762
G1 X99.852 Y129.609 E1827.94964
G0 F9000 X99.962 Y129.101
;TYPE:FILL
G1 F3000 X100.218 Y128.147 E1827.99563
G0 F9000 X100.817 Y128.039
G1 F3000 X101.579 Y128.802 E1828.04584
G1 F1500 E1821.54584
G0 F9000 X101.538 Y128.576
G0 X107.94 Y124.189
G0 X108.668 Y116.025
G0 X107.118 Y110.329
G0 X102.831 Y104.223
G0 X92.914 Y94.419
G0 X82.997 Y104.223
G0 X78.71 Y110.329
G0 X77.07 Y116.769
G0 X77.16 Y121.347
G0 X81.077 Y127.24
G0 X87.804 Y128.37
G0 X87.78 Y128.201
G1 F1500 E1828.04584
G1 F3000 X87.626 Y128.776 E1828.07356
G0 F9000 X87.545 Y128.59
G0 X84.734 Y128.658
G0 X84.692 Y128.884
G1 F3000 X83.59 Y127.783 E1828.1461
G0 F9000 X83.549 Y128.008
G0 X82.465 Y127.751
G0 X79.671 Y125.784
G0 X78.205 Y123.494
G0 X78.374 Y123.392
G1 F3000 X77.985 Y123.496 E1828.16485
G1 F1500 E1821.66485
G0 F9000 X78.175 Y123.449
G0 X77.707 Y120.243
G0 X77.529 Y117.772
G0 X77.617 Y115.97
G0 X78.091 Y112.646
G0 X79.202 Y109.927
G0 X80.94 Y107.162
G0 X83.223 Y104.332
G0 X85.98 Y101.421
G0 X89.135 Y98.415
G0 X92.914 Y95.05
G0 X96.693 Y98.415
G0 X99.848 Y101.421
G0 X102.606 Y104.332
G0 X104.889 Y107.162
G0 X106.627 Y109.927
G0 X107.738 Y112.646
G0 X108.121 Y115.339
G0 X108.689 Y121.35
G0 X109.78 Y121.425
G0 X113.862 Y122.189
G0 X120.765 Y123.748
;TYPE:WALL-INNER
G1 F1500 E1828.16485
G1 X122.069 Y123.554 E1828.22624
G1 X123.281 Y123.029 E1828.28774
G1 X124.371 Y122.264 E1828.34975
G1 X125.275 Y121.383 E1828.40852
G1 X125.951 Y120.513 E1828.45983
G1 X126.361 Y119.791 E1828.49849
G1 X126.45 Y119.564 E1828.50984
G1 X126.559 Y119.437 E1828.51764
G1 X126.819 Y119.29 E1828.53154
G1 X127.248 Y119.285 E1828.55152
G1 X127.436 Y119.33 E1828.56052
G1 X127.616 Y119.447 E1828.57052
G1 X127.71 Y119.56 E1828.57736
G1 X127.798 Y119.772 E1828.58805
G1 X128.217 Y120.514 E1828.62773
G1 X128.893 Y121.383 E1828.679
G1 X129.797 Y122.264 E1828.73777
G1 X130.887 Y123.029 E1828.79978
G1 X132.099 Y123.554 E1828.86128
G1 X133.403 Y123.748 E1828.92267
G1 X136.959 Y123.112 E1829.09088
G1 X139.248 Y121.501 E1829.22122
G1 X140.597 Y119.279 E1829.34226
G1 X141.249 Y116.797 E1829.46175
G1 X141.415 Y114.481 E1829.56987
G1 X141.333 Y112.801 E1829.64819
G1 X141.263 Y112.249 E1829.6741
G1 X140.888 Y109.651 E1829.79633
G1 X139.86 Y107.14 E1829.92267
G1 X138.198 Y104.494 E1830.06817
G1 X135.984 Y101.752 E1830.23227
G1 X133.267 Y98.884 E1830.41623
G1 X130.144 Y95.909 E1830.61707
G1 X127.084 Y93.173 E1830.80821
G1 X124.016 Y95.917 E1830.99987
G1 X120.89 Y98.896 E1831.20094
G1 X118.184 Y101.752 E1831.38414
G1 X115.97 Y104.494 E1831.54825
G1 X114.308 Y107.14 E1831.69374
G1 X113.28 Y109.652 E1831.82013
G1 X112.919 Y112.129 E1831.93669
G1 X112.835 Y112.8 E1831.96817
G1 X112.754 Y114.481 E1832.04654
G1 X112.919 Y116.797 E1832.15466
G1 X113.571 Y119.278 E1832.2741
G1 X114.924 Y121.501 E1832.39528
G1 X117.209 Y123.112 E1832.52547
G1 X120.765 Y123.748 E1832.69368
G0 F9000 X120.759 Y124.153
;TYPE:WALL-OUTER
G1 F1500 X122.18 Y123.942 E1832.76057
G1 X123.477 Y123.38 E1832.82639
G1 X124.627 Y122.573 E1832.89181
G1 X125.574 Y121.65 E1832.95338
G1 X126.285 Y120.736 E1833.0073
G1 X126.736 Y119.941 E1833.04986
G1 X126.787 Y119.78 E1833.05773
G1 X126.895 Y119.689 E1833.0643
G1 X127.219 Y119.684 E1833.07939
G1 X127.308 Y119.718 E1833.08383
G1 X127.883 Y120.736 E1833.13827
G1 X128.594 Y121.65 E1833.19219
G1 X129.541 Y122.573 E1833.25377
G1 X130.691 Y123.38 E1833.31919
G1 X131.988 Y123.942 E1833.385
G1 X133.409 Y124.153 E1833.4519
G1 X137.117 Y123.49 E1833.6273
G1 X139.546 Y121.78 E1833.76562
G1 X140.969 Y119.437 E1833.89326
G1 X141.645 Y116.863 E1834.01718
G1 X141.815 Y114.485 E1834.1282
G1 X141.732 Y112.766 E1834.20833
G1 X141.659 Y112.192 E1834.23528
G1 X141.277 Y109.545 E1834.35981
G1 X140.217 Y106.956 E1834.49008
G1 X138.524 Y104.261 E1834.63827
G1 X136.285 Y101.488 E1834.80423
G1 X133.55 Y98.602 E1834.98937
G1 X130.416 Y95.615 E1835.19097
G1 X127.084 Y92.637 E1835.39906
G1 X123.744 Y95.623 E1835.60768
G1 X120.606 Y98.614 E1835.80954
G1 X117.883 Y101.488 E1835.99389
G1 X115.644 Y104.261 E1836.15985
G1 X113.951 Y106.956 E1836.30805
G1 X112.891 Y109.546 E1836.43836
G1 X112.523 Y112.075 E1836.55736
G1 X112.436 Y112.766 E1836.58979
G1 X112.353 Y114.485 E1836.66992
G1 X112.523 Y116.863 E1836.78094
G1 X113.199 Y119.436 E1836.90481
G1 X114.626 Y121.78 E1837.03259
G1 X117.051 Y123.49 E1837.17076
G1 X120.759 Y124.153 E1837.34616
G0 F9000 X120.767 Y123.381
;TYPE:SKIN
G1 F1500 X117.351 Y122.77 E1837.50775
G1 X115.19 Y121.248 E1837.63083
G1 X113.907 Y119.136 E1837.74589
G1 X113.275 Y116.735 E1837.8615
G1 X113.113 Y114.469 E1837.96729
G1 X113.192 Y112.842 E1838.04314
G1 X113.275 Y112.171 E1838.07462
G1 X113.627 Y109.75 E1838.18853
G1 X114.627 Y107.304 E1838.31158
G1 X116.268 Y104.697 E1838.45502
G1 X118.455 Y101.988 E1838.61714
G1 X121.138 Y99.154 E1838.79886
G1 X124.256 Y96.183 E1838.9994
G1 X127.085 Y93.653 E1839.17613
G1 X129.896 Y96.167 E1839.35173
G1 X133.002 Y99.134 E1839.55174
G1 X135.713 Y101.992 E1839.73517
G1 X137.897 Y104.697 E1839.89706
G1 X139.537 Y107.304 E1840.04047
G1 X140.537 Y109.749 E1840.16347
G1 X140.903 Y112.283 E1840.28269
G1 X140.972 Y112.842 E1840.30892
G1 X141.051 Y114.469 E1840.38477
G1 X140.889 Y116.735 E1840.49055
G1 X140.257 Y119.137 E1840.60621
G1 X138.978 Y121.248 E1840.72114
G1 X136.813 Y122.77 E1840.84437
G1 X133.397 Y123.381 E1841.00596
G1 X132.2 Y123.202 E1841.06231
G1 X131.063 Y122.712 E1841.11996
G1 X130.025 Y121.981 E1841.17908
G1 X129.158 Y121.138 E1841.23539
G1 X128.519 Y120.32 E1841.28372
G1 X128.126 Y119.619 E1841.32114
G1 X128.052 Y119.434 E1841.33042
G1 X127.787 Y119.121 E1841.34952
G1 X127.418 Y118.924 E1841.369
G1 X126.826 Y118.928 E1841.39656
G1 X126.586 Y118.999 E1841.40822
G1 X126.223 Y119.254 E1841.42887
G1 X126.035 Y119.63 E1841.44845
G1 X125.649 Y120.316 E1841.4851
G1 X125.006 Y121.138 E1841.5337
G1 X124.143 Y121.981 E1841.58987
G1 X123.101 Y122.712 E1841.64914
G1 X121.968 Y123.202 E1841.70662
G1 X120.767 Y123.381 E1841.76316
G1 F1500 E1835.26316
G0 F9000 X120.721 Y123.637
G0 X117.147 Y123.254
G0 X114.81 Y121.607
G0 X113.43 Y119.342
G0 X112.602 Y114.494
G0 X113.136 Y109.612
G0 X115.842 Y104.417
G0 X123.922 Y95.8
G0 X127.085 Y92.959
G0 X136.098 Y101.653
G0 X139.994 Y107.064
G0 X141.401 Y112.112
G0 X141.402 Y116.823
G0 X141.027 Y118.251
G0 X139.666 Y120.617
G0 X139.272 Y120.378
G1 F1500 E1841.76316
G1 X137.86 Y121.79 E1841.85614
G0 F9000 X138.125 Y122.168
G0 X137.129 Y122.809
G0 X136.533 Y123.086
G0 X136.453 Y122.631
G1 F1500 X140.086 Y118.998 E1842.09538
G0 F9000 X140.289 Y118.23
G1 F1500 X135.764 Y122.754 E1842.39333
G0 F9000 X135.075 Y122.877
G1 F1500 X140.491 Y117.462 E1842.74995
G0 F9000 X140.691 Y116.696
G1 F1500 X134.386 Y123.001 E1843.16514
G0 F9000 X133.697 Y123.124
G1 F1500 X140.735 Y116.086 E1843.62861
G0 F9000 X140.778 Y115.478
G1 F1500 X133.119 Y123.137 E1844.13297
G0 F9000 X132.626 Y123.063
G1 F1500 X140.822 Y114.868 E1844.67265
G0 F9000 X140.842 Y114.283
G1 F1500 X132.158 Y122.967 E1845.24451
G0 F9000 X131.762 Y122.796
G1 F1500 X140.815 Y113.743 E1845.84067
G0 F9000 X140.789 Y113.204
G1 F1500 X131.366 Y122.626 E1846.46115
G0 F9000 X131.001 Y122.426
G1 F1500 X140.75 Y112.677 E1847.10314
G0 F9000 X140.685 Y112.176
G1 F1500 X130.67 Y122.192 E1847.76268
G0 F9000 X130.338 Y121.958
G1 F1500 X140.614 Y111.682 E1848.43937
G0 F9000 X140.542 Y111.188
G1 F1500 X130.026 Y121.704 E1849.13187
G0 F9000 X129.739 Y121.425
G1 F1500 X140.471 Y110.693 E1849.83859
G0 F9000 X140.4 Y110.199
G1 F1500 X129.452 Y121.146 E1850.5595
G0 F9000 X129.186 Y120.847
G1 F1500 X140.31 Y109.722 E1851.29207
G0 F9000 X140.146 Y109.322
G1 F1500 X128.937 Y120.53 E1852.03017
G0 F9000 X128.689 Y120.212
G1 F1500 X139.982 Y108.92 E1852.7738
G0 F9000 X139.818 Y108.518
G1 F1500 X128.486 Y119.85 E1853.52003
G0 F9000 X128.287 Y119.483
G1 F1500 X139.653 Y108.117 E1854.2685
G0 F9000 X139.489 Y107.716
G1 F1500 X128.066 Y119.139 E1855.02072
G0 F9000 X127.76 Y118.879
G1 F1500 X139.313 Y107.325 E1855.78154
G0 F9000 X139.095 Y106.978
G1 F1500 X127.349 Y118.725 E1856.55507
G0 F9000 X126.779 Y118.728
G1 F1500 X138.876 Y106.631 E1857.35168
G0 F9000 X138.659 Y106.283
G1 F1500 X121.95 Y122.992 E1858.45199
G0 F9000 X121.273 Y123.103
G1 F1500 X138.44 Y105.936 E1859.58247
G0 F9000 X138.222 Y105.589
G1 F1500 X120.653 Y123.157 E1860.73938
G0 F9000 X120.173 Y123.072
G1 F1500 X138.003 Y105.242 E1861.91352
G0 F9000 X137.785 Y104.894
G1 F1500 X119.693 Y122.986 E1863.10491
G0 F9000 X119.213 Y122.9
G1 F1500 X137.539 Y104.574 E1864.31171
G0 F9000 X137.287 Y104.261
G1 F1500 X118.734 Y122.814 E1865.53345
G0 F9000 X118.254 Y122.728
G1 F1500 X137.034 Y103.948 E1866.77015
G0 F9000 X136.781 Y103.635
G1 F1500 X117.774 Y122.643 E1868.02183
G0 F9000 X117.336 Y122.515
G1 F1500 X136.529 Y103.322 E1869.28572
G0 F9000 X136.276 Y103.009
G1 F1500 X117.004 Y122.281 E1870.55481
G0 F9000 X116.672 Y122.047
G1 F1500 X136.023 Y102.696 E1871.82911
G0 F9000 X135.77 Y102.383
G1 F1500 X116.34 Y121.813 E1873.10861
G0 F9000 X116.008 Y121.58
G1 F1500 X135.513 Y102.074 E1874.39308
G0 F9000 X135.238 Y101.784
G1 F1500 X115.676 Y121.346 E1875.68127
G0 F9000 X115.345 Y121.112
G1 F1500 X134.963 Y101.493 E1876.97318
G0 F9000 X134.688 Y101.203
G1 F1500 X115.129 Y120.762 E1878.26117
G0 F9000 X114.915 Y120.41
G1 F1500 X134.413 Y100.913 E1879.54512
G0 F9000 X134.137 Y100.623
G1 F1500 X114.702 Y120.058 E1880.82494
G0 F9000 X114.488 Y119.706
G1 F1500 X133.862 Y100.332 E1882.10076
G0 F9000 X133.587 Y100.041
G1 F1500 X114.274 Y119.354 E1883.37255
G0 F9000 X114.075 Y118.987
G1 F1500 X133.311 Y99.752 E1884.63924
G0 F9000 X133.036 Y99.461
G1 F1500 X113.957 Y118.539 E1885.89559
G0 F9000 X113.839 Y118.092
G1 F1500 X132.756 Y99.175 E1887.14131
G0 F9000 X132.467 Y98.899
G1 F1500 X113.722 Y117.643 E1888.37567
G0 F9000 X113.604 Y117.196
G1 F1500 X132.177 Y98.622 E1889.59876
G0 F9000 X131.888 Y98.346
G1 F1500 X113.486 Y116.748 E1890.81057
G0 F9000 X113.44 Y116.229
G1 F1500 X131.599 Y98.069 E1892.0064
G0 F9000 X131.309 Y97.794
G1 F1500 X113.402 Y115.701 E1893.18561
G0 F9000 X113.364 Y115.173
G1 F1500 X131.02 Y97.517 E1894.34828
G0 F9000 X130.731 Y97.241
G1 F1500 X113.327 Y114.645 E1895.49437
G0 F9000 X113.332 Y114.073
G1 F1500 X130.441 Y96.964 E1896.62102
G0 F9000 X130.152 Y96.688
G1 F1500 X113.361 Y113.479 E1897.72674
G0 F9000 X113.39 Y112.884
G1 F1500 X129.863 Y96.411 E1898.81152
G0 F9000 X129.567 Y96.141
G1 F1500 X113.468 Y112.24 E1899.87166
G0 F9000 X113.563 Y111.58
G1 F1500 X129.269 Y95.874 E1900.90593
G0 F9000 X128.97 Y95.607
G1 F1500 X113.659 Y110.918 E1901.91418
G0 F9000 X113.755 Y110.256
G1 F1500 X128.672 Y95.34 E1902.89646
G0 F9000 X128.373 Y95.073
G1 F1500 X113.944 Y109.502 E1903.84664
G0 F9000 X113.521 Y109.329
G0 X113.913 Y108.371
G0 X114.336 Y108.544
G1 F1500 X128.074 Y94.806 E1904.75131
G0 F9000 X127.776 Y94.539
G1 F1500 X114.729 Y107.585 E1905.61044
G0 F9000 X114.306 Y107.412
G0 X115.188 Y105.928
G0 X115.576 Y106.173
G1 F1500 X127.477 Y94.271 E1906.39417
G0 F9000 X127.178 Y94.005
G1 F1500 X116.685 Y104.498 E1907.08516
G0 F9000 X116.329 Y104.21
G0 X117.449 Y102.876
G0 X120.199 Y99.772
G0 X120.531 Y100.087
G1 F1500 X122.178 Y98.439 E1907.19365
G1 F1500 E1900.69365
G0 F9000 X121.863 Y98.108
G0 X118.305 Y101.858
G0 X116.101 Y104.587
G0 X114.452 Y107.213
G0 X113.436 Y109.695
G0 X112.995 Y112.815
G0 X112.915 Y114.478
G0 X113.078 Y116.77
G0 X113.721 Y119.214
G0 X115.044 Y121.388
G0 X117.273 Y122.959
G0 X120.768 Y123.584
G0 X122.024 Y123.398
G0 X123.202 Y122.888
G0 X124.268 Y122.14
G0 X124.986 Y121.44
G0 X126.113 Y120.024
G0 X125.712 Y119.795
G1 F1500 E1907.19365
G1 X122.946 Y122.561 E1907.37579
G1 F1500 E1900.87579
;MESH:NONMESH
G0 F300 X122.946 Y122.561 Z7
G0 F9000 X123.129 Y122.986
G0 X122.024 Y123.398
G0 X120.768 Y123.584
G0 X117.273 Y122.959
G0 X115.044 Y121.388
G0 X113.721 Y119.214
G0 X113.142 Y117.014
G0 X112.666 Y112.769
G0 X111.581 Y112.635
G0 X106.231 Y106.752
G0 X92.465 Y95.14
;TIME_ELAPSED:2147.166539
;LAYER:24
;TYPE:WALL-INNER
;MESH:tmpnqf7468lheart_box.stl
G1 F1500 E1907.37579
G1 F1134.2 X91.002 Y96.464 E1907.4973
G1 F1192.8 X89.54 Y97.789 E1907.61284
G1 F1263.2 X89.024 Y98.27 E1907.65184
G1 F1357.5 X87.455 Y99.788 E1907.76417
G1 F1477.8 X85.886 Y101.306 E1907.86735
G1 F1648.4 X83.116 Y104.27 E1908.03926
G1 F1869.2 X80.875 Y107.078 E1908.1735
G1 F1863.4 X80.641 Y107.407 E1908.18864
G1 F1851.9 X79.132 Y109.838 E1908.29656
G1 F1699.7 X78.842 Y110.402 E1908.32262
G1 F1511.3 X77.944 Y112.636 E1908.43389
G1 F1284.8 X77.776 Y113.258 E1908.46892
G1 F1119.4 X77.509 Y115.09 E1908.58443
G1 F1111.1 X77.391 Y115.964 E1908.63987
G1 F1039.9 X77.322 Y116.803 E1908.69642
G1 F982 X77.275 Y117.819 E1908.76876
G1 F934.6 X77.279 Y118.241 E1908.8003
G0 F9000 X77.707 Y120.243
G0 X78.423 Y122.966
G0 X79.969 Y125.505
G0 X82.623 Y127.373
G0 X85.986 Y128.891
G0 X85.978 Y129.204
G1 F1500 X87.421 Y128.983 E1908.86827
G1 F1327.4 X88.299 Y128.534 E1908.92016
G1 F1214.6 X88.746 Y128.344 E1908.94809
G1 F1425.2 X89.765 Y127.69 E1909.00744
G1 F1321.6 X89.91 Y127.467 E1909.02149
G1 F990.1 X89.986 Y127.314 E1909.03354
G1 F1181.1 X89.59 Y127.381 E1909.0573
G1 F1542.4 X88.391 Y127.98 E1909.11799
G1 F1298.7 X88.16 Y128.056 E1909.13107
G1 F1327.4 X87.236 Y128.142 E1909.1799
G1 F1500 X86.575 Y128.241 E1909.21102
G1 X82.576 Y127.518 E1909.40025
G1 X79.855 Y125.612 E1909.55494
G1 X78.738 Y123.772 E1909.65517
G1 F1395.3 X78.251 Y123.026 E1909.69977
G1 F1310 X77.782 Y121.226 E1909.79894
G1 F1459.9 X77.586 Y120.309 E1909.8438
G1 F1657.5 X77.462 Y118.629 E1909.91479
G1 F1171.9 X77.279 Y118.241 E1909.94036
G1 X77.106 Y118.633 E1909.9659
G1 F1657.5 X77.225 Y120.365 E1910.03906
G1 F1459.9 X77.337 Y121.319 E1910.08502
G1 F1301.5 X77.824 Y123.197 E1910.18913
G1 F1382.5 X78.029 Y124.131 E1910.23744
G1 F1500 X79.525 Y126.65 E1910.37386
G1 X82.058 Y128.478 E1910.51932
G1 X85.978 Y129.204 E1910.70495
G0 F9000 X85.986 Y128.891
G0 X89.986 Y127.314
G1 F990.1 X90.47 Y126.908 E1910.74952
G1 F1204.8 X90.954 Y126.501 E1910.78618
G1 F1435.4 X91.17 Y126.26 E1910.80193
G1 F1500 E1904.30193
G0 F9000 X92.376 Y124.675
G0 X92.95 Y123.878
G0 X92.957 Y124.168
G1 F1500 E1910.80193
G1 F1734.1 X92.892 Y124.131 E1910.80494
G1 X92.893 Y124.205 E1910.80792
G1 X92.957 Y124.168 E1910.8109
G1 F1500 E1904.3109
G0 F9000 X92.95 Y123.878
G0 X93.451 Y124.673
G0 X94.654 Y126.26
G1 F1500 E1910.8109
G1 F1435.4 X94.87 Y126.501 E1910.82665
G1 F1204.8 X95.35 Y126.904 E1910.86298
G1 F993.4 X95.831 Y127.308 E1910.90715
G0 F9000 X99.843 Y128.891
G0 X99.846 Y129.204
G1 F1500 X103.766 Y128.478 E1911.09278
G1 X106.299 Y126.65 E1911.23824
G1 X107.796 Y124.131 E1911.37468
G1 F1421.8 X107.985 Y123.304 E1911.41636
G1 F1321.6 X108.002 Y123.198 E1911.42203
G1 F1310 X108.491 Y121.319 E1911.52555
G1 F1470.6 X108.602 Y120.363 E1911.57126
G1 F1666.7 X108.719 Y118.666 E1911.64254
G1 F1174.2 X108.546 Y118.274 E1911.66803
G1 X108.365 Y118.662 E1911.6935
G1 F1676 X108.251 Y120.265 E1911.76047
G1 F1474.2 X108.047 Y121.225 E1911.80697
G1 F1310 X107.566 Y123.045 E1911.90734
G1 F1388.9 X107.09 Y123.773 E1911.95108
G1 F1500 X105.974 Y125.61 E1912.05117
G1 X103.265 Y127.516 E1912.2054
G1 X99.249 Y128.241 E1912.39543
G1 X98.592 Y128.143 E1912.42636
G1 F1342.3 X97.602 Y128.04 E1912.47815
G1 F1227 X97.295 Y127.911 E1912.49711
G1 F1428.6 X96.225 Y127.376 E1912.5556
G1 F1185.8 X95.83 Y127.307 E1912.57922
G1 F1000 X95.908 Y127.465 E1912.59153
G1 F1333.3 X96.05 Y127.683 E1912.60515
G1 F1428.6 X97.078 Y128.344 E1912.66491
G1 F1227 X97.442 Y128.503 E1912.68752
G1 F1239.7 X97.519 Y128.548 E1912.69255
G1 F1376.1 X98.407 Y128.982 E1912.74271
G1 F1500 X99.846 Y129.204 E1912.81051
G0 F9000 X99.843 Y128.891
G0 X103.206 Y127.373
G0 X105.86 Y125.505
G0 X107.406 Y122.966
G0 X107.812 Y121.422
G0 X108.546 Y118.274
G1 F943.4 X108.55 Y117.733 E1912.85057
G1 F988.5 X108.503 Y116.783 E1912.91778
G1 F1041.7 X108.431 Y115.963 E1912.97297
G1 F1109.1 X108.049 Y113.258 E1913.14502
G1 F1295.9 X107.882 Y112.637 E1913.17968
G1 F1522.8 X106.982 Y110.402 E1913.29018
G1 F1680.7 X106.739 Y109.921 E1913.31258
G1 F1840.5 X105.184 Y107.406 E1913.42479
G1 F1875 X104.991 Y107.131 E1913.43731
G1 X102.711 Y104.271 E1913.57356
G1 F1709.4 X101.335 Y102.799 E1913.65589
G1 F1591.5 X99.959 Y101.326 E1913.74436
G1 F1500 X99.734 Y101.098 E1913.75927
G1 F1385.7 X96.818 Y98.285 E1913.9635
G1 F1268.5 X96.277 Y97.78 E1914.00425
G1 F1192.8 X94.818 Y96.46 E1914.11945
G1 F1134.2 X93.358 Y95.139 E1914.2407
G0 F9000 X93.359 Y95.14
G1 F1312.9 X93.038 Y94.732 E1914.26832
G1 F1612.9 X92.912 Y94.616 E1914.27574
G1 X92.787 Y94.731 E1914.28309
G1 F1312.9 X92.465 Y95.14 E1914.31079
G1 X92.912 Y95.054 E1914.335
G1 X93.359 Y95.14 E1914.35922
G1 F1500 E1907.85922
G0 F9000 X99.848 Y101.421
G0 X102.606 Y104.332
G0 X104.889 Y107.162
G0 X106.627 Y109.927
G0 X107.738 Y112.646
G0 X108.211 Y115.97
G0 X108.3 Y117.772
G0 X108.122 Y120.243
G0 X107.406 Y122.966
G0 X105.86 Y125.505
G0 X103.206 Y127.373
G0 X99.299 Y128.139
G0 X99.245 Y127.832
;TYPE:WALL-OUTER
G1 F1500 E1914.35922
G1 X97.711 Y127.606 E1914.43142
G1 X96.3 Y126.992 E1914.50307
G1 X95.1 Y126.144 E1914.57149
G1 X94.93 Y125.978 E1914.58256
G1 F1242.2 X94.587 Y125.758 E1914.60547
G1 F1127.8 X94.102 Y125.239 E1914.64946
G1 F1282.1 X93.668 Y124.633 E1914.69007
G1 F1449.3 X93.542 Y124.435 E1914.70138
G1 F1522.8 X93.367 Y124.21 E1914.71445
G1 F1507.5 X92.914 Y123.412 E1914.75697
G1 X92.461 Y124.21 E1914.79948
G1 F1515.2 X92.286 Y124.433 E1914.81255
G1 F1449.3 X92.161 Y124.629 E1914.82375
G1 F1287.6 X91.722 Y125.239 E1914.86452
G1 F1127.8 X91.238 Y125.758 E1914.90847
G1 F1242.2 X90.895 Y125.977 E1914.93135
G1 F1500 X90.721 Y126.147 E1914.94268
G1 X89.524 Y126.992 E1915.01091
G1 X88.121 Y127.606 E1915.08222
G1 X86.581 Y127.835 E1915.15472
G1 X82.725 Y127.138 E1915.33718
G1 X80.154 Y125.332 E1915.48348
G1 X78.657 Y122.867 E1915.61777
G1 X77.957 Y120.217 E1915.74539
G1 X77.78 Y117.758 E1915.86019
G1 X77.865 Y115.97 E1915.94354
G1 X77.97 Y115.158 E1915.98167
G1 X78.332 Y112.718 E1916.09653
G1 X79.414 Y110.056 E1916.23033
G1 X81.148 Y107.298 E1916.38203
G1 X83.414 Y104.49 E1916.55004
G1 X86.157 Y101.591 E1916.73588
G1 X89.31 Y98.59 E1916.93857
G1 X92.778 Y95.49 E1917.15517
G1 X92.912 Y95.44 E1917.16183
G1 X93.046 Y95.49 E1917.16849
G1 X96.523 Y98.595 E1917.38555
G1 X99.674 Y101.598 E1917.58823
G1 X102.424 Y104.502 E1917.77447
G1 X104.694 Y107.317 E1917.94285
G1 X106.394 Y110.025 E1918.09174
G1 X107.496 Y112.718 E1918.22723
G1 X107.85 Y115.161 E1918.34217
G1 X107.959 Y115.969 E1918.38013
G1 X108.048 Y117.758 E1918.46354
G1 X107.87 Y120.219 E1918.57843
G1 X107.172 Y122.867 E1918.70595
G1 X105.677 Y125.323 E1918.83983
G1 X103.114 Y127.133 E1918.98594
G1 X99.245 Y127.832 E1919.16901
G1 F1500 E1912.66901
G0 F9000 X99.299 Y128.139
G0 X99.85 Y129.298
G0 X99.852 Y129.609
G1 F1500 E1919.16901
G1 X103.927 Y128.855 E1919.36198
G1 X106.601 Y126.926 E1919.51551
G1 X108.169 Y124.286 E1919.65849
G1 X108.913 Y121.387 E1919.79785
G1 X109.099 Y118.705 E1919.92304
G1 X109.006 Y116.759 E1920.01375
G1 X108.938 Y116.174 E1920.04118
G1 X108.505 Y113.137 E1920.18402
G1 X107.34 Y110.222 E1920.33019
G1 X105.487 Y107.195 E1920.49546
G1 X103.002 Y104.044 E1920.68232
G1 X100.017 Y100.809 E1920.88728
G1 X96.588 Y97.462 E1921.1104
G1 X92.912 Y94.092 E1921.34262
G1 X89.229 Y97.47 E1921.57533
G1 X85.786 Y100.836 E1921.79953
G1 X82.804 Y104.065 E1922.0042
G1 X80.337 Y107.195 E1922.18977
G1 X78.484 Y110.222 E1922.35503
G1 X77.319 Y113.136 E1922.50116
G1 X76.882 Y116.184 E1922.64454
G1 X76.82 Y116.764 E1922.6717
G1 X76.725 Y118.705 E1922.76219
G1 X76.914 Y121.387 E1922.88739
G1 X77.655 Y124.286 E1923.02672
G1 X79.223 Y126.926 E1923.16969
G1 X81.897 Y128.855 E1923.32322
G1 X85.972 Y129.609 E1923.51619
G1 X87.535 Y129.37 E1923.58982
G1 X88.967 Y128.729 E1923.66287
G1 X90.218 Y127.83 E1923.73461
G1 X91.272 Y126.779 E1923.80392
G1 X91.485 Y126.499 E1923.8203
G1 F1242.2 X91.66 Y126.131 E1923.84321
G1 F1098.9 X91.998 Y125.716 E1923.87723
G1 F1250 X92.533 Y124.845 E1923.93435
G1 F1456.3 X92.633 Y124.62 E1923.94616
G1 F1522.8 X92.729 Y124.54 E1923.95189
G1 F1515.2 X93.098 Y124.54 E1923.9689
G1 F1526.7 X93.194 Y124.62 E1923.97461
G1 F1449.3 X93.292 Y124.847 E1923.98653
G1 F1293.1 X93.678 Y125.487 E1924.0269
G1 F1176.5 X93.826 Y125.716 E1924.04309
G1 F1098.9 X94.163 Y126.13 E1924.07702
G1 F1242.2 X94.338 Y126.498 E1924.09993
G1 F1500 X94.551 Y126.78 E1924.11639
G1 X95.606 Y127.831 E1924.18573
G1 X96.857 Y128.729 E1924.25743
G1 X98.293 Y129.37 E1924.33066
G1 X99.852 Y129.609 E1924.4041
G0 F9000 X99.755 Y129.109
;TYPE:FILL
G1 F3000 X100.003 Y128.185 E1924.44865
G0 F9000 X100.043 Y128.412
G0 X101.094 Y128.223
G0 X101.055 Y127.997
G1 F3000 X101.816 Y128.758 E1924.49876
G1 F1500 E1917.99876
G0 F9000 X101.775 Y128.532
G0 X107.94 Y124.189
G0 X108.668 Y116.025
G0 X107.118 Y110.329
G0 X102.831 Y104.223
G0 X92.914 Y94.419
G0 X82.997 Y104.223
G0 X78.71 Y110.329
G0 X77.07 Y116.769
G0 X77.16 Y121.347
G0 X81.077 Y127.24
G0 X87.6 Y128.4
G0 X87.573 Y128.208
G1 F1500 E1924.49876
G1 F3000 X87.386 Y128.908 E1924.5325
G0 F9000 X87.339 Y128.683
G0 X85.077 Y128.722
G0 X85.035 Y128.948
G1 F3000 X83.931 Y127.844 E1924.6052
G0 F9000 X83.89 Y128.07
G0 X82.465 Y127.751
G0 X79.671 Y125.784
G0 X78.314 Y123.673
G0 X78.494 Y123.564
G1 F3000 X78.023 Y123.691 E1924.62791
G1 F1500 E1918.12791
G0 F9000 X78.224 Y123.641
G0 X77.707 Y120.243
G0 X77.529 Y117.772
G0 X77.617 Y115.97
G0 X78.091 Y112.646
G0 X79.202 Y109.927
G0 X80.94 Y107.162
G0 X83.223 Y104.332
G0 X85.98 Y101.421
G0 X89.135 Y98.415
G0 X92.914 Y95.05
G0 X96.693 Y98.415
G0 X99.848 Y101.421
G0 X102.606 Y104.332
G0 X104.889 Y107.162
G0 X106.627 Y109.927
G0 X107.738 Y112.646
G0 X108.121 Y115.339
G0 X108.689 Y121.35
G0 X109.78 Y121.425
G0 X113.862 Y122.189
G0 X120.765 Y123.748
;TYPE:WALL-INNER
G1 F1500 E1924.62791
G1 X122.069 Y123.554 E1924.6893
G1 X123.281 Y123.029 E1924.75081
G1 X124.371 Y122.264 E1924.81281
G1 X125.275 Y121.383 E1924.87159
G1 X125.951 Y120.513 E1924.92289
G1 X126.361 Y119.791 E1924.96156
G1 X126.45 Y119.564 E1924.97291
G1 X126.559 Y119.437 E1924.9807
G1 X126.819 Y119.29 E1924.99461
G1 X127.248 Y119.285 E1925.01459
G1 X127.436 Y119.33 E1925.02359
G1 X127.616 Y119.447 E1925.03359
G1 X127.71 Y119.56 E1925.04043
G1 X127.798 Y119.772 E1925.05112
G1 X128.217 Y120.514 E1925.0908
G1 X128.893 Y121.383 E1925.14206
G1 X129.797 Y122.264 E1925.20084
G1 X130.887 Y123.029 E1925.26285
G1 X132.099 Y123.554 E1925.32435
G1 X133.403 Y123.748 E1925.38574
G1 X136.959 Y123.112 E1925.55395
G1 X139.248 Y121.501 E1925.68429
G1 X140.597 Y119.279 E1925.80533
G1 X141.249 Y116.797 E1925.92482
G1 X141.415 Y114.481 E1926.03294
G1 X141.333 Y112.801 E1926.11126
G1 X141.263 Y112.249 E1926.13717
G1 X140.888 Y109.651 E1926.2594
G1 X139.86 Y107.14 E1926.38574
G1 X138.198 Y104.494 E1926.53124
G1 X135.984 Y101.752 E1926.69534
G1 X133.267 Y98.884 E1926.8793
G1 X130.144 Y95.909 E1927.08014
G1 X127.084 Y93.173 E1927.27128
G1 X124.016 Y95.917 E1927.46294
G1 X120.89 Y98.896 E1927.66401
G1 X118.184 Y101.752 E1927.84721
G1 X115.97 Y104.494 E1928.01131
G1 X114.308 Y107.14 E1928.15681
G1 X113.28 Y109.652 E1928.28319
G1 X112.919 Y112.129 E1928.39975
G1 X112.835 Y112.8 E1928.43124
G1 X112.754 Y114.481 E1928.50961
G1 X112.919 Y116.797 E1928.61772
G1 X113.571 Y119.278 E1928.73717
G1 X114.924 Y121.501 E1928.85835
G1 X117.209 Y123.112 E1928.98853
G1 X120.765 Y123.748 E1929.15674
G0 F9000 X120.759 Y124.153
;TYPE:WALL-OUTER
G1 F1500 X122.18 Y123.942 E1929.22364
G1 X123.477 Y123.38 E1929.28946
G1 X124.627 Y122.573 E1929.35487
G1 X125.574 Y121.65 E1929.41645
G1 X126.285 Y120.736 E1929.47037
G1 X126.736 Y119.941 E1929.51293
G1 X126.787 Y119.78 E1929.52079
G1 X126.895 Y119.689 E1929.52737
G1 X127.219 Y119.684 E1929.54246
G1 X127.308 Y119.718 E1929.5469
G1 X127.883 Y120.736 E1929.60134
G1 X128.594 Y121.65 E1929.65526
G1 X129.541 Y122.573 E1929.71683
G1 X130.691 Y123.38 E1929.78225
G1 X131.988 Y123.942 E1929.84807
G1 X133.409 Y124.153 E1929.91496
G1 X137.117 Y123.49 E1930.09036
G1 X139.546 Y121.78 E1930.22868
G1 X140.969 Y119.437 E1930.35633
G1 X141.645 Y116.863 E1930.48025
G1 X141.815 Y114.485 E1930.59126
G1 X141.732 Y112.766 E1930.6714
G1 X141.659 Y112.192 E1930.69834
G1 X141.277 Y109.545 E1930.82287
G1 X140.217 Y106.956 E1930.95314
G1 X138.524 Y104.261 E1931.10134
G1 X136.285 Y101.488 E1931.2673
G1 X133.55 Y98.602 E1931.45244
G1 X130.416 Y95.615 E1931.65404
G1 X127.084 Y92.637 E1931.86213
G1 X123.744 Y95.623 E1932.07074
G1 X120.606 Y98.614 E1932.2726
G1 X117.883 Y101.488 E1932.45696
G1 X115.644 Y104.261 E1932.62291
G1 X113.951 Y106.956 E1932.77111
G1 X112.891 Y109.546 E1932.90142
G1 X112.523 Y112.075 E1933.02042
G1 X112.436 Y112.766 E1933.05285
G1 X112.353 Y114.485 E1933.13299
G1 X112.523 Y116.863 E1933.244
G1 X113.199 Y119.436 E1933.36788
G1 X114.626 Y121.78 E1933.49566
G1 X117.051 Y123.49 E1933.63383
G1 X120.759 Y124.153 E1933.80923
G0 F9000 X120.767 Y123.381
;TYPE:SKIN
G1 F1500 X117.351 Y122.77 E1933.97081
G1 X115.19 Y121.248 E1934.09389
G1 X113.907 Y119.136 E1934.20896
G1 X113.275 Y116.735 E1934.32457
G1 X113.113 Y114.469 E1934.43035
G1 X113.192 Y112.842 E1934.5062
G1 X113.275 Y112.171 E1934.53768
G1 X113.627 Y109.75 E1934.6516
G1 X114.627 Y107.304 E1934.77465
G1 X116.268 Y104.697 E1934.91809
G1 X118.455 Y101.988 E1935.08021
G1 X121.138 Y99.154 E1935.26193
G1 X124.256 Y96.183 E1935.46247
G1 X127.085 Y93.653 E1935.63919
G1 X129.896 Y96.167 E1935.8148
G1 X133.002 Y99.134 E1936.01481
G1 X135.713 Y101.992 E1936.19824
G1 X137.897 Y104.697 E1936.36012
G1 X139.537 Y107.304 E1936.50354
G1 X140.537 Y109.749 E1936.62654
G1 X140.903 Y112.283 E1936.74576
G1 X140.972 Y112.842 E1936.77199
G1 X141.051 Y114.469 E1936.84784
G1 X140.889 Y116.735 E1936.95362
G1 X140.257 Y119.137 E1937.06927
G1 X138.978 Y121.248 E1937.1842
G1 X136.813 Y122.77 E1937.30743
G1 X133.397 Y123.381 E1937.46902
G1 X132.2 Y123.202 E1937.52538
G1 X131.063 Y122.712 E1937.58303
G1 X130.025 Y121.981 E1937.64215
G1 X129.158 Y121.138 E1937.69845
G1 X128.519 Y120.32 E1937.74679
G1 X128.126 Y119.619 E1937.78421
G1 X128.052 Y119.434 E1937.79349
G1 X127.787 Y119.121 E1937.81258
G1 X127.418 Y118.924 E1937.83206
G1 X126.826 Y118.928 E1937.85963
G1 X126.586 Y118.999 E1937.87128
G1 X126.222 Y119.255 E1937.892
G1 X126.035 Y119.63 E1937.91152
G1 X125.649 Y120.316 E1937.94817
G1 X125.006 Y121.138 E1937.99676
G1 X124.143 Y121.981 E1938.05294
G1 X123.101 Y122.712 E1938.11221
G1 X121.968 Y123.202 E1938.16969
G1 X120.767 Y123.381 E1938.22623
G0 F9000 X120.721 Y123.637
G0 X117.273 Y122.959
G0 X115.044 Y121.388
G0 X114.774 Y121.06
G0 X115.166 Y120.823
G1 F1500 X115.717 Y121.373 E1938.26248
G0 F9000 X115.451 Y121.749
G0 X117.421 Y123.047
G0 X117.502 Y122.593
G1 F1500 X114.29 Y119.381 E1938.474
G0 F9000 X113.936 Y118.462
G1 F1500 X118.191 Y122.716 E1938.75416
G0 F9000 X118.879 Y122.839
G1 F1500 X113.734 Y117.694 E1939.09297
G0 F9000 X113.532 Y116.926
G1 F1500 X119.569 Y122.963 E1939.49052
G0 F9000 X120.258 Y123.086
G1 F1500 X113.442 Y116.27 E1939.93936
G0 F9000 X113.398 Y115.661
G1 F1500 X120.896 Y123.159 E1940.43312
G0 F9000 X121.388 Y123.085
G1 F1500 X113.355 Y115.052 E1940.9621
G0 F9000 X113.314 Y114.445
G1 F1500 X121.88 Y123.012 E1941.52622
G0 F9000 X122.282 Y122.848
G1 F1500 X113.34 Y113.906 E1942.11507
G0 F9000 X113.366 Y113.366
G1 F1500 X122.677 Y122.677 E1942.72821
G0 F9000 X123.061 Y122.496
G1 F1500 X113.394 Y112.829 E1943.3648
G0 F9000 X113.457 Y112.325
G1 F1500 X123.394 Y122.262 E1944.01917
G0 F9000 X123.726 Y122.029
G1 F1500 X113.526 Y111.829 E1944.69086
G0 F9000 X113.598 Y111.335
G1 F1500 X124.053 Y121.79 E1945.37934
G0 F9000 X124.339 Y121.511
G1 F1500 X113.67 Y110.841 E1946.08194
G0 F9000 X113.742 Y110.348
G1 F1500 X124.625 Y121.231 E1946.79861
G0 F9000 X124.904 Y120.944
G1 F1500 X113.813 Y109.853 E1947.52897
G0 F9000 X113.968 Y109.442
G1 F1500 X125.152 Y120.627 E1948.26549
G0 F9000 X125.4 Y120.309
G1 F1500 X114.132 Y109.041 E1949.0075
G0 F9000 X114.297 Y108.64
G1 F1500 X125.619 Y119.962 E1949.75308
G0 F9000 X125.823 Y119.6
G1 F1500 X114.461 Y108.238 E1950.50128
G0 F9000 X114.626 Y107.837
G1 F1500 X126.015 Y119.227 E1951.2513
G0 F9000 X126.306 Y118.952
G1 F1500 X114.79 Y107.436 E1952.00965
G0 F9000 X115.002 Y107.083
G1 F1500 X126.679 Y118.759 E1952.77857
G0 F9000 X127.21 Y118.725
G1 F1500 X115.221 Y106.736 E1953.56806
G0 F9000 X115.439 Y106.388
G1 F1500 X131.91 Y122.859 E1954.65271
G0 F9000 X132.689 Y123.072
G1 F1500 X115.658 Y106.041 E1955.77423
G0 F9000 X115.876 Y105.694
G1 F1500 X133.354 Y123.172 E1956.92518
G0 F9000 X133.845 Y123.097
G1 F1500 X116.095 Y105.347 E1958.09405
G0 F9000 X116.313 Y104.999
G1 F1500 X134.325 Y123.011 E1959.28017
G0 F9000 X134.805 Y122.926
G1 F1500 X116.547 Y104.668 E1960.48249
G0 F9000 X116.8 Y104.355
G1 F1500 X135.284 Y122.839 E1961.6997
G0 F9000 X135.765 Y122.754
G1 F1500 X117.053 Y104.042 E1962.93191
G0 F9000 X117.305 Y103.729
G1 F1500 X136.244 Y122.667 E1964.17905
G0 F9000 X136.724 Y122.582
G1 F1500 X117.559 Y103.416 E1965.44113
G0 F9000 X117.811 Y103.103
G1 F1500 X137.059 Y122.351 E1966.70864
G0 F9000 X137.392 Y122.118
G1 F1500 X118.064 Y102.791 E1967.98139
G0 F9000 X118.317 Y102.477
G1 F1500 X137.724 Y121.885 E1969.25941
G0 F9000 X138.056 Y121.651
G1 F1500 X118.57 Y102.165 E1970.54259
G0 F9000 X118.841 Y101.871
G1 F1500 X138.389 Y121.418 E1971.82983
G0 F9000 X138.721 Y121.185
G1 F1500 X119.116 Y101.58 E1973.12085
G0 F9000 X119.391 Y101.29
G1 F1500 X138.973 Y120.871 E1974.41033
G0 F9000 X139.187 Y120.519
G1 F1500 X119.667 Y100.999 E1975.69575
G0 F9000 X119.942 Y100.708
G1 F1500 X139.4 Y120.167 E1976.97713
G0 F9000 X139.613 Y119.814
G1 F1500 X120.217 Y100.418 E1978.25439
G0 F9000 X120.492 Y100.127
G1 F1500 X139.827 Y119.462 E1979.52763
G0 F9000 X140.04 Y119.11
G1 F1500 X120.767 Y99.836 E1980.79682
G0 F9000 X121.042 Y99.546
G1 F1500 X140.172 Y118.676 E1982.05657
G0 F9000 X140.29 Y118.228
G1 F1500 X121.32 Y99.258 E1983.30577
G0 F9000 X121.609 Y98.982
G1 F1500 X140.407 Y117.78 E1984.54365
G0 F9000 X140.525 Y117.332
G1 F1500 X121.899 Y98.706 E1985.77021
G0 F9000 X122.189 Y98.43
G1 F1500 X140.644 Y116.885 E1986.9855
G0 F9000 X140.714 Y116.389
G1 F1500 X122.479 Y98.154 E1988.18631
G0 F9000 X122.768 Y97.878
G1 F1500 X140.752 Y115.862 E1989.37058
G0 F9000 X140.789 Y115.333
G1 F1500 X123.058 Y97.602 E1990.5382
G0 F9000 X123.348 Y97.326
G1 F1500 X140.827 Y114.805 E1991.68922
G0 F9000 X140.841 Y114.254
G1 F1500 X123.637 Y97.05 E1992.82214
G0 F9000 X123.927 Y96.774
G1 F1500 X140.812 Y113.659 E1993.93404
G0 F9000 X140.784 Y113.065
G1 F1500 X124.217 Y96.498 E1995.02501
G0 F9000 X124.509 Y96.225
G1 F1500 X140.721 Y112.437 E1996.09259
G0 F9000 X140.629 Y111.779
G1 F1500 X124.809 Y95.959 E1997.13437
G0 F9000 X125.107 Y95.691
G1 F1500 X140.533 Y111.118 E1998.15023
G0 F9000 X140.438 Y110.456
G1 F1500 X125.405 Y95.424 E1999.14015
G0 F9000 X125.704 Y95.157
G1 F1500 X140.339 Y109.792 E2000.10389
G0 F9000 X140.766 Y109.618
G0 X140.374 Y108.662
G0 X139.948 Y108.835
G1 F1500 X126.003 Y94.89 E2001.02219
G0 F9000 X126.301 Y94.623
G1 F1500 X139.556 Y107.878 E2001.89505
G0 F9000 X139.982 Y107.705
G0 X139.272 Y106.393
G0 X138.882 Y106.638
G1 F1500 X126.6 Y94.356 E2002.70384
G0 F9000 X126.899 Y94.089
G1 F1500 X137.924 Y105.114 E2003.42986
G0 F9000 X138.315 Y104.869
G0 X136.182 Y102.159
G0 X135.823 Y102.448
G1 F1500 X129.092 Y95.716 E2003.87314
G1 F1500 E1997.37314
G0 F9000 X129.397 Y95.376
G0 X133.153 Y98.998
G0 X135.863 Y101.858
G0 X138.067 Y104.587
G0 X139.716 Y107.213
G0 X140.732 Y109.694
G0 X141.173 Y112.815
G0 X141.253 Y114.478
G0 X141.09 Y116.77
G0 X140.447 Y119.215
G0 X139.127 Y121.388
G0 X136.895 Y122.959
G0 X133.4 Y123.584
G0 X132.144 Y123.398
G0 X130.966 Y122.888
G0 X129.9 Y122.14
G0 X129.397 Y121.65
G0 X128.275 Y120.413
G0 X128.674 Y120.189
G1 F1500 E2003.87314
G1 X130.692 Y122.206 E2004.00599
G1 F1500 E1997.50599
;MESH:NONMESH
G0 F300 X130.692 Y122.206 Z7.28
G0 F9000 X130.426 Y122.583
G0 X132.058 Y123.703
G0 X137.024 Y123.254
G0 X139.361 Y121.607
G0 X140.741 Y119.342
G0 X141.57 Y114.494
G0 X141.036 Y109.612
G0 X138.329 Y104.417
G0 X130.249 Y95.8
G0 X127.085 Y92.959
G0 X118.073 Y101.653
G0 X115.865 Y104.721
G0 X113.117 Y109.61
G0 X112.102 Y109.196
G0 X103.705 Y103.533
G0 X92.465 Y95.14
;TIME_ELAPSED:2251.436763
;LAYER:25
;TYPE:WALL-INNER
;MESH:tmpnqf7468lheart_box.stl
G1 F1500 E2004.00599
G1 F1134.2 X91.002 Y96.464 E2004.1275
G1 F1192.8 X89.54 Y97.789 E2004.24304
G1 F1263.2 X89.024 Y98.27 E2004.28204
G1 F1357.5 X87.455 Y99.788 E2004.39437
G1 F1477.8 X85.886 Y101.306 E2004.49755
G1 F1648.4 X83.116 Y104.27 E2004.66946
G1 F1869.2 X80.875 Y107.078 E2004.8037
G1 F1863.4 X80.641 Y107.407 E2004.81884
G1 F1851.9 X79.132 Y109.838 E2004.92676
G1 F1699.7 X78.842 Y110.402 E2004.95282
G1 F1511.3 X77.944 Y112.636 E2005.06409
G1 F1284.8 X77.776 Y113.258 E2005.09912
G1 F1119.4 X77.509 Y115.09 E2005.21463
G1 F1111.1 X77.391 Y115.964 E2005.27007
G1 F1039.9 X77.322 Y116.803 E2005.32662
G1 F982 X77.275 Y117.819 E2005.39896
G1 F934.6 X77.279 Y118.241 E2005.4305
G0 F9000 X77.707 Y120.243
G0 X78.423 Y122.966
G0 X79.969 Y125.505
G0 X82.623 Y127.373
G0 X85.986 Y128.891
G0 X85.978 Y129.204
G1 F1500 X87.421 Y128.983 E2005.49848
G1 F1327.4 X88.299 Y128.534 E2005.55036
G1 F1214.6 X88.746 Y128.344 E2005.5783
G1 F1425.2 X89.765 Y127.69 E2005.63764
G1 F1321.6 X89.91 Y127.467 E2005.65169
G1 F990.1 X89.986 Y127.314 E2005.66375
G1 F1181.1 X89.59 Y127.381 E2005.6875
G1 F1542.4 X88.391 Y127.98 E2005.74819
G1 F1298.7 X88.16 Y128.056 E2005.76127
G1 F1327.4 X87.236 Y128.142 E2005.8101
G1 F1500 X86.575 Y128.241 E2005.84122
G1 X82.576 Y127.518 E2006.03045
G1 X79.855 Y125.612 E2006.18514
G1 X78.738 Y123.772 E2006.28537
G1 F1395.3 X78.251 Y123.026 E2006.32997
G1 F1310 X77.782 Y121.226 E2006.42914
G1 F1459.9 X77.586 Y120.309 E2006.474
G1 F1657.5 X77.462 Y118.629 E2006.54499
G1 F1171.9 X77.279 Y118.241 E2006.57056
G1 X77.106 Y118.633 E2006.5961
G1 F1657.5 X77.225 Y120.365 E2006.66926
G1 F1459.9 X77.337 Y121.319 E2006.71522
G1 F1301.5 X77.824 Y123.197 E2006.81933
G1 F1382.5 X78.029 Y124.131 E2006.86764
G1 F1500 X79.525 Y126.65 E2007.00407
G1 X82.058 Y128.478 E2007.14952
G1 X85.978 Y129.204 E2007.33515
G0 F9000 X85.986 Y128.891
G0 X89.986 Y127.314
G1 F990.1 X90.47 Y126.908 E2007.37972
G1 F1204.8 X90.954 Y126.501 E2007.41638
G1 F1435.4 X91.17 Y126.26 E2007.43213
G1 F1500 E2000.93213
G0 F9000 X92.376 Y124.675
G0 X92.95 Y123.878
G0 X92.957 Y124.168
G1 F1500 E2007.43213
G1 F1734.1 X92.892 Y124.131 E2007.43514
G1 X92.893 Y124.205 E2007.43812
G1 X92.957 Y124.168 E2007.4411
G1 F1500 E2000.9411
G0 F9000 X92.95 Y123.878
G0 X93.451 Y124.673
G0 X94.654 Y126.26
G1 F1500 E2007.4411
G1 F1435.4 X94.87 Y126.501 E2007.45685
G1 F1204.8 X95.35 Y126.904 E2007.49318
G1 F993.4 X95.831 Y127.308 E2007.53735
G0 F9000 X99.843 Y128.891
G0 X99.846 Y129.204
G1 F1500 X103.766 Y128.478 E2007.72298
G1 X106.299 Y126.65 E2007.86844
G1 X107.796 Y124.131 E2008.00488
G1 F1421.8 X107.985 Y123.304 E2008.04656
G1 F1321.6 X108.002 Y123.198 E2008.05223
G1 F1310 X108.491 Y121.319 E2008.15575
G1 F1470.6 X108.602 Y120.363 E2008.20146
G1 F1666.7 X108.719 Y118.666 E2008.27275
G1 F1174.2 X108.546 Y118.274 E2008.29823
G1 X108.365 Y118.662 E2008.3237
G1 F1676 X108.251 Y120.265 E2008.39068
G1 F1474.2 X108.047 Y121.225 E2008.43717
G1 F1310 X107.566 Y123.045 E2008.53754
G1 F1388.9 X107.09 Y123.773 E2008.58128
G1 F1500 X105.974 Y125.61 E2008.68137
G1 X103.265 Y127.516 E2008.83561
G1 X99.249 Y128.241 E2009.02563
G1 X98.592 Y128.143 E2009.05656
G1 F1342.3 X97.602 Y128.04 E2009.10835
G1 F1227 X97.295 Y127.911 E2009.12731
G1 F1428.6 X96.225 Y127.376 E2009.1858
G1 F1185.8 X95.83 Y127.307 E2009.20942
G1 F1000 X95.908 Y127.465 E2009.22173
G1 F1333.3 X96.05 Y127.683 E2009.23536
G1 F1428.6 X97.078 Y128.344 E2009.29511
G1 F1227 X97.442 Y128.503 E2009.31772
G1 F1239.7 X97.519 Y128.548 E2009.32275
G1 F1376.1 X98.407 Y128.982 E2009.37291
G1 F1500 X99.846 Y129.204 E2009.44071
G0 F9000 X99.843 Y128.891
G0 X103.206 Y127.373
G0 X105.86 Y125.505
G0 X107.406 Y122.966
G0 X107.812 Y121.422
G0 X108.546 Y118.274
G1 F943.4 X108.55 Y117.733 E2009.48077
G1 F988.5 X108.503 Y116.783 E2009.54798
G1 F1041.7 X108.431 Y115.963 E2009.60317
G1 F1109.1 X108.049 Y113.258 E2009.77522
G1 F1295.9 X107.882 Y112.637 E2009.80988
G1 F1522.8 X106.982 Y110.402 E2009.92039
G1 F1680.7 X106.739 Y109.921 E2009.94278
G1 F1840.5 X105.184 Y107.406 E2010.05499
G1 F1875 X104.991 Y107.131 E2010.06751
G1 X102.711 Y104.271 E2010.20376
G1 F1709.4 X101.335 Y102.799 E2010.28609
G1 F1591.5 X99.959 Y101.326 E2010.37456
G1 F1500 X99.734 Y101.098 E2010.38947
G1 F1385.7 X96.818 Y98.285 E2010.5937
G1 F1268.5 X96.277 Y97.78 E2010.63445
G1 F1192.8 X94.818 Y96.46 E2010.74966
G1 F1134.2 X93.358 Y95.139 E2010.8709
G0 F9000 X93.359 Y95.14
G1 F1312.9 X93.038 Y94.732 E2010.89852
G1 F1612.9 X92.912 Y94.616 E2010.90594
G1 X92.787 Y94.731 E2010.91329
G1 F1312.9 X92.465 Y95.14 E2010.94099
G1 X92.912 Y95.054 E2010.9652
G1 X93.359 Y95.14 E2010.98942
G1 F1500 E2004.48942
G0 F9000 X99.848 Y101.421
G0 X102.606 Y104.332
G0 X104.889 Y107.162
G0 X106.627 Y109.927
G0 X107.738 Y112.646
G0 X108.211 Y115.97
G0 X108.3 Y117.772
G0 X108.122 Y120.243
G0 X107.406 Y122.966
G0 X105.86 Y125.505
G0 X103.206 Y127.373
G0 X99.299 Y128.139
G0 X99.245 Y127.832
;TYPE:WALL-OUTER
G1 F1500 E2010.98942
G1 X97.711 Y127.606 E2011.06162
G1 X96.3 Y126.992 E2011.13327
G1 X95.1 Y126.144 E2011.20169
G1 X94.93 Y125.978 E2011.21276
G1 F1242.2 X94.587 Y125.758 E2011.23567
G1 F1127.8 X94.102 Y125.239 E2011.27966
G1 F1282.1 X93.668 Y124.633 E2011.32027
G1 F1449.3 X93.542 Y124.435 E2011.33158
G1 F1522.8 X93.367 Y124.21 E2011.34465
G1 F1507.5 X92.914 Y123.412 E2011.38717
G1 X92.461 Y124.21 E2011.42968
G1 F1515.2 X92.286 Y124.433 E2011.44275
G1 F1449.3 X92.161 Y124.629 E2011.45395
G1 F1287.6 X91.722 Y125.239 E2011.49472
G1 F1127.8 X91.238 Y125.758 E2011.53867
G1 F1242.2 X90.895 Y125.977 E2011.56155
G1 F1500 X90.721 Y126.147 E2011.57288
G1 X89.524 Y126.992 E2011.64111
G1 X88.121 Y127.606 E2011.71242
G1 X86.581 Y127.835 E2011.78492
G1 X82.725 Y127.138 E2011.96738
G1 X80.154 Y125.332 E2012.11368
G1 X78.657 Y122.867 E2012.24797
G1 X77.957 Y120.217 E2012.37559
G1 X77.78 Y117.758 E2012.49039
G1 X77.865 Y115.97 E2012.57374
G1 X77.97 Y115.158 E2012.61187
G1 X78.332 Y112.718 E2012.72673
G1 X79.414 Y110.056 E2012.86053
G1 X81.148 Y107.298 E2013.01223
G1 X83.414 Y104.49 E2013.18024
G1 X86.157 Y101.591 E2013.36608
G1 X89.31 Y98.59 E2013.56877
G1 X92.778 Y95.49 E2013.78537
G1 X92.912 Y95.44 E2013.79203
G1 X93.046 Y95.49 E2013.79869
G1 X96.523 Y98.595 E2014.01575
G1 X99.674 Y101.598 E2014.21843
G1 X102.424 Y104.502 E2014.40467
G1 X104.694 Y107.317 E2014.57305
G1 X106.394 Y110.025 E2014.72194
G1 X107.496 Y112.718 E2014.85743
G1 X107.85 Y115.161 E2014.97237
G1 X107.959 Y115.969 E2015.01034
G1 X108.048 Y117.783 E2015.0949
G1 X107.87 Y120.219 E2015.20864
G1 X107.172 Y122.867 E2015.33615
G1 X105.677 Y125.323 E2015.47003
G1 X103.114 Y127.133 E2015.61614
G1 X99.245 Y127.832 E2015.79921
G1 F1500 E2009.29921
G0 F9000 X99.299 Y128.139
G0 X99.85 Y129.298
G0 X99.852 Y129.609
G1 F1500 E2015.79921
G1 X103.927 Y128.855 E2015.99218
G1 X106.601 Y126.926 E2016.14571
G1 X108.169 Y124.286 E2016.28869
G1 X108.913 Y121.387 E2016.42805
G1 X109.099 Y118.705 E2016.55324
G1 X109.006 Y116.759 E2016.64395
G1 X108.938 Y116.174 E2016.67138
G1 X108.505 Y113.137 E2016.81422
G1 X107.34 Y110.222 E2016.9604
G1 X105.487 Y107.195 E2017.12566
G1 X103.002 Y104.044 E2017.31252
G1 X100.017 Y100.809 E2017.51749
G1 X96.588 Y97.462 E2017.74061
G1 X92.912 Y94.092 E2017.97282
G1 X89.229 Y97.47 E2018.20553
G1 X85.786 Y100.836 E2018.42973
G1 X82.804 Y104.065 E2018.6344
G1 X80.337 Y107.195 E2018.81997
G1 X78.484 Y110.222 E2018.98523
G1 X77.319 Y113.136 E2019.13137
G1 X76.882 Y116.184 E2019.27474
G1 X76.82 Y116.764 E2019.30191
G1 X76.725 Y118.705 E2019.39239
G1 X76.914 Y121.387 E2019.51759
G1 X77.655 Y124.286 E2019.65692
G1 X79.223 Y126.926 E2019.7999
G1 X81.897 Y128.855 E2019.95343
G1 X85.972 Y129.609 E2020.1464
G1 X87.535 Y129.37 E2020.22002
G1 X88.967 Y128.729 E2020.29308
G1 X90.218 Y127.83 E2020.36481
G1 X91.272 Y126.779 E2020.43412
G1 X91.485 Y126.499 E2020.4505
G1 F1242.2 X91.66 Y126.131 E2020.47341
G1 F1098.9 X91.998 Y125.716 E2020.50743
G1 F1250 X92.533 Y124.845 E2020.56455
G1 F1456.3 X92.633 Y124.62 E2020.57636
G1 F1522.8 X92.729 Y124.54 E2020.58209
G1 F1515.2 X93.098 Y124.54 E2020.5991
G1 F1526.7 X93.194 Y124.62 E2020.60482
G1 F1449.3 X93.292 Y124.847 E2020.61673
G1 F1293.1 X93.678 Y125.487 E2020.6571
G1 F1176.5 X93.826 Y125.716 E2020.67329
G1 F1098.9 X94.163 Y126.13 E2020.70722
G1 F1242.2 X94.338 Y126.498 E2020.73013
G1 F1500 X94.551 Y126.78 E2020.74659
G1 X95.606 Y127.831 E2020.81593
G1 X96.857 Y128.729 E2020.88764
G1 X98.293 Y129.37 E2020.96086
G1 X99.852 Y129.609 E2021.0343
G0 F9000 X99.558 Y129.079
;TYPE:FILL
G1 F3000 X99.787 Y128.225 E2021.07547
G0 F9000 X99.826 Y128.451
G0 X101.331 Y128.18
G0 X101.292 Y127.954
G1 F3000 X102.052 Y128.714 E2021.12552
G1 F1500 E2014.62552
G0 F9000 X102.011 Y128.488
G0 X107.94 Y124.189
G0 X108.668 Y116.025
G0 X107.118 Y110.329
G0 X102.831 Y104.223
G0 X92.914 Y94.419
G0 X82.997 Y104.223
G0 X78.71 Y110.329
G0 X77.07 Y116.769
G0 X77.16 Y121.347
G0 X81.077 Y127.24
G0 X87.397 Y128.431
G0 X87.366 Y128.216
G1 F1500 E2021.12552
G1 F3000 X87.172 Y128.94 E2021.16042
G0 F9000 X87.138 Y128.712
G0 X85.42 Y128.785
G0 X85.378 Y129.011
G1 F3000 X84.274 Y127.906 E2021.23316
G0 F9000 X84.233 Y128.132
G0 X82.465 Y127.751
G0 X79.671 Y125.784
G0 X78.424 Y123.854
G0 X78.616 Y123.737
G1 F3000 X78.061 Y123.886 E2021.25991
G1 F1500 E2014.75991
G0 F9000 X78.274 Y123.833
G0 X77.707 Y120.243
G0 X77.529 Y117.772
G0 X77.617 Y115.97
G0 X78.091 Y112.646
G0 X79.202 Y109.927
G0 X80.94 Y107.162
G0 X83.223 Y104.332
G0 X85.98 Y101.421
G0 X89.135 Y98.415
G0 X92.914 Y95.05
G0 X96.693 Y98.415
G0 X99.848 Y101.421
G0 X102.606 Y104.332
G0 X104.889 Y107.162
G0 X106.627 Y109.927
G0 X107.738 Y112.646
G0 X108.121 Y115.339
G0 X108.689 Y121.35
G0 X109.78 Y121.425
G0 X113.862 Y122.189
G0 X120.765 Y123.748
;TYPE:WALL-INNER
G1 F1500 E2021.25991
G1 X122.069 Y123.554 E2021.3213
G1 X123.281 Y123.029 E2021.3828
G1 X124.371 Y122.264 E2021.44481
G1 X125.275 Y121.383 E2021.50359
G1 X125.951 Y120.513 E2021.55489
G1 X126.361 Y119.791 E2021.59355
G1 X126.45 Y119.564 E2021.60491
G1 X126.559 Y119.437 E2021.6127
G1 X126.819 Y119.29 E2021.62661
G1 X127.248 Y119.285 E2021.64659
G1 X127.436 Y119.33 E2021.65559
G1 X127.616 Y119.447 E2021.66558
G1 X127.71 Y119.56 E2021.67243
G1 X127.798 Y119.772 E2021.68312
G1 X128.217 Y120.514 E2021.7228
G1 X128.893 Y121.383 E2021.77406
G1 X129.797 Y122.264 E2021.83284
G1 X130.887 Y123.029 E2021.89485
G1 X132.099 Y123.554 E2021.95635
G1 X133.403 Y123.748 E2022.01774
G1 X136.959 Y123.112 E2022.18595
G1 X139.248 Y121.501 E2022.31628
G1 X140.597 Y119.279 E2022.43732
G1 X141.249 Y116.797 E2022.55682
G1 X141.415 Y114.481 E2022.66494
G1 X141.333 Y112.801 E2022.74326
G1 X141.263 Y112.249 E2022.76917
G1 X140.888 Y109.651 E2022.8914
G1 X139.86 Y107.14 E2023.01774
G1 X138.198 Y104.494 E2023.16323
G1 X135.984 Y101.752 E2023.32734
G1 X133.267 Y98.884 E2023.5113
G1 X130.144 Y95.909 E2023.71214
G1 X127.084 Y93.173 E2023.90327
G1 X124.016 Y95.917 E2024.09494
G1 X120.89 Y98.896 E2024.29601
G1 X118.184 Y101.752 E2024.47921
G1 X115.97 Y104.494 E2024.64331
G1 X114.308 Y107.14 E2024.78881
G1 X113.28 Y109.652 E2024.91519
G1 X112.919 Y112.129 E2025.03175
G1 X112.835 Y112.8 E2025.06324
G1 X112.754 Y114.481 E2025.14161
G1 X112.919 Y116.797 E2025.24972
G1 X113.571 Y119.278 E2025.36917
G1 X114.924 Y121.501 E2025.49035
G1 X117.209 Y123.112 E2025.62053
G1 X120.765 Y123.748 E2025.78874
G0 F9000 X120.759 Y124.153
;TYPE:WALL-OUTER
G1 F1500 X122.18 Y123.942 E2025.85563
G1 X123.477 Y123.38 E2025.92145
G1 X124.627 Y122.573 E2025.98687
G1 X125.574 Y121.65 E2026.04845
G1 X126.285 Y120.736 E2026.10237
G1 X126.736 Y119.941 E2026.14493
G1 X126.787 Y119.78 E2026.15279
G1 X126.895 Y119.689 E2026.15937
G1 X127.219 Y119.684 E2026.17446
G1 X127.308 Y119.718 E2026.17889
G1 X127.883 Y120.736 E2026.23334
G1 X128.594 Y121.65 E2026.28726
G1 X129.541 Y122.573 E2026.34883
G1 X130.691 Y123.38 E2026.41425
G1 X131.988 Y123.942 E2026.48007
G1 X133.409 Y124.153 E2026.54696
G1 X137.117 Y123.49 E2026.72236
G1 X139.546 Y121.78 E2026.86068
G1 X140.969 Y119.437 E2026.98833
G1 X141.645 Y116.863 E2027.11225
G1 X141.815 Y114.485 E2027.22326
G1 X141.732 Y112.766 E2027.3034
G1 X141.659 Y112.192 E2027.33034
G1 X141.277 Y109.545 E2027.45487
G1 X140.217 Y106.956 E2027.58514
G1 X138.524 Y104.261 E2027.73334
G1 X136.285 Y101.488 E2027.8993
G1 X133.55 Y98.602 E2028.08444
G1 X130.416 Y95.615 E2028.28604
G1 X127.084 Y92.637 E2028.49413
G1 X123.744 Y95.623 E2028.70274
G1 X120.606 Y98.614 E2028.9046
G1 X117.883 Y101.488 E2029.08895
G1 X115.644 Y104.261 E2029.25491
G1 X113.951 Y106.956 E2029.40311
G1 X112.891 Y109.546 E2029.53342
G1 X112.523 Y112.075 E2029.65242
G1 X112.436 Y112.766 E2029.68485
G1 X112.353 Y114.485 E2029.76499
G1 X112.523 Y116.863 E2029.876
G1 X113.199 Y119.436 E2029.99988
G1 X114.626 Y121.78 E2030.12766
G1 X117.051 Y123.49 E2030.26583
G1 X120.759 Y124.153 E2030.44123
G0 F9000 X120.767 Y123.381
;TYPE:SKIN
G1 F1500 X117.351 Y122.77 E2030.60281
G1 X115.19 Y121.248 E2030.72589
G1 X113.907 Y119.136 E2030.84096
G1 X113.275 Y116.735 E2030.95657
G1 X113.113 Y114.469 E2031.06235
G1 X113.192 Y112.842 E2031.1382
G1 X113.275 Y112.171 E2031.16968
G1 X113.627 Y109.75 E2031.2836
G1 X114.627 Y107.304 E2031.40665
G1 X116.268 Y104.697 E2031.55009
G1 X118.455 Y101.988 E2031.71221
G1 X121.138 Y99.154 E2031.89393
G1 X124.256 Y96.183 E2032.09447
G1 X127.085 Y93.653 E2032.27119
G1 X129.896 Y96.167 E2032.4468
G1 X133.002 Y99.134 E2032.64681
G1 X135.713 Y101.992 E2032.83024
G1 X137.897 Y104.697 E2032.99212
G1 X139.537 Y107.304 E2033.13554
G1 X140.537 Y109.749 E2033.25854
G1 X140.903 Y112.283 E2033.37776
G1 X140.972 Y112.842 E2033.40399
G1 X141.051 Y114.469 E2033.47983
G1 X140.889 Y116.735 E2033.58562
G1 X140.257 Y119.137 E2033.70127
G1 X138.978 Y121.248 E2033.8162
G1 X136.813 Y122.77 E2033.93943
G1 X133.397 Y123.381 E2034.10102
G1 X132.2 Y123.202 E2034.15738
G1 X131.063 Y122.712 E2034.21503
G1 X130.025 Y121.981 E2034.27415
G1 X129.158 Y121.138 E2034.33045
G1 X128.519 Y120.32 E2034.37879
G1 X128.126 Y119.619 E2034.41621
G1 X128.052 Y119.434 E2034.42549
G1 X127.787 Y119.121 E2034.44458
G1 X127.418 Y118.924 E2034.46406
G1 X126.826 Y118.928 E2034.49163
G1 X126.586 Y118.999 E2034.50328
G1 X126.223 Y119.254 E2034.52394
G1 X126.035 Y119.63 E2034.54351
G1 X125.649 Y120.316 E2034.58017
G1 X125.006 Y121.138 E2034.62876
G1 X124.143 Y121.981 E2034.68494
G1 X123.101 Y122.712 E2034.7442
G1 X121.968 Y123.202 E2034.80168
G1 X120.767 Y123.381 E2034.85823
G1 F1500 E2028.35823
G0 F9000 X120.721 Y123.637
G0 X117.147 Y123.254
G0 X114.81 Y121.607
G0 X113.43 Y119.342
G0 X112.602 Y114.494
G0 X113.136 Y109.612
G0 X115.842 Y104.417
G0 X123.922 Y95.8
G0 X127.085 Y92.959
G0 X136.098 Y101.653
G0 X139.994 Y107.064
G0 X141.401 Y112.112
G0 X141.402 Y116.823
G0 X141.027 Y118.251
G0 X139.666 Y120.617
G0 X139.272 Y120.378
G1 F1500 E2034.85823
G1 X137.86 Y121.79 E2034.95121
G0 F9000 X138.125 Y122.168
G0 X137.129 Y122.809
G0 X136.533 Y123.086
G0 X136.453 Y122.631
G1 F1500 X140.086 Y118.998 E2035.19045
G0 F9000 X140.289 Y118.23
G1 F1500 X135.764 Y122.754 E2035.48839
G0 F9000 X135.075 Y122.877
G1 F1500 X140.491 Y117.462 E2035.84501
G0 F9000 X140.691 Y116.696
G1 F1500 X134.386 Y123.001 E2036.26021
G0 F9000 X133.697 Y123.124
G1 F1500 X140.735 Y116.086 E2036.72367
G0 F9000 X140.778 Y115.478
G1 F1500 X133.119 Y123.137 E2037.22803
G0 F9000 X132.626 Y123.063
G1 F1500 X140.822 Y114.868 E2037.76772
G0 F9000 X140.842 Y114.283
G1 F1500 X132.158 Y122.967 E2038.33958
G0 F9000 X131.762 Y122.796
G1 F1500 X140.815 Y113.743 E2038.93573
G0 F9000 X140.789 Y113.204
G1 F1500 X131.366 Y122.626 E2039.55622
G0 F9000 X131.001 Y122.426
G1 F1500 X140.75 Y112.677 E2040.19821
G0 F9000 X140.685 Y112.176
G1 F1500 X130.67 Y122.192 E2040.85774
G0 F9000 X130.337 Y121.958
G1 F1500 X140.614 Y111.682 E2041.53447
G0 F9000 X140.542 Y111.188
G1 F1500 X130.026 Y121.704 E2042.22697
G0 F9000 X129.739 Y121.425
G1 F1500 X140.471 Y110.693 E2042.93369
G0 F9000 X140.4 Y110.199
G1 F1500 X129.452 Y121.146 E2043.6546
G0 F9000 X129.186 Y120.847
G1 F1500 X140.31 Y109.722 E2044.38717
G0 F9000 X140.146 Y109.322
G1 F1500 X128.937 Y120.53 E2045.12526
G0 F9000 X128.689 Y120.212
G1 F1500 X139.982 Y108.92 E2045.86889
G0 F9000 X139.818 Y108.518
G1 F1500 X128.486 Y119.85 E2046.61513
G0 F9000 X128.287 Y119.483
G1 F1500 X139.653 Y108.117 E2047.3636
G0 F9000 X139.489 Y107.716
G1 F1500 X128.066 Y119.139 E2048.11582
G0 F9000 X127.76 Y118.879
G1 F1500 X139.313 Y107.325 E2048.87664
G0 F9000 X139.095 Y106.978
G1 F1500 X127.349 Y118.725 E2049.65017
G0 F9000 X126.779 Y118.728
G1 F1500 X138.876 Y106.631 E2050.44677
G0 F9000 X138.659 Y106.283
G1 F1500 X121.95 Y122.992 E2051.54709
G0 F9000 X121.273 Y123.103
G1 F1500 X138.44 Y105.936 E2052.67757
G0 F9000 X138.222 Y105.589
G1 F1500 X120.653 Y123.157 E2053.83448
G0 F9000 X120.173 Y123.072
G1 F1500 X138.003 Y105.242 E2055.00862
G0 F9000 X137.785 Y104.894
G1 F1500 X119.693 Y122.986 E2056.20001
G0 F9000 X119.213 Y122.9
G1 F1500 X137.54 Y104.573 E2057.40687
G0 F9000 X137.288 Y104.26
G1 F1500 X118.734 Y122.814 E2058.62868
G0 F9000 X118.254 Y122.728
G1 F1500 X137.034 Y103.948 E2059.86538
G0 F9000 X136.781 Y103.635
G1 F1500 X117.774 Y122.643 E2061.11706
G0 F9000 X117.336 Y122.515
G1 F1500 X136.529 Y103.322 E2062.38095
G0 F9000 X136.276 Y103.009
G1 F1500 X117.004 Y122.281 E2063.65004
G0 F9000 X116.672 Y122.047
G1 F1500 X136.023 Y102.696 E2064.92434
G0 F9000 X135.77 Y102.383
G1 F1500 X116.34 Y121.813 E2066.20384
G0 F9000 X116.008 Y121.58
G1 F1500 X135.513 Y102.074 E2067.48831
G0 F9000 X135.238 Y101.784
G1 F1500 X115.676 Y121.346 E2068.7765
G0 F9000 X115.345 Y121.112
G1 F1500 X134.963 Y101.493 E2070.06841
G0 F9000 X134.688 Y101.203
G1 F1500 X115.129 Y120.762 E2071.3564
G0 F9000 X114.915 Y120.41
G1 F1500 X134.413 Y100.913 E2072.64035
G0 F9000 X134.137 Y100.623
G1 F1500 X114.702 Y120.058 E2073.92017
G0 F9000 X114.488 Y119.706
G1 F1500 X133.862 Y100.332 E2075.19599
G0 F9000 X133.587 Y100.041
G1 F1500 X114.274 Y119.354 E2076.46778
G0 F9000 X114.075 Y118.987
G1 F1500 X133.311 Y99.752 E2077.73447
G0 F9000 X133.036 Y99.461
G1 F1500 X113.957 Y118.539 E2078.99082
G0 F9000 X113.839 Y118.092
G1 F1500 X132.756 Y99.175 E2080.23654
G0 F9000 X132.467 Y98.899
G1 F1500 X113.721 Y117.644 E2081.47096
G0 F9000 X113.604 Y117.196
G1 F1500 X132.177 Y98.622 E2082.69406
G0 F9000 X131.888 Y98.346
G1 F1500 X113.486 Y116.748 E2083.90586
G0 F9000 X113.44 Y116.229
G1 F1500 X131.599 Y98.069 E2085.1017
G0 F9000 X131.309 Y97.794
G1 F1500 X113.402 Y115.701 E2086.2809
G0 F9000 X113.364 Y115.173
G1 F1500 X131.02 Y97.517 E2087.44358
G0 F9000 X130.731 Y97.241
G1 F1500 X113.327 Y114.645 E2088.58966
G0 F9000 X113.332 Y114.073
G1 F1500 X130.441 Y96.964 E2089.71632
G0 F9000 X130.152 Y96.688
G1 F1500 X113.361 Y113.479 E2090.82204
G0 F9000 X113.39 Y112.884
G1 F1500 X129.863 Y96.411 E2091.90681
G0 F9000 X129.567 Y96.141
G1 F1500 X113.468 Y112.24 E2092.96696
G0 F9000 X113.563 Y111.58
G1 F1500 X129.269 Y95.874 E2094.00123
G0 F9000 X128.97 Y95.607
G1 F1500 X113.659 Y110.918 E2095.00948
G0 F9000 X113.755 Y110.256
G1 F1500 X128.672 Y95.34 E2095.99176
G0 F9000 X128.373 Y95.073
G1 F1500 X113.945 Y109.501 E2096.94187
G0 F9000 X113.522 Y109.328
G0 X113.914 Y108.37
G0 X114.337 Y108.543
G1 F1500 X128.074 Y94.806 E2097.84647
G0 F9000 X127.776 Y94.539
G1 F1500 X114.729 Y107.585 E2098.70561
G0 F9000 X114.306 Y107.412
G0 X115.188 Y105.928
G0 X115.576 Y106.173
G1 F1500 X127.477 Y94.271 E2099.48934
G0 F9000 X127.178 Y94.005
G1 F1500 X116.687 Y104.496 E2100.18019
G0 F9000 X116.331 Y104.208
G0 X117.45 Y102.875
G0 X120.199 Y99.772
G0 X120.531 Y100.087
G1 F1500 X122.178 Y98.439 E2100.28868
G1 F1500 E2093.78868
G0 F9000 X121.863 Y98.108
G0 X118.305 Y101.858
G0 X116.101 Y104.587
G0 X114.452 Y107.213
G0 X113.436 Y109.695
G0 X112.995 Y112.815
G0 X112.915 Y114.478
G0 X113.078 Y116.77
G0 X113.721 Y119.214
G0 X115.044 Y121.388
G0 X117.273 Y122.959
G0 X120.768 Y123.584
G0 X122.024 Y123.398
G0 X123.202 Y122.888
G0 X124.268 Y122.14
G0 X124.986 Y121.44
G0 X126.113 Y120.024
G0 X125.712 Y119.795
G1 F1500 E2100.28868
G1 X122.946 Y122.561 E2100.47083
G1 F1500 E2093.97083
;MESH:NONMESH
G0 F300 X122.946 Y122.561 Z7.56
G0 F9000 X123.129 Y122.986
G0 X122.024 Y123.398
G0 X120.768 Y123.584
G0 X117.273 Y122.959
G0 X115.044 Y121.388
G0 X113.721 Y119.214
G0 X113.142 Y117.014
G0 X112.666 Y112.769
G0 X111.581 Y112.635
G0 X106.231 Y106.752
G0 X92.465 Y95.14
;TIME_ELAPSED:2356.642939
;LAYER:26
;TYPE:WALL-INNER
;MESH:tmpnqf7468lheart_box.stl
G1 F1500 E2100.47083
G1 F1134.2 X91.002 Y96.464 E2100.59234
G1 F1192.8 X89.54 Y97.789 E2100.70787
G1 F1263.2 X89.024 Y98.27 E2100.74687
G1 F1357.5 X87.455 Y99.788 E2100.8592
G1 F1477.8 X85.886 Y101.306 E2100.96239
G1 F1648.4 X83.116 Y104.27 E2101.13429
G1 F1869.2 X80.875 Y107.078 E2101.26854
G1 F1863.4 X80.641 Y107.407 E2101.28367
G1 F1851.9 X79.132 Y109.838 E2101.39159
G1 F1699.7 X78.842 Y110.402 E2101.41765
G1 F1511.3 X77.944 Y112.636 E2101.52892
G1 F1284.8 X77.776 Y113.258 E2101.56395
G1 F1119.4 X77.509 Y115.09 E2101.67947
G1 F1111.1 X77.391 Y115.964 E2101.73491
G1 F1039.9 X77.322 Y116.803 E2101.79145
G1 F982 X77.275 Y117.819 E2101.86379
G1 F934.6 X77.279 Y118.241 E2101.89533
G0 F9000 X77.707 Y120.243
G0 X78.423 Y122.966
G0 X79.969 Y125.505
G0 X82.623 Y127.373
G0 X85.986 Y128.891
G0 X85.978 Y129.204
G1 F1500 X87.421 Y128.983 E2101.96331
G1 F1327.4 X88.299 Y128.534 E2102.0152
G1 F1214.6 X88.746 Y128.344 E2102.04313
G1 F1425.2 X89.765 Y127.69 E2102.10247
G1 F1321.6 X89.91 Y127.467 E2102.11653
G1 F990.1 X89.986 Y127.314 E2102.12858
G1 F1181.1 X89.59 Y127.381 E2102.15233
G1 F1542.4 X88.391 Y127.98 E2102.21302
G1 F1298.7 X88.16 Y128.056 E2102.2261
G1 F1327.4 X87.236 Y128.142 E2102.27493
G1 F1500 X86.575 Y128.241 E2102.30605
G1 X82.576 Y127.518 E2102.49528
G1 X79.855 Y125.612 E2102.64997
G1 X78.738 Y123.772 E2102.7502
G1 F1395.3 X78.251 Y123.026 E2102.7948
G1 F1310 X77.782 Y121.226 E2102.89397
G1 F1459.9 X77.586 Y120.309 E2102.93884
G1 F1657.5 X77.462 Y118.629 E2103.00982
G1 F1171.9 X77.279 Y118.241 E2103.03539
G1 X77.106 Y118.633 E2103.06093
G1 F1657.5 X77.225 Y120.365 E2103.13409
G1 F1459.9 X77.337 Y121.319 E2103.18005
G1 F1301.5 X77.824 Y123.197 E2103.28417
G1 F1382.5 X78.029 Y124.131 E2103.33248
G1 F1500 X79.525 Y126.65 E2103.4689
G1 X82.058 Y128.478 E2103.61435
G1 X85.978 Y129.204 E2103.79999
G0 F9000 X85.986 Y128.891
G0 X89.986 Y127.314
G1 F990.1 X90.47 Y126.908 E2103.84455
G1 F1204.8 X90.954 Y126.501 E2103.88121
G1 F1435.4 X91.17 Y126.26 E2103.89696
G1 F1500 E2097.39696
G0 F9000 X92.376 Y124.675
G0 X92.95 Y123.878
G0 X92.957 Y124.168
G1 F1500 E2103.89696
G1 F1734.1 X92.892 Y124.131 E2103.89997
G1 X92.893 Y124.205 E2103.90295
G1 X92.957 Y124.168 E2103.90593
G1 F1500 E2097.40593
G0 F9000 X92.95 Y123.878
G0 X93.451 Y124.673
G0 X94.654 Y126.26
G1 F1500 E2103.90593
G1 F1435.4 X94.87 Y126.501 E2103.92168
G1 F1204.8 X95.35 Y126.904 E2103.95801
G1 F993.4 X95.831 Y127.308 E2104.00218
G0 F9000 X99.843 Y128.891
G0 X99.846 Y129.204
G1 F1500 X103.766 Y128.478 E2104.18782
G1 X106.299 Y126.65 E2104.33327
G1 X107.796 Y124.131 E2104.46971
G1 F1421.8 X107.985 Y123.304 E2104.51139
G1 F1321.6 X108.002 Y123.198 E2104.51706
G1 F1310 X108.491 Y121.319 E2104.62058
G1 F1470.6 X108.602 Y120.363 E2104.66629
G1 F1666.7 X108.719 Y118.666 E2104.73758
G1 F1174.2 X108.546 Y118.274 E2104.76307
G1 X108.365 Y118.662 E2104.78853
G1 F1676 X108.251 Y120.265 E2104.85551
G1 F1474.2 X108.047 Y121.225 E2104.90201
G1 F1310 X107.566 Y123.045 E2105.00237
G1 F1388.9 X107.09 Y123.773 E2105.04612
G1 F1500 X105.974 Y125.61 E2105.1462
G1 X103.265 Y127.516 E2105.30044
G1 X99.249 Y128.241 E2105.49046
G1 X98.592 Y128.143 E2105.52139
G1 F1342.3 X97.602 Y128.04 E2105.57319
G1 F1227 X97.295 Y127.911 E2105.59214
G1 F1428.6 X96.225 Y127.376 E2105.65063
G1 F1185.8 X95.83 Y127.307 E2105.67425
G1 F1000 X95.908 Y127.465 E2105.68656
G1 F1333.3 X96.05 Y127.683 E2105.70019
G1 F1428.6 X97.078 Y128.344 E2105.75994
G1 F1227 X97.442 Y128.503 E2105.78255
G1 F1239.7 X97.519 Y128.548 E2105.78758
G1 F1376.1 X98.407 Y128.982 E2105.83774
G1 F1500 X99.846 Y129.204 E2105.90554
G0 F9000 X99.843 Y128.891
G0 X103.206 Y127.373
G0 X105.86 Y125.505
G0 X107.406 Y122.966
G0 X107.812 Y121.422
G0 X108.546 Y118.274
G1 F943.4 X108.55 Y117.733 E2105.9456
G1 F988.5 X108.503 Y116.783 E2106.01281
G1 F1041.7 X108.431 Y115.963 E2106.068
G1 F1109.1 X108.049 Y113.258 E2106.24005
G1 F1295.9 X107.882 Y112.637 E2106.27471
G1 F1522.8 X106.982 Y110.402 E2106.38522
G1 F1680.7 X106.739 Y109.921 E2106.40761
G1 F1840.5 X105.184 Y107.406 E2106.51983
G1 F1875 X104.991 Y107.131 E2106.53234
G1 X102.711 Y104.271 E2106.66859
G1 F1709.4 X101.335 Y102.799 E2106.75092
G1 F1591.5 X99.959 Y101.326 E2106.83939
G1 F1500 X99.734 Y101.098 E2106.8543
G1 F1385.7 X96.818 Y98.285 E2107.05853
G1 F1268.5 X96.277 Y97.78 E2107.09928
G1 F1192.8 X94.818 Y96.46 E2107.21449
G1 F1134.2 X93.358 Y95.139 E2107.33574
G0 F9000 X93.359 Y95.14
G1 F1312.9 X93.038 Y94.732 E2107.36335
G1 F1612.9 X92.912 Y94.616 E2107.37077
G1 X92.787 Y94.731 E2107.37813
G1 F1312.9 X92.465 Y95.14 E2107.40582
G1 X92.912 Y95.054 E2107.43003
G1 X93.359 Y95.14 E2107.45425
G1 F1500 E2100.95425
G0 F9000 X99.848 Y101.421
G0 X102.606 Y104.332
G0 X104.889 Y107.162
G0 X106.627 Y109.927
G0 X107.738 Y112.646
G0 X108.211 Y115.97
G0 X108.3 Y117.772
G0 X108.122 Y120.243
G0 X107.406 Y122.966
G0 X105.86 Y125.505
G0 X103.206 Y127.373
G0 X99.299 Y128.139
G0 X99.245 Y127.832
;TYPE:WALL-OUTER
G1 F1500 E2107.45425
G1 X97.711 Y127.606 E2107.52645
G1 X96.3 Y126.992 E2107.5981
G1 X95.1 Y126.144 E2107.66653
G1 X94.93 Y125.978 E2107.67759
G1 F1242.2 X94.587 Y125.758 E2107.7005
G1 F1127.8 X94.102 Y125.239 E2107.74449
G1 F1282.1 X93.668 Y124.633 E2107.7851
G1 F1449.3 X93.542 Y124.435 E2107.79641
G1 F1522.8 X93.367 Y124.21 E2107.80949
G1 F1507.5 X92.914 Y123.412 E2107.852
G1 X92.461 Y124.21 E2107.89451
G1 F1515.2 X92.286 Y124.433 E2107.90758
G1 F1449.3 X92.161 Y124.629 E2107.91879
G1 F1287.6 X91.722 Y125.239 E2107.95955
G1 F1127.8 X91.238 Y125.758 E2108.0035
G1 F1242.2 X90.895 Y125.977 E2108.02639
G1 F1500 X90.721 Y126.147 E2108.03771
G1 X89.524 Y126.992 E2108.10594
G1 X88.121 Y127.606 E2108.17725
G1 X86.581 Y127.835 E2108.24975
G1 X82.725 Y127.138 E2108.43221
G1 X80.154 Y125.332 E2108.57851
G1 X78.657 Y122.867 E2108.7128
G1 X77.957 Y120.217 E2108.84043
G1 X77.78 Y117.758 E2108.95522
G1 X77.865 Y115.97 E2109.03858
G1 X77.97 Y115.158 E2109.0767
G1 X78.332 Y112.718 E2109.19156
G1 X79.414 Y110.056 E2109.32536
G1 X81.148 Y107.298 E2109.47706
G1 X83.414 Y104.49 E2109.64508
G1 X86.157 Y101.591 E2109.83091
G1 X89.31 Y98.59 E2110.0336
G1 X92.778 Y95.49 E2110.2502
G1 X92.912 Y95.44 E2110.25686
G1 X93.046 Y95.49 E2110.26352
G1 X96.523 Y98.595 E2110.48058
G1 X99.674 Y101.598 E2110.68327
G1 X102.424 Y104.502 E2110.8695
G1 X104.694 Y107.317 E2111.03788
G1 X106.394 Y110.025 E2111.18677
G1 X107.496 Y112.718 E2111.32226
G1 X107.85 Y115.161 E2111.4372
G1 X107.959 Y115.969 E2111.47517
G1 X108.048 Y117.758 E2111.55857
G1 X107.87 Y120.219 E2111.67347
G1 X107.172 Y122.867 E2111.80098
G1 X105.677 Y125.323 E2111.93486
G1 X103.114 Y127.133 E2112.08097
G1 X99.245 Y127.832 E2112.26404
G1 F1500 E2105.76404
G0 F9000 X99.299 Y128.139
G0 X99.85 Y129.298
G0 X99.852 Y129.609
G1 F1500 E2112.26404
G1 X103.927 Y128.855 E2112.45701
G1 X106.601 Y126.926 E2112.61054
G1 X108.169 Y124.286 E2112.75352
G1 X108.913 Y121.387 E2112.89288
G1 X109.099 Y118.705 E2113.01807
G1 X109.006 Y116.759 E2113.10879
G1 X108.938 Y116.174 E2113.13621
G1 X108.505 Y113.137 E2113.27905
G1 X107.34 Y110.222 E2113.42523
G1 X105.487 Y107.195 E2113.59049
G1 X103.002 Y104.044 E2113.77735
G1 X100.017 Y100.809 E2113.98232
G1 X96.588 Y97.462 E2114.20544
G1 X92.912 Y94.092 E2114.43765
G1 X89.229 Y97.47 E2114.67036
G1 X85.786 Y100.836 E2114.89456
G1 X82.804 Y104.065 E2115.09923
G1 X80.337 Y107.195 E2115.2848
G1 X78.484 Y110.222 E2115.45007
G1 X77.319 Y113.136 E2115.5962
G1 X76.882 Y116.184 E2115.73957
G1 X76.82 Y116.764 E2115.76674
G1 X76.725 Y118.705 E2115.85722
G1 X76.914 Y121.387 E2115.98242
G1 X77.655 Y124.286 E2116.12175
G1 X79.223 Y126.926 E2116.26473
G1 X81.897 Y128.855 E2116.41826
G1 X85.972 Y129.609 E2116.61123
G1 X87.535 Y129.37 E2116.68485
G1 X88.967 Y128.729 E2116.75791
G1 X90.218 Y127.83 E2116.82964
G1 X91.272 Y126.779 E2116.89895
G1 X91.485 Y126.499 E2116.91533
G1 F1242.2 X91.66 Y126.131 E2116.93824
G1 F1098.9 X91.998 Y125.716 E2116.97226
G1 F1250 X92.533 Y124.845 E2117.02938
G1 F1456.3 X92.633 Y124.62 E2117.04119
G1 F1522.8 X92.729 Y124.54 E2117.04692
G1 F1515.2 X93.098 Y124.54 E2117.06393
G1 F1526.7 X93.194 Y124.62 E2117.06965
G1 F1449.3 X93.292 Y124.847 E2117.08156
G1 F1293.1 X93.678 Y125.487 E2117.12193
G1 F1176.5 X93.826 Y125.716 E2117.13812
G1 F1098.9 X94.163 Y126.13 E2117.17205
G1 F1242.2 X94.338 Y126.498 E2117.19496
G1 F1500 X94.551 Y126.78 E2117.21142
G1 X95.606 Y127.831 E2117.28076
G1 X96.857 Y128.729 E2117.35247
G1 X98.293 Y129.37 E2117.42569
G1 X99.852 Y129.609 E2117.49913
G0 F9000 X99.362 Y129.048
;TYPE:FILL
G1 F3000 X99.572 Y128.264 E2117.53693
G0 F9000 X99.611 Y128.49
G0 X101.569 Y128.137
G0 X101.529 Y127.911
G1 F3000 X102.288 Y128.67 E2117.58691
G1 F1500 E2111.08691
G0 F9000 X102.247 Y128.445
G0 X107.94 Y124.189
G0 X108.668 Y116.025
G0 X107.118 Y110.329
G0 X102.831 Y104.223
G0 X92.914 Y94.419
G0 X82.997 Y104.223
G0 X78.71 Y110.329
G0 X77.07 Y116.769
G0 X77.16 Y121.347
G0 X81.077 Y127.24
G0 X87.189 Y128.462
G0 X87.156 Y128.235
G1 F1500 E2117.58691
G1 F3000 X86.958 Y128.973 E2117.62249
G0 F9000 X86.924 Y128.745
G0 X85.764 Y128.848
G0 X85.722 Y129.075
G1 F3000 X84.615 Y127.968 E2117.69539
G0 F9000 X84.574 Y128.193
G0 X82.465 Y127.751
G0 X79.671 Y125.784
G0 X78.532 Y124.031
G0 X78.729 Y123.912
G1 F3000 X78.1 Y124.08 E2117.7257
G1 F1500 E2111.2257
;MESH:NONMESH
G0 F300 X78.1 Y124.08 Z7.84
G0 F9000 X78.319 Y124.013
G0 X77.707 Y120.243
G0 X77.529 Y117.772
G0 X77.617 Y115.97
G0 X78.091 Y112.646
G0 X79.202 Y109.927
G0 X80.94 Y107.162
G0 X83.223 Y104.332
G0 X85.456 Y101.974
G0 X92.465 Y95.14
;TIME_ELAPSED:2381.456218
;LAYER:27
;TYPE:WALL-INNER
;MESH:tmpnqf7468lheart_box.stl
G1 F1500 E2117.7257
G1 F1134.2 X91.002 Y96.464 E2117.84721
G1 F1192.8 X89.54 Y97.789 E2117.96274
G1 F1263.2 X89.024 Y98.27 E2118.00175
G1 F1357.5 X87.455 Y99.788 E2118.11408
G1 F1477.8 X85.886 Y101.306 E2118.21726
G1 F1648.4 X83.116 Y104.27 E2118.38916
G1 F1869.2 X80.875 Y107.078 E2118.52341
G1 F1863.4 X80.641 Y107.407 E2118.53855
G1 F1851.9 X79.132 Y109.838 E2118.64646
G1 F1699.7 X78.842 Y110.402 E2118.67252
G1 F1511.3 X77.944 Y112.636 E2118.7838
G1 F1284.8 X77.776 Y113.258 E2118.81882
G1 F1119.4 X77.509 Y115.09 E2118.93434
G1 F1111.1 X77.391 Y115.964 E2118.98978
G1 F1039.9 X77.322 Y116.803 E2119.04632
G1 F982 X77.275 Y117.819 E2119.11867
G1 F934.6 X77.279 Y118.241 E2119.15021
G0 F9000 X77.707 Y120.243
G0 X78.423 Y122.966
G0 X79.969 Y125.505
G0 X82.623 Y127.373
G0 X85.986 Y128.891
G0 X85.978 Y129.204
G1 F1500 X87.421 Y128.983 E2119.21818
G1 F1327.4 X88.299 Y128.534 E2119.27007
G1 F1214.6 X88.746 Y128.344 E2119.298
G1 F1425.2 X89.765 Y127.69 E2119.35734
G1 F1321.6 X89.91 Y127.467 E2119.3714
G1 F990.1 X89.986 Y127.314 E2119.38345
G1 F1181.1 X89.59 Y127.381 E2119.4072
G1 F1542.4 X88.391 Y127.98 E2119.4679
G1 F1298.7 X88.16 Y128.056 E2119.48098
G1 F1327.4 X87.236 Y128.142 E2119.5298
G1 F1500 X86.575 Y128.241 E2119.56093
G1 X82.576 Y127.518 E2119.75016
G1 X79.855 Y125.612 E2119.90485
G1 X78.738 Y123.772 E2120.00508
G1 F1395.3 X78.251 Y123.026 E2120.04967
G1 F1310 X77.782 Y121.226 E2120.14885
G1 F1459.9 X77.586 Y120.309 E2120.19371
G1 F1657.5 X77.462 Y118.629 E2120.2647
G1 F1171.9 X77.279 Y118.241 E2120.29027
G1 X77.106 Y118.633 E2120.31581
G1 F1657.5 X77.225 Y120.365 E2120.38897
G1 F1459.9 X77.337 Y121.319 E2120.43492
G1 F1301.5 X77.824 Y123.197 E2120.53904
G1 F1382.5 X78.029 Y124.131 E2120.58735
G1 F1500 X79.525 Y126.65 E2120.72377
G1 X82.058 Y128.478 E2120.86923
G1 X85.978 Y129.204 E2121.05486
G0 F9000 X85.986 Y128.891
G0 X89.986 Y127.314
G1 F990.1 X90.47 Y126.908 E2121.09943
G1 F1204.8 X90.954 Y126.501 E2121.13609
G1 F1435.4 X91.17 Y126.26 E2121.15184
G1 F1500 E2114.65184
G0 F9000 X92.376 Y124.675
G0 X92.95 Y123.878
G0 X92.957 Y124.168
G1 F1500 E2121.15184
G1 F1734.1 X92.892 Y124.131 E2121.15485
G1 X92.893 Y124.205 E2121.15783
G1 X92.957 Y124.168 E2121.16081
G1 F1500 E2114.66081
G0 F9000 X92.95 Y123.878
G0 X93.451 Y124.673
G0 X94.654 Y126.26
G1 F1500 E2121.16081
G1 F1435.4 X94.87 Y126.501 E2121.17655
G1 F1204.8 X95.35 Y126.904 E2121.21289
G1 F993.4 X95.831 Y127.308 E2121.25706
G0 F9000 X99.843 Y128.891
G0 X99.846 Y129.204
G1 F1500 X103.766 Y128.478 E2121.44269
G1 X106.299 Y126.65 E2121.58814
G1 X107.796 Y124.131 E2121.72459
G1 F1421.8 X107.985 Y123.304 E2121.76626
G1 F1321.6 X108.002 Y123.198 E2121.77194
G1 F1310 X108.491 Y121.319 E2121.87545
G1 F1470.6 X108.602 Y120.363 E2121.92117
G1 F1666.7 X108.719 Y118.666 E2121.99245
G1 F1174.2 X108.546 Y118.274 E2122.01794
G1 X108.365 Y118.662 E2122.04341
G1 F1676 X108.251 Y120.265 E2122.11038
G1 F1474.2 X108.047 Y121.225 E2122.15688
G1 F1310 X107.566 Y123.045 E2122.25725
G1 F1388.9 X107.09 Y123.773 E2122.30099
G1 F1500 X105.974 Y125.61 E2122.40108
G1 X103.265 Y127.516 E2122.55531
G1 X99.249 Y128.241 E2122.74534
G1 X98.592 Y128.143 E2122.77627
G1 F1342.3 X97.602 Y128.04 E2122.82806
G1 F1227 X97.295 Y127.911 E2122.84702
G1 F1428.6 X96.225 Y127.376 E2122.90551
G1 F1185.8 X95.83 Y127.307 E2122.92913
G1 F1000 X95.908 Y127.465 E2122.94143
G1 F1333.3 X96.05 Y127.683 E2122.95506
G1 F1428.6 X97.078 Y128.344 E2123.01482
G1 F1227 X97.442 Y128.503 E2123.03743
G1 F1239.7 X97.519 Y128.548 E2123.04245
G1 F1376.1 X98.407 Y128.982 E2123.09262
G1 F1500 X99.846 Y129.204 E2123.16042
G0 F9000 X99.843 Y128.891
G0 X103.206 Y127.373
G0 X105.86 Y125.505
G0 X107.406 Y122.966
G0 X107.812 Y121.422
G0 X108.546 Y118.274
G1 F943.4 X108.55 Y117.733 E2123.20047
G1 F988.5 X108.503 Y116.783 E2123.26768
G1 F1041.7 X108.431 Y115.963 E2123.32288
G1 F1109.1 X108.049 Y113.258 E2123.49492
G1 F1295.9 X107.882 Y112.637 E2123.52958
G1 F1522.8 X106.982 Y110.402 E2123.64009
G1 F1680.7 X106.739 Y109.921 E2123.66249
G1 F1840.5 X105.184 Y107.406 E2123.7747
G1 F1875 X104.991 Y107.131 E2123.78722
G1 X102.711 Y104.271 E2123.92347
G1 F1709.4 X101.335 Y102.799 E2124.0058
G1 F1591.5 X99.959 Y101.326 E2124.09426
G1 F1500 X99.734 Y101.098 E2124.10918
G1 F1385.7 X96.818 Y98.285 E2124.31341
G1 F1268.5 X96.277 Y97.78 E2124.35416
G1 F1192.8 X94.818 Y96.46 E2124.46936
G1 F1134.2 X93.358 Y95.139 E2124.59061
G0 F9000 X93.359 Y95.14
G1 F1312.9 X93.038 Y94.732 E2124.61823
G1 F1612.9 X92.912 Y94.616 E2124.62564
G1 X92.787 Y94.731 E2124.633
G1 F1312.9 X92.465 Y95.14 E2124.66069
G1 X92.912 Y95.054 E2124.68491
G1 X93.359 Y95.14 E2124.70913
G1 F1500 E2118.20913
G0 F9000 X99.848 Y101.421
G0 X102.606 Y104.332
G0 X104.889 Y107.162
G0 X106.627 Y109.927
G0 X107.738 Y112.646
G0 X108.211 Y115.97
G0 X108.3 Y117.772
G0 X108.122 Y120.243
G0 X107.406 Y122.966
G0 X105.86 Y125.505
G0 X103.206 Y127.373
G0 X99.299 Y128.139
G0 X99.245 Y127.832
;TYPE:WALL-OUTER
G1 F1500 E2124.70913
G1 X97.711 Y127.606 E2124.78133
G1 X96.3 Y126.992 E2124.85298
G1 X95.1 Y126.144 E2124.9214
G1 X94.93 Y125.978 E2124.93246
G1 F1242.2 X94.587 Y125.758 E2124.95538
G1 F1127.8 X94.102 Y125.239 E2124.99937
G1 F1282.1 X93.668 Y124.633 E2125.03998
G1 F1449.3 X93.542 Y124.435 E2125.05129
G1 F1522.8 X93.367 Y124.21 E2125.06436
G1 F1507.5 X92.914 Y123.412 E2125.10687
G1 X92.461 Y124.21 E2125.14939
G1 F1515.2 X92.286 Y124.433 E2125.16246
G1 F1449.3 X92.161 Y124.629 E2125.17366
G1 F1287.6 X91.722 Y125.239 E2125.21443
G1 F1127.8 X91.238 Y125.758 E2125.25838
G1 F1242.2 X90.895 Y125.977 E2125.28126
G1 F1500 X90.721 Y126.147 E2125.29259
G1 X89.524 Y126.992 E2125.36081
G1 X88.121 Y127.606 E2125.43213
G1 X86.581 Y127.835 E2125.50462
G1 X82.725 Y127.138 E2125.68708
G1 X80.154 Y125.332 E2125.83338
G1 X78.657 Y122.867 E2125.96767
G1 X77.957 Y120.217 E2126.0953
G1 X77.78 Y117.758 E2126.2101
G1 X77.865 Y115.97 E2126.29345
G1 X77.97 Y115.158 E2126.33158
G1 X78.332 Y112.718 E2126.44644
G1 X79.414 Y110.056 E2126.58024
G1 X81.148 Y107.298 E2126.73193
G1 X83.414 Y104.49 E2126.89995
G1 X86.157 Y101.591 E2127.08579
G1 X89.31 Y98.59 E2127.28848
G1 X92.778 Y95.49 E2127.50507
G1 X92.912 Y95.44 E2127.51173
G1 X93.046 Y95.49 E2127.51839
G1 X96.523 Y98.595 E2127.73546
G1 X99.674 Y101.598 E2127.93814
G1 X102.424 Y104.502 E2128.12437
G1 X104.694 Y107.317 E2128.29276
G1 X106.394 Y110.025 E2128.44164
G1 X107.496 Y112.718 E2128.57713
G1 X107.85 Y115.161 E2128.69208
G1 X107.959 Y115.969 E2128.73004
G1 X108.048 Y117.758 E2128.81345
G1 X107.87 Y120.219 E2128.92834
G1 X107.172 Y122.867 E2129.05586
G1 X105.677 Y125.323 E2129.18974
G1 X103.114 Y127.133 E2129.33584
G1 X99.245 Y127.832 E2129.51892
G1 F1500 E2123.01892
G0 F9000 X99.299 Y128.139
G0 X99.85 Y129.298
G0 X99.852 Y129.609
G1 F1500 E2129.51892
G1 X103.927 Y128.855 E2129.71189
G1 X106.601 Y126.926 E2129.86542
G1 X108.169 Y124.286 E2130.00839
G1 X108.913 Y121.387 E2130.14776
G1 X109.099 Y118.705 E2130.27294
G1 X109.006 Y116.759 E2130.36366
G1 X108.938 Y116.174 E2130.39108
G1 X108.505 Y113.137 E2130.53393
G1 X107.34 Y110.222 E2130.6801
G1 X105.487 Y107.195 E2130.84536
G1 X103.002 Y104.044 E2131.03223
G1 X100.017 Y100.809 E2131.23719
G1 X96.588 Y97.462 E2131.46031
G1 X92.912 Y94.092 E2131.69253
G1 X89.229 Y97.47 E2131.92523
G1 X85.786 Y100.836 E2132.14944
G1 X82.804 Y104.065 E2132.3541
G1 X80.337 Y107.195 E2132.53968
G1 X78.484 Y110.222 E2132.70494
G1 X77.319 Y113.136 E2132.85107
G1 X76.882 Y116.184 E2132.99445
G1 X76.82 Y116.764 E2133.02161
G1 X76.725 Y118.705 E2133.1121
G1 X76.914 Y121.387 E2133.23729
G1 X77.655 Y124.286 E2133.37662
G1 X79.223 Y126.926 E2133.5196
G1 X81.897 Y128.855 E2133.67313
G1 X85.972 Y129.609 E2133.8661
G1 X87.535 Y129.37 E2133.93973
G1 X88.967 Y128.729 E2134.01278
G1 X90.218 Y127.83 E2134.08452
G1 X91.272 Y126.779 E2134.15382
G1 X91.485 Y126.499 E2134.17021
G1 F1242.2 X91.66 Y126.131 E2134.19312
G1 F1098.9 X91.998 Y125.716 E2134.22714
G1 F1250 X92.533 Y124.845 E2134.28425
G1 F1456.3 X92.633 Y124.62 E2134.29606
G1 F1522.8 X92.729 Y124.54 E2134.30179
G1 F1515.2 X93.098 Y124.54 E2134.3188
G1 F1526.7 X93.194 Y124.62 E2134.32452
G1 F1449.3 X93.292 Y124.847 E2134.33644
G1 F1293.1 X93.678 Y125.487 E2134.37681
G1 F1176.5 X93.826 Y125.716 E2134.393
G1 F1098.9 X94.163 Y126.13 E2134.42693
G1 F1242.2 X94.338 Y126.498 E2134.44984
G1 F1500 X94.551 Y126.78 E2134.46629
G1 X95.606 Y127.831 E2134.53563
G1 X96.857 Y128.729 E2134.60734
G1 X98.293 Y129.37 E2134.68057
G1 X99.852 Y129.609 E2134.75401
G0 F9000 X99.165 Y129.018
;TYPE:FILL
G1 F3000 X99.356 Y128.302 E2134.78851
G0 F9000 X99.396 Y128.529
G0 X101.806 Y128.095
G0 X101.766 Y127.868
G1 F3000 X102.524 Y128.626 E2134.83843
G1 F1500 E2128.33843
G0 F9000 X102.483 Y128.401
G0 X107.94 Y124.189
G0 X108.668 Y116.025
G0 X107.118 Y110.329
G0 X102.831 Y104.223
G0 X92.914 Y94.419
G0 X82.997 Y104.223
G0 X78.71 Y110.329
G0 X77.07 Y116.769
G0 X77.16 Y121.347
G0 X81.077 Y127.24
G0 X86.976 Y128.494
G0 X86.943 Y128.267
G1 F1500 E2134.83843
G1 F3000 X86.745 Y129.006 E2134.87405
G0 F9000 X86.04 Y129.113
G1 F3000 X84.957 Y128.029 E2134.9454
G0 F9000 X84.916 Y128.255
G0 X82.465 Y127.751
G0 X79.671 Y125.784
G0 X78.639 Y124.208
G0 X78.837 Y124.088
G1 F3000 X78.197 Y124.259 E2134.97625
G1 F1500 E2128.47625
;MESH:NONMESH
G0 F300 X78.197 Y124.259 Z8.12
G0 F9000 X78.396 Y124.141
G0 X77.707 Y120.243
G0 X77.529 Y117.772
G0 X77.617 Y115.97
G0 X78.091 Y112.646
G0 X79.202 Y109.927
G0 X80.94 Y107.162
G0 X83.223 Y104.332
G0 X85.456 Y101.974
G0 X92.465 Y95.14
;TIME_ELAPSED:2406.207903
;LAYER:28
;TYPE:WALL-INNER
;MESH:tmpnqf7468lheart_box.stl
G1 F1500 E2134.97625
G1 F1134.2 X91.002 Y96.464 E2135.09776
G1 F1192.8 X89.54 Y97.789 E2135.21329
G1 F1263.2 X89.01 Y98.284 E2135.25339
G1 F1345.3 X87.545 Y99.697 E2135.35907
G1 F1435.4 X86.08 Y101.11 E2135.45811
G1 F1519 X85.865 Y101.328 E2135.47219
G1 F1652.9 X83.116 Y104.27 E2135.64233
G1 F1857.6 X80.836 Y107.13 E2135.77986
G1 F1851.9 X80.641 Y107.407 E2135.79264
G1 X79.132 Y109.838 E2135.90056
G1 F1699.7 X78.842 Y110.402 E2135.92662
G1 F1511.3 X77.944 Y112.636 E2136.03789
G1 F1284.8 X77.776 Y113.258 E2136.07292
G1 F1119.4 X77.507 Y115.103 E2136.18925
G1 F1111.1 X77.391 Y115.964 E2136.24387
G1 F1039.9 X77.322 Y116.803 E2136.30041
G1 F982 X77.275 Y117.819 E2136.37275
G1 F934.6 X77.279 Y118.241 E2136.40429
G0 F9000 X77.707 Y120.243
G0 X78.423 Y122.966
G0 X79.969 Y125.505
G0 X82.623 Y127.373
G0 X85.986 Y128.891
G0 X85.978 Y129.204
G1 F1500 X87.421 Y128.983 E2136.47227
G1 F1327.4 X88.299 Y128.534 E2136.52416
G1 F1214.6 X88.746 Y128.344 E2136.55209
G1 F1425.2 X89.765 Y127.69 E2136.61143
G1 F1321.6 X89.91 Y127.467 E2136.62549
G1 F990.1 X89.986 Y127.314 E2136.63754
G1 F1181.1 X89.59 Y127.381 E2136.66129
G1 F1542.4 X88.391 Y127.98 E2136.72198
G1 F1298.7 X88.16 Y128.056 E2136.73506
G1 F1327.4 X87.236 Y128.142 E2136.78389
G1 F1500 X86.575 Y128.241 E2136.81501
G1 X82.576 Y127.518 E2137.00424
G1 X79.855 Y125.612 E2137.15894
G1 X78.738 Y123.772 E2137.25917
G1 F1395.3 X78.251 Y123.026 E2137.30376
G1 F1310 X77.782 Y121.226 E2137.40293
G1 F1459.9 X77.586 Y120.309 E2137.4478
G1 F1657.5 X77.462 Y118.629 E2137.51879
G1 F1171.9 X77.279 Y118.241 E2137.54436
G1 X77.106 Y118.633 E2137.56989
G1 F1657.5 X77.225 Y120.365 E2137.64305
G1 F1459.9 X77.337 Y121.319 E2137.68901
G1 F1301.5 X77.824 Y123.197 E2137.79313
G1 F1382.5 X78.029 Y124.131 E2137.84144
G1 F1500 X79.525 Y126.65 E2137.97786
G1 X82.058 Y128.478 E2138.12331
G1 X85.978 Y129.204 E2138.30895
G0 F9000 X85.986 Y128.891
G0 X89.986 Y127.314
G1 F990.1 X90.47 Y126.908 E2138.35352
G1 F1204.8 X90.954 Y126.501 E2138.39018
G1 F1435.4 X91.17 Y126.26 E2138.40592
G1 F1500 E2131.90592
G0 F9000 X92.376 Y124.675
G0 X92.95 Y123.878
G0 X92.957 Y124.168
G1 F1500 E2138.40592
G1 F1734.1 X92.892 Y124.131 E2138.40894
G1 X92.893 Y124.205 E2138.41192
G1 X92.957 Y124.168 E2138.41489
G1 F1500 E2131.91489
G0 F9000 X92.95 Y123.878
G0 X93.451 Y124.673
G0 X94.654 Y126.26
G1 F1500 E2138.41489
G1 F1435.4 X94.87 Y126.501 E2138.43064
G1 F1204.8 X95.35 Y126.904 E2138.46698
G1 F993.4 X95.831 Y127.308 E2138.51114
G0 F9000 X99.843 Y128.891
G0 X99.846 Y129.204
G1 F1500 X103.766 Y128.478 E2138.69678
G1 X106.299 Y126.65 E2138.84223
G1 X107.796 Y124.131 E2138.97868
G1 F1421.8 X107.985 Y123.304 E2139.02035
G1 F1321.6 X108.002 Y123.198 E2139.02603
G1 F1310 X108.491 Y121.319 E2139.12954
G1 F1470.6 X108.602 Y120.363 E2139.17525
G1 F1666.7 X108.719 Y118.666 E2139.24654
G1 F1174.2 X108.546 Y118.274 E2139.27203
G1 X108.365 Y118.662 E2139.2975
G1 F1676 X108.251 Y120.265 E2139.36447
G1 F1474.2 X108.047 Y121.225 E2139.41097
G1 F1310 X107.566 Y123.045 E2139.51134
G1 F1388.9 X107.09 Y123.773 E2139.55508
G1 F1500 X105.974 Y125.61 E2139.65516
G1 X103.265 Y127.516 E2139.8094
G1 X99.249 Y128.241 E2139.99942
G1 X98.592 Y128.143 E2140.03036
G1 F1342.3 X97.602 Y128.04 E2140.08215
G1 F1227 X97.295 Y127.911 E2140.10111
G1 F1428.6 X96.225 Y127.376 E2140.15959
G1 F1185.8 X95.83 Y127.307 E2140.18321
G1 F1000 X95.908 Y127.465 E2140.19552
G1 F1333.3 X96.05 Y127.683 E2140.20915
G1 F1428.6 X97.078 Y128.344 E2140.26891
G1 F1227 X97.442 Y128.503 E2140.29152
G1 F1239.7 X97.519 Y128.548 E2140.29654
G1 F1376.1 X98.407 Y128.982 E2140.34671
G1 F1500 X99.846 Y129.204 E2140.41451
G0 F9000 X99.843 Y128.891
G0 X103.206 Y127.373
G0 X105.86 Y125.505
G0 X107.406 Y122.966
G0 X107.812 Y121.422
G0 X108.546 Y118.274
G1 F943.4 X108.55 Y117.733 E2140.45456
G1 F988.5 X108.503 Y116.783 E2140.52177
G1 F1041.7 X108.431 Y115.963 E2140.57697
G1 F1109.1 X108.049 Y113.258 E2140.74901
G1 F1295.9 X107.882 Y112.637 E2140.78367
G1 F1522.8 X106.982 Y110.402 E2140.89418
G1 F1699.7 X106.692 Y109.838 E2140.92024
G1 F1863.4 X105.184 Y107.406 E2141.0275
G1 F1880.9 X104.952 Y107.079 E2141.04239
G1 X102.711 Y104.271 E2141.17581
G1 F1709.4 X101.325 Y102.788 E2141.25875
G1 F1591.5 X99.939 Y101.305 E2141.34783
G1 F1500 X99.734 Y101.098 E2141.36139
G1 F1385.7 X96.803 Y98.271 E2141.56666
G1 F1268.5 X96.277 Y97.78 E2141.60628
G1 F1192.8 X94.818 Y96.46 E2141.72148
G1 F1134.2 X93.358 Y95.139 E2141.84273
G0 F9000 X93.359 Y95.14
G1 F1312.9 X93.038 Y94.732 E2141.87035
G1 F1612.9 X92.912 Y94.616 E2141.87777
G1 X92.787 Y94.731 E2141.88512
G1 F1312.9 X92.465 Y95.14 E2141.91281
G1 X92.912 Y95.054 E2141.93703
G1 X93.359 Y95.14 E2141.96125
G1 F1500 E2135.46125
G0 F9000 X99.848 Y101.421
G0 X102.606 Y104.332
G0 X104.889 Y107.162
G0 X106.627 Y109.927
G0 X107.738 Y112.646
G0 X108.211 Y115.97
G0 X108.3 Y117.772
G0 X108.122 Y120.243
G0 X107.406 Y122.966
G0 X105.86 Y125.505
G0 X103.206 Y127.373
G0 X99.299 Y128.139
G0 X99.245 Y127.832
;TYPE:WALL-OUTER
G1 F1500 E2141.96125
G1 X97.711 Y127.606 E2142.03345
G1 X96.3 Y126.992 E2142.1051
G1 X95.1 Y126.144 E2142.17352
G1 X94.93 Y125.978 E2142.18458
G1 F1242.2 X94.587 Y125.758 E2142.2075
G1 F1127.8 X94.102 Y125.239 E2142.25149
G1 F1282.1 X93.668 Y124.633 E2142.2921
G1 F1449.3 X93.542 Y124.435 E2142.30341
G1 F1522.8 X93.367 Y124.21 E2142.31648
G1 F1507.5 X92.914 Y123.412 E2142.35899
G1 X92.461 Y124.21 E2142.40151
G1 F1515.2 X92.286 Y124.433 E2142.41458
G1 F1449.3 X92.161 Y124.629 E2142.42578
G1 F1287.6 X91.722 Y125.239 E2142.46655
G1 F1127.8 X91.238 Y125.758 E2142.5105
G1 F1242.2 X90.895 Y125.977 E2142.53338
G1 F1500 X90.721 Y126.147 E2142.54471
G1 X89.524 Y126.992 E2142.61293
G1 X88.121 Y127.606 E2142.68425
G1 X86.581 Y127.835 E2142.75674
G1 X82.725 Y127.138 E2142.9392
G1 X80.154 Y125.332 E2143.08551
G1 X78.657 Y122.867 E2143.21979
G1 X77.957 Y120.217 E2143.34742
G1 X77.78 Y117.758 E2143.46222
G1 X77.865 Y115.97 E2143.54557
G1 X77.97 Y115.158 E2143.5837
G1 X78.332 Y112.718 E2143.69856
G1 X79.414 Y110.056 E2143.83236
G1 X81.148 Y107.298 E2143.98405
G1 X83.414 Y104.49 E2144.15207
G1 X86.157 Y101.591 E2144.33791
G1 X89.31 Y98.59 E2144.5406
G1 X92.778 Y95.49 E2144.75719
G1 X92.912 Y95.44 E2144.76385
G1 X93.046 Y95.49 E2144.77051
G1 X96.523 Y98.595 E2144.98758
G1 X99.674 Y101.598 E2145.19026
G1 X102.424 Y104.502 E2145.37649
G1 X104.694 Y107.317 E2145.54488
G1 X106.394 Y110.025 E2145.69376
G1 X107.496 Y112.718 E2145.82925
G1 X107.85 Y115.161 E2145.9442
G1 X107.959 Y115.969 E2145.98216
G1 X108.048 Y117.783 E2146.06673
G1 X107.87 Y120.219 E2146.18046
G1 X107.172 Y122.867 E2146.30798
G1 X105.677 Y125.323 E2146.44186
G1 X103.114 Y127.133 E2146.58796
G1 X99.245 Y127.832 E2146.77104
G1 F1500 E2140.27104
G0 F9000 X99.299 Y128.139
G0 X99.85 Y129.298
G0 X99.852 Y129.609
G1 F1500 E2146.77104
G1 X103.927 Y128.855 E2146.96401
G1 X106.601 Y126.926 E2147.11754
G1 X108.169 Y124.286 E2147.26052
G1 X108.913 Y121.387 E2147.39988
G1 X109.099 Y118.705 E2147.52506
G1 X109.006 Y116.759 E2147.61578
G1 X108.938 Y116.174 E2147.64321
G1 X108.505 Y113.137 E2147.78605
G1 X107.34 Y110.222 E2147.93222
G1 X105.487 Y107.195 E2148.09749
G1 X103.002 Y104.044 E2148.28435
G1 X100.017 Y100.809 E2148.48931
G1 X96.588 Y97.462 E2148.71243
G1 X92.912 Y94.092 E2148.94465
G1 X89.229 Y97.47 E2149.17735
G1 X85.786 Y100.836 E2149.40156
G1 X82.804 Y104.065 E2149.60623
G1 X80.337 Y107.195 E2149.7918
G1 X78.484 Y110.222 E2149.95706
G1 X77.319 Y113.136 E2150.10319
G1 X76.882 Y116.184 E2150.24657
G1 X76.82 Y116.764 E2150.27373
G1 X76.725 Y118.705 E2150.36422
G1 X76.914 Y121.387 E2150.48942
G1 X77.655 Y124.286 E2150.62875
G1 X79.223 Y126.926 E2150.77172
G1 X81.897 Y128.855 E2150.92525
G1 X85.972 Y129.609 E2151.11822
G1 X87.535 Y129.37 E2151.19185
G1 X88.967 Y128.729 E2151.2649
G1 X90.218 Y127.83 E2151.33664
G1 X91.272 Y126.779 E2151.40595
G1 X91.485 Y126.499 E2151.42233
G1 F1242.2 X91.66 Y126.131 E2151.44524
G1 F1098.9 X91.998 Y125.716 E2151.47926
G1 F1250 X92.533 Y124.845 E2151.53638
G1 F1456.3 X92.633 Y124.62 E2151.54818
G1 F1522.8 X92.729 Y124.54 E2151.55392
G1 F1515.2 X93.098 Y124.54 E2151.57093
G1 F1526.7 X93.194 Y124.62 E2151.57664
G1 F1449.3 X93.292 Y124.847 E2151.58856
G1 F1293.1 X93.678 Y125.487 E2151.62893
G1 F1176.5 X93.826 Y125.716 E2151.64512
G1 F1098.9 X94.163 Y126.13 E2151.67905
G1 F1242.2 X94.338 Y126.498 E2151.70196
G1 F1500 X94.551 Y126.78 E2151.71841
G1 X95.606 Y127.831 E2151.78776
G1 X96.857 Y128.729 E2151.85946
G1 X98.293 Y129.37 E2151.93269
G1 X99.852 Y129.609 E2152.00613
G0 F9000 X99.85 Y129.298
G0 X99.003 Y128.761
G0 X98.968 Y128.987
;TYPE:FILL
G1 F3000 X99.15 Y128.306 E2152.03895
G0 F9000 X99.116 Y128.532
G0 X102.043 Y128.052
G0 X102.003 Y127.825
G1 F3000 X102.76 Y128.582 E2152.0888
G1 F1500 E2145.5888
G0 F9000 X102.719 Y128.358
G0 X107.94 Y124.189
G0 X108.668 Y116.025
G0 X107.118 Y110.329
G0 X102.831 Y104.223
G0 X92.914 Y94.419
G0 X82.997 Y104.223
G0 X78.71 Y110.329
G0 X77.07 Y116.769
G0 X77.16 Y121.347
G0 X81.077 Y127.24
G0 X86.762 Y128.526
G0 X86.729 Y128.299
G1 F1500 E2152.0888
G1 F3000 X86.531 Y129.039 E2152.12447
G0 F9000 X86.283 Y129.076
G1 F3000 X85.299 Y128.092 E2152.18927
G0 F9000 X85.259 Y128.316
G0 X82.465 Y127.751
G0 X79.671 Y125.784
G0 X78.747 Y124.384
G0 X78.944 Y124.264
G1 F3000 X78.302 Y124.436 E2152.22022
G1 F1500 E2145.72022
;MESH:NONMESH
G0 F300 X78.302 Y124.436 Z8.4
G0 F9000 X78.501 Y124.318
G0 X77.707 Y120.243
G0 X77.529 Y117.772
G0 X77.617 Y115.97
G0 X78.091 Y112.646
G0 X79.202 Y109.927
G0 X80.94 Y107.162
G0 X83.223 Y104.332
G0 X85.456 Y101.974
G0 X92.465 Y95.14
;TIME_ELAPSED:2430.992678
;LAYER:29
;TYPE:WALL-INNER
;MESH:tmpnqf7468lheart_box.stl
G1 F1500 E2152.22022
G1 F1134.2 X91.002 Y96.464 E2152.34173
G1 F1192.8 X89.54 Y97.789 E2152.45726
G1 F1263.2 X89.024 Y98.27 E2152.49627
G1 F1357.5 X87.455 Y99.788 E2152.6086
G1 F1477.8 X85.886 Y101.306 E2152.71178
G1 F1648.4 X83.116 Y104.27 E2152.88368
G1 F1869.2 X80.875 Y107.078 E2153.01793
G1 F1863.4 X80.641 Y107.407 E2153.03306
G1 F1851.9 X79.132 Y109.838 E2153.14098
G1 F1699.7 X78.842 Y110.402 E2153.16704
G1 F1511.3 X77.944 Y112.636 E2153.27832
G1 F1284.8 X77.776 Y113.258 E2153.31334
G1 F1119.4 X77.509 Y115.09 E2153.42886
G1 F1111.1 X77.391 Y115.964 E2153.4843
G1 F1039.9 X77.322 Y116.803 E2153.54084
G1 F982 X77.275 Y117.819 E2153.61318
G1 F934.6 X77.279 Y118.241 E2153.64472
G0 F9000 X77.707 Y120.243
G0 X78.423 Y122.966
G0 X79.969 Y125.505
G0 X82.623 Y127.373
G0 X85.986 Y128.891
G0 X85.978 Y129.204
G1 F1500 X87.421 Y128.983 E2153.7127
G1 F1327.4 X88.299 Y128.534 E2153.76459
G1 F1214.6 X88.746 Y128.344 E2153.79252
G1 F1425.2 X89.765 Y127.69 E2153.85186
G1 F1321.6 X89.91 Y127.467 E2153.86592
G1 F990.1 X89.986 Y127.314 E2153.87797
G1 F1181.1 X89.59 Y127.381 E2153.90172
G1 F1542.4 X88.391 Y127.98 E2153.96241
G1 F1298.7 X88.16 Y128.056 E2153.97549
G1 F1327.4 X87.236 Y128.142 E2154.02432
G1 F1500 X86.575 Y128.241 E2154.05544
G1 X82.576 Y127.518 E2154.24467
G1 X79.855 Y125.612 E2154.39937
G1 X78.738 Y123.772 E2154.4996
G1 F1395.3 X78.251 Y123.026 E2154.54419
G1 F1310 X77.782 Y121.226 E2154.64336
G1 F1459.9 X77.586 Y120.309 E2154.68823
G1 F1657.5 X77.462 Y118.629 E2154.75922
G1 F1171.9 X77.279 Y118.241 E2154.78479
G1 X77.106 Y118.633 E2154.81032
G1 F1657.5 X77.225 Y120.365 E2154.88348
G1 F1459.9 X77.337 Y121.319 E2154.92944
G1 F1301.5 X77.824 Y123.197 E2155.03356
G1 F1382.5 X78.029 Y124.131 E2155.08187
G1 F1500 X79.525 Y126.65 E2155.21829
G1 X82.058 Y128.478 E2155.36374
G1 X85.978 Y129.204 E2155.54938
G0 F9000 X85.986 Y128.891
G0 X89.986 Y127.314
G1 F990.1 X90.47 Y126.908 E2155.59395
G1 F1204.8 X90.954 Y126.501 E2155.63061
G1 F1435.4 X91.17 Y126.26 E2155.64635
G1 F1500 E2149.14635
G0 F9000 X92.376 Y124.675
G0 X92.95 Y123.878
G0 X92.957 Y124.168
G1 F1500 E2155.64635
G1 F1734.1 X92.892 Y124.131 E2155.64937
G1 X92.893 Y124.205 E2155.65235
G1 X92.957 Y124.168 E2155.65532
G1 F1500 E2149.15532
G0 F9000 X92.95 Y123.878
G0 X93.451 Y124.673
G0 X94.654 Y126.26
G1 F1500 E2155.65532
G1 F1435.4 X94.87 Y126.501 E2155.67107
G1 F1204.8 X95.35 Y126.904 E2155.70741
G1 F993.4 X95.831 Y127.308 E2155.75157
G0 F9000 X99.843 Y128.891
G0 X99.846 Y129.204
G1 F1500 X103.766 Y128.478 E2155.93721
G1 X106.299 Y126.65 E2156.08266
G1 X107.796 Y124.131 E2156.21911
G1 F1421.8 X107.985 Y123.304 E2156.26078
G1 F1321.6 X108.002 Y123.198 E2156.26646
G1 F1310 X108.491 Y121.319 E2156.36997
G1 F1470.6 X108.602 Y120.363 E2156.41568
G1 F1666.7 X108.719 Y118.666 E2156.48697
G1 F1174.2 X108.546 Y118.274 E2156.51246
G1 X108.365 Y118.662 E2156.53793
G1 F1676 X108.251 Y120.265 E2156.6049
G1 F1474.2 X108.047 Y121.225 E2156.6514
G1 F1310 X107.566 Y123.045 E2156.75177
G1 F1388.9 X107.09 Y123.773 E2156.79551
G1 F1500 X105.974 Y125.61 E2156.89559
G1 X103.265 Y127.516 E2157.04983
G1 X99.249 Y128.241 E2157.23985
G1 X98.592 Y128.143 E2157.27079
G1 F1342.3 X97.602 Y128.04 E2157.32258
G1 F1227 X97.295 Y127.911 E2157.34154
G1 F1428.6 X96.225 Y127.376 E2157.40002
G1 F1185.8 X95.83 Y127.307 E2157.42364
G1 F1000 X95.908 Y127.465 E2157.43595
G1 F1333.3 X96.05 Y127.683 E2157.44958
G1 F1428.6 X97.078 Y128.344 E2157.50934
G1 F1227 X97.442 Y128.503 E2157.53195
G1 F1239.7 X97.519 Y128.548 E2157.53697
G1 F1376.1 X98.407 Y128.982 E2157.58714
G1 F1500 X99.846 Y129.204 E2157.65494
G0 F9000 X99.843 Y128.891
G0 X103.206 Y127.373
G0 X105.86 Y125.505
G0 X107.406 Y122.966
G0 X107.812 Y121.422
G0 X108.546 Y118.274
G1 F943.4 X108.55 Y117.733 E2157.69499
G1 F988.5 X108.503 Y116.783 E2157.7622
G1 F1041.7 X108.431 Y115.963 E2157.8174
G1 F1109.1 X108.049 Y113.258 E2157.98944
G1 F1295.9 X107.882 Y112.637 E2158.0241
G1 F1522.8 X106.982 Y110.402 E2158.13461
G1 F1680.7 X106.739 Y109.921 E2158.15701
G1 F1840.5 X105.184 Y107.406 E2158.26922
G1 F1875 X104.991 Y107.131 E2158.28173
G1 X102.711 Y104.271 E2158.41799
G1 F1709.4 X101.335 Y102.799 E2158.50032
G1 F1591.5 X99.959 Y101.326 E2158.58878
G1 F1500 X99.734 Y101.098 E2158.6037
G1 F1385.7 X96.818 Y98.285 E2158.80792
G1 F1268.5 X96.277 Y97.78 E2158.84867
G1 F1192.8 X94.818 Y96.46 E2158.96388
G1 F1134.2 X93.358 Y95.139 E2159.08513
G0 F9000 X93.359 Y95.14
G1 F1312.9 X93.038 Y94.732 E2159.11275
G1 F1612.9 X92.912 Y94.616 E2159.12016
G1 X92.787 Y94.731 E2159.12752
G1 F1312.9 X92.465 Y95.14 E2159.15521
G1 X92.912 Y95.054 E2159.17943
G1 X93.359 Y95.14 E2159.20364
G1 F1500 E2152.70364
G0 F9000 X99.848 Y101.421
G0 X102.606 Y104.332
G0 X104.889 Y107.162
G0 X106.627 Y109.927
G0 X107.738 Y112.646
G0 X108.211 Y115.97
G0 X108.3 Y117.772
G0 X108.122 Y120.243
G0 X107.406 Y122.966
G0 X105.86 Y125.505
G0 X103.206 Y127.373
G0 X99.299 Y128.139
G0 X99.245 Y127.832
;TYPE:WALL-OUTER
G1 F1500 E2159.20364
G1 X97.711 Y127.606 E2159.27584
G1 X96.3 Y126.992 E2159.3475
G1 X95.1 Y126.144 E2159.41592
G1 X94.93 Y125.978 E2159.42698
G1 F1242.2 X94.587 Y125.758 E2159.44989
G1 F1127.8 X94.102 Y125.239 E2159.49389
G1 F1282.1 X93.668 Y124.633 E2159.53449
G1 F1449.3 X93.542 Y124.435 E2159.5458
G1 F1522.8 X93.367 Y124.21 E2159.55888
G1 F1507.5 X92.914 Y123.412 E2159.60139
G1 X92.461 Y124.21 E2159.64391
G1 F1515.2 X92.286 Y124.433 E2159.65697
G1 F1449.3 X92.161 Y124.629 E2159.66818
G1 F1287.6 X91.722 Y125.239 E2159.70895
G1 F1127.8 X91.238 Y125.758 E2159.7529
G1 F1242.2 X90.895 Y125.977 E2159.77578
G1 F1500 X90.721 Y126.147 E2159.78711
G1 X89.524 Y126.992 E2159.85533
G1 X88.121 Y127.606 E2159.92664
G1 X86.581 Y127.835 E2159.99914
G1 X82.725 Y127.138 E2160.1816
G1 X80.154 Y125.332 E2160.3279
G1 X78.657 Y122.867 E2160.46219
G1 X77.957 Y120.217 E2160.58982
G1 X77.78 Y117.758 E2160.70462
G1 X77.865 Y115.97 E2160.78797
G1 X77.97 Y115.158 E2160.82609
G1 X78.332 Y112.718 E2160.94095
G1 X79.414 Y110.056 E2161.07476
G1 X81.148 Y107.298 E2161.22645
G1 X83.414 Y104.49 E2161.39447
G1 X86.157 Y101.591 E2161.58031
G1 X89.31 Y98.59 E2161.78299
G1 X92.778 Y95.49 E2161.99959
G1 X92.912 Y95.44 E2162.00625
G1 X93.046 Y95.49 E2162.01291
G1 X96.523 Y98.595 E2162.22997
G1 X99.674 Y101.598 E2162.43266
G1 X102.424 Y104.502 E2162.61889
G1 X104.694 Y107.317 E2162.78728
G1 X106.394 Y110.025 E2162.93616
G1 X107.496 Y112.718 E2163.07165
G1 X107.85 Y115.161 E2163.1866
G1 X107.959 Y115.969 E2163.22456
G1 X108.048 Y117.783 E2163.30913
G1 X107.87 Y120.219 E2163.42286
G1 X107.172 Y122.867 E2163.55038
G1 X105.677 Y125.323 E2163.68426
G1 X103.114 Y127.133 E2163.83036
G1 X99.245 Y127.832 E2164.01344
G1 F1500 E2157.51344
G0 F9000 X99.299 Y128.139
G0 X99.85 Y129.298
G0 X99.852 Y129.609
G1 F1500 E2164.01344
G1 X103.927 Y128.855 E2164.20641
G1 X106.601 Y126.926 E2164.35994
G1 X108.169 Y124.286 E2164.50291
G1 X108.913 Y121.387 E2164.64228
G1 X109.099 Y118.705 E2164.76746
G1 X109.006 Y116.759 E2164.85818
G1 X108.938 Y116.174 E2164.8856
G1 X108.505 Y113.137 E2165.02845
G1 X107.34 Y110.222 E2165.17462
G1 X105.487 Y107.195 E2165.33988
G1 X103.002 Y104.044 E2165.52675
G1 X100.017 Y100.809 E2165.73171
G1 X96.588 Y97.462 E2165.95483
G1 X92.912 Y94.092 E2166.18705
G1 X89.229 Y97.47 E2166.41975
G1 X85.786 Y100.836 E2166.64396
G1 X82.804 Y104.065 E2166.84862
G1 X80.337 Y107.195 E2167.0342
G1 X78.484 Y110.222 E2167.19946
G1 X77.319 Y113.136 E2167.34559
G1 X76.882 Y116.184 E2167.48897
G1 X76.82 Y116.764 E2167.51613
G1 X76.725 Y118.705 E2167.60662
G1 X76.914 Y121.387 E2167.73181
G1 X77.655 Y124.286 E2167.87114
G1 X79.223 Y126.926 E2168.01412
G1 X81.897 Y128.855 E2168.16765
G1 X85.972 Y129.609 E2168.36062
G1 X87.535 Y129.37 E2168.43425
G1 X88.967 Y128.729 E2168.5073
G1 X90.218 Y127.83 E2168.57903
G1 X91.272 Y126.779 E2168.64834
G1 X91.485 Y126.499 E2168.66473
G1 F1242.2 X91.66 Y126.131 E2168.68764
G1 F1098.9 X91.998 Y125.716 E2168.72166
G1 F1250 X92.533 Y124.845 E2168.77877
G1 F1456.3 X92.633 Y124.62 E2168.79058
G1 F1522.8 X92.729 Y124.54 E2168.79631
G1 F1515.2 X93.098 Y124.54 E2168.81332
G1 F1526.7 X93.194 Y124.62 E2168.81904
G1 F1449.3 X93.292 Y124.847 E2168.83096
G1 F1293.1 X93.678 Y125.487 E2168.87133
G1 F1176.5 X93.826 Y125.716 E2168.88751
G1 F1098.9 X94.163 Y126.13 E2168.92144
G1 F1242.2 X94.338 Y126.498 E2168.94436
G1 F1500 X94.551 Y126.78 E2168.96081
G1 X95.606 Y127.831 E2169.03015
G1 X96.857 Y128.729 E2169.10186
G1 X98.293 Y129.37 E2169.17509
G1 X99.852 Y129.609 E2169.24853
G0 F9000 X99.85 Y129.298
G0 X98.806 Y128.731
G0 X98.771 Y128.957
;TYPE:FILL
G1 F3000 X98.953 Y128.277 E2169.28131
G0 F9000 X98.919 Y128.503
G0 X102.28 Y128.009
G0 X102.24 Y127.782
G1 F3000 X102.996 Y128.539 E2169.33112
G1 F1500 E2162.83112
G0 F9000 X102.955 Y128.314
G0 X107.94 Y124.189
G0 X108.668 Y116.025
G0 X107.118 Y110.329
G0 X102.831 Y104.223
G0 X92.914 Y94.419
G0 X82.997 Y104.223
G0 X78.71 Y110.329
G0 X77.07 Y116.769
G0 X77.16 Y121.347
G0 X81.077 Y127.24
G0 X86.481 Y128.537
G0 X86.523 Y128.302
G1 F1500 E2169.33112
G1 F3000 X86.317 Y129.071 E2169.36819
G0 F9000 X86.526 Y129.039
G1 F3000 X85.641 Y128.153 E2169.4265
G0 F9000 X85.601 Y128.378
G0 X82.465 Y127.751
G0 X79.671 Y125.784
G0 X78.854 Y124.56
G0 X79.05 Y124.441
G1 F3000 X78.408 Y124.613 E2169.45745
G1 F1500 E2162.95745
;MESH:NONMESH
G0 F300 X78.408 Y124.613 Z8.68
G0 F9000 X78.606 Y124.495
G0 X77.707 Y120.243
G0 X77.529 Y117.772
G0 X77.617 Y115.97
G0 X78.091 Y112.646
G0 X79.202 Y109.927
G0 X80.94 Y107.162
G0 X83.223 Y104.332
G0 X85.456 Y101.974
G0 X92.465 Y95.14
;TIME_ELAPSED:2455.788589
;LAYER:30
;TYPE:WALL-INNER
;MESH:tmpnqf7468lheart_box.stl
G1 F1500 E2169.45745
G1 F1134.2 X91.002 Y96.464 E2169.57896
G1 F1192.8 X89.54 Y97.789 E2169.6945
G1 F1263.2 X89.024 Y98.27 E2169.7335
G1 F1357.5 X87.455 Y99.788 E2169.84583
G1 F1477.8 X85.886 Y101.306 E2169.94901
G1 F1648.4 X83.116 Y104.27 E2170.12092
G1 F1869.2 X80.875 Y107.078 E2170.25516
G1 F1863.4 X80.641 Y107.407 E2170.2703
G1 F1851.9 X79.132 Y109.838 E2170.37822
G1 F1699.7 X78.842 Y110.402 E2170.40428
G1 F1511.3 X77.944 Y112.636 E2170.51555
G1 F1284.8 X77.776 Y113.258 E2170.55058
G1 F1119.4 X77.509 Y115.09 E2170.66609
G1 F1111.1 X77.391 Y115.964 E2170.72153
G1 F1039.9 X77.322 Y116.803 E2170.77808
G1 F982 X77.275 Y117.819 E2170.85042
G1 F934.6 X77.279 Y118.241 E2170.88196
G0 F9000 X77.707 Y120.243
G0 X78.423 Y122.966
G0 X79.969 Y125.505
G0 X82.623 Y127.373
G0 X85.986 Y128.891
G0 X85.978 Y129.204
G1 F1500 X87.421 Y128.983 E2170.94993
G1 F1327.4 X88.299 Y128.534 E2171.00182
G1 F1214.6 X88.746 Y128.344 E2171.02975
G1 F1425.2 X89.765 Y127.69 E2171.08909
G1 F1321.6 X89.91 Y127.467 E2171.10315
G1 F990.1 X89.986 Y127.314 E2171.1152
G1 F1181.1 X89.59 Y127.381 E2171.13896
G1 F1542.4 X88.391 Y127.98 E2171.19965
G1 F1298.7 X88.16 Y128.056 E2171.21273
G1 F1327.4 X87.236 Y128.142 E2171.26156
G1 F1500 X86.575 Y128.241 E2171.29268
G1 X82.576 Y127.518 E2171.48191
G1 X79.855 Y125.612 E2171.6366
G1 X78.738 Y123.772 E2171.73683
G1 F1395.3 X78.251 Y123.026 E2171.78143
G1 F1310 X77.782 Y121.226 E2171.8806
G1 F1459.9 X77.586 Y120.309 E2171.92546
G1 F1657.5 X77.462 Y118.629 E2171.99645
G1 F1171.9 X77.279 Y118.241 E2172.02202
G1 X77.106 Y118.633 E2172.04756
G1 F1657.5 X77.225 Y120.365 E2172.12072
G1 F1459.9 X77.337 Y121.319 E2172.16668
G1 F1301.5 X77.824 Y123.197 E2172.27079
G1 F1382.5 X78.029 Y124.131 E2172.3191
G1 F1500 X79.525 Y126.65 E2172.45552
G1 X82.058 Y128.478 E2172.60098
G1 X85.978 Y129.204 E2172.78661
G0 F9000 X85.986 Y128.891
G0 X89.986 Y127.314
G1 F990.1 X90.47 Y126.908 E2172.83118
G1 F1204.8 X90.954 Y126.501 E2172.86784
G1 F1435.4 X91.17 Y126.26 E2172.88359
G1 F1500 E2166.38359
G0 F9000 X92.376 Y124.675
G0 X92.95 Y123.878
G0 X92.957 Y124.168
G1 F1500 E2172.88359
G1 F1734.1 X92.892 Y124.131 E2172.8866
G1 X92.893 Y124.205 E2172.88958
G1 X92.957 Y124.168 E2172.89256
G1 F1500 E2166.39256
G0 F9000 X92.95 Y123.878
G0 X93.451 Y124.673
G0 X94.654 Y126.26
G1 F1500 E2172.89256
G1 F1435.4 X94.87 Y126.501 E2172.90831
G1 F1204.8 X95.35 Y126.904 E2172.94464
G1 F993.4 X95.831 Y127.308 E2172.98881
G0 F9000 X99.843 Y128.891
G0 X99.846 Y129.204
G1 F1500 X103.766 Y128.478 E2173.17444
G1 X106.299 Y126.65 E2173.3199
G1 X107.796 Y124.131 E2173.45634
G1 F1421.8 X107.985 Y123.304 E2173.49802
G1 F1321.6 X108.002 Y123.198 E2173.50369
G1 F1310 X108.491 Y121.319 E2173.60721
G1 F1470.6 X108.602 Y120.363 E2173.65292
G1 F1666.7 X108.719 Y118.666 E2173.7242
G1 F1174.2 X108.546 Y118.274 E2173.74969
G1 X108.365 Y118.662 E2173.77516
G1 F1676 X108.251 Y120.265 E2173.84213
G1 F1474.2 X108.047 Y121.225 E2173.88863
G1 F1310 X107.566 Y123.045 E2173.989
G1 F1388.9 X107.09 Y123.773 E2174.03274
G1 F1500 X105.974 Y125.61 E2174.13283
G1 X103.265 Y127.516 E2174.28706
G1 X99.249 Y128.241 E2174.47709
G1 X98.592 Y128.143 E2174.50802
G1 F1342.3 X97.602 Y128.04 E2174.55981
G1 F1227 X97.295 Y127.911 E2174.57877
G1 F1428.6 X96.225 Y127.376 E2174.63726
G1 F1185.8 X95.83 Y127.307 E2174.66088
G1 F1000 X95.908 Y127.465 E2174.67319
G1 F1333.3 X96.05 Y127.683 E2174.68681
G1 F1428.6 X97.078 Y128.344 E2174.74657
G1 F1227 X97.442 Y128.503 E2174.76918
G1 F1239.7 X97.519 Y128.548 E2174.77421
G1 F1376.1 X98.407 Y128.982 E2174.82437
G1 F1500 X99.846 Y129.204 E2174.89217
G0 F9000 X99.843 Y128.891
G0 X103.206 Y127.373
G0 X105.86 Y125.505
G0 X107.406 Y122.966
G0 X107.812 Y121.422
G0 X108.546 Y118.274
G1 F943.4 X108.55 Y117.733 E2174.93222
G1 F988.5 X108.503 Y116.783 E2174.99943
G1 F1041.7 X108.431 Y115.963 E2175.05463
G1 F1109.1 X108.049 Y113.258 E2175.22668
G1 F1295.9 X107.882 Y112.637 E2175.26134
G1 F1522.8 X106.982 Y110.402 E2175.37184
G1 F1680.7 X106.739 Y109.921 E2175.39424
G1 F1840.5 X105.184 Y107.406 E2175.50645
G1 F1875 X104.991 Y107.131 E2175.51897
G1 X102.711 Y104.271 E2175.65522
G1 F1709.4 X101.335 Y102.799 E2175.73755
G1 F1591.5 X99.959 Y101.326 E2175.82601
G1 F1500 X99.734 Y101.098 E2175.84093
G1 F1385.7 X96.818 Y98.285 E2176.04516
G1 F1268.5 X96.277 Y97.78 E2176.08591
G1 F1192.8 X94.818 Y96.46 E2176.20111
G1 F1134.2 X93.358 Y95.139 E2176.32236
G0 F9000 X93.359 Y95.14
G1 F1312.9 X93.038 Y94.732 E2176.34998
G1 F1612.9 X92.912 Y94.616 E2176.3574
G1 X92.787 Y94.731 E2176.36475
G1 F1312.9 X92.465 Y95.14 E2176.39245
G1 X92.912 Y95.054 E2176.41666
G1 X93.359 Y95.14 E2176.44088
G1 F1500 E2169.94088
G0 F9000 X99.848 Y101.421
G0 X102.606 Y104.332
G0 X104.889 Y107.162
G0 X106.627 Y109.927
G0 X107.738 Y112.646
G0 X108.211 Y115.97
G0 X108.3 Y117.772
G0 X108.122 Y120.243
G0 X107.406 Y122.966
G0 X105.86 Y125.505
G0 X103.206 Y127.373
G0 X99.299 Y128.139
G0 X99.245 Y127.832
;TYPE:WALL-OUTER
G1 F1500 E2176.44088
G1 X97.711 Y127.606 E2176.51308
G1 X96.3 Y126.992 E2176.58473
G1 X95.1 Y126.144 E2176.65315
G1 X94.93 Y125.978 E2176.66422
G1 F1242.2 X94.587 Y125.758 E2176.68713
G1 F1127.8 X94.102 Y125.239 E2176.73112
G1 F1282.1 X93.668 Y124.633 E2176.77173
G1 F1449.3 X93.542 Y124.435 E2176.78304
G1 F1522.8 X93.367 Y124.21 E2176.79611
G1 F1507.5 X92.914 Y123.412 E2176.83863
G1 X92.461 Y124.21 E2176.88114
G1 F1515.2 X92.286 Y124.433 E2176.89421
G1 F1449.3 X92.161 Y124.629 E2176.90541
G1 F1287.6 X91.722 Y125.239 E2176.94618
G1 F1127.8 X91.238 Y125.758 E2176.99013
G1 F1242.2 X90.895 Y125.977 E2177.01301
G1 F1500 X90.721 Y126.147 E2177.02434
G1 X89.524 Y126.992 E2177.09257
G1 X88.121 Y127.606 E2177.16388
G1 X86.581 Y127.835 E2177.23637
G1 X82.725 Y127.138 E2177.41884
G1 X80.154 Y125.332 E2177.56514
G1 X78.657 Y122.867 E2177.69943
G1 X77.957 Y120.217 E2177.82705
G1 X77.78 Y117.758 E2177.94185
G1 X77.865 Y115.97 E2178.0252
G1 X77.97 Y115.158 E2178.06333
G1 X78.332 Y112.718 E2178.17819
G1 X79.414 Y110.056 E2178.31199
G1 X81.148 Y107.298 E2178.46369
G1 X83.414 Y104.49 E2178.6317
G1 X86.157 Y101.591 E2178.81754
G1 X89.31 Y98.59 E2179.02023
G1 X92.778 Y95.49 E2179.23683
G1 X92.912 Y95.44 E2179.24348
G1 X93.046 Y95.49 E2179.25014
G1 X96.523 Y98.595 E2179.46721
G1 X99.674 Y101.598 E2179.66989
G1 X102.424 Y104.502 E2179.85612
G1 X104.694 Y107.317 E2180.02451
G1 X106.394 Y110.025 E2180.1734
G1 X107.496 Y112.718 E2180.30889
G1 X107.85 Y115.161 E2180.42383
G1 X107.959 Y115.969 E2180.46179
G1 X108.048 Y117.758 E2180.5452
G1 X107.87 Y120.219 E2180.66009
G1 X107.172 Y122.867 E2180.78761
G1 X105.677 Y125.323 E2180.92149
G1 X103.114 Y127.133 E2181.06759
G1 X99.245 Y127.832 E2181.25067
G1 F1500 E2174.75067
G0 F9000 X99.299 Y128.139
G0 X99.85 Y129.298
G0 X99.852 Y129.609
G1 F1500 E2181.25067
G1 X103.927 Y128.855 E2181.44364
G1 X106.601 Y126.926 E2181.59717
G1 X108.169 Y124.286 E2181.74015
G1 X108.913 Y121.387 E2181.87951
G1 X109.099 Y118.705 E2182.00469
G1 X109.006 Y116.759 E2182.09541
G1 X108.938 Y116.174 E2182.12284
G1 X108.505 Y113.137 E2182.26568
G1 X107.34 Y110.222 E2182.41185
G1 X105.487 Y107.195 E2182.57712
G1 X103.002 Y104.044 E2182.76398
G1 X100.017 Y100.809 E2182.96894
G1 X96.588 Y97.462 E2183.19206
G1 X92.912 Y94.092 E2183.42428
G1 X89.229 Y97.47 E2183.65698
G1 X85.786 Y100.836 E2183.88119
G1 X82.804 Y104.065 E2184.08586
G1 X80.337 Y107.195 E2184.27143
G1 X78.484 Y110.222 E2184.43669
G1 X77.319 Y113.136 E2184.58282
G1 X76.882 Y116.184 E2184.7262
G1 X76.82 Y116.764 E2184.75336
G1 X76.725 Y118.705 E2184.84385
G1 X76.914 Y121.387 E2184.96905
G1 X77.655 Y124.286 E2185.10838
G1 X79.223 Y126.926 E2185.25135
G1 X81.897 Y128.855 E2185.40488
G1 X85.972 Y129.609 E2185.59785
G1 X87.535 Y129.37 E2185.67148
G1 X88.967 Y128.729 E2185.74453
G1 X90.218 Y127.83 E2185.81627
G1 X91.272 Y126.779 E2185.88558
G1 X91.485 Y126.499 E2185.90196
G1 F1242.2 X91.66 Y126.131 E2185.92487
G1 F1098.9 X91.998 Y125.716 E2185.95889
G1 F1250 X92.533 Y124.845 E2186.01601
G1 F1456.3 X92.633 Y124.62 E2186.02781
G1 F1522.8 X92.729 Y124.54 E2186.03355
G1 F1515.2 X93.098 Y124.54 E2186.05056
G1 F1526.7 X93.194 Y124.62 E2186.05627
G1 F1449.3 X93.292 Y124.847 E2186.06819
G1 F1293.1 X93.678 Y125.487 E2186.10856
G1 F1176.5 X93.826 Y125.716 E2186.12475
G1 F1098.9 X94.163 Y126.13 E2186.15868
G1 F1242.2 X94.338 Y126.498 E2186.18159
G1 F1500 X94.551 Y126.78 E2186.19804
G1 X95.606 Y127.831 E2186.26739
G1 X96.857 Y128.729 E2186.33909
G1 X98.293 Y129.37 E2186.41232
G1 X99.852 Y129.609 E2186.48576
G0 F9000 X99.85 Y129.298
G0 X98.609 Y128.701
G0 X98.574 Y128.926
;TYPE:FILL
G1 F3000 X98.756 Y128.248 E2186.51845
G0 F9000 X98.722 Y128.473
G0 X99.152 Y128.488
G0 X102.517 Y127.966
G0 X102.477 Y127.74
G1 F3000 X103.233 Y128.495 E2186.5682
G1 F1500 E2180.0682
G0 F9000 X103.192 Y128.271
G0 X107.94 Y124.189
G0 X108.668 Y116.025
G0 X107.118 Y110.329
G0 X102.831 Y104.223
G0 X92.914 Y94.419
G0 X82.997 Y104.223
G0 X78.71 Y110.329
G0 X77.07 Y116.769
G0 X77.16 Y121.347
G0 X81.077 Y127.24
G0 X86.734 Y128.774
G0 X86.768 Y129.001
G1 F1500 E2186.5682
G1 F3000 X85.982 Y128.215 E2186.61996
G0 F9000 X86.325 Y128.276
G1 F3000 X86.103 Y129.104 E2186.65988
G0 F9000 X86.069 Y128.876
G0 X82.465 Y127.751
G0 X79.671 Y125.784
G0 X78.961 Y124.736
G0 X79.157 Y124.617
G1 F3000 X78.513 Y124.789 E2186.69091
G1 F1500 E2180.19091
;MESH:NONMESH
G0 F300 X78.513 Y124.789 Z8.96
G0 F9000 X78.711 Y124.672
G0 X77.707 Y120.243
G0 X77.529 Y117.772
G0 X77.617 Y115.97
G0 X78.091 Y112.646
G0 X79.202 Y109.927
G0 X80.94 Y107.162
G0 X83.223 Y104.332
G0 X85.456 Y101.974
G0 X92.465 Y95.14
;TIME_ELAPSED:2480.591630
;LAYER:31
;TYPE:WALL-INNER
;MESH:tmpnqf7468lheart_box.stl
G1 F1500 E2186.69091
G1 F1134.2 X91.002 Y96.464 E2186.81242
G1 F1192.8 X89.54 Y97.789 E2186.92796
G1 F1263.2 X89.01 Y98.284 E2186.96806
G1 F1345.3 X87.545 Y99.697 E2187.07373
G1 F1435.4 X86.08 Y101.11 E2187.17277
G1 F1519 X85.865 Y101.328 E2187.18685
G1 F1652.9 X83.116 Y104.27 E2187.357
G1 F1857.6 X80.836 Y107.13 E2187.49453
G1 F1851.9 X80.641 Y107.407 E2187.5073
G1 X79.132 Y109.838 E2187.61522
G1 F1699.7 X78.842 Y110.402 E2187.64128
G1 F1511.3 X77.944 Y112.636 E2187.75255
G1 F1284.8 X77.776 Y113.258 E2187.78758
G1 F1119.4 X77.507 Y115.103 E2187.90392
G1 F1111.1 X77.391 Y115.964 E2187.95853
G1 F1039.9 X77.322 Y116.803 E2188.01508
G1 F982 X77.275 Y117.819 E2188.08742
G1 F934.6 X77.279 Y118.241 E2188.11896
G0 F9000 X77.707 Y120.243
G0 X78.423 Y122.966
G0 X79.969 Y125.505
G0 X82.623 Y127.373
G0 X85.986 Y128.891
G0 X85.978 Y129.204
G1 F1500 X87.421 Y128.983 E2188.18693
G1 F1327.4 X88.299 Y128.534 E2188.23882
G1 F1214.6 X88.746 Y128.344 E2188.26675
G1 F1425.2 X89.765 Y127.69 E2188.32609
G1 F1321.6 X89.91 Y127.467 E2188.34015
G1 F990.1 X89.986 Y127.314 E2188.3522
G1 F1181.1 X89.59 Y127.381 E2188.37595
G1 F1542.4 X88.391 Y127.98 E2188.43665
G1 F1298.7 X88.16 Y128.056 E2188.44973
G1 F1327.4 X87.236 Y128.142 E2188.49856
G1 F1500 X86.575 Y128.241 E2188.52968
G1 X82.576 Y127.518 E2188.71891
G1 X79.855 Y125.612 E2188.8736
G1 X78.738 Y123.772 E2188.97383
G1 F1395.3 X78.251 Y123.026 E2189.01842
G1 F1310 X77.782 Y121.226 E2189.1176
G1 F1459.9 X77.586 Y120.309 E2189.16246
G1 F1657.5 X77.462 Y118.629 E2189.23345
G1 F1171.9 X77.279 Y118.241 E2189.25902
G1 X77.106 Y118.633 E2189.28456
G1 F1657.5 X77.225 Y120.365 E2189.35772
G1 F1459.9 X77.337 Y121.319 E2189.40367
G1 F1301.5 X77.824 Y123.197 E2189.50779
G1 F1382.5 X78.029 Y124.131 E2189.5561
G1 F1500 X79.525 Y126.65 E2189.69252
G1 X82.058 Y128.478 E2189.83798
G1 X85.978 Y129.204 E2190.02361
G0 F9000 X85.986 Y128.891
G0 X89.986 Y127.314
G1 F990.1 X90.47 Y126.908 E2190.06818
G1 F1204.8 X90.954 Y126.501 E2190.10484
G1 F1435.4 X91.17 Y126.26 E2190.12059
G1 F1500 E2183.62059
G0 F9000 X92.376 Y124.675
G0 X92.95 Y123.878
G0 X92.957 Y124.168
G1 F1500 E2190.12059
G1 F1734.1 X92.892 Y124.131 E2190.1236
G1 X92.893 Y124.205 E2190.12658
G1 X92.957 Y124.168 E2190.12956
G1 F1500 E2183.62956
G0 F9000 X92.95 Y123.878
G0 X93.451 Y124.673
G0 X94.654 Y126.26
G1 F1500 E2190.12956
G1 F1435.4 X94.87 Y126.501 E2190.14531
G1 F1204.8 X95.35 Y126.904 E2190.18164
G1 F993.4 X95.831 Y127.308 E2190.22581
G0 F9000 X99.843 Y128.891
G0 X99.846 Y129.204
G1 F1500 X103.766 Y128.478 E2190.41144
G1 X106.299 Y126.65 E2190.5569
G1 X107.796 Y124.131 E2190.69334
G1 F1421.8 X107.985 Y123.304 E2190.73501
G1 F1321.6 X108.002 Y123.198 E2190.74069
G1 F1310 X108.491 Y121.319 E2190.84421
G1 F1470.6 X108.602 Y120.363 E2190.88992
G1 F1666.7 X108.719 Y118.666 E2190.9612
G1 F1174.2 X108.546 Y118.274 E2190.98669
G1 X108.365 Y118.662 E2191.01216
G1 F1676 X108.251 Y120.265 E2191.07913
G1 F1474.2 X108.047 Y121.225 E2191.12563
G1 F1310 X107.566 Y123.045 E2191.226
G1 F1388.9 X107.09 Y123.773 E2191.26974
G1 F1500 X105.974 Y125.61 E2191.36983
G1 X103.265 Y127.516 E2191.52406
G1 X99.249 Y128.241 E2191.71409
G1 X98.592 Y128.143 E2191.74502
G1 F1342.3 X97.602 Y128.04 E2191.79681
G1 F1227 X97.295 Y127.911 E2191.81577
G1 F1428.6 X96.225 Y127.376 E2191.87426
G1 F1185.8 X95.83 Y127.307 E2191.89788
G1 F1000 X95.908 Y127.465 E2191.91018
G1 F1333.3 X96.05 Y127.683 E2191.92381
G1 F1428.6 X97.078 Y128.344 E2191.98357
G1 F1227 X97.442 Y128.503 E2192.00618
G1 F1239.7 X97.519 Y128.548 E2192.0112
G1 F1376.1 X98.407 Y128.982 E2192.06137
G1 F1500 X99.846 Y129.204 E2192.12917
G0 F9000 X99.843 Y128.891
G0 X103.206 Y127.373
G0 X105.86 Y125.505
G0 X107.406 Y122.966
G0 X107.812 Y121.422
G0 X108.546 Y118.274
G1 F943.4 X108.55 Y117.733 E2192.16922
G1 F988.5 X108.503 Y116.783 E2192.23643
G1 F1041.7 X108.431 Y115.963 E2192.29163
G1 F1109.1 X108.049 Y113.258 E2192.46367
G1 F1295.9 X107.882 Y112.637 E2192.49833
G1 F1522.8 X106.982 Y110.402 E2192.60884
G1 F1699.7 X106.692 Y109.838 E2192.6349
G1 F1863.4 X105.184 Y107.406 E2192.74217
G1 F1880.9 X104.952 Y107.079 E2192.75706
G1 X102.711 Y104.271 E2192.89047
G1 F1709.4 X101.325 Y102.788 E2192.97341
G1 F1591.5 X99.939 Y101.305 E2193.06249
G1 F1500 X99.734 Y101.098 E2193.07606
G1 F1385.7 X96.803 Y98.271 E2193.28132
G1 F1268.5 X96.277 Y97.78 E2193.32094
G1 F1192.8 X94.818 Y96.46 E2193.43615
G1 F1134.2 X93.358 Y95.139 E2193.55739
G0 F9000 X93.359 Y95.14
G1 F1312.9 X93.038 Y94.732 E2193.58501
G1 F1612.9 X92.912 Y94.616 E2193.59243
G1 X92.787 Y94.731 E2193.59978
G1 F1312.9 X92.465 Y95.14 E2193.62748
G1 X92.912 Y95.054 E2193.65169
G1 X93.359 Y95.14 E2193.67591
G1 F1500 E2187.17591
G0 F9000 X99.848 Y101.421
G0 X102.606 Y104.332
G0 X104.889 Y107.162
G0 X106.627 Y109.927
G0 X107.738 Y112.646
G0 X108.211 Y115.97
G0 X108.3 Y117.772
G0 X108.122 Y120.243
G0 X107.406 Y122.966
G0 X105.86 Y125.505
G0 X103.206 Y127.373
G0 X99.299 Y128.139
G0 X99.245 Y127.832
;TYPE:WALL-OUTER
G1 F1500 E2193.67591
G1 X97.711 Y127.606 E2193.74811
G1 X96.3 Y126.992 E2193.81976
G1 X95.1 Y126.144 E2193.88818
G1 X94.93 Y125.978 E2193.89925
G1 F1242.2 X94.587 Y125.758 E2193.92216
G1 F1127.8 X94.102 Y125.239 E2193.96615
G1 F1282.1 X93.668 Y124.633 E2194.00676
G1 F1449.3 X93.542 Y124.435 E2194.01807
G1 F1522.8 X93.367 Y124.21 E2194.03114
G1 F1507.5 X92.914 Y123.412 E2194.07366
G1 X92.461 Y124.21 E2194.11617
G1 F1515.2 X92.286 Y124.433 E2194.12924
G1 F1449.3 X92.161 Y124.629 E2194.14044
G1 F1287.6 X91.722 Y125.239 E2194.18121
G1 F1127.8 X91.238 Y125.758 E2194.22516
G1 F1242.2 X90.895 Y125.977 E2194.24804
G1 F1500 X90.721 Y126.147 E2194.25937
G1 X89.524 Y126.992 E2194.3276
G1 X88.121 Y127.606 E2194.39891
G1 X86.581 Y127.835 E2194.47141
G1 X82.725 Y127.138 E2194.65387
G1 X80.154 Y125.332 E2194.80017
G1 X78.657 Y122.867 E2194.93446
G1 X77.957 Y120.217 E2195.06209
G1 X77.78 Y117.758 E2195.17688
G1 X77.865 Y115.97 E2195.26023
G1 X77.97 Y115.158 E2195.29836
G1 X78.332 Y112.718 E2195.41322
G1 X79.414 Y110.056 E2195.54702
G1 X81.148 Y107.298 E2195.69872
G1 X83.414 Y104.49 E2195.86673
G1 X86.157 Y101.591 E2196.05257
G1 X89.31 Y98.59 E2196.25526
G1 X92.778 Y95.49 E2196.47186
G1 X92.912 Y95.44 E2196.47852
G1 X93.046 Y95.49 E2196.48518
G1 X96.523 Y98.595 E2196.70224
G1 X99.674 Y101.598 E2196.90492
G1 X102.424 Y104.502 E2197.09116
G1 X104.694 Y107.317 E2197.25954
G1 X106.394 Y110.025 E2197.40843
G1 X107.496 Y112.718 E2197.54392
G1 X107.85 Y115.161 E2197.65886
G1 X107.959 Y115.969 E2197.69683
G1 X108.048 Y117.783 E2197.78139
G1 X107.87 Y120.219 E2197.89513
G1 X107.172 Y122.867 E2198.02264
G1 X105.677 Y125.323 E2198.15652
G1 X103.114 Y127.133 E2198.30263
G1 X99.245 Y127.832 E2198.4857
G1 F1500 E2191.9857
G0 F9000 X99.299 Y128.139
G0 X99.85 Y129.298
G0 X99.852 Y129.609
G1 F1500 E2198.4857
G1 X103.927 Y128.855 E2198.67867
G1 X106.601 Y126.926 E2198.8322
G1 X108.169 Y124.286 E2198.97518
G1 X108.913 Y121.387 E2199.11454
G1 X109.099 Y118.705 E2199.23973
G1 X109.006 Y116.759 E2199.33045
G1 X108.938 Y116.174 E2199.35787
G1 X108.505 Y113.137 E2199.50071
G1 X107.34 Y110.222 E2199.64689
G1 X105.487 Y107.195 E2199.81215
G1 X103.002 Y104.044 E2199.99901
G1 X100.017 Y100.809 E2200.20398
G1 X96.588 Y97.462 E2200.4271
G1 X92.912 Y94.092 E2200.65931
G1 X89.229 Y97.47 E2200.89202
G1 X85.786 Y100.836 E2201.11622
G1 X82.804 Y104.065 E2201.32089
G1 X80.337 Y107.195 E2201.50646
G1 X78.484 Y110.222 E2201.67173
G1 X77.319 Y113.136 E2201.81786
G1 X76.882 Y116.184 E2201.96123
G1 X76.82 Y116.764 E2201.9884
G1 X76.725 Y118.705 E2202.07888
G1 X76.914 Y121.387 E2202.20408
G1 X77.655 Y124.286 E2202.34341
G1 X79.223 Y126.926 E2202.48639
G1 X81.897 Y128.855 E2202.63992
G1 X85.972 Y129.609 E2202.83289
G1 X87.535 Y129.37 E2202.90651
G1 X88.967 Y128.729 E2202.97957
G1 X90.218 Y127.83 E2203.0513
G1 X91.272 Y126.779 E2203.12061
G1 X91.485 Y126.499 E2203.13699
G1 F1242.2 X91.66 Y126.131 E2203.1599
G1 F1098.9 X91.998 Y125.716 E2203.19392
G1 F1250 X92.533 Y124.845 E2203.25104
G1 F1456.3 X92.633 Y124.62 E2203.26285
G1 F1522.8 X92.729 Y124.54 E2203.26858
G1 F1515.2 X93.098 Y124.54 E2203.28559
G1 F1526.7 X93.194 Y124.62 E2203.29131
G1 F1449.3 X93.292 Y124.847 E2203.30322
G1 F1293.1 X93.678 Y125.487 E2203.34359
G1 F1176.5 X93.826 Y125.716 E2203.35978
G1 F1098.9 X94.163 Y126.13 E2203.39371
G1 F1242.2 X94.338 Y126.498 E2203.41662
G1 F1500 X94.551 Y126.78 E2203.43308
G1 X95.606 Y127.831 E2203.50242
G1 X96.857 Y128.729 E2203.57413
G1 X98.293 Y129.37 E2203.64735
G1 X99.852 Y129.609 E2203.72079
G0 F9000 X99.85 Y129.298
G0 X98.473 Y128.674
G0 X98.382 Y128.879
;TYPE:FILL
G1 F3000 X98.558 Y128.221 E2203.75251
G0 F9000 X98.525 Y128.444
G0 X99.115 Y128.483
G0 X102.754 Y127.924
G0 X102.714 Y127.696
G1 F3000 X103.47 Y128.452 E2203.80229
G1 F1500 E2197.30229
G0 F9000 X103.429 Y128.227
G0 X107.94 Y124.189
G0 X108.668 Y116.025
G0 X107.118 Y110.329
G0 X102.831 Y104.223
G0 X92.914 Y94.419
G0 X82.997 Y104.223
G0 X78.71 Y110.329
G0 X77.07 Y116.769
G0 X77.16 Y121.347
G0 X81.077 Y127.24
G0 X86.978 Y128.737
G0 X87.012 Y128.964
G1 F1500 E2203.80229
G1 F3000 X86.324 Y128.276 E2203.8476
G1 X86.129 Y128.242
G1 X85.897 Y129.108 E2203.88935
G0 F9000 X85.939 Y128.881
G0 X82.465 Y127.751
G0 X79.671 Y125.784
G0 X79.068 Y124.912
G0 X79.265 Y124.793
G1 F3000 X78.618 Y124.966 E2203.92053
G1 F1500 E2197.42053
;MESH:NONMESH
G0 F300 X78.618 Y124.966 Z9.24
G0 F9000 X78.816 Y124.849
G0 X77.707 Y120.243
G0 X77.529 Y117.772
G0 X77.617 Y115.97
G0 X78.091 Y112.646
G0 X79.202 Y109.927
G0 X80.94 Y107.162
G0 X83.223 Y104.332
G0 X85.456 Y101.974
G0 X92.465 Y95.14
;TIME_ELAPSED:2505.368490
;LAYER:32
;TYPE:WALL-INNER
;MESH:tmpnqf7468lheart_box.stl
G1 F1500 E2203.92053
G1 F1134.2 X91.002 Y96.464 E2204.04204
G1 F1192.8 X89.54 Y97.789 E2204.15757
G1 F1263.2 X89.024 Y98.27 E2204.19658
G1 F1357.5 X87.455 Y99.788 E2204.30891
G1 F1477.8 X85.886 Y101.306 E2204.41209
G1 F1648.4 X83.116 Y104.27 E2204.58399
G1 F1869.2 X80.875 Y107.078 E2204.71824
G1 F1863.4 X80.641 Y107.407 E2204.73338
G1 F1851.9 X79.132 Y109.838 E2204.84129
G1 F1699.7 X78.842 Y110.402 E2204.86735
G1 F1511.3 X77.944 Y112.636 E2204.97863
G1 F1284.8 X77.776 Y113.258 E2205.01365
G1 F1119.4 X77.509 Y115.09 E2205.12917
G1 F1111.1 X77.391 Y115.964 E2205.18461
G1 F1039.9 X77.322 Y116.803 E2205.24115
G1 F982 X77.275 Y117.819 E2205.3135
G1 F934.6 X77.279 Y118.241 E2205.34504
G0 F9000 X77.707 Y120.243
G0 X78.423 Y122.966
G0 X79.969 Y125.505
G0 X82.623 Y127.373
G0 X85.986 Y128.891
G0 X85.978 Y129.204
G1 F1500 X87.421 Y128.983 E2205.41301
G1 F1327.4 X88.299 Y128.534 E2205.4649
G1 F1214.6 X88.746 Y128.344 E2205.49283
G1 F1425.2 X89.765 Y127.69 E2205.55217
G1 F1321.6 X89.91 Y127.467 E2205.56623
G1 F990.1 X89.986 Y127.314 E2205.57828
G1 F1181.1 X89.59 Y127.381 E2205.60203
G1 F1542.4 X88.391 Y127.98 E2205.66273
G1 F1298.7 X88.16 Y128.056 E2205.67581
G1 F1327.4 X87.236 Y128.142 E2205.72463
G1 F1500 X86.575 Y128.241 E2205.75576
G1 X82.576 Y127.518 E2205.94499
G1 X79.855 Y125.612 E2206.09968
G1 X78.738 Y123.772 E2206.19991
G1 F1395.3 X78.251 Y123.026 E2206.2445
G1 F1310 X77.782 Y121.226 E2206.34368
G1 F1459.9 X77.586 Y120.309 E2206.38854
G1 F1657.5 X77.462 Y118.629 E2206.45953
G1 F1171.9 X77.279 Y118.241 E2206.4851
G1 X77.106 Y118.633 E2206.51064
G1 F1657.5 X77.225 Y120.365 E2206.5838
G1 F1459.9 X77.337 Y121.319 E2206.62975
G1 F1301.5 X77.824 Y123.197 E2206.73387
G1 F1382.5 X78.029 Y124.131 E2206.78218
G1 F1500 X79.525 Y126.65 E2206.9186
G1 X82.058 Y128.478 E2207.06406
G1 X85.978 Y129.204 E2207.24969
G0 F9000 X85.986 Y128.891
G0 X89.986 Y127.314
G1 F990.1 X90.47 Y126.908 E2207.29426
G1 F1204.8 X90.954 Y126.501 E2207.33092
G1 F1435.4 X91.17 Y126.26 E2207.34667
G1 F1500 E2200.84667
G0 F9000 X92.376 Y124.675
G0 X92.95 Y123.878
G0 X92.957 Y124.168
G1 F1500 E2207.34667
G1 F1734.1 X92.892 Y124.131 E2207.34968
G1 X92.893 Y124.205 E2207.35266
G1 X92.957 Y124.168 E2207.35564
G1 F1500 E2200.85564
G0 F9000 X92.95 Y123.878
G0 X93.451 Y124.673
G0 X94.654 Y126.26
G1 F1500 E2207.35564
G1 F1435.4 X94.87 Y126.501 E2207.37138
G1 F1204.8 X95.35 Y126.904 E2207.40772
G1 F993.4 X95.831 Y127.308 E2207.45189
G0 F9000 X99.843 Y128.891
G0 X99.846 Y129.204
G1 F1500 X103.766 Y128.478 E2207.63752
G1 X106.299 Y126.65 E2207.78297
G1 X107.796 Y124.131 E2207.91942
G1 F1421.8 X107.985 Y123.304 E2207.96109
G1 F1321.6 X108.002 Y123.198 E2207.96677
G1 F1310 X108.491 Y121.319 E2208.07029
G1 F1470.6 X108.602 Y120.363 E2208.116
G1 F1666.7 X108.719 Y118.666 E2208.18728
G1 F1174.2 X108.546 Y118.274 E2208.21277
G1 X108.365 Y118.662 E2208.23824
G1 F1676 X108.251 Y120.265 E2208.30521
G1 F1474.2 X108.047 Y121.225 E2208.35171
G1 F1310 X107.566 Y123.045 E2208.45208
G1 F1388.9 X107.09 Y123.773 E2208.49582
G1 F1500 X105.974 Y125.61 E2208.59591
G1 X103.265 Y127.516 E2208.75014
G1 X99.249 Y128.241 E2208.94017
G1 X98.592 Y128.143 E2208.9711
G1 F1342.3 X97.602 Y128.04 E2209.02289
G1 F1227 X97.295 Y127.911 E2209.04185
G1 F1428.6 X96.225 Y127.376 E2209.10034
G1 F1185.8 X95.83 Y127.307 E2209.12396
G1 F1000 X95.908 Y127.465 E2209.13626
G1 F1333.3 X96.05 Y127.683 E2209.14989
G1 F1428.6 X97.078 Y128.344 E2209.20965
G1 F1227 X97.442 Y128.503 E2209.23226
G1 F1239.7 X97.519 Y128.548 E2209.23728
G1 F1376.1 X98.407 Y128.982 E2209.28745
G1 F1500 X99.846 Y129.204 E2209.35525
G0 F9000 X99.843 Y128.891
G0 X103.206 Y127.373
G0 X105.86 Y125.505
G0 X107.406 Y122.966
G0 X107.812 Y121.422
G0 X108.546 Y118.274
G1 F943.4 X108.55 Y117.733 E2209.3953
G1 F988.5 X108.503 Y116.783 E2209.46251
G1 F1041.7 X108.431 Y115.963 E2209.51771
G1 F1109.1 X108.049 Y113.258 E2209.68975
G1 F1295.9 X107.882 Y112.637 E2209.72441
G1 F1522.8 X106.982 Y110.402 E2209.83492
G1 F1680.7 X106.739 Y109.921 E2209.85732
G1 F1840.5 X105.184 Y107.406 E2209.96953
G1 F1875 X104.991 Y107.131 E2209.98205
G1 X102.711 Y104.271 E2210.1183
G1 F1709.4 X101.335 Y102.799 E2210.20063
G1 F1591.5 X99.959 Y101.326 E2210.28909
G1 F1500 X99.734 Y101.098 E2210.30401
G1 F1385.7 X96.818 Y98.285 E2210.50824
G1 F1268.5 X96.277 Y97.78 E2210.54899
G1 F1192.8 X94.818 Y96.46 E2210.66419
G1 F1134.2 X93.358 Y95.139 E2210.78544
G0 F9000 X93.359 Y95.14
G1 F1312.9 X93.038 Y94.732 E2210.81306
G1 F1612.9 X92.912 Y94.616 E2210.82048
G1 X92.787 Y94.731 E2210.82783
G1 F1312.9 X92.465 Y95.14 E2210.85552
G1 X92.912 Y95.054 E2210.87974
G1 X93.359 Y95.14 E2210.90396
G1 F1500 E2204.40396
G0 F9000 X99.848 Y101.421
G0 X102.606 Y104.332
G0 X104.889 Y107.162
G0 X106.627 Y109.927
G0 X107.738 Y112.646
G0 X108.211 Y115.97
G0 X108.3 Y117.772
G0 X108.122 Y120.243
G0 X107.406 Y122.966
G0 X105.86 Y125.505
G0 X103.206 Y127.373
G0 X99.299 Y128.139
G0 X99.245 Y127.832
;TYPE:WALL-OUTER
G1 F1500 E2210.90396
G1 X97.711 Y127.606 E2210.97616
G1 X96.3 Y126.992 E2211.04781
G1 X95.1 Y126.144 E2211.11623
G1 X94.93 Y125.978 E2211.12729
G1 F1242.2 X94.587 Y125.758 E2211.15021
G1 F1127.8 X94.102 Y125.239 E2211.1942
G1 F1282.1 X93.668 Y124.633 E2211.23481
G1 F1449.3 X93.542 Y124.435 E2211.24612
G1 F1522.8 X93.367 Y124.21 E2211.25919
G1 F1507.5 X92.914 Y123.412 E2211.3017
G1 X92.461 Y124.21 E2211.34422
G1 F1515.2 X92.286 Y124.433 E2211.35729
G1 F1449.3 X92.161 Y124.629 E2211.36849
G1 F1287.6 X91.722 Y125.239 E2211.40926
G1 F1127.8 X91.238 Y125.758 E2211.45321
G1 F1242.2 X90.895 Y125.977 E2211.47609
G1 F1500 X90.721 Y126.147 E2211.48742
G1 X89.524 Y126.992 E2211.55564
G1 X88.121 Y127.606 E2211.62696
G1 X86.581 Y127.835 E2211.69945
G1 X82.725 Y127.138 E2211.88191
G1 X80.154 Y125.332 E2212.02822
G1 X78.657 Y122.867 E2212.1625
G1 X77.957 Y120.217 E2212.29013
G1 X77.78 Y117.758 E2212.40493
G1 X77.865 Y115.97 E2212.48828
G1 X77.97 Y115.158 E2212.52641
G1 X78.332 Y112.718 E2212.64127
G1 X79.414 Y110.056 E2212.77507
G1 X81.134 Y107.317 E2212.92567
G1 X83.414 Y104.49 E2213.09478
G1 X86.157 Y101.591 E2213.28062
G1 X89.31 Y98.59 E2213.48331
G1 X92.778 Y95.49 E2213.69991
G1 X92.912 Y95.44 E2213.70656
G1 X93.046 Y95.49 E2213.71322
G1 X96.523 Y98.595 E2213.93029
G1 X99.674 Y101.598 E2214.13297
G1 X102.424 Y104.502 E2214.3192
G1 X104.694 Y107.317 E2214.48759
G1 X106.394 Y110.025 E2214.63648
G1 X107.496 Y112.718 E2214.77197
G1 X107.85 Y115.161 E2214.88691
G1 X107.959 Y115.969 E2214.92487
G1 X108.048 Y117.783 E2215.00944
G1 X107.87 Y120.219 E2215.12318
G1 X107.172 Y122.867 E2215.25069
G1 X105.677 Y125.323 E2215.38457
G1 X103.114 Y127.133 E2215.53068
G1 X99.245 Y127.832 E2215.71375
G1 F1500 E2209.21375
G0 F9000 X99.299 Y128.139
G0 X99.85 Y129.298
G0 X99.852 Y129.609
G1 F1500 E2215.71375
G1 X103.927 Y128.855 E2215.90672
G1 X106.601 Y126.926 E2216.06025
G1 X108.169 Y124.286 E2216.20323
G1 X108.913 Y121.387 E2216.34259
G1 X109.099 Y118.705 E2216.46778
G1 X109.006 Y116.759 E2216.55849
G1 X108.938 Y116.174 E2216.58592
G1 X108.505 Y113.137 E2216.72876
G1 X107.34 Y110.222 E2216.87494
G1 X105.487 Y107.195 E2217.0402
G1 X103.002 Y104.044 E2217.22706
G1 X100.017 Y100.809 E2217.43202
G1 X96.588 Y97.462 E2217.65515
G1 X92.912 Y94.092 E2217.88736
G1 X89.229 Y97.47 E2218.12007
G1 X85.786 Y100.836 E2218.34427
G1 X82.804 Y104.065 E2218.54894
G1 X80.337 Y107.195 E2218.73451
G1 X78.484 Y110.222 E2218.89977
G1 X77.319 Y113.136 E2219.0459
G1 X76.882 Y116.184 E2219.18928
G1 X76.82 Y116.764 E2219.21644
G1 X76.725 Y118.705 E2219.30693
G1 X76.914 Y121.387 E2219.43213
G1 X77.655 Y124.286 E2219.57146
G1 X79.223 Y126.926 E2219.71444
G1 X81.897 Y128.855 E2219.86796
G1 X85.972 Y129.609 E2220.06093
G1 X87.535 Y129.37 E2220.13456
G1 X88.967 Y128.729 E2220.20762
G1 X90.218 Y127.83 E2220.27935
G1 X91.272 Y126.779 E2220.34866
G1 X91.485 Y126.499 E2220.36504
G1 F1242.2 X91.66 Y126.131 E2220.38795
G1 F1098.9 X91.998 Y125.716 E2220.42197
G1 F1250 X92.533 Y124.845 E2220.47909
G1 F1456.3 X92.633 Y124.62 E2220.4909
G1 F1522.8 X92.729 Y124.54 E2220.49663
G1 F1515.2 X93.098 Y124.54 E2220.51364
G1 F1526.7 X93.194 Y124.62 E2220.51936
G1 F1449.3 X93.292 Y124.847 E2220.53127
G1 F1293.1 X93.678 Y125.487 E2220.57164
G1 F1176.5 X93.826 Y125.716 E2220.58783
G1 F1098.9 X94.163 Y126.13 E2220.62176
G1 F1242.2 X94.338 Y126.498 E2220.64467
G1 F1500 X94.551 Y126.78 E2220.66113
G1 X95.606 Y127.831 E2220.73047
G1 X96.857 Y128.729 E2220.80217
G1 X98.293 Y129.37 E2220.8754
G1 X99.852 Y129.609 E2220.94884
G0 F9000 X99.85 Y129.298
G0 X98.288 Y128.592
G0 X98.203 Y128.783
;TYPE:FILL
G1 F3000 X98.357 Y128.206 E2220.97665
G0 F9000 X98.326 Y128.414
G0 X99.16 Y128.484
G0 X102.991 Y127.881
G0 X102.951 Y127.653
G1 F3000 X103.706 Y128.408 E2221.02637
G1 F1500 E2214.52637
G0 F9000 X103.648 Y128.19
G0 X107.94 Y124.189
G0 X108.668 Y116.025
G0 X107.118 Y110.329
G0 X102.831 Y104.223
G0 X92.914 Y94.419
G0 X82.997 Y104.223
G0 X78.71 Y110.329
G0 X77.07 Y116.769
G0 X77.16 Y121.347
G0 X81.077 Y127.24
G0 X87.22 Y128.7
G0 X87.254 Y128.927
G1 F1500 E2221.02637
G1 F3000 X86.63 Y128.303 E2221.06746
G0 F9000 X85.934 Y128.206
G1 F3000 X85.702 Y129.072 E2221.10921
G0 F9000 X85.744 Y128.845
G0 X82.465 Y127.751
G0 X79.671 Y125.784
G0 X79.176 Y125.088
G0 X79.372 Y124.969
G1 F3000 X78.723 Y125.143 E2221.14049
G1 F1500 E2214.64049
;MESH:NONMESH
G0 F300 X78.723 Y125.143 Z9.52
G0 F9000 X78.921 Y125.026
G0 X77.707 Y120.243
G0 X77.529 Y117.772
G0 X77.617 Y115.97
G0 X78.091 Y112.646
G0 X79.202 Y109.927
G0 X80.94 Y107.162
G0 X83.223 Y104.332
G0 X85.456 Y101.974
G0 X92.465 Y95.14
;TIME_ELAPSED:2530.187063
;LAYER:33
;TYPE:WALL-INNER
;MESH:tmpnqf7468lheart_box.stl
G1 F1500 E2221.14049
G1 F1134.2 X91.002 Y96.464 E2221.262
G1 F1192.8 X89.54 Y97.789 E2221.37754
G1 F1263.2 X89.024 Y98.27 E2221.41654
G1 F1357.5 X87.455 Y99.788 E2221.52887
G1 F1477.8 X85.886 Y101.306 E2221.63205
G1 F1648.4 X83.116 Y104.27 E2221.80396
G1 F1869.2 X80.875 Y107.078 E2221.9382
G1 F1863.4 X80.641 Y107.407 E2221.95334
G1 F1851.9 X79.132 Y109.838 E2222.06126
G1 F1699.7 X78.842 Y110.402 E2222.08732
G1 F1511.3 X77.944 Y112.636 E2222.19859
G1 F1284.8 X77.776 Y113.258 E2222.23362
G1 F1119.4 X77.509 Y115.09 E2222.34913
G1 F1111.1 X77.391 Y115.964 E2222.40457
G1 F1039.9 X77.322 Y116.803 E2222.46112
G1 F982 X77.275 Y117.819 E2222.53346
G1 F934.6 X77.279 Y118.241 E2222.565
G0 F9000 X77.707 Y120.243
G0 X78.423 Y122.966
G0 X79.969 Y125.505
G0 X82.623 Y127.373
G0 X85.986 Y128.891
G0 X85.978 Y129.204
G1 F1500 X87.421 Y128.983 E2222.63297
G1 F1327.4 X88.299 Y128.534 E2222.68486
G1 F1214.6 X88.746 Y128.344 E2222.71279
G1 F1425.2 X89.765 Y127.69 E2222.77213
G1 F1321.6 X89.91 Y127.467 E2222.78619
G1 F990.1 X89.986 Y127.314 E2222.79824
G1 F1181.1 X89.59 Y127.381 E2222.822
G1 F1542.4 X88.391 Y127.98 E2222.88269
G1 F1298.7 X88.16 Y128.056 E2222.89577
G1 F1327.4 X87.236 Y128.142 E2222.9446
G1 F1500 X86.575 Y128.241 E2222.97572
G1 X82.576 Y127.518 E2223.16495
G1 X79.855 Y125.612 E2223.31964
G1 X78.738 Y123.772 E2223.41987
G1 F1395.3 X78.251 Y123.026 E2223.46447
G1 F1310 X77.782 Y121.226 E2223.56364
G1 F1459.9 X77.586 Y120.309 E2223.6085
G1 F1657.5 X77.462 Y118.629 E2223.67949
G1 F1171.9 X77.279 Y118.241 E2223.70506
G1 X77.106 Y118.633 E2223.7306
G1 F1657.5 X77.225 Y120.365 E2223.80376
G1 F1459.9 X77.337 Y121.319 E2223.84972
G1 F1301.5 X77.824 Y123.197 E2223.95383
G1 F1382.5 X78.029 Y124.131 E2224.00214
G1 F1500 X79.525 Y126.65 E2224.13856
G1 X82.058 Y128.478 E2224.28402
G1 X85.978 Y129.204 E2224.46965
G0 F9000 X85.986 Y128.891
G0 X89.986 Y127.314
G1 F990.1 X90.47 Y126.908 E2224.51422
G1 F1204.8 X90.954 Y126.501 E2224.55088
G1 F1435.4 X91.17 Y126.26 E2224.56663
G1 F1500 E2218.06663
G0 F9000 X92.376 Y124.675
G0 X92.95 Y123.878
G0 X92.957 Y124.168
G1 F1500 E2224.56663
G1 F1734.1 X92.892 Y124.131 E2224.56964
G1 X92.893 Y124.205 E2224.57262
G1 X92.957 Y124.168 E2224.5756
G1 F1500 E2218.0756
G0 F9000 X92.95 Y123.878
G0 X93.451 Y124.673
G0 X94.654 Y126.26
G1 F1500 E2224.5756
G1 F1435.4 X94.87 Y126.501 E2224.59135
G1 F1204.8 X95.35 Y126.904 E2224.62768
G1 F993.4 X95.831 Y127.308 E2224.67185
G0 F9000 X99.843 Y128.891
G0 X99.846 Y129.204
G1 F1500 X103.766 Y128.478 E2224.85748
G1 X106.299 Y126.65 E2225.00294
G1 X107.796 Y124.131 E2225.13938
G1 F1421.8 X107.985 Y123.304 E2225.18106
G1 F1321.6 X108.002 Y123.198 E2225.18673
G1 F1310 X108.491 Y121.319 E2225.29025
G1 F1470.6 X108.602 Y120.363 E2225.33596
G1 F1666.7 X108.719 Y118.666 E2225.40724
G1 F1174.2 X108.546 Y118.274 E2225.43273
G1 X108.365 Y118.662 E2225.4582
G1 F1676 X108.251 Y120.265 E2225.52517
G1 F1474.2 X108.047 Y121.225 E2225.57167
G1 F1310 X107.566 Y123.045 E2225.67204
G1 F1388.9 X107.09 Y123.773 E2225.71578
G1 F1500 X105.974 Y125.61 E2225.81587
G1 X103.265 Y127.516 E2225.9701
G1 X99.249 Y128.241 E2226.16013
G1 X98.592 Y128.143 E2226.19106
G1 F1342.3 X97.602 Y128.04 E2226.24285
G1 F1227 X97.295 Y127.911 E2226.26181
G1 F1428.6 X96.225 Y127.376 E2226.3203
G1 F1185.8 X95.83 Y127.307 E2226.34392
G1 F1000 X95.908 Y127.465 E2226.35623
G1 F1333.3 X96.05 Y127.683 E2226.36985
G1 F1428.6 X97.078 Y128.344 E2226.42961
G1 F1227 X97.442 Y128.503 E2226.45222
G1 F1239.7 X97.519 Y128.548 E2226.45725
G1 F1376.1 X98.407 Y128.982 E2226.50741
G1 F1500 X99.846 Y129.204 E2226.57521
G0 F9000 X99.843 Y128.891
G0 X103.206 Y127.373
G0 X105.86 Y125.505
G0 X107.406 Y122.966
G0 X107.812 Y121.422
G0 X108.546 Y118.274
G1 F943.4 X108.55 Y117.733 E2226.61526
G1 F988.5 X108.503 Y116.783 E2226.68247
G1 F1041.7 X108.431 Y115.963 E2226.73767
G1 F1109.1 X108.049 Y113.258 E2226.90972
G1 F1295.9 X107.882 Y112.637 E2226.94438
G1 F1522.8 X106.982 Y110.402 E2227.05488
G1 F1680.7 X106.739 Y109.921 E2227.07728
G1 F1840.5 X105.184 Y107.406 E2227.18949
G1 F1875 X104.991 Y107.131 E2227.20201
G1 X102.711 Y104.271 E2227.33826
G1 F1709.4 X101.335 Y102.799 E2227.42059
G1 F1591.5 X99.959 Y101.326 E2227.50905
G1 F1500 X99.734 Y101.098 E2227.52397
G1 F1385.7 X96.818 Y98.285 E2227.7282
G1 F1268.5 X96.277 Y97.78 E2227.76895
G1 F1192.8 X94.818 Y96.46 E2227.88415
G1 F1134.2 X93.358 Y95.139 E2228.0054
G0 F9000 X93.359 Y95.14
G1 F1312.9 X93.038 Y94.732 E2228.03302
G1 F1612.9 X92.912 Y94.616 E2228.04044
G1 X92.787 Y94.731 E2228.04779
G1 F1312.9 X92.465 Y95.14 E2228.07549
G1 X92.912 Y95.054 E2228.0997
G1 X93.359 Y95.14 E2228.12392
G1 F1500 E2221.62392
G0 F9000 X99.848 Y101.421
G0 X102.606 Y104.332
G0 X104.889 Y107.162
G0 X106.627 Y109.927
G0 X107.738 Y112.646
G0 X108.211 Y115.97
G0 X108.3 Y117.772
G0 X108.122 Y120.243
G0 X107.406 Y122.966
G0 X105.86 Y125.505
G0 X103.206 Y127.373
G0 X99.299 Y128.139
G0 X99.245 Y127.832
;TYPE:WALL-OUTER
G1 F1500 E2228.12392
G1 X97.711 Y127.606 E2228.19612
G1 X96.3 Y126.992 E2228.26777
G1 X95.1 Y126.144 E2228.33619
G1 X94.93 Y125.978 E2228.34726
G1 F1242.2 X94.587 Y125.758 E2228.37017
G1 F1127.8 X94.102 Y125.239 E2228.41416
G1 F1282.1 X93.668 Y124.633 E2228.45477
G1 F1449.3 X93.542 Y124.435 E2228.46608
G1 F1522.8 X93.367 Y124.21 E2228.47915
G1 F1507.5 X92.914 Y123.412 E2228.52167
G1 X92.461 Y124.21 E2228.56418
G1 F1515.2 X92.286 Y124.433 E2228.57725
G1 F1449.3 X92.161 Y124.629 E2228.58845
G1 F1287.6 X91.722 Y125.239 E2228.62922
G1 F1127.8 X91.238 Y125.758 E2228.67317
G1 F1242.2 X90.895 Y125.977 E2228.69605
G1 F1500 X90.721 Y126.147 E2228.70738
G1 X89.524 Y126.992 E2228.77561
G1 X88.121 Y127.606 E2228.84692
G1 X86.581 Y127.835 E2228.91941
G1 X82.725 Y127.138 E2229.10188
G1 X80.154 Y125.332 E2229.24818
G1 X78.657 Y122.867 E2229.38247
G1 X77.957 Y120.217 E2229.51009
G1 X77.78 Y117.758 E2229.62489
G1 X77.865 Y115.97 E2229.70824
G1 X77.97 Y115.158 E2229.74637
G1 X78.332 Y112.718 E2229.86123
G1 X79.414 Y110.056 E2229.99503
G1 X81.148 Y107.298 E2230.14673
G1 X83.414 Y104.49 E2230.31474
G1 X86.157 Y101.591 E2230.50058
G1 X89.31 Y98.59 E2230.70327
G1 X92.778 Y95.49 E2230.91987
G1 X92.912 Y95.44 E2230.92653
G1 X93.046 Y95.49 E2230.93318
G1 X96.523 Y98.595 E2231.15025
G1 X99.674 Y101.598 E2231.35293
G1 X102.424 Y104.502 E2231.53916
G1 X104.694 Y107.317 E2231.70755
G1 X106.394 Y110.025 E2231.85644
G1 X107.496 Y112.718 E2231.99193
G1 X107.85 Y115.161 E2232.10687
G1 X107.959 Y115.969 E2232.14483
G1 X108.048 Y117.783 E2232.2294
G1 X107.87 Y120.219 E2232.34314
G1 X107.172 Y122.867 E2232.47065
G1 X105.677 Y125.323 E2232.60453
G1 X103.114 Y127.133 E2232.75064
G1 X99.245 Y127.832 E2232.93371
G1 F1500 E2226.43371
G0 F9000 X99.299 Y128.139
G0 X99.85 Y129.298
G0 X99.852 Y129.609
G1 F1500 E2232.93371
G1 X103.927 Y128.855 E2233.12668
G1 X106.601 Y126.926 E2233.28021
G1 X108.169 Y124.286 E2233.42319
G1 X108.913 Y121.387 E2233.56255
G1 X109.099 Y118.705 E2233.68774
G1 X109.006 Y116.759 E2233.77845
G1 X108.938 Y116.174 E2233.80588
G1 X108.505 Y113.137 E2233.94872
G1 X107.34 Y110.222 E2234.0949
G1 X105.487 Y107.195 E2234.26016
G1 X103.002 Y104.044 E2234.44702
G1 X100.017 Y100.809 E2234.65198
G1 X96.588 Y97.462 E2234.87511
G1 X92.912 Y94.092 E2235.10732
G1 X89.229 Y97.47 E2235.34003
G1 X85.786 Y100.836 E2235.56423
G1 X82.804 Y104.065 E2235.7689
G1 X80.337 Y107.195 E2235.95447
G1 X78.484 Y110.222 E2236.11973
G1 X77.319 Y113.136 E2236.26586
G1 X76.882 Y116.184 E2236.40924
G1 X76.82 Y116.764 E2236.4364
G1 X76.725 Y118.705 E2236.52689
G1 X76.914 Y121.387 E2236.65209
G1 X77.655 Y124.286 E2236.79142
G1 X79.223 Y126.926 E2236.9344
G1 X81.897 Y128.855 E2237.08793
G1 X85.972 Y129.609 E2237.28089
G1 X87.535 Y129.37 E2237.35452
G1 X88.967 Y128.729 E2237.42758
G1 X90.218 Y127.83 E2237.49931
G1 X91.272 Y126.779 E2237.56862
G1 X91.485 Y126.499 E2237.585
G1 F1242.2 X91.66 Y126.131 E2237.60791
G1 F1098.9 X91.998 Y125.716 E2237.64193
G1 F1250 X92.533 Y124.845 E2237.69905
G1 F1456.3 X92.633 Y124.62 E2237.71086
G1 F1522.8 X92.729 Y124.54 E2237.71659
G1 F1515.2 X93.098 Y124.54 E2237.7336
G1 F1526.7 X93.194 Y124.62 E2237.73932
G1 F1449.3 X93.292 Y124.847 E2237.75123
G1 F1293.1 X93.678 Y125.487 E2237.7916
G1 F1176.5 X93.826 Y125.716 E2237.80779
G1 F1098.9 X94.163 Y126.13 E2237.84172
G1 F1242.2 X94.338 Y126.498 E2237.86463
G1 F1500 X94.551 Y126.78 E2237.88109
G1 X95.606 Y127.831 E2237.95043
G1 X96.857 Y128.729 E2238.02213
G1 X98.293 Y129.37 E2238.09536
G1 X99.852 Y129.609 E2238.1688
G0 F9000 X99.85 Y129.298
G0 X98.102 Y128.51
G0 X98.023 Y128.687
;TYPE:FILL
G1 F3000 X98.156 Y128.193 E2238.19262
G0 F9000 X98.127 Y128.384
G0 X99.14 Y128.481
G0 X103.224 Y127.839
G0 X103.183 Y127.605
G1 F3000 X103.877 Y128.299 E2238.23832
G1 F1500 E2231.73832
G0 F9000 X103.746 Y128.115
G0 X107.94 Y124.189
G0 X108.668 Y116.025
G0 X107.118 Y110.329
G0 X102.831 Y104.223
G0 X92.914 Y94.419
G0 X82.997 Y104.223
G0 X78.71 Y110.329
G0 X77.07 Y116.769
G0 X77.16 Y121.347
G0 X81.077 Y127.24
G0 X87.383 Y128.662
G0 X87.472 Y128.865
G1 F1500 E2238.23832
G1 F3000 X86.883 Y128.276 E2238.27711
G0 F9000 X86.916 Y128.503
G0 X85.698 Y128.396
G0 X85.738 Y128.171
G1 F3000 X85.507 Y129.036 E2238.3188
G0 F9000 X85.549 Y128.809
G0 X82.465 Y127.751
G0 X79.671 Y125.784
G0 X79.283 Y125.264
G0 X79.479 Y125.145
G1 F3000 X78.828 Y125.32 E2238.35019
G1 F1500 E2231.85019
;MESH:NONMESH
G0 F300 X78.828 Y125.32 Z9.8
G0 F9000 X79.026 Y125.203
G0 X77.707 Y120.243
G0 X77.529 Y117.772
G0 X77.617 Y115.97
G0 X78.091 Y112.646
G0 X79.202 Y109.927
G0 X80.94 Y107.162
G0 X83.223 Y104.332
G0 X85.456 Y101.974
G0 X92.465 Y95.14
;TIME_ELAPSED:2555.089413
;LAYER:34
;TYPE:WALL-INNER
;MESH:tmpnqf7468lheart_box.stl
G1 F1500 E2238.35019
G1 F1134.2 X91.002 Y96.464 E2238.4717
G1 F1192.8 X89.54 Y97.789 E2238.58723
G1 F1263.2 X89.01 Y98.284 E2238.62733
G1 F1345.3 X87.545 Y99.697 E2238.73301
G1 F1435.4 X86.08 Y101.11 E2238.83205
G1 F1519 X85.865 Y101.328 E2238.84613
G1 F1652.9 X83.116 Y104.27 E2239.01627
G1 F1857.6 X80.836 Y107.13 E2239.1538
G1 F1851.9 X80.641 Y107.407 E2239.16658
G1 X79.132 Y109.838 E2239.2745
G1 F1699.7 X78.842 Y110.402 E2239.30056
G1 F1511.3 X77.944 Y112.636 E2239.41183
G1 F1284.8 X77.776 Y113.258 E2239.44686
G1 F1119.4 X77.507 Y115.103 E2239.56319
G1 F1111.1 X77.391 Y115.964 E2239.61781
G1 F1039.9 X77.322 Y116.803 E2239.67435
G1 F982 X77.275 Y117.819 E2239.74669
G1 F934.6 X77.279 Y118.241 E2239.77823
G0 F9000 X77.707 Y120.243
G0 X78.423 Y122.966
G0 X79.969 Y125.505
G0 X82.623 Y127.373
G0 X85.986 Y128.891
G0 X85.978 Y129.204
G1 F1500 X87.421 Y128.983 E2239.84621
G1 F1327.4 X88.299 Y128.534 E2239.8981
G1 F1214.6 X88.746 Y128.344 E2239.92603
G1 F1425.2 X89.765 Y127.69 E2239.98537
G1 F1321.6 X89.91 Y127.467 E2239.99943
G1 F990.1 X89.986 Y127.314 E2240.01148
G1 F1181.1 X89.59 Y127.381 E2240.03523
G1 F1542.4 X88.391 Y127.98 E2240.09592
G1 F1298.7 X88.16 Y128.056 E2240.109
G1 F1327.4 X87.236 Y128.142 E2240.15783
G1 F1500 X86.575 Y128.241 E2240.18895
G1 X82.576 Y127.518 E2240.37818
G1 X79.855 Y125.612 E2240.53288
G1 X78.738 Y123.772 E2240.63311
G1 F1395.3 X78.251 Y123.026 E2240.6777
G1 F1310 X77.782 Y121.226 E2240.77687
G1 F1459.9 X77.586 Y120.309 E2240.82174
G1 F1657.5 X77.462 Y118.629 E2240.89273
G1 F1171.9 X77.279 Y118.241 E2240.9183
G1 X77.106 Y118.633 E2240.94383
G1 F1657.5 X77.225 Y120.365 E2241.01699
G1 F1459.9 X77.337 Y121.319 E2241.06295
G1 F1301.5 X77.824 Y123.197 E2241.16707
G1 F1382.5 X78.029 Y124.131 E2241.21538
G1 F1500 X79.525 Y126.65 E2241.3518
G1 X82.058 Y128.478 E2241.49725
G1 X85.978 Y129.204 E2241.68289
G0 F9000 X85.986 Y128.891
G0 X89.986 Y127.314
G1 F990.1 X90.47 Y126.908 E2241.72745
G1 F1204.8 X90.954 Y126.501 E2241.76412
G1 F1435.4 X91.17 Y126.26 E2241.77986
G1 F1500 E2235.27986
G0 F9000 X92.376 Y124.675
G0 X92.95 Y123.878
G0 X92.957 Y124.168
G1 F1500 E2241.77986
G1 F1734.1 X92.892 Y124.131 E2241.78288
G1 X92.893 Y124.205 E2241.78586
G1 X92.957 Y124.168 E2241.78883
G1 F1500 E2235.28883
G0 F9000 X92.95 Y123.878
G0 X93.451 Y124.673
G0 X94.654 Y126.26
G1 F1500 E2241.78883
G1 F1435.4 X94.87 Y126.501 E2241.80458
G1 F1204.8 X95.35 Y126.904 E2241.84092
G1 F993.4 X95.831 Y127.308 E2241.88508
G0 F9000 X99.843 Y128.891
G0 X99.846 Y129.204
G1 F1500 X103.766 Y128.478 E2242.07072
G1 X106.299 Y126.65 E2242.21617
G1 X107.796 Y124.131 E2242.35262
G1 F1421.8 X107.985 Y123.304 E2242.39429
G1 F1321.6 X108.002 Y123.198 E2242.39996
G1 F1310 X108.491 Y121.319 E2242.50348
G1 F1470.6 X108.602 Y120.363 E2242.54919
G1 F1666.7 X108.719 Y118.666 E2242.62048
G1 F1174.2 X108.546 Y118.274 E2242.64597
G1 X108.365 Y118.662 E2242.67144
G1 F1676 X108.251 Y120.265 E2242.73841
G1 F1474.2 X108.047 Y121.225 E2242.78491
G1 F1310 X107.566 Y123.045 E2242.88528
G1 F1388.9 X107.09 Y123.773 E2242.92902
G1 F1500 X105.974 Y125.61 E2243.0291
G1 X103.265 Y127.516 E2243.18334
G1 X99.249 Y128.241 E2243.37336
G1 X98.592 Y128.143 E2243.4043
G1 F1342.3 X97.602 Y128.04 E2243.45609
G1 F1227 X97.295 Y127.911 E2243.47504
G1 F1428.6 X96.225 Y127.376 E2243.53353
G1 F1185.8 X95.83 Y127.307 E2243.55715
G1 F1000 X95.908 Y127.465 E2243.56946
G1 F1333.3 X96.05 Y127.683 E2243.58309
G1 F1428.6 X97.078 Y128.344 E2243.64284
G1 F1227 X97.442 Y128.503 E2243.66546
G1 F1239.7 X97.519 Y128.548 E2243.67048
G1 F1376.1 X98.407 Y128.982 E2243.72065
G1 F1500 X99.846 Y129.204 E2243.78844
G0 F9000 X99.843 Y128.891
G0 X103.206 Y127.373
G0 X105.86 Y125.505
G0 X107.406 Y122.966
G0 X107.812 Y121.422
G0 X108.546 Y118.274
G1 F943.4 X108.55 Y117.733 E2243.8285
G1 F988.5 X108.503 Y116.783 E2243.89571
G1 F1041.7 X108.431 Y115.963 E2243.9509
G1 F1109.1 X108.049 Y113.258 E2244.12295
G1 F1295.9 X107.882 Y112.637 E2244.15761
G1 F1522.8 X106.982 Y110.402 E2244.26812
G1 F1699.7 X106.692 Y109.838 E2244.29418
G1 F1863.4 X105.184 Y107.406 E2244.40144
G1 F1880.9 X104.952 Y107.079 E2244.41633
G1 X102.711 Y104.271 E2244.54975
G1 F1709.4 X101.325 Y102.788 E2244.63268
G1 F1591.5 X99.939 Y101.305 E2244.72177
G1 F1500 X99.734 Y101.098 E2244.73533
G1 F1385.7 X96.803 Y98.271 E2244.9406
G1 F1268.5 X96.277 Y97.78 E2244.98022
G1 F1192.8 X94.818 Y96.46 E2245.09542
G1 F1134.2 X93.358 Y95.139 E2245.21667
G0 F9000 X93.359 Y95.14
G1 F1312.9 X93.038 Y94.732 E2245.24429
G1 F1612.9 X92.912 Y94.616 E2245.2517
G1 X92.787 Y94.731 E2245.25906
G1 F1312.9 X92.465 Y95.14 E2245.28675
G1 X92.912 Y95.054 E2245.31097
G1 X93.359 Y95.14 E2245.33519
G1 F1500 E2238.83519
G0 F9000 X99.848 Y101.421
G0 X102.606 Y104.332
G0 X104.889 Y107.162
G0 X106.627 Y109.927
G0 X107.738 Y112.646
G0 X108.211 Y115.97
G0 X108.3 Y117.772
G0 X108.122 Y120.243
G0 X107.406 Y122.966
G0 X105.86 Y125.505
G0 X103.206 Y127.373
G0 X99.299 Y128.139
G0 X99.245 Y127.832
;TYPE:WALL-OUTER
G1 F1500 E2245.33519
G1 X97.711 Y127.606 E2245.40739
G1 X96.3 Y126.992 E2245.47904
G1 X95.1 Y126.144 E2245.54746
G1 X94.93 Y125.978 E2245.55852
G1 F1242.2 X94.587 Y125.758 E2245.58144
G1 F1127.8 X94.102 Y125.239 E2245.62543
G1 F1282.1 X93.668 Y124.633 E2245.66604
G1 F1449.3 X93.542 Y124.435 E2245.67735
G1 F1522.8 X93.367 Y124.21 E2245.69042
G1 F1507.5 X92.914 Y123.412 E2245.73293
G1 X92.461 Y124.21 E2245.77545
G1 F1515.2 X92.286 Y124.433 E2245.78852
G1 F1449.3 X92.161 Y124.629 E2245.79972
G1 F1287.6 X91.722 Y125.239 E2245.84049
G1 F1127.8 X91.238 Y125.758 E2245.88444
G1 F1242.2 X90.895 Y125.977 E2245.90732
G1 F1500 X90.721 Y126.147 E2245.91865
G1 X89.524 Y126.992 E2245.98687
G1 X88.121 Y127.606 E2246.05819
G1 X86.581 Y127.835 E2246.13068
G1 X82.725 Y127.138 E2246.31314
G1 X80.154 Y125.332 E2246.45944
G1 X78.657 Y122.867 E2246.59373
G1 X77.957 Y120.217 E2246.72136
G1 X77.78 Y117.758 E2246.83616
G1 X77.865 Y115.97 E2246.91951
G1 X77.97 Y115.158 E2246.95763
G1 X78.332 Y112.718 E2247.0725
G1 X79.414 Y110.056 E2247.2063
G1 X81.148 Y107.298 E2247.35799
G1 X83.414 Y104.49 E2247.52601
G1 X86.157 Y101.591 E2247.71185
G1 X89.31 Y98.59 E2247.91454
G1 X92.778 Y95.49 E2248.13113
G1 X92.912 Y95.44 E2248.13779
G1 X93.046 Y95.49 E2248.14445
G1 X96.523 Y98.595 E2248.36152
G1 X99.674 Y101.598 E2248.5642
G1 X102.424 Y104.502 E2248.75043
G1 X104.694 Y107.317 E2248.91882
G1 X106.394 Y110.025 E2249.0677
G1 X107.496 Y112.718 E2249.20319
G1 X107.85 Y115.161 E2249.31814
G1 X107.959 Y115.969 E2249.3561
G1 X108.048 Y117.783 E2249.44067
G1 X107.87 Y120.219 E2249.5544
G1 X107.172 Y122.867 E2249.68192
G1 X105.677 Y125.323 E2249.8158
G1 X103.114 Y127.133 E2249.9619
G1 X99.245 Y127.832 E2250.14498
G1 F1500 E2243.64498
G0 F9000 X99.299 Y128.139
G0 X99.85 Y129.298
G0 X99.852 Y129.609
G1 F1500 E2250.14498
G1 X103.927 Y128.855 E2250.33795
G1 X106.601 Y126.926 E2250.49148
G1 X108.169 Y124.286 E2250.63445
G1 X108.913 Y121.387 E2250.77382
G1 X109.099 Y118.705 E2250.899
G1 X109.006 Y116.759 E2250.98972
G1 X108.938 Y116.174 E2251.01714
G1 X108.505 Y113.137 E2251.15999
G1 X107.34 Y110.222 E2251.30616
G1 X105.487 Y107.195 E2251.47143
G1 X103.002 Y104.044 E2251.65829
G1 X100.017 Y100.809 E2251.86325
G1 X96.588 Y97.462 E2252.08637
G1 X92.912 Y94.092 E2252.31859
G1 X89.229 Y97.47 E2252.55129
G1 X85.786 Y100.836 E2252.7755
G1 X82.804 Y104.065 E2252.98016
G1 X80.337 Y107.195 E2253.16574
G1 X78.484 Y110.222 E2253.331
G1 X77.319 Y113.136 E2253.47713
G1 X76.882 Y116.184 E2253.62051
G1 X76.82 Y116.764 E2253.64767
G1 X76.725 Y118.705 E2253.73816
G1 X76.914 Y121.387 E2253.86336
G1 X77.655 Y124.286 E2254.00269
G1 X79.223 Y126.926 E2254.14566
G1 X81.897 Y128.855 E2254.29919
G1 X85.972 Y129.609 E2254.49216
G1 X87.535 Y129.37 E2254.56579
G1 X88.967 Y128.729 E2254.63884
G1 X90.218 Y127.83 E2254.71058
G1 X91.272 Y126.779 E2254.77989
G1 X91.485 Y126.499 E2254.79627
G1 F1242.2 X91.66 Y126.131 E2254.81918
G1 F1098.9 X91.998 Y125.716 E2254.8532
G1 F1250 X92.533 Y124.845 E2254.91032
G1 F1456.3 X92.633 Y124.62 E2254.92212
G1 F1522.8 X92.729 Y124.54 E2254.92786
G1 F1515.2 X93.098 Y124.54 E2254.94487
G1 F1526.7 X93.194 Y124.62 E2254.95058
G1 F1449.3 X93.292 Y124.847 E2254.9625
G1 F1293.1 X93.678 Y125.487 E2255.00287
G1 F1176.5 X93.826 Y125.716 E2255.01906
G1 F1098.9 X94.163 Y126.13 E2255.05299
G1 F1242.2 X94.338 Y126.498 E2255.0759
G1 F1500 X94.551 Y126.78 E2255.09235
G1 X95.606 Y127.831 E2255.1617
G1 X96.857 Y128.729 E2255.2334
G1 X98.293 Y129.37 E2255.30663
G1 X99.852 Y129.609 E2255.38007
G0 F9000 X99.85 Y129.298
G0 X97.917 Y128.427
G0 X97.844 Y128.591
;TYPE:FILL
G1 F3000 X97.955 Y128.178 E2255.39998
G0 F9000 X97.929 Y128.354
G0 X99.121 Y128.478
G0 X103.518 Y127.717
G0 X103.387 Y127.529
G1 F3000 X104.039 Y128.181 E2255.44292
G1 F1500 E2248.94292
G0 F9000 X103.908 Y127.998
G0 X107.94 Y124.189
G0 X108.668 Y116.025
G0 X107.118 Y110.329
G0 X102.831 Y104.223
G0 X92.914 Y94.419
G0 X82.997 Y104.223
G0 X78.71 Y110.329
G0 X77.07 Y116.769
G0 X77.16 Y121.347
G0 X81.077 Y127.24
G0 X87.569 Y128.579
G0 X87.649 Y128.762
G1 F1500 E2255.44292
G1 F3000 X87.127 Y128.239 E2255.47733
G0 F9000 X87.16 Y128.466
G0 X86.829 Y128.481
G0 X85.502 Y128.36
G0 X85.543 Y128.135
G1 F3000 X85.311 Y129 E2255.51903
G0 F9000 X85.353 Y128.773
G0 X82.465 Y127.751
G0 X79.671 Y125.784
G0 X79.39 Y125.441
G0 X79.586 Y125.322
G1 F3000 X78.933 Y125.497 E2255.55051
G1 F1500 E2249.05051
;MESH:NONMESH
G0 F300 X78.933 Y125.497 Z10.08
G0 F9000 X79.131 Y125.38
G0 X77.707 Y120.243
G0 X77.529 Y117.772
G0 X77.617 Y115.97
G0 X78.091 Y112.646
G0 X79.202 Y109.927
G0 X80.94 Y107.162
G0 X83.223 Y104.332
G0 X85.456 Y101.974
G0 X92.465 Y95.14
;TIME_ELAPSED:2580.007085
;LAYER:35
;TYPE:WALL-INNER
;MESH:tmpnqf7468lheart_box.stl
G1 F1500 E2255.55051
G1 F1134.2 X91.002 Y96.464 E2255.67202
G1 F1192.8 X89.54 Y97.789 E2255.78755
G1 F1263.2 X89.024 Y98.27 E2255.82655
G1 F1357.5 X87.455 Y99.788 E2255.93888
G1 F1477.8 X85.886 Y101.306 E2256.04207
G1 F1648.4 X83.116 Y104.27 E2256.21397
G1 F1869.2 X80.875 Y107.078 E2256.34822
G1 F1863.4 X80.641 Y107.407 E2256.36335
G1 F1851.9 X79.132 Y109.838 E2256.47127
G1 F1699.7 X78.842 Y110.402 E2256.49733
G1 F1511.3 X77.944 Y112.636 E2256.6086
G1 F1284.8 X77.776 Y113.258 E2256.64363
G1 F1119.4 X77.509 Y115.09 E2256.75915
G1 F1111.1 X77.391 Y115.964 E2256.81459
G1 F1039.9 X77.322 Y116.803 E2256.87113
G1 F982 X77.275 Y117.819 E2256.94347
G1 F934.6 X77.279 Y118.241 E2256.97501
G0 F9000 X77.707 Y120.243
G0 X78.423 Y122.966
G0 X79.969 Y125.505
G0 X82.623 Y127.373
G0 X85.986 Y128.891
G0 X85.978 Y129.204
G1 F1500 X87.421 Y128.983 E2257.04299
G1 F1327.4 X88.299 Y128.534 E2257.09488
G1 F1214.6 X88.746 Y128.344 E2257.12281
G1 F1425.2 X89.765 Y127.69 E2257.18215
G1 F1321.6 X89.91 Y127.467 E2257.19621
G1 F990.1 X89.986 Y127.314 E2257.20826
G1 F1181.1 X89.59 Y127.381 E2257.23201
G1 F1542.4 X88.391 Y127.98 E2257.2927
G1 F1298.7 X88.16 Y128.056 E2257.30578
G1 F1327.4 X87.236 Y128.142 E2257.35461
G1 F1500 X86.575 Y128.241 E2257.38573
G1 X82.576 Y127.518 E2257.57496
G1 X79.855 Y125.612 E2257.72965
G1 X78.738 Y123.772 E2257.82988
G1 F1395.3 X78.251 Y123.026 E2257.87448
G1 F1310 X77.782 Y121.226 E2257.97365
G1 F1459.9 X77.586 Y120.309 E2258.01852
G1 F1657.5 X77.462 Y118.629 E2258.08951
G1 F1171.9 X77.279 Y118.241 E2258.11507
G1 X77.106 Y118.633 E2258.14061
G1 F1657.5 X77.225 Y120.365 E2258.21377
G1 F1459.9 X77.337 Y121.319 E2258.25973
G1 F1301.5 X77.824 Y123.197 E2258.36385
G1 F1382.5 X78.029 Y124.131 E2258.41216
G1 F1500 X79.525 Y126.65 E2258.54858
G1 X82.058 Y128.478 E2258.69403
G1 X85.978 Y129.204 E2258.87967
G0 F9000 X85.986 Y128.891
G0 X89.986 Y127.314
G1 F990.1 X90.47 Y126.908 E2258.92423
G1 F1204.8 X90.954 Y126.501 E2258.96089
G1 F1435.4 X91.17 Y126.26 E2258.97664
G1 F1500 E2252.47664
G0 F9000 X92.376 Y124.675
G0 X92.95 Y123.878
G0 X92.957 Y124.168
G1 F1500 E2258.97664
G1 F1734.1 X92.892 Y124.131 E2258.97965
G1 X92.893 Y124.205 E2258.98263
G1 X92.957 Y124.168 E2258.98561
G1 F1500 E2252.48561
G0 F9000 X92.95 Y123.878
G0 X93.451 Y124.673
G0 X94.654 Y126.26
G1 F1500 E2258.98561
G1 F1435.4 X94.87 Y126.501 E2259.00136
G1 F1204.8 X95.35 Y126.904 E2259.03769
G1 F993.4 X95.831 Y127.308 E2259.08186
G0 F9000 X99.843 Y128.891
G0 X99.846 Y129.204
G1 F1500 X103.766 Y128.478 E2259.2675
G1 X106.299 Y126.65 E2259.41295
G1 X107.796 Y124.131 E2259.5494
G1 F1421.8 X107.985 Y123.304 E2259.59107
G1 F1321.6 X108.002 Y123.198 E2259.59674
G1 F1310 X108.491 Y121.319 E2259.70026
G1 F1470.6 X108.602 Y120.363 E2259.74597
G1 F1666.7 X108.719 Y118.666 E2259.81726
G1 F1174.2 X108.546 Y118.274 E2259.84275
G1 X108.365 Y118.662 E2259.86821
G1 F1676 X108.251 Y120.265 E2259.93519
G1 F1474.2 X108.047 Y121.225 E2259.98169
G1 F1310 X107.566 Y123.045 E2260.08205
G1 F1388.9 X107.09 Y123.773 E2260.1258
G1 F1500 X105.974 Y125.61 E2260.22588
G1 X103.265 Y127.516 E2260.38012
G1 X99.249 Y128.241 E2260.57014
G1 X98.592 Y128.143 E2260.60107
G1 F1342.3 X97.602 Y128.04 E2260.65287
G1 F1227 X97.295 Y127.911 E2260.67182
G1 F1428.6 X96.225 Y127.376 E2260.73031
G1 F1185.8 X95.83 Y127.307 E2260.75393
G1 F1000 X95.908 Y127.465 E2260.76624
G1 F1333.3 X96.05 Y127.683 E2260.77987
G1 F1428.6 X97.078 Y128.344 E2260.83962
G1 F1227 X97.442 Y128.503 E2260.86223
G1 F1239.7 X97.519 Y128.548 E2260.86726
G1 F1376.1 X98.407 Y128.982 E2260.91742
G1 F1500 X99.846 Y129.204 E2260.98522
G0 F9000 X99.843 Y128.891
G0 X103.206 Y127.373
G0 X105.86 Y125.505
G0 X107.406 Y122.966
G0 X107.812 Y121.422
G0 X108.546 Y118.274
G1 F943.4 X108.55 Y117.733 E2261.02528
G1 F988.5 X108.503 Y116.783 E2261.09249
G1 F1041.7 X108.431 Y115.963 E2261.14768
G1 F1109.1 X108.049 Y113.258 E2261.31973
G1 F1295.9 X107.882 Y112.637 E2261.35439
G1 F1522.8 X106.982 Y110.402 E2261.4649
G1 F1680.7 X106.739 Y109.921 E2261.48729
G1 F1840.5 X105.184 Y107.406 E2261.59951
G1 F1875 X104.991 Y107.131 E2261.61202
G1 X102.711 Y104.271 E2261.74827
G1 F1709.4 X101.335 Y102.799 E2261.83061
G1 F1591.5 X99.959 Y101.326 E2261.91907
G1 F1500 X99.734 Y101.098 E2261.93398
G1 F1385.7 X96.818 Y98.285 E2262.13821
G1 F1268.5 X96.277 Y97.78 E2262.17896
G1 F1192.8 X94.818 Y96.46 E2262.29417
G1 F1134.2 X93.358 Y95.139 E2262.41542
G0 F9000 X93.359 Y95.14
G1 F1312.9 X93.038 Y94.732 E2262.44303
G1 F1612.9 X92.912 Y94.616 E2262.45045
G1 X92.787 Y94.731 E2262.45781
G1 F1312.9 X92.465 Y95.14 E2262.4855
G1 X92.912 Y95.054 E2262.50972
G1 X93.359 Y95.14 E2262.53393
G1 F1500 E2256.03393
G0 F9000 X99.848 Y101.421
G0 X102.606 Y104.332
G0 X104.889 Y107.162
G0 X106.627 Y109.927
G0 X107.738 Y112.646
G0 X108.211 Y115.97
G0 X108.3 Y117.772
G0 X108.122 Y120.243
G0 X107.406 Y122.966
G0 X105.86 Y125.505
G0 X103.206 Y127.373
G0 X99.299 Y128.139
G0 X99.245 Y127.832
;TYPE:WALL-OUTER
G1 F1500 E2262.53393
G1 X97.711 Y127.606 E2262.60613
G1 X96.3 Y126.992 E2262.67779
G1 X95.1 Y126.144 E2262.74621
G1 X94.93 Y125.978 E2262.75727
G1 F1242.2 X94.587 Y125.758 E2262.78018
G1 F1127.8 X94.102 Y125.239 E2262.82417
G1 F1282.1 X93.668 Y124.633 E2262.86478
G1 F1449.3 X93.542 Y124.435 E2262.87609
G1 F1522.8 X93.367 Y124.21 E2262.88917
G1 F1507.5 X92.914 Y123.412 E2262.93168
G1 X92.461 Y124.21 E2262.97419
G1 F1515.2 X92.286 Y124.433 E2262.98726
G1 F1449.3 X92.161 Y124.629 E2262.99847
G1 F1287.6 X91.722 Y125.239 E2263.03923
G1 F1127.8 X91.238 Y125.758 E2263.08318
G1 F1242.2 X90.895 Y125.977 E2263.10607
G1 F1500 X90.721 Y126.147 E2263.11739
G1 X89.524 Y126.992 E2263.18562
G1 X88.121 Y127.606 E2263.25693
G1 X86.581 Y127.835 E2263.32943
G1 X82.725 Y127.138 E2263.51189
G1 X80.154 Y125.332 E2263.65819
G1 X78.657 Y122.867 E2263.79248
G1 X77.957 Y120.217 E2263.92011
G1 X77.78 Y117.758 E2264.03491
G1 X77.865 Y115.97 E2264.11826
G1 X77.97 Y115.158 E2264.15638
G1 X78.332 Y112.718 E2264.27124
G1 X79.414 Y110.056 E2264.40504
G1 X81.148 Y107.298 E2264.55674
G1 X83.414 Y104.49 E2264.72476
G1 X86.157 Y101.591 E2264.9106
G1 X89.31 Y98.59 E2265.11328
G1 X92.778 Y95.49 E2265.32988
G1 X92.912 Y95.44 E2265.33654
G1 X93.046 Y95.49 E2265.3432
G1 X96.523 Y98.595 E2265.56026
G1 X99.674 Y101.598 E2265.76295
G1 X102.424 Y104.502 E2265.94918
G1 X104.694 Y107.317 E2266.11757
G1 X106.394 Y110.025 E2266.26645
G1 X107.496 Y112.718 E2266.40194
G1 X107.85 Y115.161 E2266.51688
G1 X107.959 Y115.969 E2266.55485
G1 X108.048 Y117.758 E2266.63825
G1 X107.87 Y120.219 E2266.75315
G1 X107.172 Y122.867 E2266.88066
G1 X105.677 Y125.323 E2267.01454
G1 X103.114 Y127.133 E2267.16065
G1 X99.245 Y127.832 E2267.34372
G1 F1500 E2260.84372
G0 F9000 X99.299 Y128.139
G0 X99.85 Y129.298
G0 X99.852 Y129.609
G1 F1500 E2267.34372
G1 X103.927 Y128.855 E2267.53669
G1 X106.601 Y126.926 E2267.69022
G1 X108.169 Y124.286 E2267.8332
G1 X108.913 Y121.387 E2267.97256
G1 X109.099 Y118.705 E2268.09775
G1 X109.006 Y116.759 E2268.18847
G1 X108.938 Y116.174 E2268.21589
G1 X108.505 Y113.137 E2268.35873
G1 X107.34 Y110.222 E2268.50491
G1 X105.487 Y107.195 E2268.67017
G1 X103.002 Y104.044 E2268.85703
G1 X100.017 Y100.809 E2269.062
G1 X96.588 Y97.462 E2269.28512
G1 X92.912 Y94.092 E2269.51733
G1 X89.229 Y97.47 E2269.75004
G1 X85.786 Y100.836 E2269.97424
G1 X82.804 Y104.065 E2270.17891
G1 X80.337 Y107.195 E2270.36448
G1 X78.484 Y110.222 E2270.52975
G1 X77.319 Y113.136 E2270.67588
G1 X76.882 Y116.184 E2270.81925
G1 X76.82 Y116.764 E2270.84642
G1 X76.725 Y118.705 E2270.93691
G1 X76.914 Y121.387 E2271.0621
G1 X77.655 Y124.286 E2271.20143
G1 X79.223 Y126.926 E2271.34441
G1 X81.897 Y128.855 E2271.49794
G1 X85.972 Y129.609 E2271.69091
G1 X87.535 Y129.37 E2271.76453
G1 X88.967 Y128.729 E2271.83759
G1 X90.218 Y127.83 E2271.90932
G1 X91.272 Y126.779 E2271.97863
G1 X91.485 Y126.499 E2271.99501
G1 F1242.2 X91.66 Y126.131 E2272.01792
G1 F1098.9 X91.998 Y125.716 E2272.05194
G1 F1250 X92.533 Y124.845 E2272.10906
G1 F1456.3 X92.633 Y124.62 E2272.12087
G1 F1522.8 X92.729 Y124.54 E2272.1266
G1 F1515.2 X93.098 Y124.54 E2272.14361
G1 F1526.7 X93.194 Y124.62 E2272.14933
G1 F1449.3 X93.292 Y124.847 E2272.16124
G1 F1293.1 X93.678 Y125.487 E2272.20161
G1 F1176.5 X93.826 Y125.716 E2272.2178
G1 F1098.9 X94.163 Y126.13 E2272.25173
G1 F1242.2 X94.338 Y126.498 E2272.27464
G1 F1500 X94.551 Y126.78 E2272.2911
G1 X95.606 Y127.831 E2272.36044
G1 X96.857 Y128.729 E2272.43215
G1 X98.293 Y129.37 E2272.50537
G1 X99.852 Y129.609 E2272.57881
G0 F9000 X99.85 Y129.298
G0 X97.732 Y128.345
G0 X97.665 Y128.495
;TYPE:FILL
G1 F3000 X97.753 Y128.165 E2272.59472
G0 F9000 X97.729 Y128.324
G0 X99.253 Y128.492
G0 X103.364 Y127.751
G0 X103.683 Y127.601
G0 X103.552 Y127.414
G1 F3000 X104.202 Y128.064 E2272.63752
G1 F1500 E2266.13752
G0 F9000 X104.071 Y127.881
G0 X107.94 Y124.189
G0 X108.668 Y116.025
G0 X107.118 Y110.329
G0 X102.831 Y104.223
G0 X92.914 Y94.419
G0 X82.997 Y104.223
G0 X78.71 Y110.329
G0 X77.07 Y116.769
G0 X77.16 Y121.347
G0 X81.077 Y127.24
G0 X87.755 Y128.497
G0 X87.826 Y128.659
G1 F1500 E2272.63752
G1 F3000 X87.384 Y128.216 E2272.66666
G0 F9000 X87.414 Y128.428
G0 X86.734 Y128.48
G0 X85.307 Y128.325
G0 X85.348 Y128.099
G1 F3000 X85.116 Y128.964 E2272.70836
G0 F9000 X85.158 Y128.737
G0 X82.465 Y127.751
G0 X79.498 Y125.617
G0 X79.694 Y125.498
G1 F3000 X79.038 Y125.674 E2272.73999
G1 F1500 E2266.23999
;MESH:NONMESH
G0 F300 X79.038 Y125.674 Z10.36
G0 F9000 X79.236 Y125.556
G0 X78.423 Y122.966
G0 X77.707 Y120.243
G0 X77.529 Y117.772
G0 X77.617 Y115.97
G0 X78.091 Y112.646
G0 X79.202 Y109.927
G0 X80.94 Y107.162
G0 X83.223 Y104.332
G0 X85.456 Y101.974
G0 X92.465 Y95.14
;TIME_ELAPSED:2604.928419
;LAYER:36
;TYPE:WALL-INNER
;MESH:tmpnqf7468lheart_box.stl
G1 F1500 E2272.73999
G1 F1134.2 X91.002 Y96.464 E2272.8615
G1 F1192.8 X89.54 Y97.789 E2272.97703
G1 F1263.2 X89.024 Y98.27 E2273.01604
G1 F1357.5 X87.455 Y99.788 E2273.12837
G1 F1477.8 X85.886 Y101.306 E2273.23155
G1 F1648.4 X83.116 Y104.27 E2273.40345
G1 F1869.2 X80.875 Y107.078 E2273.5377
G1 F1863.4 X80.641 Y107.407 E2273.55283
G1 F1851.9 X79.132 Y109.838 E2273.66075
G1 F1699.7 X78.842 Y110.402 E2273.68681
G1 F1511.3 X77.944 Y112.636 E2273.79808
G1 F1284.8 X77.776 Y113.258 E2273.83311
G1 F1119.4 X77.509 Y115.09 E2273.94863
G1 F1111.1 X77.391 Y115.964 E2274.00407
G1 F1039.9 X77.322 Y116.803 E2274.06061
G1 F982 X77.275 Y117.819 E2274.13295
G1 F934.6 X77.279 Y118.241 E2274.16449
G0 F9000 X77.707 Y120.243
G0 X78.423 Y122.966
G0 X79.969 Y125.505
G0 X82.623 Y127.373
G0 X85.986 Y128.891
G0 X85.978 Y129.204
G1 F1500 X87.421 Y128.983 E2274.23247
G1 F1327.4 X88.299 Y128.534 E2274.28436
G1 F1214.6 X88.746 Y128.344 E2274.31229
G1 F1425.2 X89.765 Y127.69 E2274.37163
G1 F1321.6 X89.91 Y127.467 E2274.38569
G1 F990.1 X89.986 Y127.314 E2274.39774
G1 F1181.1 X89.59 Y127.381 E2274.42149
G1 F1542.4 X88.391 Y127.98 E2274.48218
G1 F1298.7 X88.16 Y128.056 E2274.49526
G1 F1327.4 X87.236 Y128.142 E2274.54409
G1 F1500 X86.575 Y128.241 E2274.57521
G1 X82.576 Y127.518 E2274.76444
G1 X79.855 Y125.612 E2274.91914
G1 X78.738 Y123.772 E2275.01937
G1 F1395.3 X78.251 Y123.026 E2275.06396
G1 F1310 X77.782 Y121.226 E2275.16313
G1 F1459.9 X77.586 Y120.309 E2275.208
G1 F1657.5 X77.462 Y118.629 E2275.27899
G1 F1171.9 X77.279 Y118.241 E2275.30456
G1 X77.106 Y118.633 E2275.33009
G1 F1657.5 X77.225 Y120.365 E2275.40325
G1 F1459.9 X77.337 Y121.319 E2275.44921
G1 F1301.5 X77.824 Y123.197 E2275.55333
G1 F1382.5 X78.029 Y124.131 E2275.60164
G1 F1500 X79.525 Y126.65 E2275.73806
G1 X82.058 Y128.478 E2275.88351
G1 X85.978 Y129.204 E2276.06915
G0 F9000 X85.986 Y128.891
G0 X89.986 Y127.314
G1 F990.1 X90.47 Y126.908 E2276.11371
G1 F1204.8 X90.954 Y126.501 E2276.15037
G1 F1435.4 X91.17 Y126.26 E2276.16612
G1 F1500 E2269.66612
G0 F9000 X92.376 Y124.675
G0 X92.95 Y123.878
G0 X92.957 Y124.168
G1 F1500 E2276.16612
G1 F1734.1 X92.892 Y124.131 E2276.16914
G1 X92.893 Y124.205 E2276.17212
G1 X92.957 Y124.168 E2276.17509
G1 F1500 E2269.67509
G0 F9000 X92.95 Y123.878
G0 X93.451 Y124.673
G0 X94.654 Y126.26
G1 F1500 E2276.17509
G1 F1435.4 X94.87 Y126.501 E2276.19084
G1 F1204.8 X95.35 Y126.904 E2276.22718
G1 F993.4 X95.831 Y127.308 E2276.27134
G0 F9000 X99.843 Y128.891
G0 X99.846 Y129.204
G1 F1500 X103.766 Y128.478 E2276.45698
G1 X106.299 Y126.65 E2276.60243
G1 X107.796 Y124.131 E2276.73888
G1 F1421.8 X107.985 Y123.304 E2276.78055
G1 F1321.6 X108.002 Y123.198 E2276.78622
G1 F1310 X108.491 Y121.319 E2276.88974
G1 F1470.6 X108.602 Y120.363 E2276.93545
G1 F1666.7 X108.719 Y118.666 E2277.00674
G1 F1174.2 X108.546 Y118.274 E2277.03223
G1 X108.365 Y118.662 E2277.0577
G1 F1676 X108.251 Y120.265 E2277.12467
G1 F1474.2 X108.047 Y121.225 E2277.17117
G1 F1310 X107.566 Y123.045 E2277.27154
G1 F1388.9 X107.09 Y123.773 E2277.31528
G1 F1500 X105.974 Y125.61 E2277.41536
G1 X103.265 Y127.516 E2277.5696
G1 X99.249 Y128.241 E2277.75962
G1 X98.592 Y128.143 E2277.79055
G1 F1342.3 X97.602 Y128.04 E2277.84235
G1 F1227 X97.295 Y127.911 E2277.8613
G1 F1428.6 X96.225 Y127.376 E2277.91979
G1 F1185.8 X95.83 Y127.307 E2277.94341
G1 F1000 X95.908 Y127.465 E2277.95572
G1 F1333.3 X96.05 Y127.683 E2277.96935
G1 F1428.6 X97.078 Y128.344 E2278.0291
G1 F1227 X97.442 Y128.503 E2278.05172
G1 F1239.7 X97.519 Y128.548 E2278.05674
G1 F1376.1 X98.407 Y128.982 E2278.10691
G1 F1500 X99.846 Y129.204 E2278.1747
G0 F9000 X99.843 Y128.891
G0 X103.206 Y127.373
G0 X105.86 Y125.505
G0 X107.406 Y122.966
G0 X107.812 Y121.422
G0 X108.546 Y118.274
G1 F943.4 X108.55 Y117.733 E2278.21476
G1 F988.5 X108.503 Y116.783 E2278.28197
G1 F1041.7 X108.431 Y115.963 E2278.33716
G1 F1109.1 X108.049 Y113.258 E2278.50921
G1 F1295.9 X107.882 Y112.637 E2278.54387
G1 F1522.8 X106.982 Y110.402 E2278.65438
G1 F1680.7 X106.739 Y109.921 E2278.67677
G1 F1840.5 X105.184 Y107.406 E2278.78899
G1 F1875 X104.991 Y107.131 E2278.8015
G1 X102.711 Y104.271 E2278.93775
G1 F1709.4 X101.335 Y102.799 E2279.02009
G1 F1591.5 X99.959 Y101.326 E2279.10855
G1 F1500 X99.734 Y101.098 E2279.12347
G1 F1385.7 X96.818 Y98.285 E2279.32769
G1 F1268.5 X96.277 Y97.78 E2279.36844
G1 F1192.8 X94.818 Y96.46 E2279.48365
G1 F1134.2 X93.358 Y95.139 E2279.6049
G0 F9000 X93.359 Y95.14
G1 F1312.9 X93.038 Y94.732 E2279.63252
G1 F1612.9 X92.912 Y94.616 E2279.63993
G1 X92.787 Y94.731 E2279.64729
G1 F1312.9 X92.465 Y95.14 E2279.67498
G1 X92.912 Y95.054 E2279.6992
G1 X93.359 Y95.14 E2279.72341
G1 F1500 E2273.22341
G0 F9000 X99.848 Y101.421
G0 X102.606 Y104.332
G0 X104.889 Y107.162
G0 X106.627 Y109.927
G0 X107.738 Y112.646
G0 X108.211 Y115.97
G0 X108.3 Y117.772
G0 X108.122 Y120.243
G0 X107.406 Y122.966
G0 X105.86 Y125.505
G0 X103.206 Y127.373
G0 X99.299 Y128.139
G0 X99.245 Y127.832
;TYPE:WALL-OUTER
G1 F1500 E2279.72341
G1 X97.711 Y127.606 E2279.79561
G1 X96.3 Y126.992 E2279.86727
G1 X95.1 Y126.144 E2279.93569
G1 X94.93 Y125.978 E2279.94675
G1 F1242.2 X94.587 Y125.758 E2279.96966
G1 F1127.8 X94.102 Y125.239 E2280.01365
G1 F1282.1 X93.668 Y124.633 E2280.05426
G1 F1449.3 X93.542 Y124.435 E2280.06557
G1 F1522.8 X93.367 Y124.21 E2280.07865
G1 F1507.5 X92.914 Y123.412 E2280.12116
G1 X92.461 Y124.21 E2280.16368
G1 F1515.2 X92.286 Y124.433 E2280.17674
G1 F1449.3 X92.161 Y124.629 E2280.18795
G1 F1287.6 X91.722 Y125.239 E2280.22872
G1 F1127.8 X91.238 Y125.758 E2280.27267
G1 F1242.2 X90.895 Y125.977 E2280.29555
G1 F1500 X90.721 Y126.147 E2280.30687
G1 X89.524 Y126.992 E2280.3751
G1 X88.121 Y127.606 E2280.44641
G1 X86.581 Y127.835 E2280.51891
G1 X82.725 Y127.138 E2280.70137
G1 X80.154 Y125.332 E2280.84767
G1 X78.657 Y122.867 E2280.98196
G1 X77.957 Y120.217 E2281.10959
G1 X77.78 Y117.758 E2281.22439
G1 X77.865 Y115.97 E2281.30774
G1 X77.97 Y115.158 E2281.34586
G1 X78.332 Y112.718 E2281.46072
G1 X79.414 Y110.056 E2281.59452
G1 X81.148 Y107.298 E2281.74622
G1 X83.414 Y104.49 E2281.91424
G1 X86.157 Y101.591 E2282.10008
G1 X89.31 Y98.59 E2282.30276
G1 X92.778 Y95.49 E2282.51936
G1 X92.912 Y95.44 E2282.52602
G1 X93.046 Y95.49 E2282.53268
G1 X96.523 Y98.595 E2282.74974
G1 X99.674 Y101.598 E2282.95243
G1 X102.424 Y104.502 E2283.13866
G1 X104.694 Y107.317 E2283.30705
G1 X106.394 Y110.025 E2283.45593
G1 X107.496 Y112.718 E2283.59142
G1 X107.85 Y115.161 E2283.70636
G1 X107.959 Y115.969 E2283.74433
G1 X108.048 Y117.783 E2283.8289
G1 X107.87 Y120.219 E2283.94263
G1 X107.172 Y122.867 E2284.07014
G1 X105.677 Y125.323 E2284.20403
G1 X103.114 Y127.133 E2284.35013
G1 X99.245 Y127.832 E2284.5332
G1 F1500 E2278.0332
G0 F9000 X99.299 Y128.139
G0 X99.85 Y129.298
G0 X99.852 Y129.609
G1 F1500 E2284.5332
G1 X103.927 Y128.855 E2284.72617
G1 X106.601 Y126.926 E2284.8797
G1 X108.169 Y124.286 E2285.02268
G1 X108.913 Y121.387 E2285.16205
G1 X109.099 Y118.705 E2285.28723
G1 X109.006 Y116.759 E2285.37795
G1 X108.938 Y116.174 E2285.40537
G1 X108.505 Y113.137 E2285.54822
G1 X107.34 Y110.222 E2285.69439
G1 X105.487 Y107.195 E2285.85965
G1 X103.002 Y104.044 E2286.04651
G1 X100.017 Y100.809 E2286.25148
G1 X96.588 Y97.462 E2286.4746
G1 X92.912 Y94.092 E2286.70681
G1 X89.229 Y97.47 E2286.93952
G1 X85.786 Y100.836 E2287.16373
G1 X82.804 Y104.065 E2287.36839
G1 X80.337 Y107.195 E2287.55397
G1 X78.484 Y110.222 E2287.71923
G1 X77.319 Y113.136 E2287.86536
G1 X76.882 Y116.184 E2288.00874
G1 X76.82 Y116.764 E2288.0359
G1 X76.725 Y118.705 E2288.12639
G1 X76.914 Y121.387 E2288.25158
G1 X77.655 Y124.286 E2288.39091
G1 X79.223 Y126.926 E2288.53389
G1 X81.897 Y128.855 E2288.68742
G1 X85.972 Y129.609 E2288.88039
G1 X87.535 Y129.37 E2288.95402
G1 X88.967 Y128.729 E2289.02707
G1 X90.218 Y127.83 E2289.0988
G1 X91.272 Y126.779 E2289.16811
G1 X91.485 Y126.499 E2289.18449
G1 F1242.2 X91.66 Y126.131 E2289.20741
G1 F1098.9 X91.998 Y125.716 E2289.24143
G1 F1250 X92.533 Y124.845 E2289.29854
G1 F1456.3 X92.633 Y124.62 E2289.31035
G1 F1522.8 X92.729 Y124.54 E2289.31608
G1 F1515.2 X93.098 Y124.54 E2289.33309
G1 F1526.7 X93.194 Y124.62 E2289.33881
G1 F1449.3 X93.292 Y124.847 E2289.35073
G1 F1293.1 X93.678 Y125.487 E2289.3911
G1 F1176.5 X93.826 Y125.716 E2289.40728
G1 F1098.9 X94.163 Y126.13 E2289.44121
G1 F1242.2 X94.338 Y126.498 E2289.46413
G1 F1500 X94.551 Y126.78 E2289.48058
G1 X95.606 Y127.831 E2289.54992
G1 X96.857 Y128.729 E2289.62163
G1 X98.293 Y129.37 E2289.69485
G1 X99.852 Y129.609 E2289.7683
G0 F9000 X99.85 Y129.298
G0 X97.545 Y128.262
G0 X97.488 Y128.389
;TYPE:FILL
G1 F3000 X97.552 Y128.15 E2289.77982
G0 F9000 X97.53 Y128.295
G0 X99.253 Y128.492
G0 X103.364 Y127.751
G0 X103.847 Y127.485
G0 X103.716 Y127.298
G1 F3000 X104.365 Y127.947 E2289.82255
G1 F1500 E2283.32255
G0 F9000 X104.234 Y127.763
G0 X107.94 Y124.189
G0 X108.668 Y116.025
G0 X107.118 Y110.329
G0 X102.831 Y104.223
G0 X92.914 Y94.419
G0 X82.997 Y104.223
G0 X78.71 Y110.329
G0 X77.07 Y116.769
G0 X77.16 Y121.347
G0 X81.077 Y127.24
G0 X87.942 Y128.414
G0 X88.004 Y128.556
G1 F1500 E2289.82255
G1 F3000 X87.654 Y128.206 E2289.8456
G0 F9000 X87.68 Y128.388
G0 X86.686 Y128.482
G0 X85.112 Y128.29
G0 X85.152 Y128.065
G1 F3000 X84.921 Y128.927 E2289.88716
G0 F9000 X84.963 Y128.701
G0 X82.465 Y127.751
G0 X79.683 Y125.866
G0 X79.824 Y125.668
G1 F3000 X79.143 Y125.85 E2289.91998
G1 F1500 E2283.41998
;MESH:NONMESH
G0 F300 X79.143 Y125.85 Z10.64
G0 F9000 X79.341 Y125.733
G0 X78.423 Y122.966
G0 X77.707 Y120.243
G0 X77.529 Y117.772
G0 X77.617 Y115.97
G0 X78.091 Y112.646
G0 X79.202 Y109.927
G0 X80.94 Y107.162
G0 X83.223 Y104.332
G0 X85.456 Y101.974
G0 X92.465 Y95.14
;TIME_ELAPSED:2629.843041
;LAYER:37
;TYPE:WALL-INNER
;MESH:tmpnqf7468lheart_box.stl
G1 F1500 E2289.91998
G1 F1134.2 X91.002 Y96.464 E2290.04149
G1 F1192.8 X89.54 Y97.789 E2290.15702
G1 F1263.2 X89.024 Y98.27 E2290.19603
G1 F1357.5 X87.455 Y99.788 E2290.30836
G1 F1477.8 X85.886 Y101.306 E2290.41154
G1 F1648.4 X83.116 Y104.27 E2290.58344
G1 F1869.2 X80.875 Y107.078 E2290.71769
G1 F1863.4 X80.641 Y107.407 E2290.73282
G1 F1851.9 X79.132 Y109.838 E2290.84074
G1 F1699.7 X78.842 Y110.402 E2290.8668
G1 F1511.3 X77.944 Y112.636 E2290.97808
G1 F1284.8 X77.776 Y113.258 E2291.0131
G1 F1119.4 X77.509 Y115.09 E2291.12862
G1 F1111.1 X77.391 Y115.964 E2291.18406
G1 F1039.9 X77.322 Y116.803 E2291.2406
G1 F982 X77.275 Y117.819 E2291.31295
G1 F934.6 X77.279 Y118.241 E2291.34449
G0 F9000 X77.707 Y120.243
G0 X78.423 Y122.966
G0 X79.969 Y125.505
G0 X82.623 Y127.373
G0 X85.986 Y128.891
G0 X85.978 Y129.204
G1 F1500 X87.421 Y128.983 E2291.41246
G1 F1327.4 X88.299 Y128.534 E2291.46435
G1 F1214.6 X88.746 Y128.344 E2291.49228
G1 F1425.2 X89.765 Y127.69 E2291.55162
G1 F1321.6 X89.91 Y127.467 E2291.56568
G1 F990.1 X89.986 Y127.314 E2291.57773
G1 F1181.1 X89.59 Y127.381 E2291.60148
G1 F1542.4 X88.391 Y127.98 E2291.66218
G1 F1298.7 X88.16 Y128.056 E2291.67526
G1 F1327.4 X87.236 Y128.142 E2291.72408
G1 F1500 X86.575 Y128.241 E2291.75521
G1 X82.576 Y127.518 E2291.94444
G1 X79.855 Y125.612 E2292.09913
G1 X78.738 Y123.772 E2292.19936
G1 F1395.3 X78.251 Y123.026 E2292.24395
G1 F1310 X77.782 Y121.226 E2292.34313
G1 F1459.9 X77.586 Y120.309 E2292.38799
G1 F1657.5 X77.462 Y118.629 E2292.45898
G1 F1171.9 X77.279 Y118.241 E2292.48455
G1 X77.106 Y118.633 E2292.51009
G1 F1657.5 X77.225 Y120.365 E2292.58325
G1 F1459.9 X77.337 Y121.319 E2292.6292
G1 F1301.5 X77.824 Y123.197 E2292.73332
G1 F1382.5 X78.029 Y124.131 E2292.78163
G1 F1500 X79.525 Y126.65 E2292.91805
G1 X82.058 Y128.478 E2293.06351
G1 X85.978 Y129.204 E2293.24914
G0 F9000 X85.986 Y128.891
G0 X89.986 Y127.314
G1 F990.1 X90.47 Y126.908 E2293.29371
G1 F1204.8 X90.954 Y126.501 E2293.33037
G1 F1435.4 X91.17 Y126.26 E2293.34612
G1 F1500 E2286.84612
G0 F9000 X92.376 Y124.675
G0 X92.95 Y123.878
G0 X92.957 Y124.168
G1 F1500 E2293.34612
G1 F1734.1 X92.892 Y124.131 E2293.34913
G1 X92.893 Y124.205 E2293.35211
G1 X92.957 Y124.168 E2293.35509
G1 F1500 E2286.85509
G0 F9000 X92.95 Y123.878
G0 X93.451 Y124.673
G0 X94.654 Y126.26
G1 F1500 E2293.35509
G1 F1435.4 X94.87 Y126.501 E2293.37083
G1 F1204.8 X95.35 Y126.904 E2293.40717
G1 F993.4 X95.831 Y127.308 E2293.45133
G0 F9000 X99.843 Y128.891
G0 X99.846 Y129.204
G1 F1500 X103.766 Y128.478 E2293.63697
G1 X106.299 Y126.65 E2293.78242
G1 X107.796 Y124.131 E2293.91887
G1 F1421.8 X107.985 Y123.304 E2293.96054
G1 F1321.6 X108.002 Y123.198 E2293.96622
G1 F1310 X108.491 Y121.319 E2294.06973
G1 F1470.6 X108.602 Y120.363 E2294.11545
G1 F1666.7 X108.719 Y118.666 E2294.18673
G1 F1174.2 X108.546 Y118.274 E2294.21222
G1 X108.365 Y118.662 E2294.23769
G1 F1676 X108.251 Y120.265 E2294.30466
G1 F1474.2 X108.047 Y121.225 E2294.35116
G1 F1310 X107.566 Y123.045 E2294.45153
G1 F1388.9 X107.09 Y123.773 E2294.49527
G1 F1500 X105.974 Y125.61 E2294.59536
G1 X103.265 Y127.516 E2294.74959
G1 X99.249 Y128.241 E2294.93962
G1 X98.592 Y128.143 E2294.97055
G1 F1342.3 X97.602 Y128.04 E2295.02234
G1 F1227 X97.295 Y127.911 E2295.0413
G1 F1428.6 X96.225 Y127.376 E2295.09979
G1 F1185.8 X95.83 Y127.307 E2295.12341
G1 F1000 X95.908 Y127.465 E2295.13571
G1 F1333.3 X96.05 Y127.683 E2295.14934
G1 F1428.6 X97.078 Y128.344 E2295.2091
G1 F1227 X97.442 Y128.503 E2295.23171
G1 F1239.7 X97.519 Y128.548 E2295.23673
G1 F1376.1 X98.407 Y128.982 E2295.2869
G1 F1500 X99.846 Y129.204 E2295.3547
G0 F9000 X99.843 Y128.891
G0 X103.206 Y127.373
G0 X105.86 Y125.505
G0 X107.406 Y122.966
G0 X107.812 Y121.422
G0 X108.546 Y118.274
G1 F943.4 X108.55 Y117.733 E2295.39475
G1 F988.5 X108.503 Y116.783 E2295.46196
G1 F1041.7 X108.431 Y115.963 E2295.51716
G1 F1109.1 X108.049 Y113.258 E2295.6892
G1 F1295.9 X107.882 Y112.637 E2295.72386
G1 F1522.8 X106.982 Y110.402 E2295.83437
G1 F1680.7 X106.739 Y109.921 E2295.85677
G1 F1840.5 X105.184 Y107.406 E2295.96898
G1 F1875 X104.991 Y107.131 E2295.9815
G1 X102.711 Y104.271 E2296.11775
G1 F1709.4 X101.335 Y102.799 E2296.20008
G1 F1591.5 X99.959 Y101.326 E2296.28854
G1 F1500 X99.734 Y101.098 E2296.30346
G1 F1385.7 X96.818 Y98.285 E2296.50769
G1 F1268.5 X96.277 Y97.78 E2296.54844
G1 F1192.8 X94.818 Y96.46 E2296.66364
G1 F1134.2 X93.358 Y95.139 E2296.78489
G0 F9000 X93.359 Y95.14
G1 F1312.9 X93.038 Y94.732 E2296.81251
G1 F1612.9 X92.912 Y94.616 E2296.81992
G1 X92.787 Y94.731 E2296.82728
G1 F1312.9 X92.465 Y95.14 E2296.85497
G1 X92.912 Y95.054 E2296.87919
G1 X93.359 Y95.14 E2296.90341
G1 F1500 E2290.40341
G0 F9000 X99.848 Y101.421
G0 X102.606 Y104.332
G0 X104.889 Y107.162
G0 X106.627 Y109.927
G0 X107.738 Y112.646
G0 X108.211 Y115.97
G0 X108.3 Y117.772
G0 X108.122 Y120.243
G0 X107.406 Y122.966
G0 X105.86 Y125.505
G0 X103.206 Y127.373
G0 X99.299 Y128.139
G0 X99.245 Y127.832
;TYPE:WALL-OUTER
G1 F1500 E2296.90341
G1 X97.711 Y127.606 E2296.97561
G1 X96.3 Y126.992 E2297.04726
G1 X95.1 Y126.144 E2297.11568
G1 X94.93 Y125.978 E2297.12674
G1 F1242.2 X94.587 Y125.758 E2297.14966
G1 F1127.8 X94.102 Y125.239 E2297.19365
G1 F1282.1 X93.668 Y124.633 E2297.23426
G1 F1449.3 X93.542 Y124.435 E2297.24557
G1 F1522.8 X93.367 Y124.21 E2297.25864
G1 F1507.5 X92.914 Y123.412 E2297.30115
G1 X92.461 Y124.21 E2297.34367
G1 F1515.2 X92.286 Y124.433 E2297.35674
G1 F1449.3 X92.161 Y124.629 E2297.36794
G1 F1287.6 X91.722 Y125.239 E2297.40871
G1 F1127.8 X91.238 Y125.758 E2297.45266
G1 F1242.2 X90.895 Y125.977 E2297.47554
G1 F1500 X90.721 Y126.147 E2297.48687
G1 X89.524 Y126.992 E2297.55509
G1 X88.121 Y127.606 E2297.62641
G1 X86.581 Y127.835 E2297.6989
G1 X82.725 Y127.138 E2297.88136
G1 X80.154 Y125.332 E2298.02766
G1 X78.657 Y122.867 E2298.16195
G1 X77.957 Y120.217 E2298.28958
G1 X77.78 Y117.758 E2298.40438
G1 X77.865 Y115.97 E2298.48773
G1 X77.97 Y115.158 E2298.52585
G1 X78.332 Y112.718 E2298.64072
G1 X79.414 Y110.056 E2298.77452
G1 X81.148 Y107.298 E2298.92621
G1 X83.414 Y104.49 E2299.09423
G1 X86.157 Y101.591 E2299.28007
G1 X89.31 Y98.59 E2299.48276
G1 X92.778 Y95.49 E2299.69935
G1 X92.912 Y95.44 E2299.70601
G1 X93.046 Y95.49 E2299.71267
G1 X96.523 Y98.595 E2299.92974
G1 X99.674 Y101.598 E2300.13242
G1 X102.424 Y104.502 E2300.31865
G1 X104.694 Y107.317 E2300.48704
G1 X106.394 Y110.025 E2300.63592
G1 X107.496 Y112.718 E2300.77141
G1 X107.85 Y115.161 E2300.88636
G1 X107.959 Y115.969 E2300.92432
G1 X108.048 Y117.783 E2301.00889
G1 X107.87 Y120.219 E2301.12262
G1 X107.172 Y122.867 E2301.25014
G1 X105.677 Y125.323 E2301.38402
G1 X103.114 Y127.133 E2301.53012
G1 X99.245 Y127.832 E2301.7132
G1 F1500 E2295.2132
G0 F9000 X99.299 Y128.139
G0 X99.85 Y129.298
G0 X99.852 Y129.609
G1 F1500 E2301.7132
G1 X103.927 Y128.855 E2301.90617
G1 X106.601 Y126.926 E2302.0597
G1 X108.169 Y124.286 E2302.20267
G1 X108.913 Y121.387 E2302.34204
G1 X109.099 Y118.705 E2302.46722
G1 X109.006 Y116.759 E2302.55794
G1 X108.938 Y116.174 E2302.58536
G1 X108.505 Y113.137 E2302.72821
G1 X107.34 Y110.222 E2302.87438
G1 X105.487 Y107.195 E2303.03965
G1 X103.002 Y104.044 E2303.22651
G1 X100.017 Y100.809 E2303.43147
G1 X96.588 Y97.462 E2303.65459
G1 X92.912 Y94.092 E2303.88681
G1 X89.229 Y97.47 E2304.11951
G1 X85.786 Y100.836 E2304.34372
G1 X82.804 Y104.065 E2304.54838
G1 X80.337 Y107.195 E2304.73396
G1 X78.484 Y110.222 E2304.89922
G1 X77.319 Y113.136 E2305.04535
G1 X76.882 Y116.184 E2305.18873
G1 X76.82 Y116.764 E2305.21589
G1 X76.725 Y118.705 E2305.30638
G1 X76.914 Y121.387 E2305.43158
G1 X77.655 Y124.286 E2305.57091
G1 X79.223 Y126.926 E2305.71388
G1 X81.897 Y128.855 E2305.86741
G1 X85.972 Y129.609 E2306.06038
G1 X87.535 Y129.37 E2306.13401
G1 X88.967 Y128.729 E2306.20706
G1 X90.218 Y127.83 E2306.2788
G1 X91.272 Y126.779 E2306.34811
G1 X91.485 Y126.499 E2306.36449
G1 F1242.2 X91.66 Y126.131 E2306.3874
G1 F1098.9 X91.998 Y125.716 E2306.42142
G1 F1250 X92.533 Y124.845 E2306.47854
G1 F1456.3 X92.633 Y124.62 E2306.49034
G1 F1522.8 X92.729 Y124.54 E2306.49608
G1 F1515.2 X93.098 Y124.54 E2306.51309
G1 F1526.7 X93.194 Y124.62 E2306.5188
G1 F1449.3 X93.292 Y124.847 E2306.53072
G1 F1293.1 X93.678 Y125.487 E2306.57109
G1 F1176.5 X93.826 Y125.716 E2306.58728
G1 F1098.9 X94.163 Y126.13 E2306.62121
G1 F1242.2 X94.338 Y126.498 E2306.64412
G1 F1500 X94.551 Y126.78 E2306.66057
G1 X95.606 Y127.831 E2306.72992
G1 X96.857 Y128.729 E2306.80162
G1 X98.293 Y129.37 E2306.87485
G1 X99.852 Y129.609 E2306.94829
G0 F9000 X99.85 Y129.298
G0 X104.011 Y127.37
G0 X103.88 Y127.182
;TYPE:FILL
G1 F3000 X104.527 Y127.829 E2306.9909
G1 F1500 E2300.4909
G0 F9000 X104.396 Y127.646
G0 X108.669 Y121.347
G0 X108.265 Y113.204
G0 X105.282 Y107.335
G0 X99.845 Y100.989
G0 X92.914 Y94.419
G0 X82.997 Y104.223
G0 X78.71 Y110.329
G0 X77.07 Y116.769
G0 X77.16 Y121.347
G0 X81.077 Y127.24
G0 X88.127 Y128.331
G0 X88.18 Y128.453
G1 F1500 E2306.9909
G1 F3000 X87.923 Y128.196 E2307.00782
G0 F9000 X87.945 Y128.349
G0 X86.712 Y128.478
G0 X84.916 Y128.255
G0 X84.957 Y128.029
G1 F3000 X84.725 Y128.891 E2307.04939
G0 F9000 X84.767 Y128.664
G0 X82.465 Y127.751
G0 X79.884 Y126.007
G0 X80.016 Y125.821
G1 F3000 X79.249 Y126.027 E2307.08637
G0 F9000 X79.472 Y126.085
G1 F1500 E2300.58637
;MESH:NONMESH
G0 F300 X79.472 Y126.085 Z10.92
G0 F9000 X79.53 Y126.051
G0 X78.423 Y122.966
G0 X77.707 Y120.243
G0 X77.529 Y117.772
G0 X77.617 Y115.97
G0 X78.091 Y112.646
G0 X79.202 Y109.927
G0 X80.94 Y107.162
G0 X83.223 Y104.332
G0 X85.456 Y101.974
G0 X92.465 Y95.14
;TIME_ELAPSED:2654.518138
;LAYER:38
;TYPE:WALL-INNER
;MESH:tmpnqf7468lheart_box.stl
G1 F1500 E2307.08637
G1 F1134.2 X91.002 Y96.464 E2307.20788
G1 F1192.8 X89.54 Y97.789 E2307.32341
G1 F1263.2 X89.024 Y98.27 E2307.36241
G1 F1357.5 X87.455 Y99.788 E2307.47474
G1 F1477.8 X85.886 Y101.306 E2307.57793
G1 F1648.4 X83.116 Y104.27 E2307.74983
G1 F1869.2 X80.875 Y107.078 E2307.88408
G1 F1863.4 X80.641 Y107.407 E2307.89921
G1 F1851.9 X79.132 Y109.838 E2308.00713
G1 F1699.7 X78.842 Y110.402 E2308.03319
G1 F1511.3 X77.944 Y112.636 E2308.14446
G1 F1284.8 X77.776 Y113.258 E2308.17949
G1 F1119.4 X77.509 Y115.09 E2308.29501
G1 F1111.1 X77.391 Y115.964 E2308.35045
G1 F1039.9 X77.322 Y116.803 E2308.40699
G1 F982 X77.275 Y117.819 E2308.47933
G1 F934.6 X77.279 Y118.241 E2308.51087
G0 F9000 X77.707 Y120.243
G0 X78.423 Y122.966
G0 X79.969 Y125.505
G0 X82.623 Y127.373
G0 X85.986 Y128.891
G0 X85.978 Y129.204
G1 F1500 X87.421 Y128.983 E2308.57885
G1 F1327.4 X88.299 Y128.534 E2308.63074
G1 F1214.6 X88.746 Y128.344 E2308.65867
G1 F1425.2 X89.765 Y127.69 E2308.71801
G1 F1321.6 X89.91 Y127.467 E2308.73207
G1 F990.1 X89.986 Y127.314 E2308.74412
G1 F1181.1 X89.59 Y127.381 E2308.76787
G1 F1542.4 X88.391 Y127.98 E2308.82856
G1 F1298.7 X88.16 Y128.056 E2308.84164
G1 F1327.4 X87.236 Y128.142 E2308.89047
G1 F1500 X86.575 Y128.241 E2308.92159
G1 X82.576 Y127.518 E2309.11082
G1 X79.855 Y125.612 E2309.26551
G1 X78.738 Y123.772 E2309.36574
G1 F1395.3 X78.251 Y123.026 E2309.41034
G1 F1310 X77.782 Y121.226 E2309.50951
G1 F1459.9 X77.586 Y120.309 E2309.55438
G1 F1657.5 X77.462 Y118.629 E2309.62537
G1 F1171.9 X77.279 Y118.241 E2309.65093
G1 X77.106 Y118.633 E2309.67647
G1 F1657.5 X77.225 Y120.365 E2309.74963
G1 F1459.9 X77.337 Y121.319 E2309.79559
G1 F1301.5 X77.824 Y123.197 E2309.89971
G1 F1382.5 X78.029 Y124.131 E2309.94802
G1 F1500 X79.525 Y126.65 E2310.08444
G1 X82.058 Y128.478 E2310.22989
G1 X85.978 Y129.204 E2310.41553
G0 F9000 X85.986 Y128.891
G0 X89.986 Y127.314
G1 F990.1 X90.47 Y126.908 E2310.46009
G1 F1204.8 X90.954 Y126.501 E2310.49675
G1 F1435.4 X91.17 Y126.26 E2310.5125
G1 F1500 E2304.0125
G0 F9000 X92.376 Y124.675
G0 X92.95 Y123.878
G0 X92.957 Y124.168
G1 F1500 E2310.5125
G1 F1734.1 X92.892 Y124.131 E2310.51551
G1 X92.893 Y124.205 E2310.51849
G1 X92.957 Y124.168 E2310.52147
G1 F1500 E2304.02147
G0 F9000 X92.95 Y123.878
G0 X93.451 Y124.673
G0 X94.654 Y126.26
G1 F1500 E2310.52147
G1 F1435.4 X94.87 Y126.501 E2310.53722
G1 F1204.8 X95.35 Y126.904 E2310.57355
G1 F993.4 X95.831 Y127.308 E2310.61772
G0 F9000 X99.843 Y128.891
G0 X99.846 Y129.204
G1 F1500 X103.766 Y128.478 E2310.80336
G1 X106.299 Y126.65 E2310.94881
G1 X107.796 Y124.131 E2311.08525
G1 F1421.8 X107.985 Y123.304 E2311.12693
G1 F1321.6 X108.002 Y123.198 E2311.1326
G1 F1310 X108.491 Y121.319 E2311.23612
G1 F1470.6 X108.602 Y120.363 E2311.28183
G1 F1666.7 X108.719 Y118.666 E2311.35312
G1 F1174.2 X108.546 Y118.274 E2311.37861
G1 X108.365 Y118.662 E2311.40407
G1 F1676 X108.251 Y120.265 E2311.47105
G1 F1474.2 X108.047 Y121.225 E2311.51755
G1 F1310 X107.566 Y123.045 E2311.61791
G1 F1388.9 X107.09 Y123.773 E2311.66166
G1 F1500 X105.974 Y125.61 E2311.76174
G1 X103.265 Y127.516 E2311.91598
G1 X99.249 Y128.241 E2312.106
G1 X98.592 Y128.143 E2312.13693
G1 F1342.3 X97.602 Y128.04 E2312.18873
G1 F1227 X97.295 Y127.911 E2312.20768
G1 F1428.6 X96.225 Y127.376 E2312.26617
G1 F1185.8 X95.83 Y127.307 E2312.28979
G1 F1000 X95.908 Y127.465 E2312.3021
G1 F1333.3 X96.05 Y127.683 E2312.31573
G1 F1428.6 X97.078 Y128.344 E2312.37548
G1 F1227 X97.442 Y128.503 E2312.39809
G1 F1239.7 X97.519 Y128.548 E2312.40312
G1 F1376.1 X98.407 Y128.982 E2312.45328
G1 F1500 X99.846 Y129.204 E2312.52108
G0 F9000 X99.843 Y128.891
G0 X103.206 Y127.373
G0 X105.86 Y125.505
G0 X107.406 Y122.966
G0 X107.812 Y121.422
G0 X108.546 Y118.274
G1 F943.4 X108.55 Y117.733 E2312.56114
G1 F988.5 X108.503 Y116.783 E2312.62835
G1 F1041.7 X108.431 Y115.963 E2312.68354
G1 F1109.1 X108.049 Y113.258 E2312.85559
G1 F1295.9 X107.882 Y112.637 E2312.89025
G1 F1522.8 X106.982 Y110.402 E2313.00076
G1 F1680.7 X106.739 Y109.921 E2313.02315
G1 F1840.5 X105.184 Y107.406 E2313.13537
G1 F1875 X104.991 Y107.131 E2313.14788
G1 X102.711 Y104.271 E2313.28413
G1 F1709.4 X101.335 Y102.799 E2313.36647
G1 F1591.5 X99.959 Y101.326 E2313.45493
G1 F1500 X99.734 Y101.098 E2313.46984
G1 F1385.7 X96.818 Y98.285 E2313.67407
G1 F1268.5 X96.277 Y97.78 E2313.71482
G1 F1192.8 X94.818 Y96.46 E2313.83003
G1 F1134.2 X93.358 Y95.139 E2313.95128
G0 F9000 X93.359 Y95.14
G1 F1312.9 X93.038 Y94.732 E2313.97889
G1 F1612.9 X92.912 Y94.616 E2313.98631
G1 X92.787 Y94.731 E2313.99367
G1 F1312.9 X92.465 Y95.14 E2314.02136
G1 X92.912 Y95.054 E2314.04557
G1 X93.359 Y95.14 E2314.06979
G1 F1500 E2307.56979
G0 F9000 X99.848 Y101.421
G0 X102.606 Y104.332
G0 X104.889 Y107.162
G0 X106.627 Y109.927
G0 X107.738 Y112.646
G0 X108.211 Y115.97
G0 X108.3 Y117.772
G0 X108.122 Y120.243
G0 X107.406 Y122.966
G0 X105.86 Y125.505
G0 X103.206 Y127.373
G0 X99.299 Y128.139
G0 X99.245 Y127.832
;TYPE:WALL-OUTER
G1 F1500 E2314.06979
G1 X97.711 Y127.606 E2314.14199
G1 X96.3 Y126.992 E2314.21364
G1 X95.1 Y126.144 E2314.28207
G1 X94.93 Y125.978 E2314.29313
G1 F1242.2 X94.587 Y125.758 E2314.31604
G1 F1127.8 X94.102 Y125.239 E2314.36003
G1 F1282.1 X93.668 Y124.633 E2314.40064
G1 F1449.3 X93.542 Y124.435 E2314.41195
G1 F1522.8 X93.367 Y124.21 E2314.42503
G1 F1507.5 X92.914 Y123.412 E2314.46754
G1 X92.461 Y124.21 E2314.51005
G1 F1515.2 X92.286 Y124.433 E2314.52312
G1 F1449.3 X92.161 Y124.629 E2314.53433
G1 F1287.6 X91.722 Y125.239 E2314.57509
G1 F1127.8 X91.238 Y125.758 E2314.61904
G1 F1242.2 X90.895 Y125.977 E2314.64193
G1 F1500 X90.721 Y126.147 E2314.65325
G1 X89.524 Y126.992 E2314.72148
G1 X88.121 Y127.606 E2314.79279
G1 X86.581 Y127.835 E2314.86529
G1 X82.725 Y127.138 E2315.04775
G1 X80.154 Y125.332 E2315.19405
G1 X78.657 Y122.867 E2315.32834
G1 X77.957 Y120.217 E2315.45597
G1 X77.78 Y117.758 E2315.57076
G1 X77.865 Y115.97 E2315.65412
G1 X77.97 Y115.158 E2315.69224
G1 X78.332 Y112.718 E2315.8071
G1 X79.414 Y110.056 E2315.9409
G1 X81.148 Y107.298 E2316.0926
G1 X83.414 Y104.49 E2316.26062
G1 X86.157 Y101.591 E2316.44645
G1 X89.31 Y98.59 E2316.64914
G1 X92.778 Y95.49 E2316.86574
G1 X92.912 Y95.44 E2316.8724
G1 X93.046 Y95.49 E2316.87906
G1 X96.523 Y98.595 E2317.09612
G1 X99.674 Y101.598 E2317.29881
G1 X102.424 Y104.502 E2317.48504
G1 X104.694 Y107.317 E2317.65342
G1 X106.394 Y110.025 E2317.80231
G1 X107.496 Y112.718 E2317.9378
G1 X107.85 Y115.161 E2318.05274
G1 X107.959 Y115.969 E2318.09071
G1 X108.048 Y117.783 E2318.17528
G1 X107.87 Y120.219 E2318.28901
G1 X107.172 Y122.867 E2318.41652
G1 X105.677 Y125.323 E2318.55041
G1 X103.114 Y127.133 E2318.69651
G1 X99.245 Y127.832 E2318.87958
G1 F1500 E2312.37958
G0 F9000 X99.299 Y128.139
G0 X99.85 Y129.298
G0 X99.852 Y129.609
G1 F1500 E2318.87958
G1 X103.927 Y128.855 E2319.07255
G1 X106.601 Y126.926 E2319.22608
G1 X108.169 Y124.286 E2319.36906
G1 X108.913 Y121.387 E2319.50842
G1 X109.099 Y118.705 E2319.63361
G1 X109.006 Y116.759 E2319.72433
G1 X108.938 Y116.174 E2319.75175
G1 X108.505 Y113.137 E2319.8946
G1 X107.34 Y110.222 E2320.04077
G1 X105.487 Y107.195 E2320.20603
G1 X103.002 Y104.044 E2320.39289
G1 X100.017 Y100.809 E2320.59786
G1 X96.588 Y97.462 E2320.82098
G1 X92.912 Y94.092 E2321.05319
G1 X89.229 Y97.47 E2321.2859
G1 X85.786 Y100.836 E2321.51011
G1 X82.804 Y104.065 E2321.71477
G1 X80.337 Y107.195 E2321.90034
G1 X78.484 Y110.222 E2322.06561
G1 X77.319 Y113.136 E2322.21174
G1 X76.882 Y116.184 E2322.35512
G1 X76.82 Y116.764 E2322.38228
G1 X76.725 Y118.705 E2322.47277
G1 X76.914 Y121.387 E2322.59796
G1 X77.655 Y124.286 E2322.73729
G1 X79.223 Y126.926 E2322.88027
G1 X81.897 Y128.855 E2323.0338
G1 X85.972 Y129.609 E2323.22677
G1 X87.535 Y129.37 E2323.30039
G1 X88.967 Y128.729 E2323.37345
G1 X90.218 Y127.83 E2323.44518
G1 X91.272 Y126.779 E2323.51449
G1 X91.485 Y126.499 E2323.53087
G1 F1242.2 X91.66 Y126.131 E2323.55378
G1 F1098.9 X91.998 Y125.716 E2323.5878
G1 F1250 X92.533 Y124.845 E2323.64492
G1 F1456.3 X92.633 Y124.62 E2323.65673
G1 F1522.8 X92.729 Y124.54 E2323.66246
G1 F1515.2 X93.098 Y124.54 E2323.67947
G1 F1526.7 X93.194 Y124.62 E2323.68519
G1 F1449.3 X93.292 Y124.847 E2323.6971
G1 F1293.1 X93.678 Y125.487 E2323.73747
G1 F1176.5 X93.826 Y125.716 E2323.75366
G1 F1098.9 X94.163 Y126.13 E2323.78759
G1 F1242.2 X94.338 Y126.498 E2323.8105
G1 F1500 X94.551 Y126.78 E2323.82696
G1 X95.606 Y127.831 E2323.8963
G1 X96.857 Y128.729 E2323.96801
G1 X98.293 Y129.37 E2324.04123
G1 X99.852 Y129.609 E2324.11467
G0 F9000 X99.85 Y129.298
G0 X104.176 Y127.254
G0 X104.044 Y127.066
;TYPE:FILL
G1 F3000 X104.69 Y127.712 E2324.15722
G1 F1500 E2317.65722
G0 F9000 X104.559 Y127.529
G0 X108.669 Y121.347
G0 X108.265 Y113.204
G0 X105.282 Y107.335
G0 X99.845 Y100.989
G0 X92.914 Y94.419
G0 X82.997 Y104.223
G0 X78.71 Y110.329
G0 X77.07 Y116.769
G0 X77.16 Y121.347
G0 X81.512 Y127.895
G0 X88.298 Y128.255
G0 X88.325 Y128.318
G1 F1500 E2324.15722
G1 F3000 X88.193 Y128.186 E2324.16591
G0 F9000 X88.21 Y128.309
G0 X86.575 Y128.492
G0 X84.72 Y128.219
G0 X84.761 Y127.994
G1 F3000 X84.53 Y128.855 E2324.20742
G0 F9000 X84.572 Y128.628
G0 X82.465 Y127.751
G0 X80.095 Y126.156
G0 X80.227 Y125.97
G1 F3000 X79.353 Y126.204 E2324.24955
G0 F9000 X79.626 Y126.194
G1 F1500 E2317.74955
;MESH:NONMESH
G0 F300 X79.626 Y126.194 Z11.2
G0 F9000 X78.423 Y122.966
G0 X77.707 Y120.243
G0 X77.529 Y117.772
G0 X77.617 Y115.97
G0 X78.091 Y112.646
G0 X79.202 Y109.927
G0 X80.94 Y107.162
G0 X83.223 Y104.332
G0 X85.456 Y101.974
G0 X92.465 Y95.14
;TIME_ELAPSED:2679.194922
;LAYER:39
;TYPE:WALL-INNER
;MESH:tmpnqf7468lheart_box.stl
G1 F1500 E2324.24955
G1 F1134.2 X91.002 Y96.464 E2324.37106
G1 F1192.8 X89.54 Y97.789 E2324.48659
G1 F1263.2 X89.024 Y98.27 E2324.5256
G1 F1357.5 X87.455 Y99.788 E2324.63793
G1 F1477.8 X85.886 Y101.306 E2324.74111
G1 F1648.4 X83.116 Y104.27 E2324.91301
G1 F1869.2 X80.875 Y107.078 E2325.04726
G1 F1863.4 X80.641 Y107.407 E2325.06239
G1 F1851.9 X79.132 Y109.838 E2325.17031
G1 F1699.7 X78.842 Y110.402 E2325.19637
G1 F1511.3 X77.944 Y112.636 E2325.30764
G1 F1284.8 X77.776 Y113.258 E2325.34267
G1 F1119.4 X77.509 Y115.09 E2325.45819
G1 F1111.1 X77.391 Y115.964 E2325.51363
G1 F1039.9 X77.322 Y116.803 E2325.57017
G1 F982 X77.275 Y117.819 E2325.64251
G1 F934.6 X77.279 Y118.241 E2325.67405
G0 F9000 X77.707 Y120.243
G0 X78.423 Y122.966
G0 X79.969 Y125.505
G0 X82.623 Y127.373
G0 X87.263 Y128.301
G0 X88.581 Y128.195
G0 X87.463 Y128.773
G0 X85.978 Y129.204
G1 F1500 X87.421 Y128.983 E2325.74203
G1 F1327.4 X88.299 Y128.534 E2325.79392
G1 F1214.6 X88.746 Y128.344 E2325.82185
G1 F1425.2 X89.765 Y127.69 E2325.88119
G1 F1321.6 X89.91 Y127.467 E2325.89525
G1 F990.1 X89.986 Y127.314 E2325.9073
G1 F1181.1 X89.59 Y127.381 E2325.93105
G1 F1542.4 X88.391 Y127.98 E2325.99174
G1 F1298.7 X88.16 Y128.056 E2326.00482
G1 F1327.4 X87.236 Y128.142 E2326.05365
G1 F1500 X86.575 Y128.241 E2326.08477
G1 X82.576 Y127.518 E2326.274
G1 X79.855 Y125.612 E2326.4287
G1 X78.738 Y123.772 E2326.52893
G1 F1395.3 X78.251 Y123.026 E2326.57352
G1 F1310 X77.782 Y121.226 E2326.67269
G1 F1459.9 X77.586 Y120.309 E2326.71756
G1 F1657.5 X77.462 Y118.629 E2326.78855
G1 F1171.9 X77.279 Y118.241 E2326.81412
G1 X77.106 Y118.633 E2326.83965
G1 F1657.5 X77.225 Y120.365 E2326.91281
G1 F1459.9 X77.337 Y121.319 E2326.95877
G1 F1301.5 X77.824 Y123.197 E2327.06289
G1 F1382.5 X78.029 Y124.131 E2327.1112
G1 F1500 X79.525 Y126.65 E2327.24762
G1 X82.058 Y128.478 E2327.39307
G1 X85.978 Y129.204 E2327.57871
G0 F9000 X87.237 Y128.864
G0 X89.986 Y127.314
G1 F990.1 X90.47 Y126.908 E2327.62327
G1 F1204.8 X90.954 Y126.501 E2327.65993
G1 F1435.4 X91.17 Y126.26 E2327.67568
G1 F1500 E2321.17568
G0 F9000 X92.376 Y124.675
G0 X92.95 Y123.878
G0 X92.957 Y124.168
G1 F1500 E2327.67568
G1 F1734.1 X92.892 Y124.131 E2327.6787
G1 X92.893 Y124.205 E2327.68168
G1 X92.957 Y124.168 E2327.68465
G1 F1500 E2321.18465
G0 F9000 X92.95 Y123.878
G0 X93.451 Y124.673
G0 X94.654 Y126.26
G1 F1500 E2327.68465
G1 F1435.4 X94.87 Y126.501 E2327.7004
G1 F1204.8 X95.35 Y126.904 E2327.73674
G1 F993.4 X95.831 Y127.308 E2327.7809
G0 F9000 X98.452 Y128.825
G0 X99.846 Y129.204
G1 F1500 X103.766 Y128.478 E2327.96654
G1 X106.299 Y126.65 E2328.11199
G1 X107.796 Y124.131 E2328.24844
G1 F1421.8 X107.985 Y123.304 E2328.29011
G1 F1321.6 X108.002 Y123.198 E2328.29578
G1 F1310 X108.491 Y121.319 E2328.3993
G1 F1470.6 X108.602 Y120.363 E2328.44501
G1 F1666.7 X108.719 Y118.666 E2328.5163
G1 F1174.2 X108.546 Y118.274 E2328.54179
G1 X108.365 Y118.662 E2328.56726
G1 F1676 X108.251 Y120.265 E2328.63423
G1 F1474.2 X108.047 Y121.225 E2328.68073
G1 F1310 X107.566 Y123.045 E2328.7811
G1 F1388.9 X107.09 Y123.773 E2328.82484
G1 F1500 X105.974 Y125.61 E2328.92492
G1 X103.265 Y127.516 E2329.07916
G1 X99.249 Y128.241 E2329.26918
G1 X98.592 Y128.143 E2329.30011
G1 F1342.3 X97.602 Y128.04 E2329.35191
G1 F1227 X97.295 Y127.911 E2329.37086
G1 F1428.6 X96.225 Y127.376 E2329.42935
G1 F1185.8 X95.83 Y127.307 E2329.45297
G1 F1000 X95.908 Y127.465 E2329.46528
G1 F1333.3 X96.05 Y127.683 E2329.47891
G1 F1428.6 X97.078 Y128.344 E2329.53866
G1 F1227 X97.442 Y128.503 E2329.56128
G1 F1239.7 X97.519 Y128.548 E2329.5663
G1 F1376.1 X98.407 Y128.982 E2329.61647
G1 F1500 X99.846 Y129.204 E2329.68426
G0 F9000 X98.452 Y128.825
G0 X97.16 Y128.163
G0 X100.678 Y128.16
G0 X103.206 Y127.373
G0 X105.86 Y125.505
G0 X107.406 Y122.966
G0 X107.812 Y121.422
G0 X108.546 Y118.274
G1 F943.4 X108.55 Y117.733 E2329.72432
G1 F988.5 X108.503 Y116.783 E2329.79153
G1 F1041.7 X108.431 Y115.963 E2329.84672
G1 F1109.1 X108.049 Y113.258 E2330.01877
G1 F1295.9 X107.882 Y112.637 E2330.05343
G1 F1522.8 X106.982 Y110.402 E2330.16394
G1 F1680.7 X106.739 Y109.921 E2330.18633
G1 F1840.5 X105.184 Y107.406 E2330.29855
G1 F1875 X104.991 Y107.131 E2330.31106
G1 X102.711 Y104.271 E2330.44731
G1 F1709.4 X101.335 Y102.799 E2330.52965
G1 F1591.5 X99.959 Y101.326 E2330.61811
G1 F1500 X99.734 Y101.098 E2330.63303
G1 F1385.7 X96.818 Y98.285 E2330.83725
G1 F1268.5 X96.277 Y97.78 E2330.878
G1 F1192.8 X94.818 Y96.46 E2330.99321
G1 F1134.2 X93.358 Y95.139 E2331.11446
G0 F9000 X93.359 Y95.14
G1 F1312.9 X93.038 Y94.732 E2331.14208
G1 F1612.9 X92.912 Y94.616 E2331.14949
G1 X92.787 Y94.731 E2331.15685
G1 F1312.9 X92.465 Y95.14 E2331.18454
G1 X92.912 Y95.054 E2331.20876
G1 X93.359 Y95.14 E2331.23297
G1 F1500 E2324.73297
G0 F9000 X99.848 Y101.421
G0 X102.606 Y104.332
G0 X104.889 Y107.162
G0 X106.627 Y109.927
G0 X107.738 Y112.646
G0 X108.211 Y115.97
G0 X108.3 Y117.772
G0 X108.122 Y120.243
G0 X107.406 Y122.966
G0 X105.86 Y125.505
G0 X103.206 Y127.373
G0 X99.299 Y128.139
G0 X99.245 Y127.832
;TYPE:WALL-OUTER
G1 F1500 E2331.23297
G1 X97.711 Y127.606 E2331.30517
G1 X96.3 Y126.992 E2331.37683
G1 X95.1 Y126.144 E2331.44525
G1 X94.93 Y125.978 E2331.45631
G1 F1242.2 X94.587 Y125.758 E2331.47922
G1 F1127.8 X94.102 Y125.239 E2331.52321
G1 F1282.1 X93.668 Y124.633 E2331.56382
G1 F1449.3 X93.542 Y124.435 E2331.57513
G1 F1522.8 X93.367 Y124.21 E2331.58821
G1 F1507.5 X92.914 Y123.412 E2331.63072
G1 X92.461 Y124.21 E2331.67324
G1 F1515.2 X92.286 Y124.433 E2331.6863
G1 F1449.3 X92.161 Y124.629 E2331.69751
G1 F1287.6 X91.722 Y125.239 E2331.73828
G1 F1127.8 X91.238 Y125.758 E2331.78223
G1 F1242.2 X90.895 Y125.977 E2331.80511
G1 F1500 X90.721 Y126.147 E2331.81643
G1 X89.524 Y126.992 E2331.88466
G1 X88.121 Y127.606 E2331.95597
G1 X86.581 Y127.835 E2332.02847
G1 X82.725 Y127.138 E2332.21093
G1 X80.154 Y125.332 E2332.35723
G1 X78.657 Y122.867 E2332.49152
G1 X77.957 Y120.217 E2332.61915
G1 X77.78 Y117.758 E2332.73395
G1 X77.865 Y115.97 E2332.8173
G1 X77.97 Y115.158 E2332.85542
G1 X78.332 Y112.718 E2332.97028
G1 X79.414 Y110.056 E2333.10408
G1 X81.148 Y107.298 E2333.25578
G1 X83.414 Y104.49 E2333.4238
G1 X86.157 Y101.591 E2333.60964
G1 X89.31 Y98.59 E2333.81232
G1 X92.778 Y95.49 E2334.02892
G1 X92.912 Y95.44 E2334.03558
G1 X93.046 Y95.49 E2334.04224
G1 X96.523 Y98.595 E2334.2593
G1 X99.674 Y101.598 E2334.46199
G1 X102.424 Y104.502 E2334.64822
G1 X104.694 Y107.317 E2334.81661
G1 X106.394 Y110.025 E2334.96549
G1 X107.496 Y112.718 E2335.10098
G1 X107.85 Y115.161 E2335.21592
G1 X107.959 Y115.969 E2335.25389
G1 X108.048 Y117.783 E2335.33846
G1 X107.87 Y120.219 E2335.45219
G1 X107.172 Y122.867 E2335.5797
G1 X105.677 Y125.323 E2335.71359
G1 X103.114 Y127.133 E2335.85969
G1 X99.245 Y127.832 E2336.04276
G1 F1500 E2329.54276
G0 F9000 X99.299 Y128.139
G0 X97.16 Y128.163
G0 X98.272 Y128.719
G0 X99.85 Y129.298
G0 X99.852 Y129.609
G1 F1500 E2336.04276
G1 X103.927 Y128.855 E2336.23573
G1 X106.601 Y126.926 E2336.38926
G1 X108.169 Y124.286 E2336.53224
G1 X108.913 Y121.387 E2336.67161
G1 X109.099 Y118.705 E2336.79679
G1 X109.006 Y116.759 E2336.88751
G1 X108.938 Y116.174 E2336.91493
G1 X108.505 Y113.137 E2337.05778
G1 X107.34 Y110.222 E2337.20395
G1 X105.487 Y107.195 E2337.36921
G1 X103.002 Y104.044 E2337.55607
G1 X100.017 Y100.809 E2337.76104
G1 X96.588 Y97.462 E2337.98416
G1 X92.912 Y94.092 E2338.21637
G1 X89.229 Y97.47 E2338.44908
G1 X85.786 Y100.836 E2338.67329
G1 X82.804 Y104.065 E2338.87795
G1 X80.337 Y107.195 E2339.06353
G1 X78.484 Y110.222 E2339.22879
G1 X77.319 Y113.136 E2339.37492
G1 X76.882 Y116.184 E2339.5183
G1 X76.82 Y116.764 E2339.54546
G1 X76.725 Y118.705 E2339.63595
G1 X76.914 Y121.387 E2339.76114
G1 X77.655 Y124.286 E2339.90047
G1 X79.223 Y126.926 E2340.04345
G1 X81.897 Y128.855 E2340.19698
G1 X85.972 Y129.609 E2340.38995
G1 X87.535 Y129.37 E2340.46358
G1 X88.967 Y128.729 E2340.53663
G1 X90.218 Y127.83 E2340.60836
G1 X91.272 Y126.779 E2340.67767
G1 X91.485 Y126.499 E2340.69405
G1 F1242.2 X91.66 Y126.131 E2340.71697
G1 F1098.9 X91.998 Y125.716 E2340.75099
G1 F1250 X92.533 Y124.845 E2340.8081
G1 F1456.3 X92.633 Y124.62 E2340.81991
G1 F1522.8 X92.729 Y124.54 E2340.82564
G1 F1515.2 X93.098 Y124.54 E2340.84265
G1 F1526.7 X93.194 Y124.62 E2340.84837
G1 F1449.3 X93.292 Y124.847 E2340.86029
G1 F1293.1 X93.678 Y125.487 E2340.90066
G1 F1176.5 X93.826 Y125.716 E2340.91684
G1 F1098.9 X94.163 Y126.13 E2340.95077
G1 F1242.2 X94.338 Y126.498 E2340.97369
G1 F1500 X94.551 Y126.78 E2340.99014
G1 X95.606 Y127.831 E2341.05948
G1 X96.857 Y128.729 E2341.13119
G1 X98.293 Y129.37 E2341.20441
G1 X99.852 Y129.609 E2341.27786
G0 F9000 X99.85 Y129.298
G0 X98.452 Y128.825
G0 X97.16 Y128.163
G0 X101.773 Y127.972
G0 X103.206 Y127.373
G0 X105.86 Y125.505
G0 X107.928 Y122.77
G0 X107.751 Y123.849
G0 X107.422 Y123.983
;TYPE:SKIN
G1 F1252.6 X106.286 Y125.876 E2341.40096
G0 F9000 X106.052 Y125.679
G0 X103.206 Y127.373
G0 X98.567 Y128.302
G0 X97.16 Y128.163
G0 X98.231 Y128.776
G0 X98.535 Y128.566
G1 F1109.1 X99.258 Y128.673 E2341.44699
G0 F9000 X99.841 Y128.853
G1 F1312.9 X99.258 Y128.673 E2341.47945
G1 X99.807 Y128.486 E2341.5103
G1 F1643.8 X103.217 Y127.867 E2341.65756
G1 F1612.9 X103.468 Y127.789 E2341.66894
G1 X105.806 Y126.14 E2341.79284
G1 F1411.8 X106.286 Y125.876 E2341.81994
G1 X106.044 Y126.412 E2341.84904
G1 F1612.9 X103.618 Y128.147 E2341.9782
G1 X103.252 Y128.227 E2341.99442
G1 F1648.4 X99.841 Y128.853 E2342.14137
G1 F1500 E2335.64137
G0 F9000 X99.803 Y129.095
G0 X103.833 Y128.623
G0 X106.413 Y126.76
G0 X107.94 Y124.189
G0 X108.668 Y116.025
G0 X107.118 Y110.329
G0 X102.831 Y104.223
G0 X92.914 Y94.419
G0 X82.997 Y104.223
G0 X78.71 Y110.329
G0 X77.234 Y116.125
G0 X78.061 Y123.784
G0 X78.396 Y123.972
G1 F1500 E2342.14137
G1 F1232 X79.529 Y125.849 E2342.26566
G0 F9000 X79.745 Y125.626
G0 X82.623 Y127.373
G0 X87.263 Y128.301
G0 X88.581 Y128.195
G0 X87.463 Y128.773
G0 X86.029 Y129.094
G0 X85.993 Y128.857
G1 F1312.9 X84.852 Y128.647 E2342.32738
G1 F1435.4 X83.712 Y128.437 E2342.38379
G1 F1583.1 X82.571 Y128.227 E2342.43497
G1 F1612.9 X82.202 Y128.147 E2342.45133
G1 X79.78 Y126.411 E2342.58037
G1 F1562.5 X79.622 Y126.097 E2342.59608
G1 F1315.8 X79.529 Y125.849 E2342.61014
G1 F1388.9 X80.02 Y126.14 E2342.63884
G1 F1612.9 X82.351 Y127.79 E2342.76252
G1 X82.609 Y127.867 E2342.77418
G1 F1648.4 X86.015 Y128.489 E2342.92089
G1 F1260.5 X86.439 Y128.673 E2342.9465
G1 F1129.9 X85.993 Y128.857 E2342.97632
G0 F9000 X86.439 Y128.673
G1 F1065.7 X86.741 Y128.651 E2342.99617
G1 F1109.1 X87.277 Y128.57 E2343.03031
G0 F9000 X87.284 Y128.569
G1 F1107 X87.277 Y128.57 E2343.03075
G1 X87.284 Y128.569 E2343.0312
G1 F1500 E2336.5312
;MESH:NONMESH
G0 F300 X87.284 Y128.569 Z11.48
G0 F9000 X87.57 Y128.785
G0 X88.581 Y128.195
G0 X86.581 Y128.086
G0 X82.623 Y127.373
G0 X79.969 Y125.505
G0 X78.423 Y122.966
G0 X77.707 Y120.243
G0 X77.529 Y117.772
G0 X77.617 Y115.97
G0 X78.091 Y112.646
G0 X79.202 Y109.927
G0 X80.94 Y107.162
G0 X83.223 Y104.332
G0 X85.456 Y101.974
G0 X92.465 Y95.14
;TIME_ELAPSED:2707.119356
;LAYER:40
;TYPE:WALL-INNER
;MESH:tmpnqf7468lheart_box.stl
G1 F1500 E2343.0312
G1 F1134.2 X91.002 Y96.464 E2343.15271
G1 F1192.8 X89.54 Y97.789 E2343.26824
G1 F1263.2 X89.024 Y98.27 E2343.30725
G1 F1357.5 X87.455 Y99.788 E2343.41958
G1 F1477.8 X85.886 Y101.306 E2343.52276
G1 F1648.4 X83.116 Y104.27 E2343.69466
G1 F1869.2 X80.875 Y107.078 E2343.82891
G1 F1863.4 X80.641 Y107.407 E2343.84404
G1 F1851.9 X79.132 Y109.838 E2343.95196
G1 F1699.7 X78.842 Y110.402 E2343.97802
G1 F1511.3 X77.944 Y112.636 E2344.0893
G1 F1284.8 X77.776 Y113.258 E2344.12432
G1 F1119.4 X77.509 Y115.09 E2344.23984
G1 F1111.1 X77.391 Y115.964 E2344.29528
G1 F1039.9 X77.322 Y116.803 E2344.35182
G1 F982 X77.275 Y117.819 E2344.42417
G1 F934.6 X77.279 Y118.241 E2344.45571
G0 F9000 X77.707 Y120.243
G0 X78.423 Y122.966
G0 X79.969 Y125.505
G0 X82.623 Y127.373
G0 X87.263 Y128.301
G0 X88.581 Y128.195
G0 X87.463 Y128.773
G0 X85.978 Y129.204
G1 F1500 X87.421 Y128.983 E2344.52368
G1 F1327.4 X88.299 Y128.534 E2344.57557
G1 F1214.6 X88.746 Y128.344 E2344.6035
G1 F1425.2 X89.765 Y127.69 E2344.66284
G1 F1321.6 X89.91 Y127.467 E2344.6769
G1 F990.1 X89.986 Y127.314 E2344.68895
G1 F1181.1 X89.59 Y127.381 E2344.7127
G1 F1542.4 X88.391 Y127.98 E2344.7734
G1 F1298.7 X88.16 Y128.056 E2344.78647
G1 F1327.4 X87.236 Y128.142 E2344.8353
G1 F1500 X86.575 Y128.241 E2344.86643
G1 X82.576 Y127.518 E2345.05565
G1 X79.855 Y125.612 E2345.21035
G1 X78.738 Y123.772 E2345.31058
G1 F1395.3 X78.251 Y123.026 E2345.35517
G1 F1310 X77.782 Y121.226 E2345.45434
G1 F1459.9 X77.586 Y120.309 E2345.49921
G1 F1657.5 X77.462 Y118.629 E2345.5702
G1 F1171.9 X77.279 Y118.241 E2345.59577
G1 X77.106 Y118.633 E2345.62131
G1 F1657.5 X77.225 Y120.365 E2345.69446
G1 F1459.9 X77.337 Y121.319 E2345.74042
G1 F1301.5 X77.824 Y123.197 E2345.84454
G1 F1382.5 X78.029 Y124.131 E2345.89285
G1 F1500 X79.525 Y126.65 E2346.02927
G1 X82.058 Y128.478 E2346.17472
G1 X85.978 Y129.204 E2346.36036
G0 F9000 X87.237 Y128.864
G0 X89.986 Y127.314
G1 F990.1 X90.47 Y126.908 E2346.40493
G1 F1204.8 X90.954 Y126.501 E2346.44159
G1 F1435.4 X91.17 Y126.26 E2346.45733
G1 F1500 E2339.95733
G0 F9000 X92.376 Y124.675
G0 X92.95 Y123.878
G0 X92.957 Y124.168
G1 F1500 E2346.45733
G1 F1734.1 X92.892 Y124.131 E2346.46035
G1 X92.893 Y124.205 E2346.46333
G1 X92.957 Y124.168 E2346.46631
G1 F1500 E2339.96631
G0 F9000 X92.95 Y123.878
G0 X93.451 Y124.673
G0 X94.654 Y126.26
G1 F1500 E2346.46631
G1 F1435.4 X94.87 Y126.501 E2346.48205
G1 F1204.8 X95.35 Y126.904 E2346.51839
G1 F993.4 X95.831 Y127.308 E2346.56255
G0 F9000 X98.452 Y128.825
G0 X99.846 Y129.204
G1 F1500 X103.766 Y128.478 E2346.74819
G1 X106.299 Y126.65 E2346.89364
G1 X107.796 Y124.131 E2347.03009
G1 F1421.8 X107.985 Y123.304 E2347.07176
G1 F1321.6 X108.002 Y123.198 E2347.07744
G1 F1310 X108.491 Y121.319 E2347.18095
G1 F1470.6 X108.602 Y120.363 E2347.22666
G1 F1666.7 X108.719 Y118.666 E2347.29795
G1 F1174.2 X108.546 Y118.274 E2347.32344
G1 X108.365 Y118.662 E2347.34891
G1 F1676 X108.251 Y120.265 E2347.41588
G1 F1474.2 X108.047 Y121.225 E2347.46238
G1 F1310 X107.566 Y123.045 E2347.56275
G1 F1388.9 X107.09 Y123.773 E2347.60649
G1 F1500 X105.974 Y125.61 E2347.70658
G1 X103.265 Y127.516 E2347.86081
G1 X99.249 Y128.241 E2348.05084
G1 X98.592 Y128.143 E2348.08177
G1 F1342.3 X97.602 Y128.04 E2348.13356
G1 F1227 X97.295 Y127.911 E2348.15252
G1 F1428.6 X96.225 Y127.376 E2348.21101
G1 F1185.8 X95.83 Y127.307 E2348.23462
G1 F1000 X95.908 Y127.465 E2348.24693
G1 F1333.3 X96.05 Y127.683 E2348.26056
G1 F1428.6 X97.078 Y128.344 E2348.32032
G1 F1227 X97.442 Y128.503 E2348.34293
G1 F1239.7 X97.519 Y128.548 E2348.34795
G1 F1376.1 X98.407 Y128.982 E2348.39812
G1 F1500 X99.846 Y129.204 E2348.46592
G0 F9000 X98.452 Y128.825
G0 X97.16 Y128.163
G0 X100.678 Y128.16
G0 X103.206 Y127.373
G0 X105.86 Y125.505
G0 X107.406 Y122.966
G0 X107.812 Y121.422
G0 X108.546 Y118.274
G1 F943.4 X108.55 Y117.733 E2348.50597
G1 F988.5 X108.503 Y116.783 E2348.57318
G1 F1041.7 X108.431 Y115.963 E2348.62838
G1 F1109.1 X108.049 Y113.258 E2348.80042
G1 F1295.9 X107.882 Y112.637 E2348.83508
G1 F1522.8 X106.982 Y110.402 E2348.94559
G1 F1680.7 X106.739 Y109.921 E2348.96799
G1 F1840.5 X105.184 Y107.406 E2349.0802
G1 F1875 X104.991 Y107.131 E2349.09272
G1 X102.711 Y104.271 E2349.22897
G1 F1709.4 X101.335 Y102.799 E2349.3113
G1 F1591.5 X99.959 Y101.326 E2349.39976
G1 F1500 X99.734 Y101.098 E2349.41468
G1 F1385.7 X96.818 Y98.285 E2349.6189
G1 F1268.5 X96.277 Y97.78 E2349.65965
G1 F1192.8 X94.818 Y96.46 E2349.77486
G1 F1134.2 X93.358 Y95.139 E2349.89611
G0 F9000 X93.359 Y95.14
G1 F1312.9 X93.038 Y94.732 E2349.92373
G1 F1612.9 X92.912 Y94.616 E2349.93114
G1 X92.787 Y94.731 E2349.9385
G1 F1312.9 X92.465 Y95.14 E2349.96619
G1 X92.912 Y95.054 E2349.99041
G1 X93.359 Y95.14 E2350.01462
G1 F1500 E2343.51462
G0 F9000 X99.848 Y101.421
G0 X102.606 Y104.332
G0 X104.889 Y107.162
G0 X106.627 Y109.927
G0 X107.738 Y112.646
G0 X108.211 Y115.97
G0 X108.3 Y117.772
G0 X108.122 Y120.243
G0 X107.406 Y122.966
G0 X105.86 Y125.505
G0 X103.206 Y127.373
G0 X99.299 Y128.139
G0 X99.245 Y127.832
;TYPE:WALL-OUTER
G1 F1500 E2350.01462
G1 X97.711 Y127.606 E2350.08682
G1 X96.3 Y126.992 E2350.15848
G1 X95.1 Y126.144 E2350.2269
G1 X94.93 Y125.978 E2350.23796
G1 F1242.2 X94.587 Y125.758 E2350.26087
G1 F1127.8 X94.102 Y125.239 E2350.30487
G1 F1282.1 X93.668 Y124.633 E2350.34547
G1 F1449.3 X93.542 Y124.435 E2350.35679
G1 F1522.8 X93.367 Y124.21 E2350.36986
G1 F1507.5 X92.914 Y123.412 E2350.41237
G1 X92.461 Y124.21 E2350.45489
G1 F1515.2 X92.286 Y124.433 E2350.46795
G1 F1449.3 X92.161 Y124.629 E2350.47916
G1 F1287.6 X91.722 Y125.239 E2350.51993
G1 F1127.8 X91.238 Y125.758 E2350.56388
G1 F1242.2 X90.895 Y125.977 E2350.58676
G1 F1500 X90.721 Y126.147 E2350.59809
G1 X89.524 Y126.992 E2350.66631
G1 X88.121 Y127.606 E2350.73762
G1 X86.581 Y127.835 E2350.81012
G1 X82.725 Y127.138 E2350.99258
G1 X80.154 Y125.332 E2351.13888
G1 X78.657 Y122.867 E2351.27317
G1 X77.957 Y120.217 E2351.4008
G1 X77.78 Y117.758 E2351.5156
G1 X77.865 Y115.97 E2351.59895
G1 X77.97 Y115.158 E2351.63707
G1 X78.332 Y112.718 E2351.75193
G1 X79.414 Y110.056 E2351.88574
G1 X81.148 Y107.298 E2352.03743
G1 X83.414 Y104.49 E2352.20545
G1 X86.157 Y101.591 E2352.39129
G1 X89.31 Y98.59 E2352.59398
G1 X92.778 Y95.49 E2352.81057
G1 X92.912 Y95.44 E2352.81723
G1 X93.046 Y95.49 E2352.82389
G1 X96.523 Y98.595 E2353.04096
G1 X99.674 Y101.598 E2353.24364
G1 X102.424 Y104.502 E2353.42987
G1 X104.694 Y107.317 E2353.59826
G1 X106.394 Y110.025 E2353.74714
G1 X107.496 Y112.718 E2353.88263
G1 X107.85 Y115.161 E2353.99758
G1 X107.959 Y115.969 E2354.03554
G1 X108.048 Y117.783 E2354.12011
G1 X107.87 Y120.219 E2354.23384
G1 X107.172 Y122.867 E2354.36136
G1 X105.677 Y125.323 E2354.49524
G1 X103.114 Y127.133 E2354.64134
G1 X99.245 Y127.832 E2354.82442
G1 F1500 E2348.32442
G0 F9000 X99.299 Y128.139
G0 X97.16 Y128.163
G0 X98.272 Y128.719
G0 X99.85 Y129.298
G0 X99.852 Y129.609
G1 F1500 E2354.82442
G1 X103.927 Y128.855 E2355.01739
G1 X106.601 Y126.926 E2355.17092
G1 X108.169 Y124.286 E2355.31389
G1 X108.913 Y121.387 E2355.45326
G1 X109.099 Y118.705 E2355.57844
G1 X109.006 Y116.759 E2355.66916
G1 X108.938 Y116.174 E2355.69658
G1 X108.505 Y113.137 E2355.83943
G1 X107.34 Y110.222 E2355.9856
G1 X105.487 Y107.195 E2356.15087
G1 X103.002 Y104.044 E2356.33773
G1 X100.017 Y100.809 E2356.54269
G1 X96.588 Y97.462 E2356.76581
G1 X92.912 Y94.092 E2356.99803
G1 X89.229 Y97.47 E2357.23073
G1 X85.786 Y100.836 E2357.45494
G1 X82.804 Y104.065 E2357.6596
G1 X80.337 Y107.195 E2357.84518
G1 X78.484 Y110.222 E2358.01044
G1 X77.319 Y113.136 E2358.15657
G1 X76.882 Y116.184 E2358.29995
G1 X76.82 Y116.764 E2358.32711
G1 X76.725 Y118.705 E2358.4176
G1 X76.914 Y121.387 E2358.54279
G1 X77.655 Y124.286 E2358.68212
G1 X79.223 Y126.926 E2358.8251
G1 X81.897 Y128.855 E2358.97863
G1 X85.972 Y129.609 E2359.1716
G1 X87.535 Y129.37 E2359.24523
G1 X88.967 Y128.729 E2359.31828
G1 X90.218 Y127.83 E2359.39002
G1 X91.272 Y126.779 E2359.45932
G1 X91.485 Y126.499 E2359.47571
G1 F1242.2 X91.66 Y126.131 E2359.49862
G1 F1098.9 X91.998 Y125.716 E2359.53264
G1 F1250 X92.533 Y124.845 E2359.58975
G1 F1456.3 X92.633 Y124.62 E2359.60156
G1 F1522.8 X92.729 Y124.54 E2359.60729
G1 F1515.2 X93.098 Y124.54 E2359.6243
G1 F1526.7 X93.194 Y124.62 E2359.63002
G1 F1449.3 X93.292 Y124.847 E2359.64194
G1 F1293.1 X93.678 Y125.487 E2359.68231
G1 F1176.5 X93.826 Y125.716 E2359.6985
G1 F1098.9 X94.163 Y126.13 E2359.73243
G1 F1242.2 X94.338 Y126.498 E2359.75534
G1 F1500 X94.551 Y126.78 E2359.77179
G1 X95.606 Y127.831 E2359.84113
G1 X96.857 Y128.729 E2359.91284
G1 X98.293 Y129.37 E2359.98607
G1 X99.852 Y129.609 E2360.05951
G0 F9000 X99.85 Y129.298
G0 X98.452 Y128.825
G0 X97.16 Y128.163
G0 X101.773 Y127.972
G0 X103.206 Y127.373
G0 X105.86 Y125.505
G0 X107.928 Y122.77
G0 X107.751 Y123.849
G0 X107.422 Y123.983
;TYPE:SKIN
G1 F1252.6 X106.286 Y125.876 E2360.18261
G0 F9000 X106.052 Y125.679
G0 X103.206 Y127.373
G0 X98.567 Y128.302
G0 X97.16 Y128.163
G0 X98.231 Y128.776
G0 X98.535 Y128.566
G1 F1109.1 X99.258 Y128.673 E2360.22864
G0 F9000 X99.841 Y128.853
G1 F1312.9 X99.258 Y128.673 E2360.2611
G1 X99.807 Y128.486 E2360.29195
G1 F1643.8 X103.217 Y127.867 E2360.43921
G1 F1612.9 X103.468 Y127.789 E2360.45059
G1 X105.806 Y126.14 E2360.57449
G1 F1411.8 X106.286 Y125.876 E2360.60159
G1 X106.044 Y126.412 E2360.63069
G1 F1612.9 X103.618 Y128.147 E2360.75985
G1 X103.252 Y128.227 E2360.77607
G1 F1648.4 X99.841 Y128.853 E2360.92302
G1 F1500 E2354.42302
G0 F9000 X99.803 Y129.095
G0 X103.833 Y128.623
G0 X106.413 Y126.76
G0 X107.94 Y124.189
G0 X108.668 Y116.025
G0 X107.118 Y110.329
G0 X102.831 Y104.223
G0 X92.914 Y94.419
G0 X82.997 Y104.223
G0 X78.71 Y110.329
G0 X77.234 Y116.125
G0 X78.061 Y123.784
G0 X78.396 Y123.972
G1 F1500 E2360.92302
G1 F1232 X79.529 Y125.849 E2361.04732
G0 F9000 X79.745 Y125.626
G0 X82.623 Y127.373
G0 X87.263 Y128.301
G0 X88.581 Y128.195
G0 X87.463 Y128.773
G0 X86.029 Y129.094
G0 X85.993 Y128.857
G1 F1312.9 X84.852 Y128.647 E2361.10904
G1 F1435.4 X83.712 Y128.437 E2361.16544
G1 F1583.1 X82.571 Y128.227 E2361.21663
G1 F1612.9 X82.202 Y128.147 E2361.23298
G1 X79.78 Y126.411 E2361.36202
G1 F1562.5 X79.622 Y126.097 E2361.37773
G1 F1315.8 X79.529 Y125.849 E2361.39179
G1 F1388.9 X80.02 Y126.14 E2361.4205
G1 F1612.9 X82.351 Y127.79 E2361.54417
G1 X82.609 Y127.867 E2361.55583
G1 F1648.4 X86.015 Y128.489 E2361.70254
G1 F1260.5 X86.439 Y128.673 E2361.72815
G1 F1129.9 X85.993 Y128.857 E2361.75797
G0 F9000 X86.439 Y128.673
G1 F1065.7 X86.741 Y128.651 E2361.77782
G1 F1109.1 X87.277 Y128.57 E2361.81196
G0 F9000 X87.284 Y128.569
G1 F1107 X87.277 Y128.57 E2361.81241
G1 X87.284 Y128.569 E2361.81285
G1 F1500 E2355.31285
;MESH:NONMESH
G0 F300 X87.284 Y128.569 Z11.76
G0 F9000 X87.57 Y128.785
G0 X88.581 Y128.195
G0 X86.581 Y128.086
G0 X82.623 Y127.373
G0 X79.969 Y125.505
G0 X78.423 Y122.966
G0 X77.707 Y120.243
G0 X77.529 Y117.772
G0 X77.617 Y115.97
G0 X78.091 Y112.646
G0 X79.202 Y109.927
G0 X80.94 Y107.162
G0 X83.223 Y104.332
G0 X85.456 Y101.974
G0 X92.465 Y95.14
;TIME_ELAPSED:2735.043791
;LAYER:41
;TYPE:WALL-INNER
;MESH:tmpnqf7468lheart_box.stl
G1 F1500 E2361.81285
G1 F1134.2 X91.002 Y96.464 E2361.93436
G1 F1192.8 X89.54 Y97.789 E2362.04989
G1 F1263.2 X89.024 Y98.27 E2362.0889
G1 F1357.5 X87.455 Y99.788 E2362.20123
G1 F1477.8 X85.886 Y101.306 E2362.30441
G1 F1648.4 X83.116 Y104.27 E2362.47631
G1 F1869.2 X80.875 Y107.078 E2362.61056
G1 F1863.4 X80.641 Y107.407 E2362.6257
G1 F1851.9 X79.132 Y109.838 E2362.73361
G1 F1699.7 X78.842 Y110.402 E2362.75967
G1 F1511.3 X77.944 Y112.636 E2362.87095
G1 F1284.8 X77.777 Y113.259 E2362.90601
G1 F1102.9 X77.391 Y115.96 E2363.0788
G1 F1039.9 X77.321 Y116.804 E2363.13568
G1 F982 X77.275 Y117.819 E2363.20795
G1 F934.6 X77.279 Y118.241 E2363.23949
G0 F9000 X77.707 Y120.243
G0 X78.423 Y122.966
G0 X79.969 Y125.505
G0 X82.623 Y127.373
G0 X87.263 Y128.301
G0 X88.581 Y128.195
G0 X87.463 Y128.773
G0 X85.978 Y129.204
G1 F1500 X87.421 Y128.983 E2363.30747
G1 F1327.4 X88.299 Y128.534 E2363.35935
G1 F1214.6 X88.746 Y128.344 E2363.38729
G1 F1425.2 X89.765 Y127.69 E2363.44663
G1 F1321.6 X89.91 Y127.467 E2363.46068
G1 F990.1 X89.986 Y127.314 E2363.47274
G1 F1181.1 X89.59 Y127.381 E2363.49649
G1 F1542.4 X88.391 Y127.98 E2363.55718
G1 F1298.7 X88.16 Y128.056 E2363.57026
G1 F1327.4 X87.236 Y128.142 E2363.61909
G1 F1500 X86.575 Y128.241 E2363.65021
G1 X82.576 Y127.518 E2363.83944
G1 X79.855 Y125.612 E2363.99413
G1 X78.738 Y123.772 E2364.09436
G1 F1395.3 X78.251 Y123.026 E2364.13896
G1 F1310 X77.782 Y121.226 E2364.23813
G1 F1459.9 X77.586 Y120.309 E2364.28299
G1 F1657.5 X77.462 Y118.629 E2364.35398
G1 F1171.9 X77.279 Y118.241 E2364.37955
G1 X77.106 Y118.633 E2364.40509
G1 F1657.5 X77.225 Y120.365 E2364.47825
G1 F1459.9 X77.337 Y121.319 E2364.52421
G1 F1301.5 X77.824 Y123.197 E2364.62832
G1 F1382.5 X78.029 Y124.131 E2364.67663
G1 F1500 X79.525 Y126.65 E2364.81306
G1 X82.058 Y128.478 E2364.95851
G1 X85.978 Y129.204 E2365.14414
G0 F9000 X87.237 Y128.864
G0 X89.986 Y127.314
G1 F990.1 X90.47 Y126.908 E2365.18871
G1 F1204.8 X90.954 Y126.501 E2365.22537
G1 F1435.4 X91.17 Y126.26 E2365.24112
G1 F1500 E2358.74112
G0 F9000 X92.376 Y124.675
G0 X92.95 Y123.878
G0 X92.957 Y124.168
G1 F1500 E2365.24112
G1 F1734.1 X92.892 Y124.131 E2365.24413
G1 X92.893 Y124.205 E2365.24711
G1 X92.957 Y124.168 E2365.25009
G1 F1500 E2358.75009
G0 F9000 X92.95 Y123.878
G0 X93.451 Y124.673
G0 X94.654 Y126.26
G1 F1500 E2365.25009
G1 F1435.4 X94.87 Y126.501 E2365.26584
G1 F1204.8 X95.35 Y126.904 E2365.30217
G1 F993.4 X95.831 Y127.308 E2365.34634
G0 F9000 X98.452 Y128.825
G0 X99.846 Y129.204
G1 F1500 X103.766 Y128.478 E2365.53197
G1 X106.299 Y126.65 E2365.67743
G1 X107.796 Y124.131 E2365.81387
G1 F1421.8 X107.985 Y123.304 E2365.85555
G1 F1321.6 X108.002 Y123.198 E2365.86122
G1 F1310 X108.491 Y121.319 E2365.96474
G1 F1470.6 X108.602 Y120.363 E2366.01045
G1 F1666.7 X108.719 Y118.666 E2366.08173
G1 F1174.2 X108.546 Y118.274 E2366.10722
G1 X108.365 Y118.662 E2366.13269
G1 F1676 X108.251 Y120.265 E2366.19967
G1 F1474.2 X108.047 Y121.225 E2366.24616
G1 F1310 X107.566 Y123.045 E2366.34653
G1 F1388.9 X107.09 Y123.773 E2366.39027
G1 F1500 X105.974 Y125.61 E2366.49036
G1 X103.265 Y127.516 E2366.6446
G1 X99.249 Y128.241 E2366.83462
G1 X98.592 Y128.143 E2366.86555
G1 F1342.3 X97.602 Y128.04 E2366.91734
G1 F1227 X97.295 Y127.911 E2366.9363
G1 F1428.6 X96.225 Y127.376 E2366.99479
G1 F1185.8 X95.83 Y127.307 E2367.01841
G1 F1000 X95.908 Y127.465 E2367.03072
G1 F1333.3 X96.05 Y127.683 E2367.04435
G1 F1428.6 X97.078 Y128.344 E2367.1041
G1 F1227 X97.442 Y128.503 E2367.12671
G1 F1239.7 X97.519 Y128.548 E2367.13174
G1 F1376.1 X98.407 Y128.982 E2367.1819
G1 F1500 X99.846 Y129.204 E2367.2497
G0 F9000 X98.452 Y128.825
G0 X97.16 Y128.163
G0 X100.678 Y128.16
G0 X103.206 Y127.373
G0 X105.86 Y125.505
G0 X107.406 Y122.966
G0 X107.812 Y121.422
G0 X108.546 Y118.274
G1 F943.4 X108.55 Y117.732 E2367.28983
G1 F986.8 X108.502 Y116.783 E2367.35708
G1 F1041.7 X108.427 Y115.934 E2367.41423
G1 F1111.1 X108.049 Y113.258 E2367.58412
G1 F1295.9 X107.882 Y112.637 E2367.61878
G1 F1522.8 X106.982 Y110.402 E2367.72929
G1 F1680.7 X106.739 Y109.921 E2367.75168
G1 F1840.5 X105.184 Y107.406 E2367.8639
G1 F1875 X104.991 Y107.131 E2367.87641
G1 X102.711 Y104.271 E2368.01266
G1 F1709.4 X101.335 Y102.799 E2368.095
G1 F1591.5 X99.959 Y101.326 E2368.18346
G1 F1500 X99.734 Y101.098 E2368.19838
G1 F1385.7 X96.818 Y98.285 E2368.4026
G1 F1268.5 X96.277 Y97.78 E2368.44335
G1 F1192.8 X94.818 Y96.46 E2368.55856
G1 F1134.2 X93.358 Y95.139 E2368.67981
G0 F9000 X93.359 Y95.14
G1 F1312.9 X93.038 Y94.732 E2368.70743
G1 F1612.9 X92.912 Y94.616 E2368.71484
G1 X92.787 Y94.731 E2368.7222
G1 F1312.9 X92.465 Y95.14 E2368.74989
G1 X92.912 Y95.054 E2368.77411
G1 X93.359 Y95.14 E2368.79832
G1 F1500 E2362.29832
G0 F9000 X99.848 Y101.421
G0 X102.606 Y104.332
G0 X104.889 Y107.162
G0 X106.627 Y109.927
G0 X107.738 Y112.646
G0 X108.209 Y115.946
G0 X108.3 Y117.772
G0 X108.122 Y120.243
G0 X107.406 Y122.966
G0 X105.86 Y125.505
G0 X103.206 Y127.373
G0 X99.299 Y128.139
G0 X99.245 Y127.832
;TYPE:WALL-OUTER
G1 F1500 E2368.79832
G1 X97.711 Y127.606 E2368.87052
G1 X96.3 Y126.992 E2368.94218
G1 X95.1 Y126.144 E2369.0106
G1 X94.93 Y125.978 E2369.02166
G1 F1242.2 X94.587 Y125.758 E2369.04457
G1 F1127.8 X94.102 Y125.239 E2369.08856
G1 F1282.1 X93.668 Y124.633 E2369.12917
G1 F1449.3 X93.542 Y124.435 E2369.14048
G1 F1522.8 X93.367 Y124.21 E2369.15356
G1 F1507.5 X92.914 Y123.412 E2369.19607
G1 X92.461 Y124.21 E2369.23859
G1 F1515.2 X92.286 Y124.433 E2369.25165
G1 F1449.3 X92.161 Y124.629 E2369.26286
G1 F1287.6 X91.722 Y125.239 E2369.30363
G1 F1127.8 X91.238 Y125.758 E2369.34758
G1 F1242.2 X90.895 Y125.977 E2369.37046
G1 F1500 X90.721 Y126.147 E2369.38178
G1 X89.524 Y126.992 E2369.45001
G1 X88.121 Y127.606 E2369.52132
G1 X86.581 Y127.835 E2369.59382
G1 X82.725 Y127.138 E2369.77628
G1 X80.154 Y125.332 E2369.92258
G1 X78.657 Y122.867 E2370.05687
G1 X77.957 Y120.217 E2370.1845
G1 X77.78 Y117.758 E2370.2993
G1 X77.865 Y115.965 E2370.38288
G1 X77.97 Y115.182 E2370.41967
G1 X78.332 Y112.718 E2370.53563
G1 X79.414 Y110.056 E2370.66943
G1 X81.148 Y107.298 E2370.82113
G1 X83.414 Y104.49 E2370.98915
G1 X86.157 Y101.591 E2371.17499
G1 X89.31 Y98.59 E2371.37767
G1 X92.778 Y95.49 E2371.59427
G1 X92.912 Y95.44 E2371.60093
G1 X93.046 Y95.49 E2371.60759
G1 X96.523 Y98.595 E2371.82465
G1 X99.674 Y101.598 E2372.02734
G1 X102.424 Y104.502 E2372.21357
G1 X104.694 Y107.317 E2372.38196
G1 X106.394 Y110.025 E2372.53084
G1 X107.496 Y112.718 E2372.66633
G1 X107.85 Y115.161 E2372.78127
G1 X107.956 Y115.957 E2372.81867
G1 X108.048 Y117.783 E2372.9038
G1 X107.87 Y120.219 E2373.01753
G1 X107.172 Y122.867 E2373.14505
G1 X105.677 Y125.323 E2373.27893
G1 X103.114 Y127.133 E2373.42503
G1 X99.245 Y127.832 E2373.60811
G1 F1500 E2367.10811
G0 F9000 X99.299 Y128.139
G0 X97.16 Y128.163
G0 X98.272 Y128.719
G0 X99.85 Y129.298
G0 X99.852 Y129.609
G1 F1500 E2373.60811
G1 X103.927 Y128.855 E2373.80108
G1 X106.601 Y126.926 E2373.95461
G1 X108.169 Y124.286 E2374.09758
G1 X108.913 Y121.387 E2374.23695
G1 X109.099 Y118.705 E2374.36213
G1 X109.006 Y116.759 E2374.45285
G1 X108.938 Y116.174 E2374.48027
G1 X108.505 Y113.137 E2374.62312
G1 X107.34 Y110.222 E2374.76929
G1 X105.487 Y107.195 E2374.93456
G1 X103.002 Y104.044 E2375.12142
G1 X100.017 Y100.809 E2375.32638
G1 X96.588 Y97.462 E2375.5495
G1 X92.912 Y94.092 E2375.78172
G1 X89.229 Y97.47 E2376.01442
G1 X85.786 Y100.836 E2376.23863
G1 X82.804 Y104.065 E2376.44329
G1 X80.337 Y107.195 E2376.62887
G1 X78.484 Y110.222 E2376.79413
G1 X77.319 Y113.137 E2376.9403
G1 X76.894 Y116.096 E2377.0795
G1 X76.819 Y116.779 E2377.1115
G1 X76.725 Y118.705 E2377.20129
G1 X76.914 Y121.387 E2377.32648
G1 X77.655 Y124.286 E2377.46581
G1 X79.223 Y126.926 E2377.60879
G1 X81.897 Y128.855 E2377.76232
G1 X85.972 Y129.609 E2377.95529
G1 X87.535 Y129.37 E2378.02891
G1 X88.967 Y128.729 E2378.10197
G1 X90.218 Y127.83 E2378.1737
G1 X91.272 Y126.779 E2378.24301
G1 X91.485 Y126.499 E2378.25939
G1 F1242.2 X91.66 Y126.131 E2378.2823
G1 F1098.9 X91.998 Y125.716 E2378.31632
G1 F1250 X92.533 Y124.845 E2378.37344
G1 F1456.3 X92.633 Y124.62 E2378.38525
G1 F1522.8 X92.729 Y124.54 E2378.39098
G1 F1515.2 X93.098 Y124.54 E2378.40799
G1 F1526.7 X93.194 Y124.62 E2378.41371
G1 F1449.3 X93.292 Y124.847 E2378.42562
G1 F1293.1 X93.678 Y125.487 E2378.46599
G1 F1176.5 X93.826 Y125.716 E2378.48218
G1 F1098.9 X94.163 Y126.13 E2378.51611
G1 F1242.2 X94.338 Y126.498 E2378.53902
G1 F1500 X94.551 Y126.78 E2378.55548
G1 X95.606 Y127.831 E2378.62482
G1 X96.857 Y128.729 E2378.69653
G1 X98.293 Y129.37 E2378.76975
G1 X99.852 Y129.609 E2378.84319
G0 F9000 X99.85 Y129.298
G0 X98.452 Y128.825
G0 X97.16 Y128.163
G0 X101.773 Y127.972
G0 X103.206 Y127.373
G0 X105.86 Y125.505
G0 X107.928 Y122.77
G0 X107.751 Y123.849
G0 X107.422 Y123.983
;TYPE:SKIN
G1 F1252.6 X106.286 Y125.876 E2378.9663
G0 F9000 X106.052 Y125.679
G0 X103.206 Y127.373
G0 X98.567 Y128.302
G0 X97.16 Y128.163
G0 X98.231 Y128.776
G0 X98.535 Y128.566
G1 F1109.1 X99.258 Y128.673 E2379.01233
G0 F9000 X99.841 Y128.853
G1 F1312.9 X99.258 Y128.673 E2379.04479
G1 X99.807 Y128.486 E2379.07564
G1 F1643.8 X103.217 Y127.867 E2379.2229
G1 F1612.9 X103.468 Y127.789 E2379.23428
G1 X105.806 Y126.14 E2379.35818
G1 F1411.8 X106.286 Y125.876 E2379.38528
G1 X106.044 Y126.412 E2379.41437
G1 F1612.9 X103.618 Y128.147 E2379.54353
G1 X103.252 Y128.227 E2379.55976
G1 F1648.4 X99.841 Y128.853 E2379.70671
G1 F1500 E2373.20671
G0 F9000 X99.803 Y129.095
G0 X103.833 Y128.623
G0 X106.413 Y126.76
G0 X107.94 Y124.189
G0 X108.668 Y116.025
G0 X107.118 Y110.329
G0 X102.831 Y104.223
G0 X92.914 Y94.419
G0 X82.997 Y104.223
G0 X78.71 Y110.329
G0 X77.234 Y116.125
G0 X78.061 Y123.784
G0 X78.396 Y123.972
G1 F1500 E2379.70671
G1 F1232 X79.529 Y125.849 E2379.831
G0 F9000 X79.745 Y125.626
G0 X82.623 Y127.373
G0 X87.263 Y128.301
G0 X88.581 Y128.195
G0 X87.463 Y128.773
G0 X86.029 Y129.094
G0 X85.993 Y128.857
G1 F1312.9 X84.852 Y128.647 E2379.89272
G1 F1435.4 X83.712 Y128.437 E2379.94913
G1 F1583.1 X82.571 Y128.227 E2380.00031
G1 F1612.9 X82.202 Y128.147 E2380.01666
G1 X79.78 Y126.411 E2380.14571
G1 F1562.5 X79.622 Y126.097 E2380.16142
G1 F1315.8 X79.529 Y125.849 E2380.17548
G1 F1388.9 X80.02 Y126.14 E2380.20418
G1 F1612.9 X82.351 Y127.79 E2380.32786
G1 X82.609 Y127.867 E2380.33951
G1 F1648.4 X86.015 Y128.489 E2380.48623
G1 F1260.5 X86.439 Y128.673 E2380.51184
G1 F1129.9 X85.993 Y128.857 E2380.54166
G0 F9000 X86.439 Y128.673
G1 F1065.7 X86.741 Y128.651 E2380.5615
G1 F1109.1 X87.277 Y128.57 E2380.59564
G0 F9000 X87.284 Y128.569
G1 F1107 X87.277 Y128.57 E2380.59609
G1 X87.284 Y128.569 E2380.59654
G1 F1500 E2374.09654
;MESH:NONMESH
G0 F300 X87.284 Y128.569 Z12.04
G0 F9000 X87.57 Y128.785
G0 X88.581 Y128.195
G0 X86.581 Y128.086
G0 X82.623 Y127.373
G0 X79.969 Y125.505
G0 X78.423 Y122.966
G0 X77.707 Y120.243
G0 X77.529 Y117.772
G0 X77.617 Y115.97
G0 X78.091 Y112.646
G0 X79.202 Y109.927
G0 X80.94 Y107.162
G0 X83.223 Y104.332
G0 X85.456 Y101.974
G0 X92.465 Y95.14
;TIME_ELAPSED:2762.969909
;LAYER:42
;TYPE:WALL-INNER
;MESH:tmpnqf7468lheart_box.stl
G1 F1500 E2380.59654
G1 F1134.2 X91.002 Y96.464 E2380.71805
G1 F1192.8 X89.54 Y97.789 E2380.83358
G1 F1265.8 X88.993 Y98.299 E2380.87485
G1 F1348.3 X87.536 Y99.704 E2380.9797
G1 F1432 X86.079 Y101.11 E2381.07846
G1 F1511.3 X85.886 Y101.306 E2381.09117
G1 F1648.4 X83.116 Y104.27 E2381.26307
G1 F1869.2 X80.875 Y107.078 E2381.39732
G1 F1863.4 X80.641 Y107.407 E2381.41246
G1 F1851.9 X79.132 Y109.838 E2381.52037
G1 F1699.7 X78.842 Y110.402 E2381.54643
G1 F1511.3 X77.944 Y112.636 E2381.65771
G1 F1284.8 X77.776 Y113.258 E2381.69273
G1 F1107 X77.398 Y115.905 E2381.86144
G1 F1043.5 X77.321 Y116.804 E2381.92183
G1 F982 X77.275 Y117.819 E2381.9941
G1 F934.6 X77.279 Y118.241 E2382.02564
G0 F9000 X77.707 Y120.243
G0 X78.423 Y122.966
G0 X79.969 Y125.505
G0 X82.623 Y127.373
G0 X87.263 Y128.301
G0 X88.581 Y128.195
G0 X87.463 Y128.773
G0 X85.978 Y129.204
G1 F1500 X87.421 Y128.983 E2382.09362
G1 F1327.4 X88.299 Y128.534 E2382.14551
G1 F1214.6 X88.746 Y128.344 E2382.17344
G1 F1425.2 X89.765 Y127.69 E2382.23278
G1 F1321.6 X89.91 Y127.467 E2382.24684
G1 F990.1 X89.986 Y127.314 E2382.25889
G1 F1181.1 X89.59 Y127.381 E2382.28264
G1 F1542.4 X88.391 Y127.98 E2382.34333
G1 F1298.7 X88.16 Y128.056 E2382.35641
G1 F1327.4 X87.236 Y128.142 E2382.40524
G1 F1500 X86.575 Y128.241 E2382.43636
G1 X82.576 Y127.518 E2382.62559
G1 X79.855 Y125.612 E2382.78028
G1 X78.738 Y123.772 E2382.88051
G1 F1395.3 X78.251 Y123.026 E2382.92511
G1 F1310 X77.782 Y121.226 E2383.02428
G1 F1459.9 X77.586 Y120.309 E2383.06915
G1 F1657.5 X77.462 Y118.629 E2383.14014
G1 F1171.9 X77.279 Y118.241 E2383.1657
G1 X77.106 Y118.633 E2383.19124
G1 F1657.5 X77.225 Y120.365 E2383.2644
G1 F1459.9 X77.337 Y121.319 E2383.31036
G1 F1301.5 X77.824 Y123.197 E2383.41448
G1 F1382.5 X78.029 Y124.131 E2383.46279
G1 F1500 X79.525 Y126.65 E2383.59921
G1 X82.058 Y128.478 E2383.74466
G1 X85.978 Y129.204 E2383.9303
G0 F9000 X87.237 Y128.864
G0 X89.986 Y127.314
G1 F990.1 X90.47 Y126.908 E2383.97486
G1 F1204.8 X90.954 Y126.501 E2384.01152
G1 F1435.4 X91.17 Y126.26 E2384.02727
G1 F1500 E2377.52727
G0 F9000 X92.376 Y124.675
G0 X92.95 Y123.878
G0 X92.957 Y124.168
G1 F1500 E2384.02727
G1 F1734.1 X92.892 Y124.131 E2384.03028
G1 X92.893 Y124.205 E2384.03326
G1 X92.957 Y124.168 E2384.03624
G1 F1500 E2377.53624
G0 F9000 X92.95 Y123.878
G0 X93.451 Y124.673
G0 X94.654 Y126.26
G1 F1500 E2384.03624
G1 F1435.4 X94.87 Y126.501 E2384.05199
G1 F1204.8 X95.35 Y126.904 E2384.08832
G1 F993.4 X95.831 Y127.308 E2384.13249
G0 F9000 X98.452 Y128.825
G0 X99.846 Y129.204
G1 F1500 X103.766 Y128.478 E2384.31813
G1 X106.299 Y126.65 E2384.46358
G1 X107.796 Y124.131 E2384.60003
G1 F1421.8 X107.985 Y123.304 E2384.6417
G1 F1321.6 X108.002 Y123.198 E2384.64737
G1 F1310 X108.491 Y121.319 E2384.75089
G1 F1470.6 X108.602 Y120.363 E2384.7966
G1 F1666.7 X108.719 Y118.666 E2384.86789
G1 F1174.2 X108.546 Y118.274 E2384.89338
G1 X108.365 Y118.662 E2384.91884
G1 F1676 X108.251 Y120.265 E2384.98582
G1 F1474.2 X108.047 Y121.225 E2385.03232
G1 F1310 X107.566 Y123.045 E2385.13268
G1 F1388.9 X107.09 Y123.773 E2385.17643
G1 F1500 X105.974 Y125.61 E2385.27651
G1 X103.265 Y127.516 E2385.43075
G1 X99.249 Y128.241 E2385.62077
G1 X98.592 Y128.143 E2385.6517
G1 F1342.3 X97.602 Y128.04 E2385.7035
G1 F1227 X97.295 Y127.911 E2385.72245
G1 F1428.6 X96.225 Y127.376 E2385.78094
G1 F1185.8 X95.83 Y127.307 E2385.80456
G1 F1000 X95.908 Y127.465 E2385.81687
G1 F1333.3 X96.05 Y127.683 E2385.8305
G1 F1428.6 X97.078 Y128.344 E2385.89025
G1 F1227 X97.442 Y128.503 E2385.91286
G1 F1239.7 X97.519 Y128.548 E2385.91789
G1 F1376.1 X98.407 Y128.982 E2385.96805
G1 F1500 X99.846 Y129.204 E2386.03585
G0 F9000 X98.452 Y128.825
G0 X97.16 Y128.163
G0 X100.678 Y128.16
G0 X103.206 Y127.373
G0 X105.86 Y125.505
G0 X107.406 Y122.966
G0 X107.812 Y121.422
G0 X108.546 Y118.274
G1 F943.4 X108.55 Y117.733 E2386.07591
G1 F988.5 X108.503 Y116.783 E2386.14312
G1 F1047.1 X108.424 Y115.898 E2386.20239
G1 F1115.2 X108.049 Y113.258 E2386.36939
G1 F1295.9 X107.882 Y112.637 E2386.40405
G1 F1522.8 X106.982 Y110.402 E2386.51455
G1 F1680.7 X106.739 Y109.921 E2386.53695
G1 F1840.5 X105.184 Y107.406 E2386.64916
G1 F1875 X104.991 Y107.131 E2386.66168
G1 X102.711 Y104.271 E2386.79793
G1 F1709.4 X101.335 Y102.799 E2386.88026
G1 F1591.5 X99.959 Y101.326 E2386.96872
G1 F1503.8 X99.734 Y101.097 E2386.98364
G1 F1428.6 X98.276 Y99.69 E2387.0827
G1 F1345.3 X96.818 Y98.284 E2387.18786
G1 F1263.2 X96.305 Y97.805 E2387.22667
G1 F1160.5 X93.359 Y95.14 E2387.46576
G1 F1312.9 X93.038 Y94.732 E2387.49337
G1 F1612.9 X92.912 Y94.616 E2387.50079
G1 X92.787 Y94.731 E2387.50815
G1 F1312.9 X92.465 Y95.14 E2387.53584
G1 X92.912 Y95.054 E2387.56006
G1 X93.359 Y95.14 E2387.58427
G1 F1500 E2381.08427
G0 F9000 X99.848 Y101.421
G0 X102.606 Y104.332
G0 X104.889 Y107.162
G0 X106.627 Y109.927
G0 X107.738 Y112.646
G0 X108.211 Y115.964
G0 X108.3 Y117.772
G0 X108.122 Y120.243
G0 X107.406 Y122.966
G0 X105.86 Y125.505
G0 X103.206 Y127.373
G0 X99.299 Y128.139
G1 F1500 E2387.58427
G0 F9000 X99.245 Y127.832
;TYPE:WALL-OUTER
G1 F1500 X97.711 Y127.606 E2387.65647
G1 X96.3 Y126.992 E2387.72813
G1 X95.1 Y126.144 E2387.79655
G1 X94.93 Y125.978 E2387.80761
G1 F1242.2 X94.587 Y125.758 E2387.83052
G1 F1127.8 X94.102 Y125.239 E2387.87451
G1 F1282.1 X93.668 Y124.633 E2387.91512
G1 F1449.3 X93.542 Y124.435 E2387.92643
G1 F1522.8 X93.367 Y124.21 E2387.93951
G1 F1507.5 X92.914 Y123.412 E2387.98202
G1 X92.461 Y124.21 E2388.02454
G1 F1515.2 X92.286 Y124.433 E2388.0376
G1 F1449.3 X92.161 Y124.629 E2388.04881
G1 F1287.6 X91.722 Y125.239 E2388.08958
G1 F1127.8 X91.238 Y125.758 E2388.13353
G1 F1242.2 X90.895 Y125.977 E2388.15641
G1 F1500 X90.721 Y126.147 E2388.16773
G1 X89.524 Y126.992 E2388.23596
G1 X88.121 Y127.606 E2388.30727
G1 X86.581 Y127.835 E2388.37977
G1 X82.725 Y127.138 E2388.56223
G1 X80.154 Y125.332 E2388.70853
G1 X78.657 Y122.867 E2388.84282
G1 X77.957 Y120.217 E2388.97045
G1 X77.78 Y117.758 E2389.08525
G1 X77.865 Y115.966 E2389.16878
G1 X77.97 Y115.162 E2389.20654
G1 X78.332 Y112.718 E2389.32158
G1 X79.414 Y110.056 E2389.45538
G1 X81.148 Y107.298 E2389.60708
G1 X83.414 Y104.49 E2389.7751
G1 X86.157 Y101.591 E2389.96094
G1 X89.278 Y98.618 E2390.16165
G1 X92.778 Y95.49 E2390.38022
G1 X92.912 Y95.44 E2390.38688
G1 X93.046 Y95.49 E2390.39354
G1 X96.518 Y98.59 E2390.61028
G1 X99.674 Y101.598 E2390.81329
G1 X102.424 Y104.502 E2390.99952
G1 X104.694 Y107.317 E2391.16791
G1 X106.394 Y110.025 E2391.31679
G1 X107.496 Y112.718 E2391.45228
G1 X107.959 Y115.961 E2391.60482
G1 X108.048 Y117.783 E2391.68976
G1 X107.87 Y120.219 E2391.8035
G1 X107.172 Y122.867 E2391.93101
G1 X105.677 Y125.323 E2392.06489
G1 X103.114 Y127.133 E2392.211
G1 X99.245 Y127.832 E2392.39407
G1 F1500 E2385.89407
G0 F9000 X99.299 Y128.139
G0 X97.16 Y128.163
G0 X98.272 Y128.719
G0 X99.85 Y129.298
G1 F1500 E2392.39407
G0 F9000 X99.852 Y129.609
G1 F1500 X103.927 Y128.855 E2392.58704
G1 X106.601 Y126.926 E2392.74057
G1 X108.169 Y124.286 E2392.88355
G1 X108.913 Y121.387 E2393.02291
G1 X109.099 Y118.705 E2393.1481
G1 X109.006 Y116.759 E2393.23881
G1 X108.938 Y116.174 E2393.26624
G1 X108.505 Y113.137 E2393.40908
G1 X107.34 Y110.222 E2393.55526
G1 X105.487 Y107.195 E2393.72052
G1 X103.002 Y104.044 E2393.90738
G1 X100.024 Y100.816 E2394.11188
G1 X96.606 Y97.478 E2394.33435
G1 X92.912 Y94.092 E2394.56768
G1 X89.229 Y97.47 E2394.80039
G1 X85.785 Y100.835 E2395.02459
G1 X82.804 Y104.065 E2395.22926
G1 X80.337 Y107.195 E2395.41484
G1 X78.484 Y110.222 E2395.5801
G1 X77.319 Y113.136 E2395.72623
G1 X76.887 Y116.164 E2395.86865
G1 X76.819 Y116.779 E2395.89746
G1 X76.725 Y118.705 E2395.98725
G1 X76.914 Y121.387 E2396.11245
G1 X77.655 Y124.286 E2396.25178
G1 X79.223 Y126.926 E2396.39475
G1 X81.897 Y128.855 E2396.54828
G1 X85.972 Y129.609 E2396.74125
G1 X87.535 Y129.37 E2396.81488
G1 X88.967 Y128.729 E2396.88794
G1 X90.218 Y127.83 E2396.95967
G1 X91.272 Y126.779 E2397.02898
G1 X91.485 Y126.499 E2397.04536
G1 F1242.2 X91.66 Y126.131 E2397.06827
G1 F1098.9 X91.998 Y125.716 E2397.10229
G1 F1250 X92.533 Y124.845 E2397.15941
G1 F1456.3 X92.633 Y124.62 E2397.17122
G1 F1522.8 X92.729 Y124.54 E2397.17695
G1 F1515.2 X93.098 Y124.54 E2397.19396
G1 F1526.7 X93.194 Y124.62 E2397.19968
G1 F1449.3 X93.292 Y124.847 E2397.21159
G1 F1293.1 X93.678 Y125.487 E2397.25196
G1 F1176.5 X93.826 Y125.716 E2397.26815
G1 F1098.9 X94.163 Y126.13 E2397.30208
G1 F1242.2 X94.338 Y126.498 E2397.32499
G1 F1500 X94.551 Y126.78 E2397.34145
G1 X95.606 Y127.831 E2397.41079
G1 X96.857 Y128.729 E2397.48249
G1 X98.293 Y129.37 E2397.55572
G1 X99.852 Y129.609 E2397.62916
G0 F9000 X99.85 Y129.298
G0 X98.452 Y128.825
G0 X97.16 Y128.163
G0 X101.773 Y127.972
G0 X103.206 Y127.373
G0 X105.86 Y125.505
G0 X107.928 Y122.77
G0 X107.751 Y123.849
G0 X107.422 Y123.983
;TYPE:SKIN
G1 F1252.6 X106.286 Y125.876 E2397.75226
G0 F9000 X106.052 Y125.679
G0 X103.206 Y127.373
G0 X98.567 Y128.302
G0 X97.16 Y128.163
G0 X98.231 Y128.776
G0 X98.535 Y128.566
G1 F1109.1 X99.258 Y128.673 E2397.79829
G0 F9000 X99.841 Y128.853
G1 F1312.9 X99.258 Y128.673 E2397.83075
G1 X99.807 Y128.486 E2397.86161
G1 F1643.8 X103.217 Y127.867 E2398.00887
G1 F1612.9 X103.468 Y127.789 E2398.02025
G1 X105.806 Y126.14 E2398.14414
G1 F1411.8 X106.286 Y125.876 E2398.17125
G1 X106.044 Y126.412 E2398.20034
G1 F1612.9 X103.618 Y128.147 E2398.3295
G1 X103.252 Y128.227 E2398.34572
G1 F1648.4 X99.841 Y128.853 E2398.49267
G1 F1500 E2391.99267
G0 F9000 X99.803 Y129.095
G0 X103.833 Y128.623
G0 X106.413 Y126.76
G0 X107.94 Y124.189
G0 X108.668 Y116.025
G0 X107.118 Y110.329
G0 X102.831 Y104.223
G0 X92.914 Y94.419
G0 X82.997 Y104.223
G0 X78.71 Y110.329
G0 X77.234 Y116.125
G0 X78.061 Y123.784
G1 F1500 E2398.49267
G0 F9000 X78.396 Y123.972
G1 F1232 X79.529 Y125.849 E2398.61697
G0 F9000 X79.745 Y125.626
G0 X82.623 Y127.373
G0 X87.263 Y128.301
G0 X88.581 Y128.195
G0 X87.463 Y128.773
G0 X86.029 Y129.094
G0 X85.993 Y128.857
G1 F1312.9 X84.852 Y128.647 E2398.67869
G1 F1435.4 X83.712 Y128.437 E2398.73509
G1 F1583.1 X82.571 Y128.227 E2398.78628
G1 F1612.9 X82.202 Y128.147 E2398.80263
G1 X79.78 Y126.411 E2398.93167
G1 F1562.5 X79.622 Y126.097 E2398.94739
G1 F1315.8 X79.529 Y125.849 E2398.96145
G1 F1388.9 X80.02 Y126.14 E2398.99015
G1 F1612.9 X82.351 Y127.79 E2399.11382
G1 X82.609 Y127.867 E2399.12548
G1 F1648.4 X86.015 Y128.489 E2399.27219
G1 F1260.5 X86.439 Y128.673 E2399.2978
G1 F1129.9 X85.993 Y128.857 E2399.32763
G0 F9000 X86.439 Y128.673
G1 F1065.7 X86.741 Y128.651 E2399.34747
G1 F1109.1 X87.277 Y128.57 E2399.38161
G0 F9000 X87.284 Y128.569
G1 F1107 X87.277 Y128.57 E2399.38206
G1 X87.284 Y128.569 E2399.3825
;TIME_ELAPSED:2789.519330
G1 F1500 E2392.8825
M140 S0
M107
G91 ;Relative positioning
G1 E-2 F2700 ;Retract a bit
G1 E-2 Z0.2 F2400 ;Retract and raise Z
G1 X5 Y5 F3000 ;Wipe out
G1 Z10 ;Raise Z more
G90 ;Absolute positioning

G1 X0 Y220 ;Present print
M106 S0 ;Turn-off fan
M104 S0 ;Turn-off hotend
M140 S0 ;Turn-off bed

M84 X Y E ;Disable all steppers but Z

M82 ;absolute extrusion mode
M104 S0
;End of Gcode
;SETTING_3 {"global_quality": "[general]\\nversion = 4\\nname = Low Quality #2\\
;SETTING_3 ndefinition = creality_base\\n\\n[metadata]\\ntype = quality_changes\
;SETTING_3 \nquality_type = low\\nsetting_version = 25\\n\\n[values]\\n\\n", "ex
;SETTING_3 truder_quality": ["[general]\\nversion = 4\\nname = Low Quality #2\\n
;SETTING_3 definition = creality_ender3pro\\n\\n[metadata]\\ntype = quality_chan
;SETTING_3 ges\\nquality_type = low\\nsetting_version = 25\\nposition = 0\\n\\n[
;SETTING_3 values]\\ninfill_sparse_density = 10\\n\\n"]}
